ISO-10303-21;
HEADER;
/* Generated by software containing ST-Developer
 * from STEP Tools, Inc. (www.steptools.com) 
 */

FILE_DESCRIPTION(
/* description */ (''),
/* implementation_level */ '2;1');

FILE_NAME(
/* name */ 'flook32_eternal.step',
/* time_stamp */ '2026-06-01T09:39:01+03:00',
/* author */ (''),
/* organization */ (''),
/* preprocessor_version */ 'ST-DEVELOPER v20.1',
/* originating_system */ 'Autodesk Translation Framework v15.8.0.0',
/* authorisation */ '');

FILE_SCHEMA (('AUTOMOTIVE_DESIGN { 1 0 10303 214 3 1 1 }'));
ENDSEC;

DATA;
#10=MECHANICAL_DESIGN_GEOMETRIC_PRESENTATION_REPRESENTATION('',(#15,#16,
#17,#18,#19,#20),#15844);
#11=SHAPE_REPRESENTATION_RELATIONSHIP('SRR','None',#15851,#12);
#12=ADVANCED_BREP_SHAPE_REPRESENTATION('',(#21,#22,#23,#24,#25,#26),#15843);
#13=TOROIDAL_SURFACE('',#9374,24.5,0.5);
#14=TOROIDAL_SURFACE('',#9379,24.5,0.5);
#15=STYLED_ITEM('',(#15860),#21);
#16=STYLED_ITEM('',(#15860),#22);
#17=STYLED_ITEM('',(#15860),#23);
#18=STYLED_ITEM('',(#15860),#24);
#19=STYLED_ITEM('',(#15860),#25);
#20=STYLED_ITEM('',(#15860),#26);
#21=MANIFOLD_SOLID_BREP('Body1',#8985);
#22=MANIFOLD_SOLID_BREP('Body59',#8986);
#23=MANIFOLD_SOLID_BREP('Body79',#8987);
#24=MANIFOLD_SOLID_BREP('Body66',#8988);
#25=MANIFOLD_SOLID_BREP('Body71',#8989);
#26=MANIFOLD_SOLID_BREP('Body74',#8990);
#27=(
BOUNDED_CURVE()
B_SPLINE_CURVE(2,(#12459,#12460,#12461),.UNSPECIFIED.,.F.,.F.)
B_SPLINE_CURVE_WITH_KNOTS((3,3),(14.3042093785651,14.4050807688586),
 .UNSPECIFIED.)
CURVE()
GEOMETRIC_REPRESENTATION_ITEM()
RATIONAL_B_SPLINE_CURVE((0.999994042339013,0.999994042132489,0.999994042219319))
REPRESENTATION_ITEM('')
);
#28=(
BOUNDED_CURVE()
B_SPLINE_CURVE(2,(#15599,#15600,#15601),.UNSPECIFIED.,.F.,.F.)
B_SPLINE_CURVE_WITH_KNOTS((3,3),(0.547891124293432,0.657442009774669),
 .UNSPECIFIED.)
CURVE()
GEOMETRIC_REPRESENTATION_ITEM()
RATIONAL_B_SPLINE_CURVE((1.01097383881293,1.00658402949438,1.))
REPRESENTATION_ITEM('')
);
#29=(
BOUNDED_CURVE()
B_SPLINE_CURVE(2,(#15605,#15606,#15607),.UNSPECIFIED.,.F.,.F.)
B_SPLINE_CURVE_WITH_KNOTS((3,3),(0.,0.109339349519273),.UNSPECIFIED.)
CURVE()
GEOMETRIC_REPRESENTATION_ITEM()
RATIONAL_B_SPLINE_CURVE((1.,1.00655196912109,1.01092258027181))
REPRESENTATION_ITEM('')
);
#30=(
BOUNDED_CURVE()
B_SPLINE_CURVE(2,(#15628,#15629,#15630),.UNSPECIFIED.,.F.,.F.)
B_SPLINE_CURVE_WITH_KNOTS((3,3),(0.547891124293602,0.657442009774667),
 .UNSPECIFIED.)
CURVE()
GEOMETRIC_REPRESENTATION_ITEM()
RATIONAL_B_SPLINE_CURVE((1.01097383881286,1.00658402949434,1.))
REPRESENTATION_ITEM('')
);
#31=(
BOUNDED_CURVE()
B_SPLINE_CURVE(2,(#15634,#15635,#15636),.UNSPECIFIED.,.F.,.F.)
B_SPLINE_CURVE_WITH_KNOTS((3,3),(0.,0.109339349519404),.UNSPECIFIED.)
CURVE()
GEOMETRIC_REPRESENTATION_ITEM()
RATIONAL_B_SPLINE_CURVE((1.,1.00655196912129,1.01092258027213))
REPRESENTATION_ITEM('')
);
#32=(
BOUNDED_CURVE()
B_SPLINE_CURVE(2,(#15710,#15711,#15712),.UNSPECIFIED.,.F.,.F.)
B_SPLINE_CURVE_WITH_KNOTS((3,3),(0.467890272778613,0.654562245633027),
 .UNSPECIFIED.)
CURVE()
GEOMETRIC_REPRESENTATION_ITEM()
RATIONAL_B_SPLINE_CURVE((1.02623068755951,1.01834791055977,1.))
REPRESENTATION_ITEM('')
);
#33=(
BOUNDED_CURVE()
B_SPLINE_CURVE(2,(#15716,#15717,#15718),.UNSPECIFIED.,.F.,.F.)
B_SPLINE_CURVE_WITH_KNOTS((3,3),(0.,0.186702463570893),.UNSPECIFIED.)
CURVE()
GEOMETRIC_REPRESENTATION_ITEM()
RATIONAL_B_SPLINE_CURVE((1.,1.01835553025609,1.02624066106566))
REPRESENTATION_ITEM('')
);
#34=(
BOUNDED_CURVE()
B_SPLINE_CURVE(2,(#15733,#15734,#15735),.UNSPECIFIED.,.F.,.F.)
B_SPLINE_CURVE_WITH_KNOTS((3,3),(0.467890272778771,0.654562245633025),
 .UNSPECIFIED.)
CURVE()
GEOMETRIC_REPRESENTATION_ITEM()
RATIONAL_B_SPLINE_CURVE((1.02623068755934,1.01834791055964,1.))
REPRESENTATION_ITEM('')
);
#35=(
BOUNDED_CURVE()
B_SPLINE_CURVE(2,(#15739,#15740,#15741),.UNSPECIFIED.,.F.,.F.)
B_SPLINE_CURVE_WITH_KNOTS((3,3),(0.,0.186702463570764),.UNSPECIFIED.)
CURVE()
GEOMETRIC_REPRESENTATION_ITEM()
RATIONAL_B_SPLINE_CURVE((1.,1.01835553025727,1.02624066106735))
REPRESENTATION_ITEM('')
);
#36=B_SPLINE_SURFACE_WITH_KNOTS('',3,3,((#12100,#12101,#12102,#12103),(#12104,
#12105,#12106,#12107),(#12108,#12109,#12110,#12111),(#12112,#12113,#12114,
#12115),(#12116,#12117,#12118,#12119),(#12120,#12121,#12122,#12123),(#12124,
#12125,#12126,#12127)),.UNSPECIFIED.,.F.,.F.,.F.,(4,1,1,1,4),(4,4),(0.,
0.285714285714286,0.571428571428571,0.857142857142857,1.),(-2.76351860785413,
-2.01351860785413),.UNSPECIFIED.);
#37=B_SPLINE_SURFACE_WITH_KNOTS('',3,3,((#12892,#12893,#12894,#12895),(#12896,
#12897,#12898,#12899),(#12900,#12901,#12902,#12903),(#12904,#12905,#12906,
#12907),(#12908,#12909,#12910,#12911),(#12912,#12913,#12914,#12915),(#12916,
#12917,#12918,#12919),(#12920,#12921,#12922,#12923),(#12924,#12925,#12926,
#12927),(#12928,#12929,#12930,#12931)),.UNSPECIFIED.,.F.,.F.,.F.,(4,1,1,
1,1,1,1,4),(4,4),(0.,0.142857142857143,0.285714285714286,0.428571428571429,
0.571428571428571,0.714285714285714,0.857142857142857,1.),(-6.975,2.325),
 .UNSPECIFIED.);
#38=B_SPLINE_SURFACE_WITH_KNOTS('',3,1,((#14083,#14084),(#14085,#14086),
(#14087,#14088),(#14089,#14090),(#14091,#14092)),.UNSPECIFIED.,.F.,.F.,
 .F.,(4,1,4),(2,2),(0.,0.109052398763077,0.188666367869554),(0.,0.6),
 .UNSPECIFIED.);
#39=B_SPLINE_SURFACE_WITH_KNOTS('',3,1,((#14102,#14103),(#14104,#14105),
(#14106,#14107),(#14108,#14109),(#14110,#14111)),.UNSPECIFIED.,.F.,.F.,
 .F.,(4,1,4),(2,2),(0.,0.0500698209657225,0.0962463857493197),(0.,0.6),
 .UNSPECIFIED.);
#40=B_SPLINE_SURFACE_WITH_KNOTS('',3,1,((#14123,#14124),(#14125,#14126),
(#14127,#14128),(#14129,#14130),(#14131,#14132)),.UNSPECIFIED.,.F.,.F.,
 .F.,(4,1,4),(2,2),(0.,0.0681940670532092,0.18662135307922),(0.,0.6),
 .UNSPECIFIED.);
#41=B_SPLINE_SURFACE_WITH_KNOTS('',3,1,((#14142,#14143),(#14144,#14145),
(#14146,#14147),(#14148,#14149),(#14150,#14151)),.UNSPECIFIED.,.F.,.F.,
 .F.,(4,1,4),(2,2),(0.,0.0835214442006094,0.195138204508923),(0.,0.6),
 .UNSPECIFIED.);
#42=B_SPLINE_SURFACE_WITH_KNOTS('',3,1,((#14164,#14165),(#14166,#14167),
(#14168,#14169),(#14170,#14171),(#14172,#14173)),.UNSPECIFIED.,.F.,.F.,
 .F.,(4,1,4),(2,2),(0.,0.0955097419762532,0.169093501455082),(0.,0.6),
 .UNSPECIFIED.);
#43=B_SPLINE_SURFACE_WITH_KNOTS('',3,1,((#14183,#14184),(#14185,#14186),
(#14187,#14188),(#14189,#14190),(#14191,#14192)),.UNSPECIFIED.,.F.,.F.,
 .F.,(4,1,4),(2,2),(0.,0.061897731571002,0.125589135157009),(0.,0.6),
 .UNSPECIFIED.);
#44=B_SPLINE_SURFACE_WITH_KNOTS('',3,1,((#14202,#14203),(#14204,#14205),
(#14206,#14207),(#14208,#14209),(#14210,#14211)),.UNSPECIFIED.,.F.,.F.,
 .F.,(4,1,4),(2,2),(0.,0.0723204475214482,0.158137402789532),(0.,0.6),
 .UNSPECIFIED.);
#45=B_SPLINE_SURFACE_WITH_KNOTS('',3,1,((#14262,#14263),(#14264,#14265),
(#14266,#14267),(#14268,#14269),(#14270,#14271)),.UNSPECIFIED.,.F.,.F.,
 .F.,(4,1,4),(2,2),(0.,0.154623999131737,0.431040815043687),(0.,0.6),
 .UNSPECIFIED.);
#46=B_SPLINE_SURFACE_WITH_KNOTS('',3,1,((#14299,#14300),(#14301,#14302),
(#14303,#14304),(#14305,#14306),(#14307,#14308)),.UNSPECIFIED.,.F.,.F.,
 .F.,(4,1,4),(2,2),(0.,0.339300786531385,0.515469106693169),(0.,0.6),
 .UNSPECIFIED.);
#47=B_SPLINE_SURFACE_WITH_KNOTS('',3,1,((#14318,#14319),(#14320,#14321),
(#14322,#14323),(#14324,#14325),(#14326,#14327)),.UNSPECIFIED.,.F.,.F.,
 .F.,(4,1,4),(2,2),(0.,0.0820555297580763,0.140173377649783),(0.,0.6),
 .UNSPECIFIED.);
#48=B_SPLINE_SURFACE_WITH_KNOTS('',3,1,((#14337,#14338),(#14339,#14340),
(#14341,#14342),(#14343,#14344),(#14345,#14346)),.UNSPECIFIED.,.F.,.F.,
 .F.,(4,1,4),(2,2),(0.,0.032186369398489,0.0567739120055849),(0.,0.6),
 .UNSPECIFIED.);
#49=B_SPLINE_SURFACE_WITH_KNOTS('',3,1,((#14356,#14357),(#14358,#14359),
(#14360,#14361),(#14362,#14363),(#14364,#14365)),.UNSPECIFIED.,.F.,.F.,
 .F.,(4,1,4),(2,2),(0.,0.0208108862442321,0.0435989840034055),(0.,0.6),
 .UNSPECIFIED.);
#50=B_SPLINE_SURFACE_WITH_KNOTS('',3,1,((#14375,#14376),(#14377,#14378),
(#14379,#14380),(#14381,#14382),(#14383,#14384)),.UNSPECIFIED.,.F.,.F.,
 .F.,(4,1,4),(2,2),(0.,0.0228894763524948,0.0446786051930051),(0.,0.6),
 .UNSPECIFIED.);
#51=B_SPLINE_SURFACE_WITH_KNOTS('',3,1,((#14400,#14401),(#14402,#14403),
(#14404,#14405),(#14406,#14407),(#14408,#14409)),.UNSPECIFIED.,.F.,.F.,
 .F.,(4,1,4),(2,2),(0.,0.115846455206237,0.192224623615015),(0.,0.6),
 .UNSPECIFIED.);
#52=B_SPLINE_SURFACE_WITH_KNOTS('',3,1,((#14419,#14420),(#14421,#14422),
(#14423,#14424),(#14425,#14426),(#14427,#14428)),.UNSPECIFIED.,.F.,.F.,
 .F.,(4,1,4),(2,2),(0.,0.0555824741456955,0.111555177424662),(0.,0.6),
 .UNSPECIFIED.);
#53=B_SPLINE_SURFACE_WITH_KNOTS('',3,1,((#14438,#14439),(#14440,#14441),
(#14442,#14443),(#14444,#14445),(#14446,#14447)),.UNSPECIFIED.,.F.,.F.,
 .F.,(4,1,4),(2,2),(0.,0.0571570810901399,0.116850239021412),(0.,0.6),
 .UNSPECIFIED.);
#54=B_SPLINE_SURFACE_WITH_KNOTS('',3,1,((#14457,#14458),(#14459,#14460),
(#14461,#14462),(#14463,#14464),(#14465,#14466)),.UNSPECIFIED.,.F.,.F.,
 .F.,(4,1,4),(2,2),(0.,0.0289382613658547,0.0846507268196746),(0.,0.6),
 .UNSPECIFIED.);
#55=B_SPLINE_SURFACE_WITH_KNOTS('',3,1,((#14483,#14484),(#14485,#14486),
(#14487,#14488),(#14489,#14490),(#14491,#14492)),.UNSPECIFIED.,.F.,.F.,
 .F.,(4,1,4),(2,2),(0.,0.0647598725960345,0.136466173598603),(0.,0.6),
 .UNSPECIFIED.);
#56=B_SPLINE_SURFACE_WITH_KNOTS('',3,1,((#14505,#14506),(#14507,#14508),
(#14509,#14510),(#14511,#14512),(#14513,#14514)),.UNSPECIFIED.,.F.,.F.,
 .F.,(4,1,4),(2,2),(0.,0.0633926401811476,0.0970894124702978),(0.,0.6),
 .UNSPECIFIED.);
#57=B_SPLINE_SURFACE_WITH_KNOTS('',3,1,((#14531,#14532),(#14533,#14534),
(#14535,#14536),(#14537,#14538),(#14539,#14540)),.UNSPECIFIED.,.F.,.F.,
 .F.,(4,1,4),(2,2),(0.,0.0688378180184969,0.132568878378658),(0.,0.6),
 .UNSPECIFIED.);
#58=B_SPLINE_SURFACE_WITH_KNOTS('',3,1,((#14555,#14556),(#14557,#14558),
(#14559,#14560),(#14561,#14562),(#14563,#14564)),.UNSPECIFIED.,.F.,.F.,
 .F.,(4,1,4),(2,2),(0.,0.0597202757980056,0.117701502735996),(0.,0.6),
 .UNSPECIFIED.);
#59=B_SPLINE_SURFACE_WITH_KNOTS('',3,1,((#14574,#14575),(#14576,#14577),
(#14578,#14579),(#14580,#14581),(#14582,#14583)),.UNSPECIFIED.,.F.,.F.,
 .F.,(4,1,4),(2,2),(0.,0.0566952164329972,0.11194107814955),(0.,0.6),
 .UNSPECIFIED.);
#60=B_SPLINE_SURFACE_WITH_KNOTS('',3,1,((#14615,#14616),(#14617,#14618),
(#14619,#14620),(#14621,#14622),(#14623,#14624)),.UNSPECIFIED.,.F.,.F.,
 .F.,(4,1,4),(2,2),(0.,0.11584645191697,0.19222463529197),(0.,0.6),
 .UNSPECIFIED.);
#61=B_SPLINE_SURFACE_WITH_KNOTS('',3,1,((#14636,#14637),(#14638,#14639),
(#14640,#14641),(#14642,#14643),(#14644,#14645)),.UNSPECIFIED.,.F.,.F.,
 .F.,(4,1,4),(2,2),(0.,0.0555824741456955,0.111555177424662),(0.,0.6),
 .UNSPECIFIED.);
#62=B_SPLINE_SURFACE_WITH_KNOTS('',3,1,((#14655,#14656),(#14657,#14658),
(#14659,#14660),(#14661,#14662),(#14663,#14664)),.UNSPECIFIED.,.F.,.F.,
 .F.,(4,1,4),(2,2),(0.,0.076599605697663,0.194739915799853),(0.,0.6),
 .UNSPECIFIED.);
#63=B_SPLINE_SURFACE_WITH_KNOTS('',3,1,((#14676,#14677),(#14678,#14679),
(#14680,#14681),(#14682,#14683),(#14684,#14685)),.UNSPECIFIED.,.F.,.F.,
 .F.,(4,1,4),(2,2),(0.,0.0571570810901399,0.116850239021412),(0.,0.6),
 .UNSPECIFIED.);
#64=B_SPLINE_SURFACE_WITH_KNOTS('',3,1,((#14699,#14700),(#14701,#14702),
(#14703,#14704),(#14705,#14706),(#14707,#14708)),.UNSPECIFIED.,.F.,.F.,
 .F.,(4,1,4),(2,2),(0.,0.0647598725960345,0.136466173598603),(0.,0.6),
 .UNSPECIFIED.);
#65=B_SPLINE_SURFACE_WITH_KNOTS('',3,1,((#14721,#14722),(#14723,#14724),
(#14725,#14726),(#14727,#14728),(#14729,#14730)),.UNSPECIFIED.,.F.,.F.,
 .F.,(4,1,4),(2,2),(0.,0.11584639396257,0.192224636824659),(0.,0.6),
 .UNSPECIFIED.);
#66=B_SPLINE_SURFACE_WITH_KNOTS('',3,1,((#14739,#14740),(#14741,#14742),
(#14743,#14744),(#14745,#14746),(#14747,#14748)),.UNSPECIFIED.,.F.,.F.,
 .F.,(4,1,4),(2,2),(0.,0.0555824741456955,0.111555177424662),(0.,0.6),
 .UNSPECIFIED.);
#67=B_SPLINE_SURFACE_WITH_KNOTS('',3,1,((#14758,#14759),(#14760,#14761),
(#14762,#14763),(#14764,#14765),(#14766,#14767)),.UNSPECIFIED.,.F.,.F.,
 .F.,(4,1,4),(2,2),(0.,0.0571571205097648,0.116850073340501),(0.,0.6),
 .UNSPECIFIED.);
#68=B_SPLINE_SURFACE_WITH_KNOTS('',3,1,((#14777,#14778),(#14779,#14780),
(#14781,#14782),(#14783,#14784),(#14785,#14786)),.UNSPECIFIED.,.F.,.F.,
 .F.,(4,1,4),(2,2),(0.,0.0647598898640595,0.13646619606505),(0.,0.6),
 .UNSPECIFIED.);
#69=B_SPLINE_SURFACE_WITH_KNOTS('',3,1,((#15118,#15119),(#15120,#15121),
(#15122,#15123),(#15124,#15125),(#15126,#15127)),.UNSPECIFIED.,.F.,.F.,
 .F.,(4,1,4),(2,2),(0.,0.135716064355174,0.231231943020985),(0.,0.6),
 .UNSPECIFIED.);
#70=B_SPLINE_SURFACE_WITH_KNOTS('',3,1,((#15162,#15163),(#15164,#15165),
(#15166,#15167),(#15168,#15169),(#15170,#15171)),.UNSPECIFIED.,.F.,.F.,
 .F.,(4,1,4),(2,2),(0.,0.0688378231326518,0.132569014573897),(0.,0.6),
 .UNSPECIFIED.);
#71=B_SPLINE_SURFACE_WITH_KNOTS('',3,1,((#15195,#15196),(#15197,#15198),
(#15199,#15200),(#15201,#15202),(#15203,#15204)),.UNSPECIFIED.,.F.,.F.,
 .F.,(4,1,4),(2,2),(0.,0.0313215438999347,0.081034187272414),(0.,0.6),
 .UNSPECIFIED.);
#72=B_SPLINE_SURFACE_WITH_KNOTS('',3,1,((#15206,#15207),(#15208,#15209),
(#15210,#15211),(#15212,#15213),(#15214,#15215)),.UNSPECIFIED.,.F.,.F.,
 .F.,(4,1,4),(2,2),(0.,0.0800781669378989,0.168879476972675),(0.,0.6),
 .UNSPECIFIED.);
#73=B_SPLINE_SURFACE_WITH_KNOTS('',3,1,((#15217,#15218),(#15219,#15220),
(#15221,#15222),(#15223,#15224),(#15225,#15226)),.UNSPECIFIED.,.F.,.F.,
 .F.,(4,1,4),(2,2),(0.,0.0911840792696588,0.185660725955994),(0.,0.6),
 .UNSPECIFIED.);
#74=B_SPLINE_SURFACE_WITH_KNOTS('',3,1,((#15228,#15229),(#15230,#15231),
(#15232,#15233),(#15234,#15235),(#15236,#15237)),.UNSPECIFIED.,.F.,.F.,
 .F.,(4,1,4),(2,2),(0.,0.118808377431685,0.217319524383103),(0.,0.6),
 .UNSPECIFIED.);
#75=B_SPLINE_SURFACE_WITH_KNOTS('',3,1,((#15239,#15240),(#15241,#15242),
(#15243,#15244),(#15245,#15246),(#15247,#15248)),.UNSPECIFIED.,.F.,.F.,
 .F.,(4,1,4),(2,2),(0.,0.0561871346614821,0.119929355498075),(0.,0.6),
 .UNSPECIFIED.);
#76=B_SPLINE_SURFACE_WITH_KNOTS('',3,1,((#15250,#15251),(#15252,#15253),
(#15254,#15255),(#15256,#15257),(#15258,#15259)),.UNSPECIFIED.,.F.,.F.,
 .F.,(4,1,4),(2,2),(0.,0.0511188748586584,0.102934294706643),(0.,0.6),
 .UNSPECIFIED.);
#77=B_SPLINE_SURFACE_WITH_KNOTS('',3,1,((#15261,#15262),(#15263,#15264),
(#15265,#15266),(#15267,#15268),(#15269,#15270)),.UNSPECIFIED.,.F.,.F.,
 .F.,(4,1,4),(2,2),(0.,0.0453409928999749,0.0946688995484754),(0.,0.6),
 .UNSPECIFIED.);
#78=B_SPLINE_SURFACE_WITH_KNOTS('',3,1,((#15272,#15273),(#15274,#15275),
(#15276,#15277),(#15278,#15279),(#15280,#15281)),.UNSPECIFIED.,.F.,.F.,
 .F.,(4,1,4),(2,2),(0.,0.0676391564150016,0.119597072872857),(0.,0.6),
 .UNSPECIFIED.);
#79=B_SPLINE_SURFACE_WITH_KNOTS('',3,1,((#15293,#15294),(#15295,#15296),
(#15297,#15298),(#15299,#15300),(#15301,#15302)),.UNSPECIFIED.,.F.,.F.,
 .F.,(4,1,4),(2,2),(0.,0.0725262164917726,0.181934797910448),(0.,0.6),
 .UNSPECIFIED.);
#80=B_SPLINE_SURFACE_WITH_KNOTS('',3,1,((#15304,#15305),(#15306,#15307),
(#15308,#15309),(#15310,#15311),(#15312,#15313)),.UNSPECIFIED.,.F.,.F.,
 .F.,(4,1,4),(2,2),(0.,0.0643105316215468,0.120658617630768),(0.,0.6),
 .UNSPECIFIED.);
#81=B_SPLINE_SURFACE_WITH_KNOTS('',3,1,((#15315,#15316),(#15317,#15318),
(#15319,#15320),(#15321,#15322),(#15323,#15324)),.UNSPECIFIED.,.F.,.F.,
 .F.,(4,1,4),(2,2),(0.,0.0956880866242623,0.172861381502212),(0.,0.6),
 .UNSPECIFIED.);
#82=B_SPLINE_SURFACE_WITH_KNOTS('',3,1,((#15325,#15326),(#15327,#15328),
(#15329,#15330),(#15331,#15332),(#15333,#15334)),.UNSPECIFIED.,.F.,.F.,
 .F.,(4,1,4),(2,2),(0.,0.0428666247871286,0.0956238075756372),(0.,0.6),
 .UNSPECIFIED.);
#83=B_SPLINE_SURFACE_WITH_KNOTS('',3,1,((#15336,#15337),(#15338,#15339),
(#15340,#15341),(#15342,#15343),(#15344,#15345)),.UNSPECIFIED.,.F.,.F.,
 .F.,(4,1,4),(2,2),(0.,0.0652679687516786,0.111983591283022),(0.,0.6),
 .UNSPECIFIED.);
#84=B_SPLINE_SURFACE_WITH_KNOTS('',3,1,((#15347,#15348),(#15349,#15350),
(#15351,#15352),(#15353,#15354),(#15355,#15356)),.UNSPECIFIED.,.F.,.F.,
 .F.,(4,1,4),(2,2),(0.,0.0864189349332164,0.186880406920119),(0.,0.6),
 .UNSPECIFIED.);
#85=B_SPLINE_SURFACE_WITH_KNOTS('',3,1,((#15357,#15358),(#15359,#15360),
(#15361,#15362),(#15363,#15364),(#15365,#15366)),.UNSPECIFIED.,.F.,.F.,
 .F.,(4,1,4),(2,2),(0.,0.076599597911614,0.194739908013804),(0.,0.6),
 .UNSPECIFIED.);
#86=B_SPLINE_SURFACE_WITH_KNOTS('',3,1,((#15368,#15369),(#15370,#15371),
(#15372,#15373),(#15374,#15375),(#15376,#15377)),.UNSPECIFIED.,.F.,.F.,
 .F.,(4,1,4),(2,2),(0.,0.076599672961262,0.194739860500622),(0.,0.6),
 .UNSPECIFIED.);
#87=B_SPLINE_SURFACE_WITH_KNOTS('',3,1,((#15379,#15380),(#15381,#15382),
(#15383,#15384),(#15385,#15386),(#15387,#15388)),.UNSPECIFIED.,.F.,.F.,
 .F.,(4,1,4),(2,2),(0.,0.0566952820349031,0.111941142101876),(0.,0.6),
 .UNSPECIFIED.);
#88=B_SPLINE_SURFACE_WITH_KNOTS('',3,1,((#15390,#15391),(#15392,#15393),
(#15394,#15395),(#15396,#15397),(#15398,#15399)),.UNSPECIFIED.,.F.,.F.,
 .F.,(4,1,4),(2,2),(0.,0.0597198613440912,0.117701255434524),(0.,0.6),
 .UNSPECIFIED.);
#89=B_SPLINE_SURFACE_WITH_KNOTS('',3,1,((#15401,#15402),(#15403,#15404),
(#15405,#15406),(#15407,#15408),(#15409,#15410)),.UNSPECIFIED.,.F.,.F.,
 .F.,(4,1,4),(2,2),(0.,0.0688378231326518,0.13256912908298),(0.,0.6),
 .UNSPECIFIED.);
#90=B_SPLINE_SURFACE_WITH_KNOTS('',3,1,((#15411,#15412),(#15413,#15414),
(#15415,#15416),(#15417,#15418),(#15419,#15420)),.UNSPECIFIED.,.F.,.F.,
 .F.,(4,1,4),(2,2),(0.,0.0647598898640595,0.13646619606505),(0.,0.6),
 .UNSPECIFIED.);
#91=B_SPLINE_SURFACE_WITH_KNOTS('',3,1,((#15422,#15423),(#15424,#15425),
(#15426,#15427),(#15428,#15429),(#15430,#15431)),.UNSPECIFIED.,.F.,.F.,
 .F.,(4,1,4),(2,2),(0.,0.0571572029724932,0.116850155803229),(0.,0.6),
 .UNSPECIFIED.);
#92=B_SPLINE_SURFACE_WITH_KNOTS('',3,1,((#15433,#15434),(#15435,#15436),
(#15437,#15438),(#15439,#15440),(#15441,#15442)),.UNSPECIFIED.,.F.,.F.,
 .F.,(4,1,4),(2,2),(0.,0.0555824741456955,0.111555177424662),(0.,0.6),
 .UNSPECIFIED.);
#93=B_SPLINE_SURFACE_WITH_KNOTS('',3,1,((#15444,#15445),(#15446,#15447),
(#15448,#15449),(#15450,#15451),(#15452,#15453)),.UNSPECIFIED.,.F.,.F.,
 .F.,(4,1,4),(2,2),(0.,0.115846392317997,0.192224635180086),(0.,0.6),
 .UNSPECIFIED.);
#94=B_SPLINE_SURFACE_WITH_KNOTS('',3,1,((#15456,#15457),(#15458,#15459),
(#15460,#15461),(#15462,#15463),(#15464,#15465)),.UNSPECIFIED.,.F.,.F.,
 .F.,(4,1,4),(2,2),(0.,0.0566952164329972,0.111941048461293),(0.,0.6),
 .UNSPECIFIED.);
#95=B_SPLINE_SURFACE_WITH_KNOTS('',3,1,((#15467,#15468),(#15469,#15470),
(#15471,#15472),(#15473,#15474),(#15475,#15476)),.UNSPECIFIED.,.F.,.F.,
 .F.,(4,1,4),(2,2),(0.,0.059720068570932,0.117701379085081),(0.,0.6),
 .UNSPECIFIED.);
#96=B_SPLINE_SURFACE_WITH_KNOTS('',3,1,((#15478,#15479),(#15480,#15481),
(#15482,#15483),(#15484,#15485),(#15486,#15487)),.UNSPECIFIED.,.F.,.F.,
 .F.,(4,1,4),(2,2),(0.,0.06883793678818,0.132568997148341),(0.,0.6),
 .UNSPECIFIED.);
#97=B_SPLINE_SURFACE_WITH_KNOTS('',3,1,((#15490,#15491),(#15492,#15493),
(#15494,#15495),(#15496,#15497),(#15498,#15499)),.UNSPECIFIED.,.F.,.F.,
 .F.,(4,1,4),(2,2),(0.,0.076599672961262,0.194739860500622),(0.,0.6),
 .UNSPECIFIED.);
#98=B_SPLINE_SURFACE_WITH_KNOTS('',3,1,((#15501,#15502),(#15503,#15504),
(#15505,#15506),(#15507,#15508),(#15509,#15510)),.UNSPECIFIED.,.F.,.F.,
 .F.,(4,1,4),(2,2),(0.,0.0566952820349031,0.111941142101876),(0.,0.6),
 .UNSPECIFIED.);
#99=B_SPLINE_SURFACE_WITH_KNOTS('',3,1,((#15512,#15513),(#15514,#15515),
(#15516,#15517),(#15518,#15519),(#15520,#15521)),.UNSPECIFIED.,.F.,.F.,
 .F.,(4,1,4),(2,2),(0.,0.059720068570932,0.117701379085081),(0.,0.6),
 .UNSPECIFIED.);
#100=B_SPLINE_SURFACE_WITH_KNOTS('',3,1,((#15541,#15542),(#15543,#15544),
(#15545,#15546),(#15547,#15548),(#15549,#15550)),.UNSPECIFIED.,.F.,.F.,
 .F.,(4,1,4),(2,2),(0.,0.0289382613658547,0.0846507268196746),(0.,0.6),
 .UNSPECIFIED.);
#101=B_SPLINE_SURFACE_WITH_KNOTS('',3,1,((#15551,#15552),(#15553,#15554),
(#15555,#15556),(#15557,#15558),(#15559,#15560)),.UNSPECIFIED.,.F.,.F.,
 .F.,(4,1,4),(2,2),(0.,0.0633926401811476,0.0970894294323835),(0.,0.6),
 .UNSPECIFIED.);
#102=B_SPLINE_CURVE_WITH_KNOTS('',3,(#11975,#11976,#11977,#11978),
 .UNSPECIFIED.,.F.,.F.,(4,4),(0.0500000000000003,0.580000000000001),
 .UNSPECIFIED.);
#103=B_SPLINE_CURVE_WITH_KNOTS('',3,(#12056,#12057,#12058,#12059),
 .UNSPECIFIED.,.F.,.F.,(4,4),(-2.68351860785413,-2.09351860785413),
 .UNSPECIFIED.);
#104=B_SPLINE_CURVE_WITH_KNOTS('',3,(#12130,#12131,#12132,#12133,#12134,
#12135,#12136,#12137,#12138,#12139,#12140,#12141,#12142,#12143),
 .UNSPECIFIED.,.F.,.F.,(4,2,2,2,2,2,4),(0.,0.0169186761718372,0.0389894501449363,
0.0805051756971275,0.193541087083547,0.449029624602547,0.830189917473791),
 .UNSPECIFIED.);
#105=B_SPLINE_CURVE_WITH_KNOTS('',3,(#12145,#12146,#12147,#12148),
 .UNSPECIFIED.,.F.,.F.,(4,4),(2.01351860785413,2.76351860785413),
 .UNSPECIFIED.);
#106=B_SPLINE_CURVE_WITH_KNOTS('',3,(#12150,#12151,#12152,#12153,#12154,
#12155,#12156,#12157,#12158,#12159,#12160,#12161,#12162,#12163),
 .UNSPECIFIED.,.F.,.F.,(4,2,2,2,2,2,4),(0.0501477983770137,0.935639419996367,
1.23097079298471,1.31154786500976,1.34137304653454,1.35422834712732,1.36634813034237),
 .UNSPECIFIED.);
#107=B_SPLINE_CURVE_WITH_KNOTS('',3,(#12164,#12165,#12166,#12167,#12168,
#12169,#12170),.UNSPECIFIED.,.F.,.F.,(4,3,4),(0.,0.0840358449083821,0.113063180541923),
 .UNSPECIFIED.);
#108=B_SPLINE_CURVE_WITH_KNOTS('',3,(#12171,#12172,#12173,#12174,#12175,
#12176,#12177),.UNSPECIFIED.,.F.,.F.,(4,3,4),(0.0499810683762158,0.134015812368894,
0.163042767728271),.UNSPECIFIED.);
#109=B_SPLINE_CURVE_WITH_KNOTS('',3,(#12434,#12435,#12436,#12437),
 .UNSPECIFIED.,.F.,.F.,(4,4),(0.00961950221664017,0.00962240921992713),
 .UNSPECIFIED.);
#110=B_SPLINE_CURVE_WITH_KNOTS('',3,(#12439,#12440,#12441,#12442,#12443,
#12444),.UNSPECIFIED.,.F.,.F.,(4,2,4),(0.00962240921992713,0.188458192051791,
0.21124312040308),.UNSPECIFIED.);
#111=B_SPLINE_CURVE_WITH_KNOTS('',3,(#12453,#12454,#12455,#12456,#12457,
#12458),.UNSPECIFIED.,.F.,.F.,(4,2,4),(2.82980641195308,2.86027975814421,
2.99017715056996),.UNSPECIFIED.);
#112=B_SPLINE_CURVE_WITH_KNOTS('',3,(#12468,#12469,#12470,#12471,#12472,
#12473,#12474,#12475),.UNSPECIFIED.,.F.,.F.,(4,2,2,4),(1.31137328136256,
1.33607509156675,1.52453441938006,1.54361880944656),.UNSPECIFIED.);
#113=B_SPLINE_CURVE_WITH_KNOTS('',3,(#12477,#12478,#12479,#12480,#12481,
#12482,#12483,#12484),.UNSPECIFIED.,.F.,.F.,(4,2,2,4),(1.51208404782982,
1.52454724103332,1.71300627240654,1.73724345384053),.UNSPECIFIED.);
#114=B_SPLINE_CURVE_WITH_KNOTS('',3,(#12780,#12781,#12782,#12783),
 .UNSPECIFIED.,.F.,.F.,(4,4),(-1.355,6.445),.UNSPECIFIED.);
#115=B_SPLINE_CURVE_WITH_KNOTS('',3,(#12933,#12934,#12935,#12936),
 .UNSPECIFIED.,.F.,.F.,(4,4),(0.,0.745104705532988),.UNSPECIFIED.);
#116=B_SPLINE_CURVE_WITH_KNOTS('',3,(#12937,#12938,#12939,#12940),
 .UNSPECIFIED.,.F.,.F.,(4,4),(0.0510333938558994,0.225996745531582),
 .UNSPECIFIED.);
#117=B_SPLINE_CURVE_WITH_KNOTS('',3,(#12942,#12943,#12944,#12945,#12946,
#12947,#12948,#12949,#12950,#12951,#12952,#12953,#12954,#12955,#12956,#12957,
#12958,#12959,#12960,#12961,#12962,#12963),.UNSPECIFIED.,.F.,.F.,(4,3,3,
3,3,3,3,4),(-4.44089209850063E-16,0.943737821986171,1.88747564397234,2.83121346595851,
3.77495128794468,4.71868910993085,5.66242693191702,6.42984233374747),
 .UNSPECIFIED.);
#118=B_SPLINE_CURVE_WITH_KNOTS('',3,(#12967,#12968,#12969,#12970,#12971,
#12972,#12973,#12974,#12975,#12976,#12977,#12978,#12979),.UNSPECIFIED.,
 .F.,.F.,(4,3,2,2,2,4),(0.74489688434164,0.999458185887596,2.1112762801679,
3.91153496922826,5.38289749663008,6.65326919355551),.UNSPECIFIED.);
#119=B_SPLINE_CURVE_WITH_KNOTS('',3,(#12980,#12981,#12982,#12983),
 .UNSPECIFIED.,.F.,.F.,(4,4),(-19.327,-18.357),.UNSPECIFIED.);
#120=B_SPLINE_CURVE_WITH_KNOTS('',3,(#13187,#13188,#13189,#13190,#13191),
 .UNSPECIFIED.,.F.,.F.,(4,1,4),(0.0647172028305832,0.135716064355174,0.231231943020985),
 .UNSPECIFIED.);
#121=B_SPLINE_CURVE_WITH_KNOTS('',3,(#13193,#13194,#13195,#13196,#13197),
 .UNSPECIFIED.,.F.,.F.,(4,1,4),(0.,0.0864189349332164,0.186880406920119),
 .UNSPECIFIED.);
#122=B_SPLINE_CURVE_WITH_KNOTS('',3,(#13199,#13200,#13201,#13202,#13203),
 .UNSPECIFIED.,.F.,.F.,(4,1,4),(0.,0.0652679687516786,0.111983591283022),
 .UNSPECIFIED.);
#123=B_SPLINE_CURVE_WITH_KNOTS('',3,(#13205,#13206,#13207,#13208,#13209),
 .UNSPECIFIED.,.F.,.F.,(4,1,4),(0.,0.0428666247871286,0.0956238075756372),
 .UNSPECIFIED.);
#124=B_SPLINE_CURVE_WITH_KNOTS('',3,(#13211,#13212,#13213,#13214,#13215),
 .UNSPECIFIED.,.F.,.F.,(4,1,4),(0.,0.0500698209657225,0.0962463857493197),
 .UNSPECIFIED.);
#125=B_SPLINE_CURVE_WITH_KNOTS('',3,(#13217,#13218,#13219,#13220,#13221),
 .UNSPECIFIED.,.F.,.F.,(4,1,4),(0.,0.0681940670532092,0.18662135307922),
 .UNSPECIFIED.);
#126=B_SPLINE_CURVE_WITH_KNOTS('',3,(#13223,#13224,#13225,#13226,#13227),
 .UNSPECIFIED.,.F.,.F.,(4,1,4),(0.,0.0955097419762532,0.169093501455082),
 .UNSPECIFIED.);
#127=B_SPLINE_CURVE_WITH_KNOTS('',3,(#13229,#13230,#13231,#13232,#13233),
 .UNSPECIFIED.,.F.,.F.,(4,1,4),(0.,0.061897731571002,0.125589135157009),
 .UNSPECIFIED.);
#128=B_SPLINE_CURVE_WITH_KNOTS('',3,(#13235,#13236,#13237,#13238,#13239),
 .UNSPECIFIED.,.F.,.F.,(4,1,4),(0.,0.0723204475214482,0.112862521258507),
 .UNSPECIFIED.);
#129=B_SPLINE_CURVE_WITH_KNOTS('',3,(#13243,#13244,#13245,#13246,#13247),
 .UNSPECIFIED.,.F.,.F.,(4,1,4),(0.0441115786096813,0.0956880866242623,0.172861381502212),
 .UNSPECIFIED.);
#130=B_SPLINE_CURVE_WITH_KNOTS('',3,(#13249,#13250,#13251,#13252,#13253),
 .UNSPECIFIED.,.F.,.F.,(4,1,4),(0.,0.0643105316215468,0.120658617630768),
 .UNSPECIFIED.);
#131=B_SPLINE_CURVE_WITH_KNOTS('',3,(#13255,#13256,#13257,#13258,#13259),
 .UNSPECIFIED.,.F.,.F.,(4,1,4),(0.,0.0725262164917726,0.181934797910448),
 .UNSPECIFIED.);
#132=B_SPLINE_CURVE_WITH_KNOTS('',3,(#13273,#13274,#13275,#13276,#13277),
 .UNSPECIFIED.,.F.,.F.,(4,1,4),(0.,0.109052398763077,0.188666367869554),
 .UNSPECIFIED.);
#133=B_SPLINE_CURVE_WITH_KNOTS('',3,(#13278,#13279,#13280,#13281,#13282),
 .UNSPECIFIED.,.F.,.F.,(4,1,4),(0.,0.0835214442006094,0.171630369338429),
 .UNSPECIFIED.);
#134=B_SPLINE_CURVE_WITH_KNOTS('',3,(#13299,#13300,#13301,#13302,#13303),
 .UNSPECIFIED.,.F.,.F.,(4,1,4),(0.0366694085566539,0.0688378180184969,0.132568878378658),
 .UNSPECIFIED.);
#135=B_SPLINE_CURVE_WITH_KNOTS('',3,(#13305,#13306,#13307,#13308,#13309),
 .UNSPECIFIED.,.F.,.F.,(4,1,4),(0.,0.0597202757980056,0.117701502735996),
 .UNSPECIFIED.);
#136=B_SPLINE_CURVE_WITH_KNOTS('',3,(#13311,#13312,#13313,#13314,#13315),
 .UNSPECIFIED.,.F.,.F.,(4,1,4),(0.,0.0566952164329972,0.11194107814955),
 .UNSPECIFIED.);
#137=B_SPLINE_CURVE_WITH_KNOTS('',3,(#13317,#13318,#13319,#13320,#13321),
 .UNSPECIFIED.,.F.,.F.,(4,1,4),(0.,0.076599597911614,0.194739908013804),
 .UNSPECIFIED.);
#138=B_SPLINE_CURVE_WITH_KNOTS('',3,(#13325,#13326,#13327,#13328,#13329),
 .UNSPECIFIED.,.F.,.F.,(4,1,4),(0.,0.115846392317997,0.192224635180086),
 .UNSPECIFIED.);
#139=B_SPLINE_CURVE_WITH_KNOTS('',3,(#13331,#13332,#13333,#13334,#13335),
 .UNSPECIFIED.,.F.,.F.,(4,1,4),(0.,0.0555824741456955,0.111555177424662),
 .UNSPECIFIED.);
#140=B_SPLINE_CURVE_WITH_KNOTS('',3,(#13337,#13338,#13339,#13340,#13341),
 .UNSPECIFIED.,.F.,.F.,(4,1,4),(0.,0.0571572029724932,0.116850155803229),
 .UNSPECIFIED.);
#141=B_SPLINE_CURVE_WITH_KNOTS('',3,(#13343,#13344,#13345,#13346,#13347),
 .UNSPECIFIED.,.F.,.F.,(4,1,4),(0.,0.0647598898640595,0.0998266201716534),
 .UNSPECIFIED.);
#142=B_SPLINE_CURVE_WITH_KNOTS('',3,(#13351,#13352,#13353,#13354),
 .UNSPECIFIED.,.F.,.F.,(4,4),(0.0529949473641011,0.0810576224524599),
 .UNSPECIFIED.);
#143=B_SPLINE_CURVE_WITH_KNOTS('',3,(#13358,#13359,#13360,#13361),
 .UNSPECIFIED.,.F.,.F.,(4,4),(0.00706852085582184,0.0329427859952548),
 .UNSPECIFIED.);
#144=B_SPLINE_CURVE_WITH_KNOTS('',3,(#13377,#13378,#13379,#13380,#13381),
 .UNSPECIFIED.,.F.,.F.,(4,1,4),(0.,0.154623999131737,0.431040815043687),
 .UNSPECIFIED.);
#145=B_SPLINE_CURVE_WITH_KNOTS('',3,(#13391,#13392,#13393,#13394,#13395),
 .UNSPECIFIED.,.F.,.F.,(4,1,4),(0.,0.339300786531385,0.515469106693169),
 .UNSPECIFIED.);
#146=B_SPLINE_CURVE_WITH_KNOTS('',3,(#13397,#13398,#13399,#13400,#13401),
 .UNSPECIFIED.,.F.,.F.,(4,1,4),(0.,0.0820555297580763,0.140173377649783),
 .UNSPECIFIED.);
#147=B_SPLINE_CURVE_WITH_KNOTS('',3,(#13403,#13404,#13405,#13406,#13407),
 .UNSPECIFIED.,.F.,.F.,(4,1,4),(0.,0.032186369398489,0.0567739120055849),
 .UNSPECIFIED.);
#148=B_SPLINE_CURVE_WITH_KNOTS('',3,(#13409,#13410,#13411,#13412,#13413),
 .UNSPECIFIED.,.F.,.F.,(4,1,4),(0.,0.0208108862442321,0.0435989840034055),
 .UNSPECIFIED.);
#149=B_SPLINE_CURVE_WITH_KNOTS('',3,(#13415,#13416,#13417,#13418,#13419),
 .UNSPECIFIED.,.F.,.F.,(4,1,4),(0.,0.0228894763524948,0.0446786051930051),
 .UNSPECIFIED.);
#150=B_SPLINE_CURVE_WITH_KNOTS('',3,(#13421,#13422,#13423,#13424,#13425),
 .UNSPECIFIED.,.F.,.F.,(4,1,4),(0.,0.0313215438999347,0.081034187272414),
 .UNSPECIFIED.);
#151=B_SPLINE_CURVE_WITH_KNOTS('',3,(#13433,#13434,#13435,#13436,#13437),
 .UNSPECIFIED.,.F.,.F.,(4,1,4),(0.,0.0676391564150016,0.119597072872857),
 .UNSPECIFIED.);
#152=B_SPLINE_CURVE_WITH_KNOTS('',3,(#13439,#13440,#13441,#13442,#13443),
 .UNSPECIFIED.,.F.,.F.,(4,1,4),(0.,0.0453409928999749,0.0946688995484754),
 .UNSPECIFIED.);
#153=B_SPLINE_CURVE_WITH_KNOTS('',3,(#13445,#13446,#13447,#13448,#13449),
 .UNSPECIFIED.,.F.,.F.,(4,1,4),(0.,0.0511188748586584,0.102934294706643),
 .UNSPECIFIED.);
#154=B_SPLINE_CURVE_WITH_KNOTS('',3,(#13451,#13452,#13453,#13454,#13455),
 .UNSPECIFIED.,.F.,.F.,(4,1,4),(0.,0.0561871346614821,0.119929355498075),
 .UNSPECIFIED.);
#155=B_SPLINE_CURVE_WITH_KNOTS('',3,(#13457,#13458,#13459,#13460,#13461),
 .UNSPECIFIED.,.F.,.F.,(4,1,4),(0.,0.118808377431685,0.217319524383103),
 .UNSPECIFIED.);
#156=B_SPLINE_CURVE_WITH_KNOTS('',3,(#13463,#13464,#13465,#13466,#13467),
 .UNSPECIFIED.,.F.,.F.,(4,1,4),(0.,0.0911840792696588,0.185660725955994),
 .UNSPECIFIED.);
#157=B_SPLINE_CURVE_WITH_KNOTS('',3,(#13468,#13469,#13470,#13471,#13472),
 .UNSPECIFIED.,.F.,.F.,(4,1,4),(0.,0.0800781669378989,0.168879476972675),
 .UNSPECIFIED.);
#158=B_SPLINE_CURVE_WITH_KNOTS('',3,(#13505,#13506,#13507,#13508,#13509),
 .UNSPECIFIED.,.F.,.F.,(4,1,4),(0.0368640829042443,0.0688378231326518,0.13256912908298),
 .UNSPECIFIED.);
#159=B_SPLINE_CURVE_WITH_KNOTS('',3,(#13511,#13512,#13513,#13514,#13515),
 .UNSPECIFIED.,.F.,.F.,(4,1,4),(0.,0.0597198613440912,0.117701255434524),
 .UNSPECIFIED.);
#160=B_SPLINE_CURVE_WITH_KNOTS('',3,(#13517,#13518,#13519,#13520,#13521),
 .UNSPECIFIED.,.F.,.F.,(4,1,4),(0.,0.0566952820349031,0.111941142101876),
 .UNSPECIFIED.);
#161=B_SPLINE_CURVE_WITH_KNOTS('',3,(#13523,#13524,#13525,#13526,#13527),
 .UNSPECIFIED.,.F.,.F.,(4,1,4),(0.,0.076599672961262,0.194739860500622),
 .UNSPECIFIED.);
#162=B_SPLINE_CURVE_WITH_KNOTS('',3,(#13531,#13532,#13533,#13534,#13535),
 .UNSPECIFIED.,.F.,.F.,(4,1,4),(0.,0.115846455206237,0.192224623615015),
 .UNSPECIFIED.);
#163=B_SPLINE_CURVE_WITH_KNOTS('',3,(#13537,#13538,#13539,#13540,#13541),
 .UNSPECIFIED.,.F.,.F.,(4,1,4),(0.,0.0555824741456955,0.111555177424662),
 .UNSPECIFIED.);
#164=B_SPLINE_CURVE_WITH_KNOTS('',3,(#13543,#13544,#13545,#13546,#13547),
 .UNSPECIFIED.,.F.,.F.,(4,1,4),(0.,0.0571570810901399,0.116850239021412),
 .UNSPECIFIED.);
#165=B_SPLINE_CURVE_WITH_KNOTS('',3,(#13548,#13549,#13550,#13551,#13552),
 .UNSPECIFIED.,.F.,.F.,(4,1,4),(0.,0.0647598725960345,0.0996320693436397),
 .UNSPECIFIED.);
#166=B_SPLINE_CURVE_WITH_KNOTS('',3,(#13565,#13566,#13567,#13568,#13569),
 .UNSPECIFIED.,.F.,.F.,(4,1,4),(0.0368668348725533,0.0688378231326518,0.132569014573897),
 .UNSPECIFIED.);
#167=B_SPLINE_CURVE_WITH_KNOTS('',3,(#13571,#13572,#13573,#13574,#13575),
 .UNSPECIFIED.,.F.,.F.,(4,1,4),(0.,0.059720068570932,0.117701379085081),
 .UNSPECIFIED.);
#168=B_SPLINE_CURVE_WITH_KNOTS('',3,(#13577,#13578,#13579,#13580,#13581),
 .UNSPECIFIED.,.F.,.F.,(4,1,4),(0.,0.0566952820349031,0.111941142101876),
 .UNSPECIFIED.);
#169=B_SPLINE_CURVE_WITH_KNOTS('',3,(#13583,#13584,#13585,#13586,#13587),
 .UNSPECIFIED.,.F.,.F.,(4,1,4),(0.,0.076599672961262,0.194739860500622),
 .UNSPECIFIED.);
#170=B_SPLINE_CURVE_WITH_KNOTS('',3,(#13591,#13592,#13593,#13594,#13595),
 .UNSPECIFIED.,.F.,.F.,(4,1,4),(0.,0.11584645191697,0.19222463529197),
 .UNSPECIFIED.);
#171=B_SPLINE_CURVE_WITH_KNOTS('',3,(#13597,#13598,#13599,#13600,#13601),
 .UNSPECIFIED.,.F.,.F.,(4,1,4),(0.,0.0555824741456955,0.111555177424662),
 .UNSPECIFIED.);
#172=B_SPLINE_CURVE_WITH_KNOTS('',3,(#13603,#13604,#13605,#13606,#13607),
 .UNSPECIFIED.,.F.,.F.,(4,1,4),(0.,0.0571570810901399,0.116850239021412),
 .UNSPECIFIED.);
#173=B_SPLINE_CURVE_WITH_KNOTS('',3,(#13608,#13609,#13610,#13611,#13612),
 .UNSPECIFIED.,.F.,.F.,(4,1,4),(0.,0.0647598725960345,0.0996293181625661),
 .UNSPECIFIED.);
#174=B_SPLINE_CURVE_WITH_KNOTS('',3,(#13615,#13616,#13617,#13618),
 .UNSPECIFIED.,.F.,.F.,(4,4),(0.0529289804307069,0.0811715018792335),
 .UNSPECIFIED.);
#175=B_SPLINE_CURVE_WITH_KNOTS('',3,(#13622,#13623,#13624,#13625),
 .UNSPECIFIED.,.F.,.F.,(4,4),(0.0068317691977563,0.0330960464496073),
 .UNSPECIFIED.);
#176=B_SPLINE_CURVE_WITH_KNOTS('',3,(#13629,#13630,#13631,#13632,#13633),
 .UNSPECIFIED.,.F.,.F.,(4,1,4),(0.0366666545311112,0.06883793678818,0.132568997148341),
 .UNSPECIFIED.);
#177=B_SPLINE_CURVE_WITH_KNOTS('',3,(#13635,#13636,#13637,#13638,#13639),
 .UNSPECIFIED.,.F.,.F.,(4,1,4),(0.,0.059720068570932,0.117701379085081),
 .UNSPECIFIED.);
#178=B_SPLINE_CURVE_WITH_KNOTS('',3,(#13641,#13642,#13643,#13644,#13645),
 .UNSPECIFIED.,.F.,.F.,(4,1,4),(0.,0.0566952164329972,0.111941048461293),
 .UNSPECIFIED.);
#179=B_SPLINE_CURVE_WITH_KNOTS('',3,(#13647,#13648,#13649,#13650,#13651),
 .UNSPECIFIED.,.F.,.F.,(4,1,4),(0.,0.076599605697663,0.194739915799853),
 .UNSPECIFIED.);
#180=B_SPLINE_CURVE_WITH_KNOTS('',3,(#13655,#13656,#13657,#13658,#13659),
 .UNSPECIFIED.,.F.,.F.,(4,1,4),(0.,0.11584639396257,0.192224636824659),
 .UNSPECIFIED.);
#181=B_SPLINE_CURVE_WITH_KNOTS('',3,(#13661,#13662,#13663,#13664,#13665),
 .UNSPECIFIED.,.F.,.F.,(4,1,4),(0.,0.0555824741456955,0.111555177424662),
 .UNSPECIFIED.);
#182=B_SPLINE_CURVE_WITH_KNOTS('',3,(#13667,#13668,#13669,#13670,#13671),
 .UNSPECIFIED.,.F.,.F.,(4,1,4),(0.,0.0571571205097648,0.116850073340501),
 .UNSPECIFIED.);
#183=B_SPLINE_CURVE_WITH_KNOTS('',3,(#13673,#13674,#13675,#13676,#13677),
 .UNSPECIFIED.,.F.,.F.,(4,1,4),(0.,0.0647598898640595,0.0998293711136582),
 .UNSPECIFIED.);
#184=B_SPLINE_CURVE_WITH_KNOTS('',3,(#14094,#14095,#14096,#14097,#14098,
#14099,#14100),.UNSPECIFIED.,.F.,.F.,(4,3,4),(-0.217197975213047,-0.0916538177093482,
0.),.UNSPECIFIED.);
#185=B_SPLINE_CURVE_WITH_KNOTS('',3,(#14114,#14115,#14116,#14117,#14118,
#14119,#14120),.UNSPECIFIED.,.F.,.F.,(4,3,4),(-0.104268164680256,-0.0500252100246646,
0.),.UNSPECIFIED.);
#186=B_SPLINE_CURVE_WITH_KNOTS('',3,(#14134,#14135,#14136,#14137,#14138,
#14139,#14140),.UNSPECIFIED.,.F.,.F.,(4,3,4),(-0.197474873914856,-0.125314777704658,
0.),.UNSPECIFIED.);
#187=B_SPLINE_CURVE_WITH_KNOTS('',3,(#14153,#14154,#14155,#14156,#14157,
#14158,#14159),.UNSPECIFIED.,.F.,.F.,(4,3,4),(-0.201887122960334,-0.115289592344448,
-0.0239356243284166),.UNSPECIFIED.);
#188=B_SPLINE_CURVE_WITH_KNOTS('',3,(#14160,#14161,#14162,#14163),
 .UNSPECIFIED.,.F.,.F.,(4,4),(-0.0999999999999996,0.),.UNSPECIFIED.);
#189=B_SPLINE_CURVE_WITH_KNOTS('',3,(#14175,#14176,#14177,#14178,#14179,
#14180,#14181),.UNSPECIFIED.,.F.,.F.,(4,3,4),(-0.190516902665941,-0.0829064974217597,
0.),.UNSPECIFIED.);
#190=B_SPLINE_CURVE_WITH_KNOTS('',3,(#14194,#14195,#14196,#14197,#14198,
#14199,#14200),.UNSPECIFIED.,.F.,.F.,(4,3,4),(-0.128192299592851,-0.065011575083937,
0.),.UNSPECIFIED.);
#191=B_SPLINE_CURVE_WITH_KNOTS('',3,(#14213,#14214,#14215,#14216,#14217,
#14218,#14219),.UNSPECIFIED.,.F.,.F.,(4,3,4),(-0.160633386145569,-0.0869892345418168,
-0.0457051063740948),.UNSPECIFIED.);
#192=B_SPLINE_CURVE_WITH_KNOTS('',3,(#14220,#14221,#14222,#14223),
 .UNSPECIFIED.,.F.,.F.,(4,4),(-0.0999999999999996,0.),.UNSPECIFIED.);
#193=B_SPLINE_CURVE_WITH_KNOTS('',3,(#14274,#14275,#14276,#14277,#14278,
#14279,#14280),.UNSPECIFIED.,.F.,.F.,(4,3,4),(-0.453423450125063,-0.290770298238875,
0.),.UNSPECIFIED.);
#194=B_SPLINE_CURVE_WITH_KNOTS('',3,(#14310,#14311,#14312,#14313,#14314,
#14315,#14316),.UNSPECIFIED.,.F.,.F.,(4,3,4),(-0.538767714077942,-0.184130924461032,
0.),.UNSPECIFIED.);
#195=B_SPLINE_CURVE_WITH_KNOTS('',3,(#14329,#14330,#14331,#14332,#14333,
#14334,#14335),.UNSPECIFIED.,.F.,.F.,(4,3,4),(-0.157993881866404,-0.0655064788199182,
2.77555756156289E-17),.UNSPECIFIED.);
#196=B_SPLINE_CURVE_WITH_KNOTS('',3,(#14348,#14349,#14350,#14351,#14352,
#14353,#14354),.UNSPECIFIED.,.F.,.F.,(4,3,4),(-0.0644216313416059,-0.027899602995026,
0.),.UNSPECIFIED.);
#197=B_SPLINE_CURVE_WITH_KNOTS('',3,(#14367,#14368,#14369,#14370,#14371,
#14372,#14373),.UNSPECIFIED.,.F.,.F.,(4,3,4),(-0.0394471082099919,-0.0206180161935832,
0.),.UNSPECIFIED.);
#198=B_SPLINE_CURVE_WITH_KNOTS('',3,(#14386,#14387,#14388,#14389,#14390,
#14391,#14392),.UNSPECIFIED.,.F.,.F.,(4,3,4),(-0.0478818767759214,-0.0233513194444872,
0.),.UNSPECIFIED.);
#199=B_SPLINE_CURVE_WITH_KNOTS('',3,(#14411,#14412,#14413,#14414,#14415,
#14416,#14417),.UNSPECIFIED.,.F.,.F.,(4,3,4),(-0.213775928160308,-0.0849413229986186,
0.),.UNSPECIFIED.);
#200=B_SPLINE_CURVE_WITH_KNOTS('',3,(#14430,#14431,#14432,#14433,#14434,
#14435,#14436),.UNSPECIFIED.,.F.,.F.,(4,3,4),(-0.112726268913686,-0.0565602973103771,
1.38777878078145E-17),.UNSPECIFIED.);
#201=B_SPLINE_CURVE_WITH_KNOTS('',3,(#14449,#14450,#14451,#14452,#14453,
#14454,#14455),.UNSPECIFIED.,.F.,.F.,(4,3,4),(-0.118271816689091,-0.0604193734781037,
0.),.UNSPECIFIED.);
#202=B_SPLINE_CURVE_WITH_KNOTS('',3,(#14469,#14470,#14471,#14472),
 .UNSPECIFIED.,.F.,.F.,(4,4),(-0.0319619573311313,-0.00362785723317638),
 .UNSPECIFIED.);
#203=B_SPLINE_CURVE_WITH_KNOTS('',3,(#14473,#14474,#14475,#14476),
 .UNSPECIFIED.,.F.,.F.,(4,4),(-0.0999999999999996,0.),.UNSPECIFIED.);
#204=B_SPLINE_CURVE_WITH_KNOTS('',3,(#14477,#14478,#14479,#14480,#14481,
#14482),.UNSPECIFIED.,.F.,.F.,(4,2,4),(-0.149999999999999,-0.132604532259131,
-0.0499999999999994),.UNSPECIFIED.);
#205=B_SPLINE_CURVE_WITH_KNOTS('',3,(#14494,#14495,#14496,#14497,#14498,
#14499,#14500),.UNSPECIFIED.,.F.,.F.,(4,3,4),(-0.137748716769114,-0.0723235166890534,
-0.0370930513100491),.UNSPECIFIED.);
#206=B_SPLINE_CURVE_WITH_KNOTS('',3,(#14501,#14502,#14503,#14504),
 .UNSPECIFIED.,.F.,.F.,(4,4),(-0.100000000000001,0.),.UNSPECIFIED.);
#207=B_SPLINE_CURVE_WITH_KNOTS('',3,(#14517,#14518,#14519,#14520),
 .UNSPECIFIED.,.F.,.F.,(4,4),(-0.0953575304827181,-0.0695640963005628),
 .UNSPECIFIED.);
#208=B_SPLINE_CURVE_WITH_KNOTS('',3,(#14521,#14522,#14523,#14524),
 .UNSPECIFIED.,.F.,.F.,(4,4),(-0.100000000000001,0.),.UNSPECIFIED.);
#209=B_SPLINE_CURVE_WITH_KNOTS('',3,(#14525,#14526,#14527,#14528,#14529,
#14530),.UNSPECIFIED.,.F.,.F.,(4,2,4),(-0.149999999999999,-0.106599739275358,
-0.0499999999999989),.UNSPECIFIED.);
#210=B_SPLINE_CURVE_WITH_KNOTS('',3,(#14543,#14544,#14545,#14546,#14547,
#14548,#14549),.UNSPECIFIED.,.F.,.F.,(4,3,4),(-0.102496353562494,-0.0681150928958411,
1.38777878078145E-17),.UNSPECIFIED.);
#211=B_SPLINE_CURVE_WITH_KNOTS('',3,(#14551,#14552,#14553,#14554),
 .UNSPECIFIED.,.F.,.F.,(4,4),(-0.15,-0.0499999999999988),.UNSPECIFIED.);
#212=B_SPLINE_CURVE_WITH_KNOTS('',3,(#14566,#14567,#14568,#14569,#14570,
#14571,#14572),.UNSPECIFIED.,.F.,.F.,(4,3,4),(-0.12230995963771,-0.0602514102342186,
1.38777878078145E-17),.UNSPECIFIED.);
#213=B_SPLINE_CURVE_WITH_KNOTS('',3,(#14585,#14586,#14587,#14588,#14589,
#14590,#14591),.UNSPECIFIED.,.F.,.F.,(4,3,4),(-0.115850921867319,-0.0571754722664585,
0.),.UNSPECIFIED.);
#214=B_SPLINE_CURVE_WITH_KNOTS('',3,(#14627,#14628,#14629,#14630,#14631,
#14632,#14633),.UNSPECIFIED.,.F.,.F.,(4,3,4),(-0.213775961618761,-0.0849413477772211,
2.77555756156289E-17),.UNSPECIFIED.);
#215=B_SPLINE_CURVE_WITH_KNOTS('',3,(#14647,#14648,#14649,#14650,#14651,
#14652,#14653),.UNSPECIFIED.,.F.,.F.,(4,3,4),(-0.112726268913659,-0.0565602973103633,
-1.38777878078145E-17),.UNSPECIFIED.);
#216=B_SPLINE_CURVE_WITH_KNOTS('',3,(#14667,#14668,#14669,#14670,#14671,
#14672,#14673),.UNSPECIFIED.,.F.,.F.,(4,3,4),(-0.201055469158728,-0.121971684010409,
-2.77555756156289E-17),.UNSPECIFIED.);
#217=B_SPLINE_CURVE_WITH_KNOTS('',3,(#14687,#14688,#14689,#14690,#14691,
#14692,#14693),.UNSPECIFIED.,.F.,.F.,(4,3,4),(-0.118271816689091,-0.0604193734781037,
0.),.UNSPECIFIED.);
#218=B_SPLINE_CURVE_WITH_KNOTS('',3,(#14710,#14711,#14712,#14713,#14714,
#14715,#14716),.UNSPECIFIED.,.F.,.F.,(4,3,4),(-0.137748716769143,-0.0723235108884378,
-0.0370958218321722),.UNSPECIFIED.);
#219=B_SPLINE_CURVE_WITH_KNOTS('',3,(#14717,#14718,#14719,#14720),
 .UNSPECIFIED.,.F.,.F.,(4,4),(-0.0999999999999996,0.),.UNSPECIFIED.);
#220=B_SPLINE_CURVE_WITH_KNOTS('',3,(#14732,#14733,#14734,#14735,#14736,
#14737),.UNSPECIFIED.,.F.,.F.,(4,2,4),(-0.213776003811252,-0.109989685495631,
0.),.UNSPECIFIED.);
#221=B_SPLINE_CURVE_WITH_KNOTS('',3,(#14750,#14751,#14752,#14753,#14754,
#14755,#14756),.UNSPECIFIED.,.F.,.F.,(4,3,4),(-0.112726268913681,-0.0565602973103746,
0.),.UNSPECIFIED.);
#222=B_SPLINE_CURVE_WITH_KNOTS('',3,(#14769,#14770,#14771,#14772,#14773,
#14774,#14775),.UNSPECIFIED.,.F.,.F.,(4,3,4),(-0.118271593333493,-0.0604191374488865,
0.),.UNSPECIFIED.);
#223=B_SPLINE_CURVE_WITH_KNOTS('',3,(#14788,#14789,#14790,#14791,#14792,
#14793,#14794),.UNSPECIFIED.,.F.,.F.,(4,3,4),(-0.137748738656005,-0.0723239368354387,
-0.0368943852175872),.UNSPECIFIED.);
#224=B_SPLINE_CURVE_WITH_KNOTS('',3,(#14795,#14796,#14797,#14798),
 .UNSPECIFIED.,.F.,.F.,(4,4),(-0.0999999999999996,0.),.UNSPECIFIED.);
#225=B_SPLINE_CURVE_WITH_KNOTS('',3,(#14805,#14806,#14807,#14808),
 .UNSPECIFIED.,.F.,.F.,(4,4),(-0.15,-0.0500000000000017),.UNSPECIFIED.);
#226=B_SPLINE_CURVE_WITH_KNOTS('',3,(#14812,#14813,#14814,#14815),
 .UNSPECIFIED.,.F.,.F.,(4,4),(-0.15,-0.0500000000000013),.UNSPECIFIED.);
#227=B_SPLINE_CURVE_WITH_KNOTS('',3,(#14820,#14821,#14822,#14823,#14824,
#14825,#14826),.UNSPECIFIED.,.F.,.F.,(4,3,4),(-0.0976127509381902,-0.0538545146266201,
1.38777878078145E-17),.UNSPECIFIED.);
#228=B_SPLINE_CURVE_WITH_KNOTS('',3,(#14828,#14829,#14830,#14831,#14832,
#14833,#14834),.UNSPECIFIED.,.F.,.F.,(4,3,4),(-0.126660900524654,-0.0528384806255702,
0.),.UNSPECIFIED.);
#229=B_SPLINE_CURVE_WITH_KNOTS('',3,(#14836,#14837,#14838,#14839,#14840,
#14841,#14842),.UNSPECIFIED.,.F.,.F.,(4,3,4),(-0.192244318350289,-0.103344954780862,
-2.77555756156289E-17),.UNSPECIFIED.);
#230=B_SPLINE_CURVE_WITH_KNOTS('',3,(#14843,#14844,#14845,#14846,#14847,
#14848,#14849),.UNSPECIFIED.,.F.,.F.,(4,3,4),(-0.191829535400083,-0.110036904882065,
0.),.UNSPECIFIED.);
#231=B_SPLINE_CURVE_WITH_KNOTS('',3,(#14860,#14861,#14862,#14863,#14864,
#14865,#14866),.UNSPECIFIED.,.F.,.F.,(4,3,4),(-0.137748738656025,-0.0723239310582467,
-0.0368971554989696),.UNSPECIFIED.);
#232=B_SPLINE_CURVE_WITH_KNOTS('',3,(#14868,#14869,#14870,#14871,#14872,
#14873,#14874),.UNSPECIFIED.,.F.,.F.,(4,3,4),(-0.118271657186342,-0.0604191274295433,
-1.38777878078145E-17),.UNSPECIFIED.);
#233=B_SPLINE_CURVE_WITH_KNOTS('',3,(#14876,#14877,#14878,#14879,#14880,
#14881,#14882),.UNSPECIFIED.,.F.,.F.,(4,3,4),(-0.112726268913681,-0.0565602973103746,
0.),.UNSPECIFIED.);
#234=B_SPLINE_CURVE_WITH_KNOTS('',3,(#14884,#14885,#14886,#14887,#14888,
#14889,#14890),.UNSPECIFIED.,.F.,.F.,(4,3,4),(-0.213776005028077,-0.0849414312313554,
-2.77555756156289E-17),.UNSPECIFIED.);
#235=B_SPLINE_CURVE_WITH_KNOTS('',3,(#14893,#14894,#14895,#14896,#14897,
#14898,#14899),.UNSPECIFIED.,.F.,.F.,(4,3,4),(-0.201055457212466,-0.121971681639773,
2.77555756156289E-17),.UNSPECIFIED.);
#236=B_SPLINE_CURVE_WITH_KNOTS('',3,(#14905,#14906,#14907,#14908,#14909,
#14910,#14911),.UNSPECIFIED.,.F.,.F.,(4,3,4),(-0.201055380925012,-0.121971538580837,
-2.77555756156289E-17),.UNSPECIFIED.);
#237=B_SPLINE_CURVE_WITH_KNOTS('',3,(#14913,#14914,#14915,#14916,#14917,
#14918,#14919),.UNSPECIFIED.,.F.,.F.,(4,3,4),(-0.11585118163588,-0.0571755660972665,
0.),.UNSPECIFIED.);
#238=B_SPLINE_CURVE_WITH_KNOTS('',3,(#14921,#14922,#14923,#14924,#14925,
#14926,#14927),.UNSPECIFIED.,.F.,.F.,(4,3,4),(-0.122308652479765,-0.0602510666000843,
0.),.UNSPECIFIED.);
#239=B_SPLINE_CURVE_WITH_KNOTS('',3,(#14928,#14929,#14930,#14931,#14932,
#14933,#14934),.UNSPECIFIED.,.F.,.F.,(4,3,4),(-0.102288711656855,-0.0681154593007904,
0.),.UNSPECIFIED.);
#240=B_SPLINE_CURVE_WITH_KNOTS('',3,(#14939,#14940,#14941,#14942),
 .UNSPECIFIED.,.F.,.F.,(4,4),(-0.0955935836398051,-0.0694113475202845),
 .UNSPECIFIED.);
#241=B_SPLINE_CURVE_WITH_KNOTS('',3,(#14946,#14947,#14948,#14949),
 .UNSPECIFIED.,.F.,.F.,(4,4),(-0.0320285623032878,-0.00351287635323107),
 .UNSPECIFIED.);
#242=B_SPLINE_CURVE_WITH_KNOTS('',3,(#14952,#14953,#14954,#14955,#14956,
#14957,#14958),.UNSPECIFIED.,.F.,.F.,(4,3,4),(-0.115850962281259,-0.0571754766502828,
0.),.UNSPECIFIED.);
#243=B_SPLINE_CURVE_WITH_KNOTS('',3,(#14960,#14961,#14962,#14963,#14964,
#14965,#14966),.UNSPECIFIED.,.F.,.F.,(4,3,4),(-0.122309306065326,-0.060251238421068,
1.38777878078145E-17),.UNSPECIFIED.);
#244=B_SPLINE_CURVE_WITH_KNOTS('',3,(#14967,#14968,#14969,#14970,#14971,
#14972,#14973),.UNSPECIFIED.,.F.,.F.,(4,3,4),(-0.102499525958161,-0.0681151606671371,
0.),.UNSPECIFIED.);
#245=B_SPLINE_CURVE_WITH_KNOTS('',3,(#14977,#14978,#14979,#14980,#14981,
#14982,#14983),.UNSPECIFIED.,.F.,.F.,(4,3,4),(-0.201055380925824,-0.121971538581329,
0.),.UNSPECIFIED.);
#246=B_SPLINE_CURVE_WITH_KNOTS('',3,(#14985,#14986,#14987,#14988,#14989,
#14990,#14991),.UNSPECIFIED.,.F.,.F.,(4,3,4),(-0.115851181635954,-0.0571755660973029,
0.),.UNSPECIFIED.);
#247=B_SPLINE_CURVE_WITH_KNOTS('',3,(#14993,#14994,#14995,#14996,#14997,
#14998,#14999),.UNSPECIFIED.,.F.,.F.,(4,3,4),(-0.122309306065609,-0.0602512384212076,
1.38777878078145E-17),.UNSPECIFIED.);
#248=B_SPLINE_CURVE_WITH_KNOTS('',3,(#15001,#15002,#15003,#15004,#15005,
#15006,#15007),.UNSPECIFIED.,.F.,.F.,(4,3,4),(-0.102285767687395,-0.06811541662419,
0.),.UNSPECIFIED.);
#249=B_SPLINE_CURVE_WITH_KNOTS('',3,(#15015,#15016,#15017,#15018,#15019,
#15020,#15021),.UNSPECIFIED.,.F.,.F.,(4,3,4),(-0.0848761409985376,-0.0520695951957669,
0.),.UNSPECIFIED.);
#250=B_SPLINE_CURVE_WITH_KNOTS('',3,(#15023,#15024,#15025,#15026,#15027,
#15028,#15029),.UNSPECIFIED.,.F.,.F.,(4,3,4),(-0.170535567646508,-0.0896721264537336,
0.),.UNSPECIFIED.);
#251=B_SPLINE_CURVE_WITH_KNOTS('',3,(#15031,#15032,#15033,#15034,#15035,
#15036,#15037),.UNSPECIFIED.,.F.,.F.,(4,3,4),(-0.190737575268525,-0.0970600885872001,
0.),.UNSPECIFIED.);
#252=B_SPLINE_CURVE_WITH_KNOTS('',3,(#15039,#15040,#15041,#15042,#15043,
#15044,#15045),.UNSPECIFIED.,.F.,.F.,(4,3,4),(-0.246130319553686,-0.111571107785095,
2.77555756156289E-17),.UNSPECIFIED.);
#253=B_SPLINE_CURVE_WITH_KNOTS('',3,(#15047,#15048,#15049,#15050,#15051,
#15052,#15053),.UNSPECIFIED.,.F.,.F.,(4,3,4),(-0.12122528142025,-0.0644310029615034,
1.38777878078145E-17),.UNSPECIFIED.);
#254=B_SPLINE_CURVE_WITH_KNOTS('',3,(#15055,#15056,#15057,#15058,#15059,
#15060,#15061),.UNSPECIFIED.,.F.,.F.,(4,3,4),(-0.104092026071553,-0.0523982026504992,
0.),.UNSPECIFIED.);
#255=B_SPLINE_CURVE_WITH_KNOTS('',3,(#15063,#15064,#15065,#15066,#15067,
#15068,#15069),.UNSPECIFIED.,.F.,.F.,(4,3,4),(-0.0956172336978685,-0.0498220429341863,
1.38777878078145E-17),.UNSPECIFIED.);
#256=B_SPLINE_CURVE_WITH_KNOTS('',3,(#15071,#15072,#15073,#15074,#15075,
#15076,#15077),.UNSPECIFIED.,.F.,.F.,(4,3,4),(-0.134275490910074,-0.0583348285326347,
0.),.UNSPECIFIED.);
#257=B_SPLINE_CURVE_WITH_KNOTS('',3,(#15096,#15097,#15098,#15099,#15100,
#15101,#15102),.UNSPECIFIED.,.F.,.F.,(4,3,4),(-0.188139819616709,-0.113140042526452,
-2.77555756156289E-17),.UNSPECIFIED.);
#258=B_SPLINE_CURVE_WITH_KNOTS('',3,(#15104,#15105,#15106,#15107,#15108,
#15109,#15110),.UNSPECIFIED.,.F.,.F.,(4,3,4),(-0.133909539095623,-0.0625363225153609,
0.),.UNSPECIFIED.);
#259=B_SPLINE_CURVE_WITH_KNOTS('',3,(#15111,#15112,#15113,#15114,#15115,
#15116,#15117),.UNSPECIFIED.,.F.,.F.,(4,3,4),(-0.145439976849903,-0.0871774710975572,
0.),.UNSPECIFIED.);
#260=B_SPLINE_CURVE_WITH_KNOTS('',3,(#15131,#15132,#15133,#15134),
 .UNSPECIFIED.,.F.,.F.,(4,4),(-0.149999999999999,-0.0499999999999998),
 .UNSPECIFIED.);
#261=B_SPLINE_CURVE_WITH_KNOTS('',3,(#15136,#15137,#15138,#15139),
 .UNSPECIFIED.,.F.,.F.,(4,4),(-0.0999999999999996,0.),.UNSPECIFIED.);
#262=B_SPLINE_CURVE_WITH_KNOTS('',3,(#15140,#15141,#15142,#15143),
 .UNSPECIFIED.,.F.,.F.,(4,4),(-0.15,-0.0500000000000013),.UNSPECIFIED.);
#263=B_SPLINE_CURVE_WITH_KNOTS('',3,(#15145,#15146,#15147,#15148),
 .UNSPECIFIED.,.F.,.F.,(4,4),(-0.0999999999999996,0.),.UNSPECIFIED.);
#264=B_SPLINE_CURVE_WITH_KNOTS('',3,(#15149,#15150,#15151,#15152,#15153,
#15154),.UNSPECIFIED.,.F.,.F.,(4,2,4),(-0.15,-0.108206536614491,-0.0500000000000008),
 .UNSPECIFIED.);
#265=B_SPLINE_CURVE_WITH_KNOTS('',3,(#15156,#15157,#15158,#15159,#15160,
#15161),.UNSPECIFIED.,.F.,.F.,(4,2,4),(-0.150000000000001,-0.133454360096441,
-0.0499999999999989),.UNSPECIFIED.);
#266=B_SPLINE_CURVE_WITH_KNOTS('',3,(#15179,#15180,#15181,#15182),
 .UNSPECIFIED.,.F.,.F.,(4,4),(-0.15,-0.0500000000000013),.UNSPECIFIED.);
#267=B_SPLINE_CURVE_WITH_KNOTS('',3,(#15185,#15186,#15187,#15188),
 .UNSPECIFIED.,.F.,.F.,(4,4),(-0.100000000000001,0.),.UNSPECIFIED.);
#268=ELLIPSE('',#9039,1.10302752219154,1.);
#269=ELLIPSE('',#9040,1.10302752219154,1.);
#270=ELLIPSE('',#9043,0.707106781186548,0.5);
#271=ELLIPSE('',#9045,0.70710678118654,0.5);
#272=ELLIPSE('',#9291,1.10194309050061,1.);
#273=ELLIPSE('',#9294,1.10194309050061,1.);
#274=CYLINDRICAL_SURFACE('',#9011,1.5);
#275=CYLINDRICAL_SURFACE('',#9015,1.5);
#276=CYLINDRICAL_SURFACE('',#9024,1.5);
#277=CYLINDRICAL_SURFACE('',#9028,1.5);
#278=CYLINDRICAL_SURFACE('',#9041,0.5);
#279=CYLINDRICAL_SURFACE('',#9044,0.5);
#280=CYLINDRICAL_SURFACE('',#9046,0.5);
#281=CYLINDRICAL_SURFACE('',#9064,1.6);
#282=CYLINDRICAL_SURFACE('',#9094,1.6);
#283=CYLINDRICAL_SURFACE('',#9111,25.);
#284=CYLINDRICAL_SURFACE('',#9119,25.);
#285=CYLINDRICAL_SURFACE('',#9121,25.);
#286=CYLINDRICAL_SURFACE('',#9123,25.);
#287=CYLINDRICAL_SURFACE('',#9125,25.);
#288=CYLINDRICAL_SURFACE('',#9127,25.);
#289=CYLINDRICAL_SURFACE('',#9143,5.);
#290=CYLINDRICAL_SURFACE('',#9146,5.0000005401671);
#291=CYLINDRICAL_SURFACE('',#9150,5.);
#292=CYLINDRICAL_SURFACE('',#9153,5.0000005401671);
#293=CYLINDRICAL_SURFACE('',#9158,5.);
#294=CYLINDRICAL_SURFACE('',#9162,5.);
#295=CYLINDRICAL_SURFACE('',#9165,5.00000054016708);
#296=CYLINDRICAL_SURFACE('',#9169,5.0000005401671);
#297=CYLINDRICAL_SURFACE('',#9172,5.0000005401671);
#298=CYLINDRICAL_SURFACE('',#9174,5.);
#299=CYLINDRICAL_SURFACE('',#9177,5.);
#300=CYLINDRICAL_SURFACE('',#9181,5.00000054016708);
#301=CYLINDRICAL_SURFACE('',#9184,5.);
#302=CYLINDRICAL_SURFACE('',#9188,5.);
#303=CYLINDRICAL_SURFACE('',#9191,5.00000054016708);
#304=CYLINDRICAL_SURFACE('',#9195,5.0000005401671);
#305=CYLINDRICAL_SURFACE('',#9199,5.0000005401671);
#306=CYLINDRICAL_SURFACE('',#9202,5.);
#307=CYLINDRICAL_SURFACE('',#9206,5.00000054016709);
#308=CYLINDRICAL_SURFACE('',#9210,5.);
#309=CYLINDRICAL_SURFACE('',#9214,5.);
#310=CYLINDRICAL_SURFACE('',#9218,5.0000005401671);
#311=CYLINDRICAL_SURFACE('',#9220,5.0000005401671);
#312=CYLINDRICAL_SURFACE('',#9224,5.);
#313=CYLINDRICAL_SURFACE('',#9226,5.0000005401671);
#314=CYLINDRICAL_SURFACE('',#9228,5.00000054016709);
#315=CYLINDRICAL_SURFACE('',#9232,5.);
#316=CYLINDRICAL_SURFACE('',#9234,5.0000005401671);
#317=CYLINDRICAL_SURFACE('',#9236,5.00000054016709);
#318=CYLINDRICAL_SURFACE('',#9240,5.);
#319=CYLINDRICAL_SURFACE('',#9242,5.0000005401671);
#320=CYLINDRICAL_SURFACE('',#9244,5.00000054016709);
#321=CYLINDRICAL_SURFACE('',#9248,5.);
#322=CYLINDRICAL_SURFACE('',#9250,5.9);
#323=CYLINDRICAL_SURFACE('',#9252,4.9);
#324=CYLINDRICAL_SURFACE('',#9283,4.9);
#325=CYLINDRICAL_SURFACE('',#9284,5.9);
#326=CYLINDRICAL_SURFACE('',#9285,1.);
#327=CYLINDRICAL_SURFACE('',#9288,1.);
#328=CYLINDRICAL_SURFACE('',#9290,1.);
#329=CYLINDRICAL_SURFACE('',#9293,1.);
#330=CYLINDRICAL_SURFACE('',#9312,1.6);
#331=CYLINDRICAL_SURFACE('',#9319,1.6);
#332=CYLINDRICAL_SURFACE('',#9329,37.5);
#333=CYLINDRICAL_SURFACE('',#9331,4.);
#334=CYLINDRICAL_SURFACE('',#9335,3.75);
#335=CYLINDRICAL_SURFACE('',#9343,3.99999999999999);
#336=CYLINDRICAL_SURFACE('',#9347,2.15);
#337=CYLINDRICAL_SURFACE('',#9350,2.15);
#338=CYLINDRICAL_SURFACE('',#9367,0.5);
#339=CYLINDRICAL_SURFACE('',#9371,0.5);
#340=CYLINDRICAL_SURFACE('',#9377,0.5);
#341=CYLINDRICAL_SURFACE('',#9382,0.5);
#342=CYLINDRICAL_SURFACE('',#9384,25.);
#343=CYLINDRICAL_SURFACE('',#9387,25.);
#344=CYLINDRICAL_SURFACE('',#9390,4.);
#345=CYLINDRICAL_SURFACE('',#9394,3.99999999999999);
#346=CYLINDRICAL_SURFACE('',#9398,4.49999999999999);
#347=CYLINDRICAL_SURFACE('',#9403,4.49999999999999);
#348=CYLINDRICAL_SURFACE('',#9413,4.5);
#349=CYLINDRICAL_SURFACE('',#9416,4.5);
#350=CYLINDRICAL_SURFACE('',#9423,4.5);
#351=CYLINDRICAL_SURFACE('',#9430,4.5);
#352=CYLINDRICAL_SURFACE('',#9433,4.49999999999999);
#353=CYLINDRICAL_SURFACE('',#9440,4.49999999999999);
#354=CYLINDRICAL_SURFACE('',#9442,2.15);
#355=CYLINDRICAL_SURFACE('',#9444,2.15);
#356=CYLINDRICAL_SURFACE('',#9446,2.15);
#357=CYLINDRICAL_SURFACE('',#9448,2.15);
#358=CYLINDRICAL_SURFACE('',#9453,25.);
#359=CYLINDRICAL_SURFACE('',#9455,25.);
#360=CYLINDRICAL_SURFACE('',#9457,25.);
#361=CYLINDRICAL_SURFACE('',#9463,25.);
#362=CYLINDRICAL_SURFACE('',#9549,6.9);
#363=CYLINDRICAL_SURFACE('',#9554,6.9);
#364=CYLINDRICAL_SURFACE('',#9565,2.5);
#365=CYLINDRICAL_SURFACE('',#9567,6.5);
#366=CYLINDRICAL_SURFACE('',#9570,5.75);
#367=CYLINDRICAL_SURFACE('',#9571,4.7);
#368=CYLINDRICAL_SURFACE('',#9577,5.75);
#369=CYLINDRICAL_SURFACE('',#9578,4.7);
#370=CYLINDRICAL_SURFACE('',#9597,2.);
#371=CYLINDRICAL_SURFACE('',#9600,5.9);
#372=CYLINDRICAL_SURFACE('',#9606,4.85);
#373=CYLINDRICAL_SURFACE('',#9608,3.6);
#374=CYLINDRICAL_SURFACE('',#9611,4.85);
#375=CYLINDRICAL_SURFACE('',#9615,3.6);
#376=FACE_BOUND('',#1228,.T.);
#377=FACE_BOUND('',#1229,.T.);
#378=FACE_BOUND('',#1230,.T.);
#379=FACE_BOUND('',#1231,.T.);
#380=FACE_BOUND('',#1232,.T.);
#381=FACE_BOUND('',#1238,.T.);
#382=FACE_BOUND('',#1239,.T.);
#383=FACE_BOUND('',#1240,.T.);
#384=FACE_BOUND('',#1241,.T.);
#385=FACE_BOUND('',#1242,.T.);
#386=FACE_BOUND('',#1258,.T.);
#387=FACE_BOUND('',#1260,.T.);
#388=FACE_BOUND('',#1262,.T.);
#389=FACE_BOUND('',#1263,.T.);
#390=FACE_BOUND('',#1272,.T.);
#391=FACE_BOUND('',#1291,.T.);
#392=FACE_BOUND('',#1292,.T.);
#393=FACE_BOUND('',#1293,.T.);
#394=FACE_BOUND('',#1296,.T.);
#395=FACE_BOUND('',#1301,.T.);
#396=FACE_BOUND('',#1323,.T.);
#397=FACE_BOUND('',#1324,.T.);
#398=FACE_BOUND('',#1328,.T.);
#399=FACE_BOUND('',#1329,.T.);
#400=FACE_BOUND('',#1394,.T.);
#401=FACE_BOUND('',#1395,.T.);
#402=FACE_BOUND('',#1396,.T.);
#403=FACE_BOUND('',#1397,.T.);
#404=FACE_BOUND('',#1398,.T.);
#405=FACE_BOUND('',#1399,.T.);
#406=FACE_BOUND('',#1400,.T.);
#407=FACE_BOUND('',#1415,.T.);
#408=FACE_BOUND('',#1417,.T.);
#409=FACE_BOUND('',#1418,.T.);
#410=FACE_BOUND('',#1420,.T.);
#411=FACE_BOUND('',#1425,.T.);
#412=FACE_BOUND('',#1445,.T.);
#413=FACE_BOUND('',#1446,.T.);
#414=FACE_BOUND('',#1453,.T.);
#415=FACE_BOUND('',#1456,.T.);
#416=FACE_BOUND('',#1461,.T.);
#417=FACE_BOUND('',#1462,.T.);
#418=FACE_BOUND('',#1463,.T.);
#419=FACE_BOUND('',#1466,.T.);
#420=FACE_BOUND('',#1478,.T.);
#421=FACE_BOUND('',#1488,.T.);
#422=FACE_BOUND('',#1494,.T.);
#423=FACE_BOUND('',#1497,.T.);
#424=FACE_BOUND('',#1498,.T.);
#425=FACE_BOUND('',#1499,.T.);
#426=FACE_BOUND('',#1500,.T.);
#427=FACE_BOUND('',#1501,.T.);
#428=FACE_BOUND('',#1502,.T.);
#429=FACE_BOUND('',#1503,.T.);
#430=FACE_BOUND('',#1504,.T.);
#431=FACE_BOUND('',#1505,.T.);
#432=FACE_BOUND('',#1506,.T.);
#433=FACE_BOUND('',#1507,.T.);
#434=FACE_BOUND('',#1508,.T.);
#435=FACE_BOUND('',#1509,.T.);
#436=FACE_BOUND('',#1510,.T.);
#437=FACE_BOUND('',#1537,.T.);
#438=FACE_BOUND('',#1543,.T.);
#439=FACE_BOUND('',#1547,.T.);
#440=FACE_BOUND('',#1553,.T.);
#441=FACE_BOUND('',#1563,.T.);
#442=FACE_BOUND('',#1564,.T.);
#443=FACE_BOUND('',#1567,.T.);
#444=FACE_BOUND('',#1568,.T.);
#445=FACE_BOUND('',#1572,.T.);
#446=FACE_BOUND('',#1573,.T.);
#447=FACE_BOUND('',#1574,.T.);
#448=FACE_BOUND('',#1575,.T.);
#449=FACE_BOUND('',#1588,.T.);
#450=FACE_BOUND('',#1591,.T.);
#451=FACE_BOUND('',#1649,.T.);
#452=FACE_BOUND('',#1650,.T.);
#453=FACE_BOUND('',#1651,.T.);
#454=FACE_BOUND('',#1652,.T.);
#455=FACE_BOUND('',#1653,.T.);
#456=FACE_BOUND('',#1654,.T.);
#457=FACE_BOUND('',#1655,.T.);
#458=FACE_BOUND('',#1656,.T.);
#459=FACE_BOUND('',#1657,.T.);
#460=FACE_BOUND('',#1658,.T.);
#461=FACE_BOUND('',#1659,.T.);
#462=FACE_BOUND('',#1660,.T.);
#463=FACE_BOUND('',#1742,.T.);
#464=FACE_BOUND('',#1743,.T.);
#465=FACE_BOUND('',#1763,.T.);
#466=FACE_BOUND('',#1764,.T.);
#467=PLANE('',#9007);
#468=PLANE('',#9020);
#469=PLANE('',#9030);
#470=PLANE('',#9031);
#471=PLANE('',#9032);
#472=PLANE('',#9035);
#473=PLANE('',#9036);
#474=PLANE('',#9038);
#475=PLANE('',#9048);
#476=PLANE('',#9049);
#477=PLANE('',#9050);
#478=PLANE('',#9052);
#479=PLANE('',#9054);
#480=PLANE('',#9056);
#481=PLANE('',#9057);
#482=PLANE('',#9058);
#483=PLANE('',#9059);
#484=PLANE('',#9060);
#485=PLANE('',#9061);
#486=PLANE('',#9062);
#487=PLANE('',#9063);
#488=PLANE('',#9066);
#489=PLANE('',#9067);
#490=PLANE('',#9068);
#491=PLANE('',#9069);
#492=PLANE('',#9070);
#493=PLANE('',#9071);
#494=PLANE('',#9072);
#495=PLANE('',#9073);
#496=PLANE('',#9074);
#497=PLANE('',#9075);
#498=PLANE('',#9076);
#499=PLANE('',#9077);
#500=PLANE('',#9078);
#501=PLANE('',#9079);
#502=PLANE('',#9080);
#503=PLANE('',#9081);
#504=PLANE('',#9087);
#505=PLANE('',#9088);
#506=PLANE('',#9089);
#507=PLANE('',#9090);
#508=PLANE('',#9091);
#509=PLANE('',#9092);
#510=PLANE('',#9095);
#511=PLANE('',#9096);
#512=PLANE('',#9101);
#513=PLANE('',#9102);
#514=PLANE('',#9103);
#515=PLANE('',#9104);
#516=PLANE('',#9105);
#517=PLANE('',#9106);
#518=PLANE('',#9107);
#519=PLANE('',#9108);
#520=PLANE('',#9109);
#521=PLANE('',#9110);
#522=PLANE('',#9114);
#523=PLANE('',#9118);
#524=PLANE('',#9122);
#525=PLANE('',#9124);
#526=PLANE('',#9129);
#527=PLANE('',#9142);
#528=PLANE('',#9149);
#529=PLANE('',#9156);
#530=PLANE('',#9157);
#531=PLANE('',#9161);
#532=PLANE('',#9168);
#533=PLANE('',#9171);
#534=PLANE('',#9176);
#535=PLANE('',#9179);
#536=PLANE('',#9180);
#537=PLANE('',#9187);
#538=PLANE('',#9194);
#539=PLANE('',#9198);
#540=PLANE('',#9205);
#541=PLANE('',#9209);
#542=PLANE('',#9213);
#543=PLANE('',#9217);
#544=PLANE('',#9222);
#545=PLANE('',#9225);
#546=PLANE('',#9230);
#547=PLANE('',#9233);
#548=PLANE('',#9238);
#549=PLANE('',#9241);
#550=PLANE('',#9246);
#551=PLANE('',#9249);
#552=PLANE('',#9254);
#553=PLANE('',#9255);
#554=PLANE('',#9256);
#555=PLANE('',#9257);
#556=PLANE('',#9262);
#557=PLANE('',#9263);
#558=PLANE('',#9264);
#559=PLANE('',#9265);
#560=PLANE('',#9266);
#561=PLANE('',#9267);
#562=PLANE('',#9268);
#563=PLANE('',#9269);
#564=PLANE('',#9270);
#565=PLANE('',#9271);
#566=PLANE('',#9272);
#567=PLANE('',#9273);
#568=PLANE('',#9274);
#569=PLANE('',#9275);
#570=PLANE('',#9276);
#571=PLANE('',#9277);
#572=PLANE('',#9278);
#573=PLANE('',#9279);
#574=PLANE('',#9280);
#575=PLANE('',#9282);
#576=PLANE('',#9287);
#577=PLANE('',#9292);
#578=PLANE('',#9295);
#579=PLANE('',#9296);
#580=PLANE('',#9297);
#581=PLANE('',#9298);
#582=PLANE('',#9299);
#583=PLANE('',#9300);
#584=PLANE('',#9301);
#585=PLANE('',#9302);
#586=PLANE('',#9303);
#587=PLANE('',#9304);
#588=PLANE('',#9305);
#589=PLANE('',#9306);
#590=PLANE('',#9307);
#591=PLANE('',#9308);
#592=PLANE('',#9309);
#593=PLANE('',#9310);
#594=PLANE('',#9314);
#595=PLANE('',#9315);
#596=PLANE('',#9316);
#597=PLANE('',#9317);
#598=PLANE('',#9318);
#599=PLANE('',#9321);
#600=PLANE('',#9322);
#601=PLANE('',#9323);
#602=PLANE('',#9324);
#603=PLANE('',#9325);
#604=PLANE('',#9326);
#605=PLANE('',#9327);
#606=PLANE('',#9328);
#607=PLANE('',#9330);
#608=PLANE('',#9333);
#609=PLANE('',#9337);
#610=PLANE('',#9338);
#611=PLANE('',#9339);
#612=PLANE('',#9340);
#613=PLANE('',#9341);
#614=PLANE('',#9342);
#615=PLANE('',#9345);
#616=PLANE('',#9349);
#617=PLANE('',#9352);
#618=PLANE('',#9353);
#619=PLANE('',#9357);
#620=PLANE('',#9362);
#621=PLANE('',#9363);
#622=PLANE('',#9364);
#623=PLANE('',#9365);
#624=PLANE('',#9366);
#625=PLANE('',#9370);
#626=PLANE('',#9383);
#627=PLANE('',#9386);
#628=PLANE('',#9389);
#629=PLANE('',#9393);
#630=PLANE('',#9397);
#631=PLANE('',#9401);
#632=PLANE('',#9402);
#633=PLANE('',#9406);
#634=PLANE('',#9408);
#635=PLANE('',#9419);
#636=PLANE('',#9420);
#637=PLANE('',#9422);
#638=PLANE('',#9426);
#639=PLANE('',#9429);
#640=PLANE('',#9432);
#641=PLANE('',#9436);
#642=PLANE('',#9439);
#643=PLANE('',#9450);
#644=PLANE('',#9454);
#645=PLANE('',#9456);
#646=PLANE('',#9459);
#647=PLANE('',#9460);
#648=PLANE('',#9462);
#649=PLANE('',#9464);
#650=PLANE('',#9465);
#651=PLANE('',#9466);
#652=PLANE('',#9467);
#653=PLANE('',#9468);
#654=PLANE('',#9469);
#655=PLANE('',#9470);
#656=PLANE('',#9471);
#657=PLANE('',#9472);
#658=PLANE('',#9473);
#659=PLANE('',#9474);
#660=PLANE('',#9475);
#661=PLANE('',#9476);
#662=PLANE('',#9477);
#663=PLANE('',#9478);
#664=PLANE('',#9479);
#665=PLANE('',#9480);
#666=PLANE('',#9481);
#667=PLANE('',#9482);
#668=PLANE('',#9483);
#669=PLANE('',#9484);
#670=PLANE('',#9485);
#671=PLANE('',#9486);
#672=PLANE('',#9487);
#673=PLANE('',#9488);
#674=PLANE('',#9489);
#675=PLANE('',#9490);
#676=PLANE('',#9491);
#677=PLANE('',#9492);
#678=PLANE('',#9493);
#679=PLANE('',#9494);
#680=PLANE('',#9495);
#681=PLANE('',#9496);
#682=PLANE('',#9497);
#683=PLANE('',#9498);
#684=PLANE('',#9499);
#685=PLANE('',#9500);
#686=PLANE('',#9501);
#687=PLANE('',#9502);
#688=PLANE('',#9503);
#689=PLANE('',#9504);
#690=PLANE('',#9505);
#691=PLANE('',#9506);
#692=PLANE('',#9507);
#693=PLANE('',#9508);
#694=PLANE('',#9509);
#695=PLANE('',#9510);
#696=PLANE('',#9511);
#697=PLANE('',#9512);
#698=PLANE('',#9513);
#699=PLANE('',#9514);
#700=PLANE('',#9515);
#701=PLANE('',#9516);
#702=PLANE('',#9517);
#703=PLANE('',#9518);
#704=PLANE('',#9519);
#705=PLANE('',#9520);
#706=PLANE('',#9521);
#707=PLANE('',#9522);
#708=PLANE('',#9523);
#709=PLANE('',#9524);
#710=PLANE('',#9525);
#711=PLANE('',#9526);
#712=PLANE('',#9527);
#713=PLANE('',#9528);
#714=PLANE('',#9529);
#715=PLANE('',#9530);
#716=PLANE('',#9531);
#717=PLANE('',#9532);
#718=PLANE('',#9533);
#719=PLANE('',#9534);
#720=PLANE('',#9535);
#721=PLANE('',#9536);
#722=PLANE('',#9537);
#723=PLANE('',#9538);
#724=PLANE('',#9539);
#725=PLANE('',#9540);
#726=PLANE('',#9541);
#727=PLANE('',#9542);
#728=PLANE('',#9548);
#729=PLANE('',#9556);
#730=PLANE('',#9557);
#731=PLANE('',#9564);
#732=PLANE('',#9566);
#733=PLANE('',#9568);
#734=PLANE('',#9573);
#735=PLANE('',#9574);
#736=PLANE('',#9575);
#737=PLANE('',#9580);
#738=PLANE('',#9581);
#739=PLANE('',#9585);
#740=PLANE('',#9589);
#741=PLANE('',#9590);
#742=PLANE('',#9599);
#743=PLANE('',#9602);
#744=PLANE('',#9603);
#745=PLANE('',#9604);
#746=PLANE('',#9607);
#747=PLANE('',#9610);
#748=PLANE('',#9613);
#749=PLANE('',#9614);
#750=PLANE('',#9617);
#751=PLANE('',#9618);
#752=PLANE('',#9619);
#753=PLANE('',#9620);
#754=PLANE('',#9621);
#755=PLANE('',#9622);
#756=PLANE('',#9623);
#757=FACE_OUTER_BOUND('',#1226,.T.);
#758=FACE_OUTER_BOUND('',#1227,.T.);
#759=FACE_OUTER_BOUND('',#1233,.T.);
#760=FACE_OUTER_BOUND('',#1234,.T.);
#761=FACE_OUTER_BOUND('',#1235,.T.);
#762=FACE_OUTER_BOUND('',#1236,.T.);
#763=FACE_OUTER_BOUND('',#1237,.T.);
#764=FACE_OUTER_BOUND('',#1243,.T.);
#765=FACE_OUTER_BOUND('',#1244,.T.);
#766=FACE_OUTER_BOUND('',#1245,.T.);
#767=FACE_OUTER_BOUND('',#1246,.T.);
#768=FACE_OUTER_BOUND('',#1247,.T.);
#769=FACE_OUTER_BOUND('',#1248,.T.);
#770=FACE_OUTER_BOUND('',#1249,.T.);
#771=FACE_OUTER_BOUND('',#1250,.T.);
#772=FACE_OUTER_BOUND('',#1251,.T.);
#773=FACE_OUTER_BOUND('',#1252,.T.);
#774=FACE_OUTER_BOUND('',#1253,.T.);
#775=FACE_OUTER_BOUND('',#1254,.T.);
#776=FACE_OUTER_BOUND('',#1255,.T.);
#777=FACE_OUTER_BOUND('',#1256,.T.);
#778=FACE_OUTER_BOUND('',#1257,.T.);
#779=FACE_OUTER_BOUND('',#1259,.T.);
#780=FACE_OUTER_BOUND('',#1261,.T.);
#781=FACE_OUTER_BOUND('',#1264,.T.);
#782=FACE_OUTER_BOUND('',#1265,.T.);
#783=FACE_OUTER_BOUND('',#1266,.T.);
#784=FACE_OUTER_BOUND('',#1267,.T.);
#785=FACE_OUTER_BOUND('',#1268,.T.);
#786=FACE_OUTER_BOUND('',#1269,.T.);
#787=FACE_OUTER_BOUND('',#1270,.T.);
#788=FACE_OUTER_BOUND('',#1271,.T.);
#789=FACE_OUTER_BOUND('',#1273,.T.);
#790=FACE_OUTER_BOUND('',#1274,.T.);
#791=FACE_OUTER_BOUND('',#1275,.T.);
#792=FACE_OUTER_BOUND('',#1276,.T.);
#793=FACE_OUTER_BOUND('',#1277,.T.);
#794=FACE_OUTER_BOUND('',#1278,.T.);
#795=FACE_OUTER_BOUND('',#1279,.T.);
#796=FACE_OUTER_BOUND('',#1280,.T.);
#797=FACE_OUTER_BOUND('',#1281,.T.);
#798=FACE_OUTER_BOUND('',#1282,.T.);
#799=FACE_OUTER_BOUND('',#1283,.T.);
#800=FACE_OUTER_BOUND('',#1284,.T.);
#801=FACE_OUTER_BOUND('',#1285,.T.);
#802=FACE_OUTER_BOUND('',#1286,.T.);
#803=FACE_OUTER_BOUND('',#1287,.T.);
#804=FACE_OUTER_BOUND('',#1288,.T.);
#805=FACE_OUTER_BOUND('',#1289,.T.);
#806=FACE_OUTER_BOUND('',#1290,.T.);
#807=FACE_OUTER_BOUND('',#1294,.T.);
#808=FACE_OUTER_BOUND('',#1295,.T.);
#809=FACE_OUTER_BOUND('',#1297,.T.);
#810=FACE_OUTER_BOUND('',#1298,.T.);
#811=FACE_OUTER_BOUND('',#1299,.T.);
#812=FACE_OUTER_BOUND('',#1300,.T.);
#813=FACE_OUTER_BOUND('',#1302,.T.);
#814=FACE_OUTER_BOUND('',#1303,.T.);
#815=FACE_OUTER_BOUND('',#1304,.T.);
#816=FACE_OUTER_BOUND('',#1305,.T.);
#817=FACE_OUTER_BOUND('',#1306,.T.);
#818=FACE_OUTER_BOUND('',#1307,.T.);
#819=FACE_OUTER_BOUND('',#1308,.T.);
#820=FACE_OUTER_BOUND('',#1309,.T.);
#821=FACE_OUTER_BOUND('',#1310,.T.);
#822=FACE_OUTER_BOUND('',#1311,.T.);
#823=FACE_OUTER_BOUND('',#1312,.T.);
#824=FACE_OUTER_BOUND('',#1313,.T.);
#825=FACE_OUTER_BOUND('',#1314,.T.);
#826=FACE_OUTER_BOUND('',#1315,.T.);
#827=FACE_OUTER_BOUND('',#1316,.T.);
#828=FACE_OUTER_BOUND('',#1317,.T.);
#829=FACE_OUTER_BOUND('',#1318,.T.);
#830=FACE_OUTER_BOUND('',#1319,.T.);
#831=FACE_OUTER_BOUND('',#1320,.T.);
#832=FACE_OUTER_BOUND('',#1321,.T.);
#833=FACE_OUTER_BOUND('',#1322,.T.);
#834=FACE_OUTER_BOUND('',#1325,.T.);
#835=FACE_OUTER_BOUND('',#1326,.T.);
#836=FACE_OUTER_BOUND('',#1327,.T.);
#837=FACE_OUTER_BOUND('',#1330,.T.);
#838=FACE_OUTER_BOUND('',#1331,.T.);
#839=FACE_OUTER_BOUND('',#1332,.T.);
#840=FACE_OUTER_BOUND('',#1333,.T.);
#841=FACE_OUTER_BOUND('',#1334,.T.);
#842=FACE_OUTER_BOUND('',#1335,.T.);
#843=FACE_OUTER_BOUND('',#1336,.T.);
#844=FACE_OUTER_BOUND('',#1337,.T.);
#845=FACE_OUTER_BOUND('',#1338,.T.);
#846=FACE_OUTER_BOUND('',#1339,.T.);
#847=FACE_OUTER_BOUND('',#1340,.T.);
#848=FACE_OUTER_BOUND('',#1341,.T.);
#849=FACE_OUTER_BOUND('',#1342,.T.);
#850=FACE_OUTER_BOUND('',#1343,.T.);
#851=FACE_OUTER_BOUND('',#1344,.T.);
#852=FACE_OUTER_BOUND('',#1345,.T.);
#853=FACE_OUTER_BOUND('',#1346,.T.);
#854=FACE_OUTER_BOUND('',#1347,.T.);
#855=FACE_OUTER_BOUND('',#1348,.T.);
#856=FACE_OUTER_BOUND('',#1349,.T.);
#857=FACE_OUTER_BOUND('',#1350,.T.);
#858=FACE_OUTER_BOUND('',#1351,.T.);
#859=FACE_OUTER_BOUND('',#1352,.T.);
#860=FACE_OUTER_BOUND('',#1353,.T.);
#861=FACE_OUTER_BOUND('',#1354,.T.);
#862=FACE_OUTER_BOUND('',#1355,.T.);
#863=FACE_OUTER_BOUND('',#1356,.T.);
#864=FACE_OUTER_BOUND('',#1357,.T.);
#865=FACE_OUTER_BOUND('',#1358,.T.);
#866=FACE_OUTER_BOUND('',#1359,.T.);
#867=FACE_OUTER_BOUND('',#1360,.T.);
#868=FACE_OUTER_BOUND('',#1361,.T.);
#869=FACE_OUTER_BOUND('',#1362,.T.);
#870=FACE_OUTER_BOUND('',#1363,.T.);
#871=FACE_OUTER_BOUND('',#1364,.T.);
#872=FACE_OUTER_BOUND('',#1365,.T.);
#873=FACE_OUTER_BOUND('',#1366,.T.);
#874=FACE_OUTER_BOUND('',#1367,.T.);
#875=FACE_OUTER_BOUND('',#1368,.T.);
#876=FACE_OUTER_BOUND('',#1369,.T.);
#877=FACE_OUTER_BOUND('',#1370,.T.);
#878=FACE_OUTER_BOUND('',#1371,.T.);
#879=FACE_OUTER_BOUND('',#1372,.T.);
#880=FACE_OUTER_BOUND('',#1373,.T.);
#881=FACE_OUTER_BOUND('',#1374,.T.);
#882=FACE_OUTER_BOUND('',#1375,.T.);
#883=FACE_OUTER_BOUND('',#1376,.T.);
#884=FACE_OUTER_BOUND('',#1377,.T.);
#885=FACE_OUTER_BOUND('',#1378,.T.);
#886=FACE_OUTER_BOUND('',#1379,.T.);
#887=FACE_OUTER_BOUND('',#1380,.T.);
#888=FACE_OUTER_BOUND('',#1381,.T.);
#889=FACE_OUTER_BOUND('',#1382,.T.);
#890=FACE_OUTER_BOUND('',#1383,.T.);
#891=FACE_OUTER_BOUND('',#1384,.T.);
#892=FACE_OUTER_BOUND('',#1385,.T.);
#893=FACE_OUTER_BOUND('',#1386,.T.);
#894=FACE_OUTER_BOUND('',#1387,.T.);
#895=FACE_OUTER_BOUND('',#1388,.T.);
#896=FACE_OUTER_BOUND('',#1389,.T.);
#897=FACE_OUTER_BOUND('',#1390,.T.);
#898=FACE_OUTER_BOUND('',#1391,.T.);
#899=FACE_OUTER_BOUND('',#1392,.T.);
#900=FACE_OUTER_BOUND('',#1393,.T.);
#901=FACE_OUTER_BOUND('',#1401,.T.);
#902=FACE_OUTER_BOUND('',#1402,.T.);
#903=FACE_OUTER_BOUND('',#1403,.T.);
#904=FACE_OUTER_BOUND('',#1404,.T.);
#905=FACE_OUTER_BOUND('',#1405,.T.);
#906=FACE_OUTER_BOUND('',#1406,.T.);
#907=FACE_OUTER_BOUND('',#1407,.T.);
#908=FACE_OUTER_BOUND('',#1408,.T.);
#909=FACE_OUTER_BOUND('',#1409,.T.);
#910=FACE_OUTER_BOUND('',#1410,.T.);
#911=FACE_OUTER_BOUND('',#1411,.T.);
#912=FACE_OUTER_BOUND('',#1412,.T.);
#913=FACE_OUTER_BOUND('',#1413,.T.);
#914=FACE_OUTER_BOUND('',#1414,.T.);
#915=FACE_OUTER_BOUND('',#1416,.T.);
#916=FACE_OUTER_BOUND('',#1419,.T.);
#917=FACE_OUTER_BOUND('',#1421,.T.);
#918=FACE_OUTER_BOUND('',#1422,.T.);
#919=FACE_OUTER_BOUND('',#1423,.T.);
#920=FACE_OUTER_BOUND('',#1424,.T.);
#921=FACE_OUTER_BOUND('',#1426,.T.);
#922=FACE_OUTER_BOUND('',#1427,.T.);
#923=FACE_OUTER_BOUND('',#1428,.T.);
#924=FACE_OUTER_BOUND('',#1429,.T.);
#925=FACE_OUTER_BOUND('',#1430,.T.);
#926=FACE_OUTER_BOUND('',#1431,.T.);
#927=FACE_OUTER_BOUND('',#1432,.T.);
#928=FACE_OUTER_BOUND('',#1433,.T.);
#929=FACE_OUTER_BOUND('',#1434,.T.);
#930=FACE_OUTER_BOUND('',#1435,.T.);
#931=FACE_OUTER_BOUND('',#1436,.T.);
#932=FACE_OUTER_BOUND('',#1437,.T.);
#933=FACE_OUTER_BOUND('',#1438,.T.);
#934=FACE_OUTER_BOUND('',#1439,.T.);
#935=FACE_OUTER_BOUND('',#1440,.T.);
#936=FACE_OUTER_BOUND('',#1441,.T.);
#937=FACE_OUTER_BOUND('',#1442,.T.);
#938=FACE_OUTER_BOUND('',#1443,.T.);
#939=FACE_OUTER_BOUND('',#1444,.T.);
#940=FACE_OUTER_BOUND('',#1447,.T.);
#941=FACE_OUTER_BOUND('',#1448,.T.);
#942=FACE_OUTER_BOUND('',#1449,.T.);
#943=FACE_OUTER_BOUND('',#1450,.T.);
#944=FACE_OUTER_BOUND('',#1451,.T.);
#945=FACE_OUTER_BOUND('',#1452,.T.);
#946=FACE_OUTER_BOUND('',#1454,.T.);
#947=FACE_OUTER_BOUND('',#1455,.T.);
#948=FACE_OUTER_BOUND('',#1457,.T.);
#949=FACE_OUTER_BOUND('',#1458,.T.);
#950=FACE_OUTER_BOUND('',#1459,.T.);
#951=FACE_OUTER_BOUND('',#1460,.T.);
#952=FACE_OUTER_BOUND('',#1464,.T.);
#953=FACE_OUTER_BOUND('',#1465,.T.);
#954=FACE_OUTER_BOUND('',#1467,.T.);
#955=FACE_OUTER_BOUND('',#1468,.T.);
#956=FACE_OUTER_BOUND('',#1469,.T.);
#957=FACE_OUTER_BOUND('',#1470,.T.);
#958=FACE_OUTER_BOUND('',#1471,.T.);
#959=FACE_OUTER_BOUND('',#1472,.T.);
#960=FACE_OUTER_BOUND('',#1473,.T.);
#961=FACE_OUTER_BOUND('',#1474,.T.);
#962=FACE_OUTER_BOUND('',#1475,.T.);
#963=FACE_OUTER_BOUND('',#1476,.T.);
#964=FACE_OUTER_BOUND('',#1477,.T.);
#965=FACE_OUTER_BOUND('',#1479,.T.);
#966=FACE_OUTER_BOUND('',#1480,.T.);
#967=FACE_OUTER_BOUND('',#1481,.T.);
#968=FACE_OUTER_BOUND('',#1482,.T.);
#969=FACE_OUTER_BOUND('',#1483,.T.);
#970=FACE_OUTER_BOUND('',#1484,.T.);
#971=FACE_OUTER_BOUND('',#1485,.T.);
#972=FACE_OUTER_BOUND('',#1486,.T.);
#973=FACE_OUTER_BOUND('',#1487,.T.);
#974=FACE_OUTER_BOUND('',#1489,.T.);
#975=FACE_OUTER_BOUND('',#1490,.T.);
#976=FACE_OUTER_BOUND('',#1491,.T.);
#977=FACE_OUTER_BOUND('',#1492,.T.);
#978=FACE_OUTER_BOUND('',#1493,.T.);
#979=FACE_OUTER_BOUND('',#1495,.T.);
#980=FACE_OUTER_BOUND('',#1496,.T.);
#981=FACE_OUTER_BOUND('',#1511,.T.);
#982=FACE_OUTER_BOUND('',#1512,.T.);
#983=FACE_OUTER_BOUND('',#1513,.T.);
#984=FACE_OUTER_BOUND('',#1514,.T.);
#985=FACE_OUTER_BOUND('',#1515,.T.);
#986=FACE_OUTER_BOUND('',#1516,.T.);
#987=FACE_OUTER_BOUND('',#1517,.T.);
#988=FACE_OUTER_BOUND('',#1518,.T.);
#989=FACE_OUTER_BOUND('',#1519,.T.);
#990=FACE_OUTER_BOUND('',#1520,.T.);
#991=FACE_OUTER_BOUND('',#1521,.T.);
#992=FACE_OUTER_BOUND('',#1522,.T.);
#993=FACE_OUTER_BOUND('',#1523,.T.);
#994=FACE_OUTER_BOUND('',#1524,.T.);
#995=FACE_OUTER_BOUND('',#1525,.T.);
#996=FACE_OUTER_BOUND('',#1526,.T.);
#997=FACE_OUTER_BOUND('',#1527,.T.);
#998=FACE_OUTER_BOUND('',#1528,.T.);
#999=FACE_OUTER_BOUND('',#1529,.T.);
#1000=FACE_OUTER_BOUND('',#1530,.T.);
#1001=FACE_OUTER_BOUND('',#1531,.T.);
#1002=FACE_OUTER_BOUND('',#1532,.T.);
#1003=FACE_OUTER_BOUND('',#1533,.T.);
#1004=FACE_OUTER_BOUND('',#1534,.T.);
#1005=FACE_OUTER_BOUND('',#1535,.T.);
#1006=FACE_OUTER_BOUND('',#1536,.T.);
#1007=FACE_OUTER_BOUND('',#1538,.T.);
#1008=FACE_OUTER_BOUND('',#1539,.T.);
#1009=FACE_OUTER_BOUND('',#1540,.T.);
#1010=FACE_OUTER_BOUND('',#1541,.T.);
#1011=FACE_OUTER_BOUND('',#1542,.T.);
#1012=FACE_OUTER_BOUND('',#1544,.T.);
#1013=FACE_OUTER_BOUND('',#1545,.T.);
#1014=FACE_OUTER_BOUND('',#1546,.T.);
#1015=FACE_OUTER_BOUND('',#1548,.T.);
#1016=FACE_OUTER_BOUND('',#1549,.T.);
#1017=FACE_OUTER_BOUND('',#1550,.T.);
#1018=FACE_OUTER_BOUND('',#1551,.T.);
#1019=FACE_OUTER_BOUND('',#1552,.T.);
#1020=FACE_OUTER_BOUND('',#1554,.T.);
#1021=FACE_OUTER_BOUND('',#1555,.T.);
#1022=FACE_OUTER_BOUND('',#1556,.T.);
#1023=FACE_OUTER_BOUND('',#1557,.T.);
#1024=FACE_OUTER_BOUND('',#1558,.T.);
#1025=FACE_OUTER_BOUND('',#1559,.T.);
#1026=FACE_OUTER_BOUND('',#1560,.T.);
#1027=FACE_OUTER_BOUND('',#1561,.T.);
#1028=FACE_OUTER_BOUND('',#1562,.T.);
#1029=FACE_OUTER_BOUND('',#1565,.T.);
#1030=FACE_OUTER_BOUND('',#1566,.T.);
#1031=FACE_OUTER_BOUND('',#1569,.T.);
#1032=FACE_OUTER_BOUND('',#1570,.T.);
#1033=FACE_OUTER_BOUND('',#1571,.T.);
#1034=FACE_OUTER_BOUND('',#1576,.T.);
#1035=FACE_OUTER_BOUND('',#1577,.T.);
#1036=FACE_OUTER_BOUND('',#1578,.T.);
#1037=FACE_OUTER_BOUND('',#1579,.T.);
#1038=FACE_OUTER_BOUND('',#1580,.T.);
#1039=FACE_OUTER_BOUND('',#1581,.T.);
#1040=FACE_OUTER_BOUND('',#1582,.T.);
#1041=FACE_OUTER_BOUND('',#1583,.T.);
#1042=FACE_OUTER_BOUND('',#1584,.T.);
#1043=FACE_OUTER_BOUND('',#1585,.T.);
#1044=FACE_OUTER_BOUND('',#1586,.T.);
#1045=FACE_OUTER_BOUND('',#1587,.T.);
#1046=FACE_OUTER_BOUND('',#1589,.T.);
#1047=FACE_OUTER_BOUND('',#1590,.T.);
#1048=FACE_OUTER_BOUND('',#1592,.T.);
#1049=FACE_OUTER_BOUND('',#1593,.T.);
#1050=FACE_OUTER_BOUND('',#1594,.T.);
#1051=FACE_OUTER_BOUND('',#1595,.T.);
#1052=FACE_OUTER_BOUND('',#1596,.T.);
#1053=FACE_OUTER_BOUND('',#1597,.T.);
#1054=FACE_OUTER_BOUND('',#1598,.T.);
#1055=FACE_OUTER_BOUND('',#1599,.T.);
#1056=FACE_OUTER_BOUND('',#1600,.T.);
#1057=FACE_OUTER_BOUND('',#1601,.T.);
#1058=FACE_OUTER_BOUND('',#1602,.T.);
#1059=FACE_OUTER_BOUND('',#1603,.T.);
#1060=FACE_OUTER_BOUND('',#1604,.T.);
#1061=FACE_OUTER_BOUND('',#1605,.T.);
#1062=FACE_OUTER_BOUND('',#1606,.T.);
#1063=FACE_OUTER_BOUND('',#1607,.T.);
#1064=FACE_OUTER_BOUND('',#1608,.T.);
#1065=FACE_OUTER_BOUND('',#1609,.T.);
#1066=FACE_OUTER_BOUND('',#1610,.T.);
#1067=FACE_OUTER_BOUND('',#1611,.T.);
#1068=FACE_OUTER_BOUND('',#1612,.T.);
#1069=FACE_OUTER_BOUND('',#1613,.T.);
#1070=FACE_OUTER_BOUND('',#1614,.T.);
#1071=FACE_OUTER_BOUND('',#1615,.T.);
#1072=FACE_OUTER_BOUND('',#1616,.T.);
#1073=FACE_OUTER_BOUND('',#1617,.T.);
#1074=FACE_OUTER_BOUND('',#1618,.T.);
#1075=FACE_OUTER_BOUND('',#1619,.T.);
#1076=FACE_OUTER_BOUND('',#1620,.T.);
#1077=FACE_OUTER_BOUND('',#1621,.T.);
#1078=FACE_OUTER_BOUND('',#1622,.T.);
#1079=FACE_OUTER_BOUND('',#1623,.T.);
#1080=FACE_OUTER_BOUND('',#1624,.T.);
#1081=FACE_OUTER_BOUND('',#1625,.T.);
#1082=FACE_OUTER_BOUND('',#1626,.T.);
#1083=FACE_OUTER_BOUND('',#1627,.T.);
#1084=FACE_OUTER_BOUND('',#1628,.T.);
#1085=FACE_OUTER_BOUND('',#1629,.T.);
#1086=FACE_OUTER_BOUND('',#1630,.T.);
#1087=FACE_OUTER_BOUND('',#1631,.T.);
#1088=FACE_OUTER_BOUND('',#1632,.T.);
#1089=FACE_OUTER_BOUND('',#1633,.T.);
#1090=FACE_OUTER_BOUND('',#1634,.T.);
#1091=FACE_OUTER_BOUND('',#1635,.T.);
#1092=FACE_OUTER_BOUND('',#1636,.T.);
#1093=FACE_OUTER_BOUND('',#1637,.T.);
#1094=FACE_OUTER_BOUND('',#1638,.T.);
#1095=FACE_OUTER_BOUND('',#1639,.T.);
#1096=FACE_OUTER_BOUND('',#1640,.T.);
#1097=FACE_OUTER_BOUND('',#1641,.T.);
#1098=FACE_OUTER_BOUND('',#1642,.T.);
#1099=FACE_OUTER_BOUND('',#1643,.T.);
#1100=FACE_OUTER_BOUND('',#1644,.T.);
#1101=FACE_OUTER_BOUND('',#1645,.T.);
#1102=FACE_OUTER_BOUND('',#1646,.T.);
#1103=FACE_OUTER_BOUND('',#1647,.T.);
#1104=FACE_OUTER_BOUND('',#1648,.T.);
#1105=FACE_OUTER_BOUND('',#1661,.T.);
#1106=FACE_OUTER_BOUND('',#1662,.T.);
#1107=FACE_OUTER_BOUND('',#1663,.T.);
#1108=FACE_OUTER_BOUND('',#1664,.T.);
#1109=FACE_OUTER_BOUND('',#1665,.T.);
#1110=FACE_OUTER_BOUND('',#1666,.T.);
#1111=FACE_OUTER_BOUND('',#1667,.T.);
#1112=FACE_OUTER_BOUND('',#1668,.T.);
#1113=FACE_OUTER_BOUND('',#1669,.T.);
#1114=FACE_OUTER_BOUND('',#1670,.T.);
#1115=FACE_OUTER_BOUND('',#1671,.T.);
#1116=FACE_OUTER_BOUND('',#1672,.T.);
#1117=FACE_OUTER_BOUND('',#1673,.T.);
#1118=FACE_OUTER_BOUND('',#1674,.T.);
#1119=FACE_OUTER_BOUND('',#1675,.T.);
#1120=FACE_OUTER_BOUND('',#1676,.T.);
#1121=FACE_OUTER_BOUND('',#1677,.T.);
#1122=FACE_OUTER_BOUND('',#1678,.T.);
#1123=FACE_OUTER_BOUND('',#1679,.T.);
#1124=FACE_OUTER_BOUND('',#1680,.T.);
#1125=FACE_OUTER_BOUND('',#1681,.T.);
#1126=FACE_OUTER_BOUND('',#1682,.T.);
#1127=FACE_OUTER_BOUND('',#1683,.T.);
#1128=FACE_OUTER_BOUND('',#1684,.T.);
#1129=FACE_OUTER_BOUND('',#1685,.T.);
#1130=FACE_OUTER_BOUND('',#1686,.T.);
#1131=FACE_OUTER_BOUND('',#1687,.T.);
#1132=FACE_OUTER_BOUND('',#1688,.T.);
#1133=FACE_OUTER_BOUND('',#1689,.T.);
#1134=FACE_OUTER_BOUND('',#1690,.T.);
#1135=FACE_OUTER_BOUND('',#1691,.T.);
#1136=FACE_OUTER_BOUND('',#1692,.T.);
#1137=FACE_OUTER_BOUND('',#1693,.T.);
#1138=FACE_OUTER_BOUND('',#1694,.T.);
#1139=FACE_OUTER_BOUND('',#1695,.T.);
#1140=FACE_OUTER_BOUND('',#1696,.T.);
#1141=FACE_OUTER_BOUND('',#1697,.T.);
#1142=FACE_OUTER_BOUND('',#1698,.T.);
#1143=FACE_OUTER_BOUND('',#1699,.T.);
#1144=FACE_OUTER_BOUND('',#1700,.T.);
#1145=FACE_OUTER_BOUND('',#1701,.T.);
#1146=FACE_OUTER_BOUND('',#1702,.T.);
#1147=FACE_OUTER_BOUND('',#1703,.T.);
#1148=FACE_OUTER_BOUND('',#1704,.T.);
#1149=FACE_OUTER_BOUND('',#1705,.T.);
#1150=FACE_OUTER_BOUND('',#1706,.T.);
#1151=FACE_OUTER_BOUND('',#1707,.T.);
#1152=FACE_OUTER_BOUND('',#1708,.T.);
#1153=FACE_OUTER_BOUND('',#1709,.T.);
#1154=FACE_OUTER_BOUND('',#1710,.T.);
#1155=FACE_OUTER_BOUND('',#1711,.T.);
#1156=FACE_OUTER_BOUND('',#1712,.T.);
#1157=FACE_OUTER_BOUND('',#1713,.T.);
#1158=FACE_OUTER_BOUND('',#1714,.T.);
#1159=FACE_OUTER_BOUND('',#1715,.T.);
#1160=FACE_OUTER_BOUND('',#1716,.T.);
#1161=FACE_OUTER_BOUND('',#1717,.T.);
#1162=FACE_OUTER_BOUND('',#1718,.T.);
#1163=FACE_OUTER_BOUND('',#1719,.T.);
#1164=FACE_OUTER_BOUND('',#1720,.T.);
#1165=FACE_OUTER_BOUND('',#1721,.T.);
#1166=FACE_OUTER_BOUND('',#1722,.T.);
#1167=FACE_OUTER_BOUND('',#1723,.T.);
#1168=FACE_OUTER_BOUND('',#1724,.T.);
#1169=FACE_OUTER_BOUND('',#1725,.T.);
#1170=FACE_OUTER_BOUND('',#1726,.T.);
#1171=FACE_OUTER_BOUND('',#1727,.T.);
#1172=FACE_OUTER_BOUND('',#1728,.T.);
#1173=FACE_OUTER_BOUND('',#1729,.T.);
#1174=FACE_OUTER_BOUND('',#1730,.T.);
#1175=FACE_OUTER_BOUND('',#1731,.T.);
#1176=FACE_OUTER_BOUND('',#1732,.T.);
#1177=FACE_OUTER_BOUND('',#1733,.T.);
#1178=FACE_OUTER_BOUND('',#1734,.T.);
#1179=FACE_OUTER_BOUND('',#1735,.T.);
#1180=FACE_OUTER_BOUND('',#1736,.T.);
#1181=FACE_OUTER_BOUND('',#1737,.T.);
#1182=FACE_OUTER_BOUND('',#1738,.T.);
#1183=FACE_OUTER_BOUND('',#1739,.T.);
#1184=FACE_OUTER_BOUND('',#1740,.T.);
#1185=FACE_OUTER_BOUND('',#1741,.T.);
#1186=FACE_OUTER_BOUND('',#1744,.T.);
#1187=FACE_OUTER_BOUND('',#1745,.T.);
#1188=FACE_OUTER_BOUND('',#1746,.T.);
#1189=FACE_OUTER_BOUND('',#1747,.T.);
#1190=FACE_OUTER_BOUND('',#1748,.T.);
#1191=FACE_OUTER_BOUND('',#1749,.T.);
#1192=FACE_OUTER_BOUND('',#1750,.T.);
#1193=FACE_OUTER_BOUND('',#1751,.T.);
#1194=FACE_OUTER_BOUND('',#1752,.T.);
#1195=FACE_OUTER_BOUND('',#1753,.T.);
#1196=FACE_OUTER_BOUND('',#1754,.T.);
#1197=FACE_OUTER_BOUND('',#1755,.T.);
#1198=FACE_OUTER_BOUND('',#1756,.T.);
#1199=FACE_OUTER_BOUND('',#1757,.T.);
#1200=FACE_OUTER_BOUND('',#1758,.T.);
#1201=FACE_OUTER_BOUND('',#1759,.T.);
#1202=FACE_OUTER_BOUND('',#1760,.T.);
#1203=FACE_OUTER_BOUND('',#1761,.T.);
#1204=FACE_OUTER_BOUND('',#1762,.T.);
#1205=FACE_OUTER_BOUND('',#1765,.T.);
#1206=FACE_OUTER_BOUND('',#1766,.T.);
#1207=FACE_OUTER_BOUND('',#1767,.T.);
#1208=FACE_OUTER_BOUND('',#1768,.T.);
#1209=FACE_OUTER_BOUND('',#1769,.T.);
#1210=FACE_OUTER_BOUND('',#1770,.T.);
#1211=FACE_OUTER_BOUND('',#1771,.T.);
#1212=FACE_OUTER_BOUND('',#1772,.T.);
#1213=FACE_OUTER_BOUND('',#1773,.T.);
#1214=FACE_OUTER_BOUND('',#1774,.T.);
#1215=FACE_OUTER_BOUND('',#1775,.T.);
#1216=FACE_OUTER_BOUND('',#1776,.T.);
#1217=FACE_OUTER_BOUND('',#1777,.T.);
#1218=FACE_OUTER_BOUND('',#1778,.T.);
#1219=FACE_OUTER_BOUND('',#1779,.T.);
#1220=FACE_OUTER_BOUND('',#1780,.T.);
#1221=FACE_OUTER_BOUND('',#1781,.T.);
#1222=FACE_OUTER_BOUND('',#1782,.T.);
#1223=FACE_OUTER_BOUND('',#1783,.T.);
#1224=FACE_OUTER_BOUND('',#1784,.T.);
#1225=FACE_OUTER_BOUND('',#1785,.T.);
#1226=EDGE_LOOP('',(#5929,#5930,#5931,#5932));
#1227=EDGE_LOOP('',(#5933,#5934,#5935,#5936,#5937,#5938));
#1228=EDGE_LOOP('',(#5939));
#1229=EDGE_LOOP('',(#5940));
#1230=EDGE_LOOP('',(#5941));
#1231=EDGE_LOOP('',(#5942,#5943,#5944,#5945));
#1232=EDGE_LOOP('',(#5946));
#1233=EDGE_LOOP('',(#5947,#5948,#5949,#5950));
#1234=EDGE_LOOP('',(#5951,#5952,#5953,#5954));
#1235=EDGE_LOOP('',(#5955,#5956,#5957,#5958));
#1236=EDGE_LOOP('',(#5959,#5960,#5961,#5962));
#1237=EDGE_LOOP('',(#5963,#5964,#5965,#5966,#5967,#5968));
#1238=EDGE_LOOP('',(#5969));
#1239=EDGE_LOOP('',(#5970));
#1240=EDGE_LOOP('',(#5971));
#1241=EDGE_LOOP('',(#5972,#5973,#5974,#5975));
#1242=EDGE_LOOP('',(#5976));
#1243=EDGE_LOOP('',(#5977,#5978,#5979,#5980));
#1244=EDGE_LOOP('',(#5981,#5982,#5983,#5984));
#1245=EDGE_LOOP('',(#5985,#5986,#5987,#5988));
#1246=EDGE_LOOP('',(#5989,#5990,#5991,#5992));
#1247=EDGE_LOOP('',(#5993,#5994,#5995,#5996,#5997));
#1248=EDGE_LOOP('',(#5998,#5999,#6000,#6001,#6002,#6003,#6004,#6005,#6006,
#6007,#6008,#6009,#6010));
#1249=EDGE_LOOP('',(#6011,#6012,#6013,#6014));
#1250=EDGE_LOOP('',(#6015,#6016,#6017,#6018,#6019));
#1251=EDGE_LOOP('',(#6020,#6021,#6022,#6023,#6024,#6025,#6026,#6027,#6028,
#6029,#6030,#6031,#6032));
#1252=EDGE_LOOP('',(#6033,#6034,#6035,#6036));
#1253=EDGE_LOOP('',(#6037,#6038,#6039,#6040));
#1254=EDGE_LOOP('',(#6041,#6042,#6043,#6044));
#1255=EDGE_LOOP('',(#6045,#6046,#6047,#6048));
#1256=EDGE_LOOP('',(#6049,#6050,#6051,#6052,#6053,#6054));
#1257=EDGE_LOOP('',(#6055,#6056,#6057,#6058));
#1258=EDGE_LOOP('',(#6059));
#1259=EDGE_LOOP('',(#6060,#6061,#6062,#6063,#6064,#6065,#6066,#6067));
#1260=EDGE_LOOP('',(#6068));
#1261=EDGE_LOOP('',(#6069,#6070,#6071,#6072,#6073,#6074,#6075,#6076));
#1262=EDGE_LOOP('',(#6077,#6078,#6079));
#1263=EDGE_LOOP('',(#6080));
#1264=EDGE_LOOP('',(#6081,#6082,#6083,#6084));
#1265=EDGE_LOOP('',(#6085,#6086,#6087,#6088));
#1266=EDGE_LOOP('',(#6089,#6090,#6091,#6092));
#1267=EDGE_LOOP('',(#6093,#6094,#6095,#6096));
#1268=EDGE_LOOP('',(#6097,#6098,#6099,#6100));
#1269=EDGE_LOOP('',(#6101,#6102,#6103,#6104));
#1270=EDGE_LOOP('',(#6105,#6106,#6107,#6108,#6109,#6110,#6111,#6112));
#1271=EDGE_LOOP('',(#6113,#6114,#6115,#6116));
#1272=EDGE_LOOP('',(#6117,#6118,#6119,#6120));
#1273=EDGE_LOOP('',(#6121,#6122,#6123,#6124));
#1274=EDGE_LOOP('',(#6125,#6126,#6127,#6128,#6129,#6130));
#1275=EDGE_LOOP('',(#6131,#6132,#6133,#6134,#6135,#6136,#6137,#6138));
#1276=EDGE_LOOP('',(#6139,#6140,#6141,#6142,#6143,#6144));
#1277=EDGE_LOOP('',(#6145,#6146,#6147,#6148,#6149,#6150,#6151));
#1278=EDGE_LOOP('',(#6152,#6153,#6154,#6155,#6156));
#1279=EDGE_LOOP('',(#6157,#6158,#6159,#6160));
#1280=EDGE_LOOP('',(#6161,#6162,#6163,#6164,#6165,#6166,#6167,#6168,#6169,
#6170,#6171,#6172));
#1281=EDGE_LOOP('',(#6173,#6174,#6175,#6176));
#1282=EDGE_LOOP('',(#6177,#6178,#6179,#6180));
#1283=EDGE_LOOP('',(#6181,#6182,#6183,#6184));
#1284=EDGE_LOOP('',(#6185,#6186,#6187,#6188));
#1285=EDGE_LOOP('',(#6189,#6190,#6191,#6192));
#1286=EDGE_LOOP('',(#6193,#6194,#6195,#6196));
#1287=EDGE_LOOP('',(#6197,#6198,#6199,#6200));
#1288=EDGE_LOOP('',(#6201,#6202,#6203,#6204));
#1289=EDGE_LOOP('',(#6205,#6206,#6207,#6208,#6209,#6210,#6211,#6212));
#1290=EDGE_LOOP('',(#6213,#6214,#6215,#6216,#6217,#6218,#6219,#6220));
#1291=EDGE_LOOP('',(#6221));
#1292=EDGE_LOOP('',(#6222,#6223,#6224,#6225,#6226,#6227,#6228,#6229));
#1293=EDGE_LOOP('',(#6230,#6231,#6232,#6233,#6234,#6235));
#1294=EDGE_LOOP('',(#6236,#6237,#6238,#6239));
#1295=EDGE_LOOP('',(#6240,#6241,#6242,#6243,#6244,#6245,#6246));
#1296=EDGE_LOOP('',(#6247));
#1297=EDGE_LOOP('',(#6248,#6249,#6250,#6251));
#1298=EDGE_LOOP('',(#6252,#6253,#6254,#6255));
#1299=EDGE_LOOP('',(#6256,#6257,#6258,#6259));
#1300=EDGE_LOOP('',(#6260,#6261,#6262,#6263,#6264,#6265,#6266));
#1301=EDGE_LOOP('',(#6267));
#1302=EDGE_LOOP('',(#6268,#6269,#6270,#6271));
#1303=EDGE_LOOP('',(#6272,#6273,#6274,#6275));
#1304=EDGE_LOOP('',(#6276,#6277,#6278,#6279,#6280,#6281,#6282,#6283,#6284,
#6285,#6286,#6287,#6288,#6289,#6290,#6291,#6292,#6293,#6294,#6295));
#1305=EDGE_LOOP('',(#6296,#6297,#6298,#6299,#6300));
#1306=EDGE_LOOP('',(#6301,#6302,#6303,#6304,#6305));
#1307=EDGE_LOOP('',(#6306,#6307,#6308,#6309));
#1308=EDGE_LOOP('',(#6310,#6311,#6312,#6313));
#1309=EDGE_LOOP('',(#6314,#6315,#6316,#6317));
#1310=EDGE_LOOP('',(#6318,#6319,#6320,#6321));
#1311=EDGE_LOOP('',(#6322,#6323,#6324,#6325));
#1312=EDGE_LOOP('',(#6326,#6327,#6328,#6329));
#1313=EDGE_LOOP('',(#6330,#6331,#6332,#6333));
#1314=EDGE_LOOP('',(#6334,#6335,#6336,#6337));
#1315=EDGE_LOOP('',(#6338,#6339,#6340,#6341));
#1316=EDGE_LOOP('',(#6342,#6343,#6344,#6345,#6346,#6347,#6348,#6349,#6350,
#6351,#6352,#6353));
#1317=EDGE_LOOP('',(#6354,#6355,#6356,#6357));
#1318=EDGE_LOOP('',(#6358,#6359,#6360,#6361));
#1319=EDGE_LOOP('',(#6362,#6363,#6364,#6365));
#1320=EDGE_LOOP('',(#6366,#6367,#6368,#6369));
#1321=EDGE_LOOP('',(#6370,#6371,#6372,#6373));
#1322=EDGE_LOOP('',(#6374,#6375,#6376,#6377,#6378));
#1323=EDGE_LOOP('',(#6379));
#1324=EDGE_LOOP('',(#6380));
#1325=EDGE_LOOP('',(#6381,#6382,#6383,#6384,#6385,#6386,#6387,#6388,#6389));
#1326=EDGE_LOOP('',(#6390,#6391,#6392,#6393,#6394,#6395,#6396));
#1327=EDGE_LOOP('',(#6397,#6398,#6399,#6400,#6401,#6402,#6403,#6404,#6405,
#6406,#6407,#6408,#6409));
#1328=EDGE_LOOP('',(#6410,#6411,#6412,#6413));
#1329=EDGE_LOOP('',(#6414,#6415,#6416,#6417));
#1330=EDGE_LOOP('',(#6418,#6419,#6420,#6421));
#1331=EDGE_LOOP('',(#6422,#6423,#6424,#6425));
#1332=EDGE_LOOP('',(#6426,#6427,#6428,#6429));
#1333=EDGE_LOOP('',(#6430,#6431,#6432));
#1334=EDGE_LOOP('',(#6433,#6434,#6435,#6436));
#1335=EDGE_LOOP('',(#6437,#6438,#6439,#6440));
#1336=EDGE_LOOP('',(#6441,#6442,#6443,#6444));
#1337=EDGE_LOOP('',(#6445,#6446,#6447));
#1338=EDGE_LOOP('',(#6448,#6449,#6450,#6451));
#1339=EDGE_LOOP('',(#6452,#6453,#6454,#6455));
#1340=EDGE_LOOP('',(#6456,#6457,#6458,#6459));
#1341=EDGE_LOOP('',(#6460,#6461,#6462,#6463));
#1342=EDGE_LOOP('',(#6464,#6465,#6466,#6467));
#1343=EDGE_LOOP('',(#6468,#6469,#6470,#6471));
#1344=EDGE_LOOP('',(#6472,#6473,#6474,#6475));
#1345=EDGE_LOOP('',(#6476,#6477,#6478,#6479));
#1346=EDGE_LOOP('',(#6480,#6481,#6482,#6483));
#1347=EDGE_LOOP('',(#6484,#6485,#6486,#6487));
#1348=EDGE_LOOP('',(#6488,#6489,#6490,#6491));
#1349=EDGE_LOOP('',(#6492,#6493,#6494,#6495,#6496,#6497));
#1350=EDGE_LOOP('',(#6498,#6499,#6500,#6501));
#1351=EDGE_LOOP('',(#6502,#6503,#6504,#6505));
#1352=EDGE_LOOP('',(#6506,#6507,#6508,#6509));
#1353=EDGE_LOOP('',(#6510,#6511,#6512,#6513));
#1354=EDGE_LOOP('',(#6514,#6515,#6516,#6517));
#1355=EDGE_LOOP('',(#6518,#6519,#6520,#6521));
#1356=EDGE_LOOP('',(#6522,#6523,#6524,#6525,#6526,#6527));
#1357=EDGE_LOOP('',(#6528,#6529,#6530,#6531));
#1358=EDGE_LOOP('',(#6532,#6533,#6534,#6535));
#1359=EDGE_LOOP('',(#6536,#6537,#6538,#6539));
#1360=EDGE_LOOP('',(#6540,#6541,#6542,#6543));
#1361=EDGE_LOOP('',(#6544,#6545,#6546,#6547));
#1362=EDGE_LOOP('',(#6548,#6549,#6550,#6551));
#1363=EDGE_LOOP('',(#6552,#6553,#6554,#6555,#6556,#6557));
#1364=EDGE_LOOP('',(#6558,#6559,#6560,#6561));
#1365=EDGE_LOOP('',(#6562));
#1366=EDGE_LOOP('',(#6563,#6564,#6565,#6566));
#1367=EDGE_LOOP('',(#6567));
#1368=EDGE_LOOP('',(#6568,#6569,#6570,#6571));
#1369=EDGE_LOOP('',(#6572,#6573,#6574,#6575));
#1370=EDGE_LOOP('',(#6576,#6577,#6578,#6579));
#1371=EDGE_LOOP('',(#6580,#6581,#6582,#6583));
#1372=EDGE_LOOP('',(#6584,#6585,#6586,#6587));
#1373=EDGE_LOOP('',(#6588,#6589,#6590,#6591));
#1374=EDGE_LOOP('',(#6592,#6593,#6594,#6595));
#1375=EDGE_LOOP('',(#6596,#6597,#6598,#6599));
#1376=EDGE_LOOP('',(#6600,#6601,#6602,#6603));
#1377=EDGE_LOOP('',(#6604,#6605,#6606,#6607));
#1378=EDGE_LOOP('',(#6608,#6609,#6610,#6611,#6612,#6613,#6614));
#1379=EDGE_LOOP('',(#6615,#6616,#6617,#6618));
#1380=EDGE_LOOP('',(#6619,#6620,#6621,#6622));
#1381=EDGE_LOOP('',(#6623,#6624,#6625,#6626,#6627));
#1382=EDGE_LOOP('',(#6628,#6629,#6630,#6631,#6632));
#1383=EDGE_LOOP('',(#6633,#6634,#6635,#6636));
#1384=EDGE_LOOP('',(#6637,#6638,#6639,#6640,#6641));
#1385=EDGE_LOOP('',(#6642,#6643,#6644,#6645));
#1386=EDGE_LOOP('',(#6646,#6647,#6648,#6649,#6650));
#1387=EDGE_LOOP('',(#6651,#6652,#6653,#6654));
#1388=EDGE_LOOP('',(#6655,#6656,#6657,#6658));
#1389=EDGE_LOOP('',(#6659,#6660,#6661,#6662));
#1390=EDGE_LOOP('',(#6663,#6664,#6665,#6666));
#1391=EDGE_LOOP('',(#6667,#6668,#6669,#6670,#6671,#6672));
#1392=EDGE_LOOP('',(#6673,#6674,#6675,#6676));
#1393=EDGE_LOOP('',(#6677,#6678,#6679,#6680,#6681,#6682,#6683,#6684,#6685,
#6686,#6687,#6688,#6689,#6690,#6691,#6692,#6693));
#1394=EDGE_LOOP('',(#6694,#6695,#6696,#6697,#6698));
#1395=EDGE_LOOP('',(#6699,#6700,#6701,#6702,#6703,#6704,#6705,#6706,#6707,
#6708,#6709,#6710,#6711,#6712));
#1396=EDGE_LOOP('',(#6713));
#1397=EDGE_LOOP('',(#6714));
#1398=EDGE_LOOP('',(#6715));
#1399=EDGE_LOOP('',(#6716));
#1400=EDGE_LOOP('',(#6717));
#1401=EDGE_LOOP('',(#6718,#6719,#6720,#6721));
#1402=EDGE_LOOP('',(#6722,#6723,#6724,#6725));
#1403=EDGE_LOOP('',(#6726,#6727,#6728));
#1404=EDGE_LOOP('',(#6729,#6730,#6731));
#1405=EDGE_LOOP('',(#6732,#6733,#6734,#6735));
#1406=EDGE_LOOP('',(#6736,#6737,#6738,#6739,#6740,#6741,#6742,#6743));
#1407=EDGE_LOOP('',(#6744,#6745,#6746,#6747));
#1408=EDGE_LOOP('',(#6748,#6749,#6750,#6751));
#1409=EDGE_LOOP('',(#6752,#6753,#6754,#6755));
#1410=EDGE_LOOP('',(#6756,#6757,#6758,#6759));
#1411=EDGE_LOOP('',(#6760,#6761,#6762,#6763,#6764,#6765,#6766,#6767,#6768));
#1412=EDGE_LOOP('',(#6769,#6770,#6771,#6772,#6773,#6774,#6775,#6776,#6777));
#1413=EDGE_LOOP('',(#6778,#6779,#6780,#6781));
#1414=EDGE_LOOP('',(#6782,#6783,#6784,#6785));
#1415=EDGE_LOOP('',(#6786,#6787,#6788,#6789,#6790,#6791));
#1416=EDGE_LOOP('',(#6792,#6793,#6794,#6795));
#1417=EDGE_LOOP('',(#6796,#6797,#6798));
#1418=EDGE_LOOP('',(#6799,#6800,#6801));
#1419=EDGE_LOOP('',(#6802,#6803,#6804,#6805));
#1420=EDGE_LOOP('',(#6806,#6807,#6808,#6809));
#1421=EDGE_LOOP('',(#6810,#6811,#6812,#6813));
#1422=EDGE_LOOP('',(#6814,#6815,#6816,#6817));
#1423=EDGE_LOOP('',(#6818,#6819,#6820,#6821,#6822,#6823,#6824,#6825));
#1424=EDGE_LOOP('',(#6826,#6827,#6828,#6829,#6830,#6831,#6832));
#1425=EDGE_LOOP('',(#6833));
#1426=EDGE_LOOP('',(#6834,#6835,#6836,#6837,#6838));
#1427=EDGE_LOOP('',(#6839,#6840,#6841,#6842));
#1428=EDGE_LOOP('',(#6843,#6844,#6845,#6846));
#1429=EDGE_LOOP('',(#6847,#6848,#6849,#6850));
#1430=EDGE_LOOP('',(#6851,#6852,#6853,#6854));
#1431=EDGE_LOOP('',(#6855,#6856,#6857,#6858));
#1432=EDGE_LOOP('',(#6859,#6860,#6861,#6862));
#1433=EDGE_LOOP('',(#6863,#6864,#6865,#6866));
#1434=EDGE_LOOP('',(#6867,#6868,#6869,#6870));
#1435=EDGE_LOOP('',(#6871,#6872,#6873,#6874));
#1436=EDGE_LOOP('',(#6875,#6876,#6877,#6878));
#1437=EDGE_LOOP('',(#6879,#6880,#6881,#6882));
#1438=EDGE_LOOP('',(#6883,#6884,#6885,#6886));
#1439=EDGE_LOOP('',(#6887,#6888,#6889,#6890));
#1440=EDGE_LOOP('',(#6891,#6892,#6893,#6894));
#1441=EDGE_LOOP('',(#6895,#6896,#6897,#6898));
#1442=EDGE_LOOP('',(#6899,#6900,#6901,#6902));
#1443=EDGE_LOOP('',(#6903,#6904,#6905,#6906));
#1444=EDGE_LOOP('',(#6907,#6908,#6909,#6910));
#1445=EDGE_LOOP('',(#6911));
#1446=EDGE_LOOP('',(#6912));
#1447=EDGE_LOOP('',(#6913,#6914,#6915,#6916));
#1448=EDGE_LOOP('',(#6917,#6918,#6919,#6920,#6921));
#1449=EDGE_LOOP('',(#6922,#6923,#6924,#6925,#6926,#6927,#6928));
#1450=EDGE_LOOP('',(#6929,#6930,#6931,#6932,#6933,#6934,#6935,#6936));
#1451=EDGE_LOOP('',(#6937,#6938,#6939,#6940,#6941));
#1452=EDGE_LOOP('',(#6942,#6943,#6944,#6945));
#1453=EDGE_LOOP('',(#6946));
#1454=EDGE_LOOP('',(#6947,#6948,#6949,#6950));
#1455=EDGE_LOOP('',(#6951,#6952,#6953,#6954,#6955,#6956,#6957));
#1456=EDGE_LOOP('',(#6958));
#1457=EDGE_LOOP('',(#6959,#6960,#6961,#6962));
#1458=EDGE_LOOP('',(#6963,#6964,#6965,#6966));
#1459=EDGE_LOOP('',(#6967,#6968,#6969,#6970));
#1460=EDGE_LOOP('',(#6971,#6972,#6973,#6974));
#1461=EDGE_LOOP('',(#6975,#6976,#6977,#6978,#6979,#6980));
#1462=EDGE_LOOP('',(#6981));
#1463=EDGE_LOOP('',(#6982));
#1464=EDGE_LOOP('',(#6983,#6984,#6985,#6986));
#1465=EDGE_LOOP('',(#6987,#6988,#6989,#6990,#6991,#6992,#6993,#6994));
#1466=EDGE_LOOP('',(#6995));
#1467=EDGE_LOOP('',(#6996,#6997,#6998,#6999));
#1468=EDGE_LOOP('',(#7000,#7001,#7002,#7003));
#1469=EDGE_LOOP('',(#7004,#7005,#7006,#7007));
#1470=EDGE_LOOP('',(#7008,#7009,#7010,#7011,#7012,#7013,#7014,#7015,#7016,
#7017,#7018,#7019,#7020));
#1471=EDGE_LOOP('',(#7021,#7022,#7023,#7024,#7025));
#1472=EDGE_LOOP('',(#7026,#7027,#7028,#7029,#7030,#7031));
#1473=EDGE_LOOP('',(#7032,#7033,#7034,#7035,#7036,#7037));
#1474=EDGE_LOOP('',(#7038,#7039,#7040,#7041,#7042));
#1475=EDGE_LOOP('',(#7043,#7044,#7045,#7046,#7047,#7048,#7049,#7050,#7051,
#7052,#7053,#7054,#7055));
#1476=EDGE_LOOP('',(#7056,#7057,#7058,#7059));
#1477=EDGE_LOOP('',(#7060));
#1478=EDGE_LOOP('',(#7061));
#1479=EDGE_LOOP('',(#7062,#7063,#7064,#7065));
#1480=EDGE_LOOP('',(#7066));
#1481=EDGE_LOOP('',(#7067,#7068,#7069,#7070));
#1482=EDGE_LOOP('',(#7071,#7072,#7073,#7074));
#1483=EDGE_LOOP('',(#7075,#7076,#7077,#7078));
#1484=EDGE_LOOP('',(#7079,#7080,#7081,#7082));
#1485=EDGE_LOOP('',(#7083,#7084,#7085,#7086,#7087,#7088));
#1486=EDGE_LOOP('',(#7089,#7090,#7091,#7092));
#1487=EDGE_LOOP('',(#7093));
#1488=EDGE_LOOP('',(#7094));
#1489=EDGE_LOOP('',(#7095,#7096,#7097,#7098));
#1490=EDGE_LOOP('',(#7099));
#1491=EDGE_LOOP('',(#7100,#7101,#7102,#7103));
#1492=EDGE_LOOP('',(#7104));
#1493=EDGE_LOOP('',(#7105,#7106,#7107,#7108,#7109,#7110));
#1494=EDGE_LOOP('',(#7111,#7112,#7113,#7114));
#1495=EDGE_LOOP('',(#7115,#7116,#7117,#7118));
#1496=EDGE_LOOP('',(#7119,#7120,#7121,#7122,#7123,#7124,#7125,#7126,#7127,
#7128,#7129));
#1497=EDGE_LOOP('',(#7130,#7131,#7132,#7133,#7134,#7135,#7136,#7137,#7138,
#7139));
#1498=EDGE_LOOP('',(#7140,#7141,#7142,#7143,#7144,#7145));
#1499=EDGE_LOOP('',(#7146,#7147,#7148,#7149,#7150));
#1500=EDGE_LOOP('',(#7151,#7152,#7153,#7154,#7155,#7156,#7157));
#1501=EDGE_LOOP('',(#7158,#7159,#7160,#7161,#7162,#7163,#7164,#7165,#7166,
#7167,#7168,#7169,#7170,#7171));
#1502=EDGE_LOOP('',(#7172,#7173,#7174,#7175,#7176,#7177));
#1503=EDGE_LOOP('',(#7178,#7179,#7180,#7181,#7182,#7183,#7184,#7185,#7186,
#7187,#7188,#7189,#7190,#7191,#7192,#7193,#7194,#7195,#7196,#7197,#7198));
#1504=EDGE_LOOP('',(#7199,#7200,#7201,#7202,#7203,#7204,#7205,#7206,#7207,
#7208));
#1505=EDGE_LOOP('',(#7209,#7210,#7211,#7212));
#1506=EDGE_LOOP('',(#7213,#7214,#7215,#7216,#7217,#7218,#7219,#7220,#7221,
#7222));
#1507=EDGE_LOOP('',(#7223,#7224,#7225,#7226));
#1508=EDGE_LOOP('',(#7227,#7228,#7229,#7230,#7231,#7232,#7233,#7234,#7235,
#7236));
#1509=EDGE_LOOP('',(#7237,#7238,#7239,#7240,#7241,#7242,#7243,#7244,#7245,
#7246,#7247,#7248,#7249,#7250));
#1510=EDGE_LOOP('',(#7251));
#1511=EDGE_LOOP('',(#7252,#7253,#7254,#7255));
#1512=EDGE_LOOP('',(#7256,#7257,#7258,#7259));
#1513=EDGE_LOOP('',(#7260,#7261,#7262,#7263));
#1514=EDGE_LOOP('',(#7264,#7265,#7266,#7267));
#1515=EDGE_LOOP('',(#7268,#7269,#7270,#7271));
#1516=EDGE_LOOP('',(#7272,#7273,#7274,#7275));
#1517=EDGE_LOOP('',(#7276,#7277,#7278,#7279,#7280,#7281,#7282,#7283,#7284));
#1518=EDGE_LOOP('',(#7285,#7286,#7287,#7288));
#1519=EDGE_LOOP('',(#7289,#7290,#7291,#7292));
#1520=EDGE_LOOP('',(#7293,#7294,#7295,#7296));
#1521=EDGE_LOOP('',(#7297,#7298,#7299,#7300));
#1522=EDGE_LOOP('',(#7301,#7302,#7303,#7304));
#1523=EDGE_LOOP('',(#7305,#7306,#7307,#7308));
#1524=EDGE_LOOP('',(#7309,#7310,#7311,#7312));
#1525=EDGE_LOOP('',(#7313,#7314,#7315,#7316));
#1526=EDGE_LOOP('',(#7317,#7318,#7319,#7320));
#1527=EDGE_LOOP('',(#7321,#7322,#7323,#7324));
#1528=EDGE_LOOP('',(#7325,#7326,#7327,#7328));
#1529=EDGE_LOOP('',(#7329));
#1530=EDGE_LOOP('',(#7330,#7331,#7332,#7333));
#1531=EDGE_LOOP('',(#7334));
#1532=EDGE_LOOP('',(#7335,#7336,#7337,#7338));
#1533=EDGE_LOOP('',(#7339,#7340,#7341,#7342,#7343));
#1534=EDGE_LOOP('',(#7344,#7345,#7346,#7347));
#1535=EDGE_LOOP('',(#7348,#7349,#7350,#7351,#7352));
#1536=EDGE_LOOP('',(#7353,#7354,#7355,#7356,#7357));
#1537=EDGE_LOOP('',(#7358));
#1538=EDGE_LOOP('',(#7359,#7360,#7361,#7362,#7363,#7364,#7365,#7366,#7367,
#7368,#7369,#7370,#7371,#7372,#7373,#7374,#7375,#7376,#7377,#7378,#7379,
#7380,#7381,#7382,#7383,#7384,#7385,#7386));
#1539=EDGE_LOOP('',(#7387,#7388,#7389,#7390,#7391));
#1540=EDGE_LOOP('',(#7392,#7393,#7394,#7395,#7396));
#1541=EDGE_LOOP('',(#7397,#7398,#7399,#7400));
#1542=EDGE_LOOP('',(#7401,#7402,#7403,#7404));
#1543=EDGE_LOOP('',(#7405));
#1544=EDGE_LOOP('',(#7406,#7407,#7408,#7409,#7410,#7411,#7412,#7413,#7414,
#7415,#7416,#7417,#7418));
#1545=EDGE_LOOP('',(#7419,#7420,#7421,#7422,#7423));
#1546=EDGE_LOOP('',(#7424,#7425,#7426,#7427));
#1547=EDGE_LOOP('',(#7428));
#1548=EDGE_LOOP('',(#7429,#7430,#7431,#7432));
#1549=EDGE_LOOP('',(#7433,#7434,#7435,#7436,#7437));
#1550=EDGE_LOOP('',(#7438,#7439,#7440,#7441,#7442));
#1551=EDGE_LOOP('',(#7443,#7444,#7445,#7446));
#1552=EDGE_LOOP('',(#7447,#7448,#7449,#7450,#7451));
#1553=EDGE_LOOP('',(#7452));
#1554=EDGE_LOOP('',(#7453,#7454,#7455,#7456));
#1555=EDGE_LOOP('',(#7457,#7458,#7459,#7460,#7461));
#1556=EDGE_LOOP('',(#7462,#7463,#7464,#7465));
#1557=EDGE_LOOP('',(#7466,#7467,#7468,#7469));
#1558=EDGE_LOOP('',(#7470,#7471,#7472,#7473));
#1559=EDGE_LOOP('',(#7474,#7475,#7476,#7477));
#1560=EDGE_LOOP('',(#7478,#7479,#7480,#7481,#7482,#7483,#7484,#7485,#7486,
#7487,#7488,#7489,#7490));
#1561=EDGE_LOOP('',(#7491,#7492,#7493,#7494));
#1562=EDGE_LOOP('',(#7495,#7496,#7497,#7498));
#1563=EDGE_LOOP('',(#7499));
#1564=EDGE_LOOP('',(#7500));
#1565=EDGE_LOOP('',(#7501,#7502,#7503,#7504));
#1566=EDGE_LOOP('',(#7505,#7506,#7507,#7508));
#1567=EDGE_LOOP('',(#7509));
#1568=EDGE_LOOP('',(#7510));
#1569=EDGE_LOOP('',(#7511,#7512,#7513,#7514,#7515,#7516));
#1570=EDGE_LOOP('',(#7517,#7518,#7519,#7520,#7521,#7522,#7523,#7524,#7525,
#7526,#7527,#7528));
#1571=EDGE_LOOP('',(#7529,#7530,#7531,#7532,#7533,#7534,#7535,#7536,#7537,
#7538,#7539,#7540,#7541,#7542,#7543,#7544,#7545,#7546,#7547,#7548,#7549,
#7550));
#1572=EDGE_LOOP('',(#7551,#7552,#7553,#7554));
#1573=EDGE_LOOP('',(#7555));
#1574=EDGE_LOOP('',(#7556));
#1575=EDGE_LOOP('',(#7557));
#1576=EDGE_LOOP('',(#7558,#7559,#7560,#7561));
#1577=EDGE_LOOP('',(#7562,#7563,#7564,#7565,#7566,#7567));
#1578=EDGE_LOOP('',(#7568,#7569,#7570,#7571,#7572,#7573,#7574,#7575));
#1579=EDGE_LOOP('',(#7576,#7577,#7578,#7579));
#1580=EDGE_LOOP('',(#7580,#7581,#7582,#7583));
#1581=EDGE_LOOP('',(#7584,#7585,#7586));
#1582=EDGE_LOOP('',(#7587,#7588,#7589));
#1583=EDGE_LOOP('',(#7590,#7591,#7592));
#1584=EDGE_LOOP('',(#7593,#7594,#7595,#7596));
#1585=EDGE_LOOP('',(#7597,#7598,#7599,#7600));
#1586=EDGE_LOOP('',(#7601,#7602,#7603));
#1587=EDGE_LOOP('',(#7604,#7605,#7606,#7607));
#1588=EDGE_LOOP('',(#7608,#7609,#7610,#7611));
#1589=EDGE_LOOP('',(#7612,#7613,#7614,#7615));
#1590=EDGE_LOOP('',(#7616,#7617,#7618,#7619));
#1591=EDGE_LOOP('',(#7620,#7621,#7622,#7623));
#1592=EDGE_LOOP('',(#7624,#7625,#7626,#7627));
#1593=EDGE_LOOP('',(#7628,#7629,#7630,#7631));
#1594=EDGE_LOOP('',(#7632,#7633,#7634,#7635));
#1595=EDGE_LOOP('',(#7636,#7637,#7638,#7639));
#1596=EDGE_LOOP('',(#7640,#7641,#7642,#7643));
#1597=EDGE_LOOP('',(#7644,#7645,#7646,#7647));
#1598=EDGE_LOOP('',(#7648,#7649,#7650,#7651));
#1599=EDGE_LOOP('',(#7652,#7653,#7654,#7655));
#1600=EDGE_LOOP('',(#7656,#7657,#7658,#7659));
#1601=EDGE_LOOP('',(#7660,#7661,#7662,#7663));
#1602=EDGE_LOOP('',(#7664,#7665,#7666,#7667));
#1603=EDGE_LOOP('',(#7668,#7669,#7670,#7671));
#1604=EDGE_LOOP('',(#7672,#7673,#7674,#7675));
#1605=EDGE_LOOP('',(#7676,#7677,#7678,#7679));
#1606=EDGE_LOOP('',(#7680,#7681,#7682,#7683));
#1607=EDGE_LOOP('',(#7684,#7685,#7686,#7687));
#1608=EDGE_LOOP('',(#7688,#7689,#7690,#7691));
#1609=EDGE_LOOP('',(#7692,#7693,#7694,#7695));
#1610=EDGE_LOOP('',(#7696,#7697,#7698,#7699));
#1611=EDGE_LOOP('',(#7700,#7701,#7702,#7703));
#1612=EDGE_LOOP('',(#7704,#7705,#7706,#7707));
#1613=EDGE_LOOP('',(#7708,#7709,#7710,#7711));
#1614=EDGE_LOOP('',(#7712,#7713,#7714,#7715));
#1615=EDGE_LOOP('',(#7716,#7717,#7718,#7719));
#1616=EDGE_LOOP('',(#7720,#7721,#7722,#7723));
#1617=EDGE_LOOP('',(#7724,#7725,#7726,#7727));
#1618=EDGE_LOOP('',(#7728,#7729,#7730,#7731));
#1619=EDGE_LOOP('',(#7732,#7733,#7734,#7735));
#1620=EDGE_LOOP('',(#7736,#7737,#7738,#7739));
#1621=EDGE_LOOP('',(#7740,#7741,#7742,#7743));
#1622=EDGE_LOOP('',(#7744,#7745,#7746,#7747));
#1623=EDGE_LOOP('',(#7748,#7749,#7750,#7751));
#1624=EDGE_LOOP('',(#7752,#7753,#7754,#7755));
#1625=EDGE_LOOP('',(#7756,#7757,#7758,#7759));
#1626=EDGE_LOOP('',(#7760,#7761,#7762,#7763));
#1627=EDGE_LOOP('',(#7764,#7765,#7766,#7767));
#1628=EDGE_LOOP('',(#7768,#7769,#7770,#7771));
#1629=EDGE_LOOP('',(#7772,#7773,#7774,#7775));
#1630=EDGE_LOOP('',(#7776,#7777,#7778,#7779));
#1631=EDGE_LOOP('',(#7780,#7781,#7782,#7783));
#1632=EDGE_LOOP('',(#7784,#7785,#7786,#7787));
#1633=EDGE_LOOP('',(#7788,#7789,#7790,#7791));
#1634=EDGE_LOOP('',(#7792,#7793,#7794,#7795));
#1635=EDGE_LOOP('',(#7796,#7797,#7798,#7799));
#1636=EDGE_LOOP('',(#7800,#7801,#7802,#7803));
#1637=EDGE_LOOP('',(#7804,#7805,#7806,#7807));
#1638=EDGE_LOOP('',(#7808,#7809,#7810,#7811));
#1639=EDGE_LOOP('',(#7812,#7813,#7814,#7815));
#1640=EDGE_LOOP('',(#7816,#7817,#7818,#7819));
#1641=EDGE_LOOP('',(#7820,#7821,#7822,#7823));
#1642=EDGE_LOOP('',(#7824,#7825,#7826,#7827));
#1643=EDGE_LOOP('',(#7828,#7829,#7830,#7831));
#1644=EDGE_LOOP('',(#7832,#7833,#7834,#7835));
#1645=EDGE_LOOP('',(#7836,#7837,#7838,#7839));
#1646=EDGE_LOOP('',(#7840,#7841,#7842,#7843));
#1647=EDGE_LOOP('',(#7844,#7845,#7846,#7847));
#1648=EDGE_LOOP('',(#7848,#7849,#7850,#7851));
#1649=EDGE_LOOP('',(#7852,#7853,#7854,#7855,#7856));
#1650=EDGE_LOOP('',(#7857,#7858,#7859,#7860,#7861,#7862,#7863,#7864,#7865,
#7866));
#1651=EDGE_LOOP('',(#7867,#7868,#7869,#7870,#7871,#7872,#7873));
#1652=EDGE_LOOP('',(#7874,#7875,#7876,#7877,#7878,#7879,#7880,#7881,#7882,
#7883,#7884,#7885,#7886,#7887));
#1653=EDGE_LOOP('',(#7888,#7889,#7890,#7891,#7892,#7893,#7894,#7895,#7896,
#7897));
#1654=EDGE_LOOP('',(#7898,#7899,#7900,#7901,#7902,#7903,#7904,#7905,#7906,
#7907,#7908,#7909,#7910,#7911));
#1655=EDGE_LOOP('',(#7912,#7913,#7914,#7915,#7916,#7917,#7918,#7919,#7920,
#7921));
#1656=EDGE_LOOP('',(#7922,#7923,#7924,#7925,#7926,#7927));
#1657=EDGE_LOOP('',(#7928,#7929,#7930,#7931,#7932,#7933,#7934,#7935,#7936,
#7937,#7938,#7939,#7940,#7941,#7942,#7943,#7944,#7945,#7946,#7947,#7948));
#1658=EDGE_LOOP('',(#7949,#7950,#7951,#7952,#7953,#7954,#7955,#7956,#7957,
#7958));
#1659=EDGE_LOOP('',(#7959,#7960,#7961,#7962));
#1660=EDGE_LOOP('',(#7963,#7964,#7965,#7966,#7967,#7968));
#1661=EDGE_LOOP('',(#7969,#7970,#7971,#7972));
#1662=EDGE_LOOP('',(#7973,#7974,#7975,#7976));
#1663=EDGE_LOOP('',(#7977,#7978,#7979,#7980));
#1664=EDGE_LOOP('',(#7981,#7982,#7983,#7984));
#1665=EDGE_LOOP('',(#7985,#7986,#7987,#7988));
#1666=EDGE_LOOP('',(#7989,#7990,#7991,#7992));
#1667=EDGE_LOOP('',(#7993,#7994,#7995,#7996));
#1668=EDGE_LOOP('',(#7997,#7998,#7999,#8000));
#1669=EDGE_LOOP('',(#8001,#8002,#8003,#8004));
#1670=EDGE_LOOP('',(#8005,#8006,#8007,#8008));
#1671=EDGE_LOOP('',(#8009,#8010,#8011,#8012));
#1672=EDGE_LOOP('',(#8013,#8014,#8015,#8016));
#1673=EDGE_LOOP('',(#8017,#8018,#8019,#8020));
#1674=EDGE_LOOP('',(#8021,#8022,#8023,#8024));
#1675=EDGE_LOOP('',(#8025,#8026,#8027,#8028));
#1676=EDGE_LOOP('',(#8029,#8030,#8031,#8032));
#1677=EDGE_LOOP('',(#8033,#8034,#8035,#8036));
#1678=EDGE_LOOP('',(#8037,#8038,#8039,#8040));
#1679=EDGE_LOOP('',(#8041,#8042,#8043,#8044));
#1680=EDGE_LOOP('',(#8045,#8046,#8047,#8048));
#1681=EDGE_LOOP('',(#8049,#8050,#8051,#8052));
#1682=EDGE_LOOP('',(#8053,#8054,#8055,#8056));
#1683=EDGE_LOOP('',(#8057,#8058,#8059,#8060));
#1684=EDGE_LOOP('',(#8061,#8062,#8063,#8064));
#1685=EDGE_LOOP('',(#8065,#8066,#8067,#8068));
#1686=EDGE_LOOP('',(#8069,#8070,#8071,#8072));
#1687=EDGE_LOOP('',(#8073,#8074,#8075,#8076));
#1688=EDGE_LOOP('',(#8077,#8078,#8079,#8080));
#1689=EDGE_LOOP('',(#8081,#8082,#8083,#8084));
#1690=EDGE_LOOP('',(#8085,#8086,#8087,#8088));
#1691=EDGE_LOOP('',(#8089,#8090,#8091,#8092));
#1692=EDGE_LOOP('',(#8093,#8094,#8095,#8096));
#1693=EDGE_LOOP('',(#8097,#8098,#8099,#8100));
#1694=EDGE_LOOP('',(#8101,#8102,#8103,#8104));
#1695=EDGE_LOOP('',(#8105,#8106,#8107,#8108));
#1696=EDGE_LOOP('',(#8109,#8110,#8111,#8112));
#1697=EDGE_LOOP('',(#8113,#8114,#8115,#8116));
#1698=EDGE_LOOP('',(#8117,#8118,#8119,#8120));
#1699=EDGE_LOOP('',(#8121,#8122,#8123,#8124));
#1700=EDGE_LOOP('',(#8125,#8126,#8127,#8128));
#1701=EDGE_LOOP('',(#8129,#8130,#8131,#8132));
#1702=EDGE_LOOP('',(#8133,#8134,#8135,#8136));
#1703=EDGE_LOOP('',(#8137,#8138,#8139,#8140));
#1704=EDGE_LOOP('',(#8141,#8142,#8143,#8144));
#1705=EDGE_LOOP('',(#8145,#8146,#8147,#8148));
#1706=EDGE_LOOP('',(#8149,#8150,#8151,#8152));
#1707=EDGE_LOOP('',(#8153,#8154,#8155,#8156));
#1708=EDGE_LOOP('',(#8157,#8158,#8159,#8160));
#1709=EDGE_LOOP('',(#8161,#8162,#8163,#8164));
#1710=EDGE_LOOP('',(#8165,#8166,#8167,#8168));
#1711=EDGE_LOOP('',(#8169,#8170,#8171,#8172));
#1712=EDGE_LOOP('',(#8173,#8174,#8175,#8176));
#1713=EDGE_LOOP('',(#8177,#8178,#8179,#8180));
#1714=EDGE_LOOP('',(#8181,#8182,#8183,#8184));
#1715=EDGE_LOOP('',(#8185,#8186,#8187,#8188));
#1716=EDGE_LOOP('',(#8189,#8190,#8191,#8192));
#1717=EDGE_LOOP('',(#8193,#8194,#8195,#8196));
#1718=EDGE_LOOP('',(#8197,#8198,#8199,#8200));
#1719=EDGE_LOOP('',(#8201,#8202,#8203,#8204));
#1720=EDGE_LOOP('',(#8205,#8206,#8207,#8208,#8209,#8210,#8211,#8212));
#1721=EDGE_LOOP('',(#8213,#8214,#8215,#8216));
#1722=EDGE_LOOP('',(#8217,#8218,#8219,#8220));
#1723=EDGE_LOOP('',(#8221,#8222,#8223,#8224,#8225,#8226,#8227,#8228,#8229,
#8230,#8231,#8232,#8233,#8234,#8235));
#1724=EDGE_LOOP('',(#8236,#8237,#8238,#8239,#8240,#8241,#8242));
#1725=EDGE_LOOP('',(#8243,#8244,#8245,#8246));
#1726=EDGE_LOOP('',(#8247,#8248,#8249,#8250));
#1727=EDGE_LOOP('',(#8251,#8252,#8253,#8254));
#1728=EDGE_LOOP('',(#8255,#8256,#8257,#8258));
#1729=EDGE_LOOP('',(#8259,#8260,#8261,#8262));
#1730=EDGE_LOOP('',(#8263,#8264,#8265,#8266));
#1731=EDGE_LOOP('',(#8267,#8268,#8269,#8270));
#1732=EDGE_LOOP('',(#8271,#8272,#8273,#8274));
#1733=EDGE_LOOP('',(#8275,#8276,#8277,#8278));
#1734=EDGE_LOOP('',(#8279,#8280,#8281,#8282));
#1735=EDGE_LOOP('',(#8283,#8284,#8285,#8286));
#1736=EDGE_LOOP('',(#8287,#8288,#8289,#8290,#8291,#8292,#8293));
#1737=EDGE_LOOP('',(#8294,#8295,#8296,#8297));
#1738=EDGE_LOOP('',(#8298,#8299,#8300,#8301));
#1739=EDGE_LOOP('',(#8302,#8303,#8304,#8305));
#1740=EDGE_LOOP('',(#8306,#8307,#8308,#8309,#8310,#8311,#8312));
#1741=EDGE_LOOP('',(#8313,#8314,#8315,#8316));
#1742=EDGE_LOOP('',(#8317,#8318,#8319,#8320));
#1743=EDGE_LOOP('',(#8321,#8322,#8323,#8324));
#1744=EDGE_LOOP('',(#8325,#8326,#8327,#8328));
#1745=EDGE_LOOP('',(#8329,#8330,#8331,#8332));
#1746=EDGE_LOOP('',(#8333,#8334,#8335,#8336));
#1747=EDGE_LOOP('',(#8337,#8338,#8339,#8340));
#1748=EDGE_LOOP('',(#8341,#8342,#8343,#8344));
#1749=EDGE_LOOP('',(#8345,#8346,#8347,#8348));
#1750=EDGE_LOOP('',(#8349,#8350,#8351,#8352));
#1751=EDGE_LOOP('',(#8353,#8354,#8355,#8356,#8357,#8358,#8359));
#1752=EDGE_LOOP('',(#8360,#8361,#8362,#8363));
#1753=EDGE_LOOP('',(#8364,#8365,#8366,#8367));
#1754=EDGE_LOOP('',(#8368,#8369,#8370,#8371));
#1755=EDGE_LOOP('',(#8372,#8373,#8374,#8375));
#1756=EDGE_LOOP('',(#8376,#8377,#8378,#8379,#8380,#8381,#8382));
#1757=EDGE_LOOP('',(#8383,#8384,#8385,#8386));
#1758=EDGE_LOOP('',(#8387,#8388,#8389,#8390));
#1759=EDGE_LOOP('',(#8391,#8392,#8393,#8394,#8395,#8396));
#1760=EDGE_LOOP('',(#8397,#8398,#8399,#8400));
#1761=EDGE_LOOP('',(#8401,#8402,#8403,#8404,#8405,#8406));
#1762=EDGE_LOOP('',(#8407,#8408,#8409,#8410));
#1763=EDGE_LOOP('',(#8411,#8412,#8413,#8414));
#1764=EDGE_LOOP('',(#8415,#8416,#8417,#8418));
#1765=EDGE_LOOP('',(#8419,#8420,#8421,#8422));
#1766=EDGE_LOOP('',(#8423,#8424,#8425,#8426));
#1767=EDGE_LOOP('',(#8427,#8428,#8429,#8430));
#1768=EDGE_LOOP('',(#8431,#8432,#8433,#8434));
#1769=EDGE_LOOP('',(#8435,#8436,#8437,#8438));
#1770=EDGE_LOOP('',(#8439,#8440,#8441,#8442));
#1771=EDGE_LOOP('',(#8443,#8444,#8445,#8446));
#1772=EDGE_LOOP('',(#8447,#8448,#8449,#8450,#8451,#8452));
#1773=EDGE_LOOP('',(#8453,#8454,#8455,#8456));
#1774=EDGE_LOOP('',(#8457,#8458,#8459,#8460));
#1775=EDGE_LOOP('',(#8461,#8462,#8463,#8464));
#1776=EDGE_LOOP('',(#8465,#8466,#8467,#8468));
#1777=EDGE_LOOP('',(#8469,#8470,#8471,#8472,#8473,#8474));
#1778=EDGE_LOOP('',(#8475,#8476,#8477,#8478));
#1779=EDGE_LOOP('',(#8479,#8480,#8481,#8482));
#1780=EDGE_LOOP('',(#8483,#8484,#8485,#8486));
#1781=EDGE_LOOP('',(#8487,#8488,#8489,#8490));
#1782=EDGE_LOOP('',(#8491,#8492,#8493,#8494));
#1783=EDGE_LOOP('',(#8495,#8496,#8497,#8498));
#1784=EDGE_LOOP('',(#8499,#8500,#8501,#8502));
#1785=EDGE_LOOP('',(#8503,#8504,#8505,#8506));
#1786=LINE('',#11768,#2683);
#1787=LINE('',#11773,#2684);
#1788=LINE('',#11775,#2685);
#1789=LINE('',#11777,#2686);
#1790=LINE('',#11779,#2687);
#1791=LINE('',#11781,#2688);
#1792=LINE('',#11782,#2689);
#1793=LINE('',#11791,#2690);
#1794=LINE('',#11793,#2691);
#1795=LINE('',#11795,#2692);
#1796=LINE('',#11796,#2693);
#1797=LINE('',#11800,#2694);
#1798=LINE('',#11803,#2695);
#1799=LINE('',#11808,#2696);
#1800=LINE('',#11813,#2697);
#1801=LINE('',#11818,#2698);
#1802=LINE('',#11820,#2699);
#1803=LINE('',#11822,#2700);
#1804=LINE('',#11824,#2701);
#1805=LINE('',#11826,#2702);
#1806=LINE('',#11827,#2703);
#1807=LINE('',#11836,#2704);
#1808=LINE('',#11838,#2705);
#1809=LINE('',#11840,#2706);
#1810=LINE('',#11841,#2707);
#1811=LINE('',#11844,#2708);
#1812=LINE('',#11848,#2709);
#1813=LINE('',#11852,#2710);
#1814=LINE('',#11857,#2711);
#1815=LINE('',#11859,#2712);
#1816=LINE('',#11861,#2713);
#1817=LINE('',#11862,#2714);
#1818=LINE('',#11865,#2715);
#1819=LINE('',#11867,#2716);
#1820=LINE('',#11869,#2717);
#1821=LINE('',#11870,#2718);
#1822=LINE('',#11873,#2719);
#1823=LINE('',#11875,#2720);
#1824=LINE('',#11879,#2721);
#1825=LINE('',#11883,#2722);
#1826=LINE('',#11885,#2723);
#1827=LINE('',#11887,#2724);
#1828=LINE('',#11889,#2725);
#1829=LINE('',#11891,#2726);
#1830=LINE('',#11892,#2727);
#1831=LINE('',#11896,#2728);
#1832=LINE('',#11898,#2729);
#1833=LINE('',#11900,#2730);
#1834=LINE('',#11901,#2731);
#1835=LINE('',#11904,#2732);
#1836=LINE('',#11908,#2733);
#1837=LINE('',#11909,#2734);
#1838=LINE('',#11912,#2735);
#1839=LINE('',#11914,#2736);
#1840=LINE('',#11918,#2737);
#1841=LINE('',#11922,#2738);
#1842=LINE('',#11924,#2739);
#1843=LINE('',#11926,#2740);
#1844=LINE('',#11928,#2741);
#1845=LINE('',#11930,#2742);
#1846=LINE('',#11931,#2743);
#1847=LINE('',#11936,#2744);
#1848=LINE('',#11940,#2745);
#1849=LINE('',#11942,#2746);
#1850=LINE('',#11945,#2747);
#1851=LINE('',#11948,#2748);
#1852=LINE('',#11951,#2749);
#1853=LINE('',#11953,#2750);
#1854=LINE('',#11955,#2751);
#1855=LINE('',#11956,#2752);
#1856=LINE('',#11960,#2753);
#1857=LINE('',#11962,#2754);
#1858=LINE('',#11964,#2755);
#1859=LINE('',#11965,#2756);
#1860=LINE('',#11971,#2757);
#1861=LINE('',#11973,#2758);
#1862=LINE('',#11980,#2759);
#1863=LINE('',#11982,#2760);
#1864=LINE('',#11984,#2761);
#1865=LINE('',#11986,#2762);
#1866=LINE('',#11987,#2763);
#1867=LINE('',#11993,#2764);
#1868=LINE('',#11995,#2765);
#1869=LINE('',#11997,#2766);
#1870=LINE('',#11999,#2767);
#1871=LINE('',#12001,#2768);
#1872=LINE('',#12003,#2769);
#1873=LINE('',#12005,#2770);
#1874=LINE('',#12006,#2771);
#1875=LINE('',#12009,#2772);
#1876=LINE('',#12011,#2773);
#1877=LINE('',#12012,#2774);
#1878=LINE('',#12016,#2775);
#1879=LINE('',#12017,#2776);
#1880=LINE('',#12021,#2777);
#1881=LINE('',#12023,#2778);
#1882=LINE('',#12025,#2779);
#1883=LINE('',#12026,#2780);
#1884=LINE('',#12029,#2781);
#1885=LINE('',#12031,#2782);
#1886=LINE('',#12032,#2783);
#1887=LINE('',#12035,#2784);
#1888=LINE('',#12037,#2785);
#1889=LINE('',#12038,#2786);
#1890=LINE('',#12040,#2787);
#1891=LINE('',#12041,#2788);
#1892=LINE('',#12044,#2789);
#1893=LINE('',#12046,#2790);
#1894=LINE('',#12047,#2791);
#1895=LINE('',#12050,#2792);
#1896=LINE('',#12052,#2793);
#1897=LINE('',#12054,#2794);
#1898=LINE('',#12061,#2795);
#1899=LINE('',#12062,#2796);
#1900=LINE('',#12066,#2797);
#1901=LINE('',#12068,#2798);
#1902=LINE('',#12070,#2799);
#1903=LINE('',#12071,#2800);
#1904=LINE('',#12075,#2801);
#1905=LINE('',#12079,#2802);
#1906=LINE('',#12081,#2803);
#1907=LINE('',#12083,#2804);
#1908=LINE('',#12085,#2805);
#1909=LINE('',#12087,#2806);
#1910=LINE('',#12088,#2807);
#1911=LINE('',#12091,#2808);
#1912=LINE('',#12093,#2809);
#1913=LINE('',#12095,#2810);
#1914=LINE('',#12096,#2811);
#1915=LINE('',#12098,#2812);
#1916=LINE('',#12099,#2813);
#1917=LINE('',#12180,#2814);
#1918=LINE('',#12182,#2815);
#1919=LINE('',#12184,#2816);
#1920=LINE('',#12185,#2817);
#1921=LINE('',#12186,#2818);
#1922=LINE('',#12189,#2819);
#1923=LINE('',#12190,#2820);
#1924=LINE('',#12193,#2821);
#1925=LINE('',#12195,#2822);
#1926=LINE('',#12196,#2823);
#1927=LINE('',#12199,#2824);
#1928=LINE('',#12200,#2825);
#1929=LINE('',#12202,#2826);
#1930=LINE('',#12203,#2827);
#1931=LINE('',#12205,#2828);
#1932=LINE('',#12207,#2829);
#1933=LINE('',#12208,#2830);
#1934=LINE('',#12210,#2831);
#1935=LINE('',#12212,#2832);
#1936=LINE('',#12214,#2833);
#1937=LINE('',#12219,#2834);
#1938=LINE('',#12221,#2835);
#1939=LINE('',#12222,#2836);
#1940=LINE('',#12225,#2837);
#1941=LINE('',#12226,#2838);
#1942=LINE('',#12229,#2839);
#1943=LINE('',#12230,#2840);
#1944=LINE('',#12232,#2841);
#1945=LINE('',#12234,#2842);
#1946=LINE('',#12235,#2843);
#1947=LINE('',#12238,#2844);
#1948=LINE('',#12240,#2845);
#1949=LINE('',#12242,#2846);
#1950=LINE('',#12243,#2847);
#1951=LINE('',#12244,#2848);
#1952=LINE('',#12249,#2849);
#1953=LINE('',#12251,#2850);
#1954=LINE('',#12253,#2851);
#1955=LINE('',#12255,#2852);
#1956=LINE('',#12257,#2853);
#1957=LINE('',#12259,#2854);
#1958=LINE('',#12261,#2855);
#1959=LINE('',#12262,#2856);
#1960=LINE('',#12269,#2857);
#1961=LINE('',#12274,#2858);
#1962=LINE('',#12277,#2859);
#1963=LINE('',#12279,#2860);
#1964=LINE('',#12280,#2861);
#1965=LINE('',#12283,#2862);
#1966=LINE('',#12285,#2863);
#1967=LINE('',#12287,#2864);
#1968=LINE('',#12289,#2865);
#1969=LINE('',#12290,#2866);
#1970=LINE('',#12293,#2867);
#1971=LINE('',#12295,#2868);
#1972=LINE('',#12296,#2869);
#1973=LINE('',#12298,#2870);
#1974=LINE('',#12301,#2871);
#1975=LINE('',#12303,#2872);
#1976=LINE('',#12304,#2873);
#1977=LINE('',#12308,#2874);
#1978=LINE('',#12310,#2875);
#1979=LINE('',#12312,#2876);
#1980=LINE('',#12313,#2877);
#1981=LINE('',#12314,#2878);
#1982=LINE('',#12318,#2879);
#1983=LINE('',#12320,#2880);
#1984=LINE('',#12321,#2881);
#1985=LINE('',#12326,#2882);
#1986=LINE('',#12329,#2883);
#1987=LINE('',#12331,#2884);
#1988=LINE('',#12333,#2885);
#1989=LINE('',#12335,#2886);
#1990=LINE('',#12337,#2887);
#1991=LINE('',#12339,#2888);
#1992=LINE('',#12343,#2889);
#1993=LINE('',#12347,#2890);
#1994=LINE('',#12349,#2891);
#1995=LINE('',#12350,#2892);
#1996=LINE('',#12353,#2893);
#1997=LINE('',#12354,#2894);
#1998=LINE('',#12357,#2895);
#1999=LINE('',#12358,#2896);
#2000=LINE('',#12361,#2897);
#2001=LINE('',#12362,#2898);
#2002=LINE('',#12365,#2899);
#2003=LINE('',#12366,#2900);
#2004=LINE('',#12369,#2901);
#2005=LINE('',#12370,#2902);
#2006=LINE('',#12372,#2903);
#2007=LINE('',#12375,#2904);
#2008=LINE('',#12377,#2905);
#2009=LINE('',#12378,#2906);
#2010=LINE('',#12381,#2907);
#2011=LINE('',#12382,#2908);
#2012=LINE('',#12385,#2909);
#2013=LINE('',#12387,#2910);
#2014=LINE('',#12388,#2911);
#2015=LINE('',#12391,#2912);
#2016=LINE('',#12392,#2913);
#2017=LINE('',#12398,#2914);
#2018=LINE('',#12401,#2915);
#2019=LINE('',#12404,#2916);
#2020=LINE('',#12408,#2917);
#2021=LINE('',#12412,#2918);
#2022=LINE('',#12413,#2919);
#2023=LINE('',#12416,#2920);
#2024=LINE('',#12417,#2921);
#2025=LINE('',#12421,#2922);
#2026=LINE('',#12422,#2923);
#2027=LINE('',#12424,#2924);
#2028=LINE('',#12426,#2925);
#2029=LINE('',#12429,#2926);
#2030=LINE('',#12430,#2927);
#2031=LINE('',#12446,#2928);
#2032=LINE('',#12449,#2929);
#2033=LINE('',#12451,#2930);
#2034=LINE('',#12466,#2931);
#2035=LINE('',#12485,#2932);
#2036=LINE('',#12495,#2933);
#2037=LINE('',#12499,#2934);
#2038=LINE('',#12504,#2935);
#2039=LINE('',#12512,#2936);
#2040=LINE('',#12519,#2937);
#2041=LINE('',#12521,#2938);
#2042=LINE('',#12523,#2939);
#2043=LINE('',#12524,#2940);
#2044=LINE('',#12529,#2941);
#2045=LINE('',#12540,#2942);
#2046=LINE('',#12543,#2943);
#2047=LINE('',#12548,#2944);
#2048=LINE('',#12551,#2945);
#2049=LINE('',#12552,#2946);
#2050=LINE('',#12559,#2947);
#2051=LINE('',#12562,#2948);
#2052=LINE('',#12565,#2949);
#2053=LINE('',#12567,#2950);
#2054=LINE('',#12568,#2951);
#2055=LINE('',#12573,#2952);
#2056=LINE('',#12581,#2953);
#2057=LINE('',#12584,#2954);
#2058=LINE('',#12587,#2955);
#2059=LINE('',#12588,#2956);
#2060=LINE('',#12591,#2957);
#2061=LINE('',#12595,#2958);
#2062=LINE('',#12599,#2959);
#2063=LINE('',#12600,#2960);
#2064=LINE('',#12607,#2961);
#2065=LINE('',#12609,#2962);
#2066=LINE('',#12611,#2963);
#2067=LINE('',#12612,#2964);
#2068=LINE('',#12617,#2965);
#2069=LINE('',#12623,#2966);
#2070=LINE('',#12627,#2967);
#2071=LINE('',#12629,#2968);
#2072=LINE('',#12630,#2969);
#2073=LINE('',#12635,#2970);
#2074=LINE('',#12646,#2971);
#2075=LINE('',#12649,#2972);
#2076=LINE('',#12652,#2973);
#2077=LINE('',#12654,#2974);
#2078=LINE('',#12655,#2975);
#2079=LINE('',#12660,#2976);
#2080=LINE('',#12666,#2977);
#2081=LINE('',#12670,#2978);
#2082=LINE('',#12672,#2979);
#2083=LINE('',#12673,#2980);
#2084=LINE('',#12682,#2981);
#2085=LINE('',#12689,#2982);
#2086=LINE('',#12694,#2983);
#2087=LINE('',#12697,#2984);
#2088=LINE('',#12701,#2985);
#2089=LINE('',#12704,#2986);
#2090=LINE('',#12707,#2987);
#2091=LINE('',#12711,#2988);
#2092=LINE('',#12714,#2989);
#2093=LINE('',#12718,#2990);
#2094=LINE('',#12721,#2991);
#2095=LINE('',#12724,#2992);
#2096=LINE('',#12729,#2993);
#2097=LINE('',#12732,#2994);
#2098=LINE('',#12733,#2995);
#2099=LINE('',#12737,#2996);
#2100=LINE('',#12740,#2997);
#2101=LINE('',#12743,#2998);
#2102=LINE('',#12747,#2999);
#2103=LINE('',#12750,#3000);
#2104=LINE('',#12754,#3001);
#2105=LINE('',#12757,#3002);
#2106=LINE('',#12760,#3003);
#2107=LINE('',#12765,#3004);
#2108=LINE('',#12769,#3005);
#2109=LINE('',#12771,#3006);
#2110=LINE('',#12773,#3007);
#2111=LINE('',#12775,#3008);
#2112=LINE('',#12778,#3009);
#2113=LINE('',#12784,#3010);
#2114=LINE('',#12785,#3011);
#2115=LINE('',#12787,#3012);
#2116=LINE('',#12789,#3013);
#2117=LINE('',#12791,#3014);
#2118=LINE('',#12792,#3015);
#2119=LINE('',#12794,#3016);
#2120=LINE('',#12796,#3017);
#2121=LINE('',#12798,#3018);
#2122=LINE('',#12800,#3019);
#2123=LINE('',#12802,#3020);
#2124=LINE('',#12813,#3021);
#2125=LINE('',#12815,#3022);
#2126=LINE('',#12817,#3023);
#2127=LINE('',#12818,#3024);
#2128=LINE('',#12821,#3025);
#2129=LINE('',#12823,#3026);
#2130=LINE('',#12824,#3027);
#2131=LINE('',#12827,#3028);
#2132=LINE('',#12828,#3029);
#2133=LINE('',#12831,#3030);
#2134=LINE('',#12832,#3031);
#2135=LINE('',#12835,#3032);
#2136=LINE('',#12836,#3033);
#2137=LINE('',#12838,#3034);
#2138=LINE('',#12840,#3035);
#2139=LINE('',#12841,#3036);
#2140=LINE('',#12843,#3037);
#2141=LINE('',#12846,#3038);
#2142=LINE('',#12848,#3039);
#2143=LINE('',#12849,#3040);
#2144=LINE('',#12853,#3041);
#2145=LINE('',#12855,#3042);
#2146=LINE('',#12857,#3043);
#2147=LINE('',#12858,#3044);
#2148=LINE('',#12860,#3045);
#2149=LINE('',#12861,#3046);
#2150=LINE('',#12863,#3047);
#2151=LINE('',#12865,#3048);
#2152=LINE('',#12870,#3049);
#2153=LINE('',#12872,#3050);
#2154=LINE('',#12874,#3051);
#2155=LINE('',#12875,#3052);
#2156=LINE('',#12878,#3053);
#2157=LINE('',#12880,#3054);
#2158=LINE('',#12881,#3055);
#2159=LINE('',#12884,#3056);
#2160=LINE('',#12886,#3057);
#2161=LINE('',#12887,#3058);
#2162=LINE('',#12889,#3059);
#2163=LINE('',#12890,#3060);
#2164=LINE('',#12965,#3061);
#2165=LINE('',#12986,#3062);
#2166=LINE('',#12987,#3063);
#2167=LINE('',#12988,#3064);
#2168=LINE('',#12992,#3065);
#2169=LINE('',#12994,#3066);
#2170=LINE('',#12996,#3067);
#2171=LINE('',#13001,#3068);
#2172=LINE('',#13002,#3069);
#2173=LINE('',#13005,#3070);
#2174=LINE('',#13006,#3071);
#2175=LINE('',#13010,#3072);
#2176=LINE('',#13015,#3073);
#2177=LINE('',#13016,#3074);
#2178=LINE('',#13019,#3075);
#2179=LINE('',#13020,#3076);
#2180=LINE('',#13024,#3077);
#2181=LINE('',#13027,#3078);
#2182=LINE('',#13028,#3079);
#2183=LINE('',#13031,#3080);
#2184=LINE('',#13032,#3081);
#2185=LINE('',#13035,#3082);
#2186=LINE('',#13036,#3083);
#2187=LINE('',#13039,#3084);
#2188=LINE('',#13040,#3085);
#2189=LINE('',#13042,#3086);
#2190=LINE('',#13044,#3087);
#2191=LINE('',#13046,#3088);
#2192=LINE('',#13048,#3089);
#2193=LINE('',#13050,#3090);
#2194=LINE('',#13052,#3091);
#2195=LINE('',#13056,#3092);
#2196=LINE('',#13057,#3093);
#2197=LINE('',#13058,#3094);
#2198=LINE('',#13060,#3095);
#2199=LINE('',#13063,#3096);
#2200=LINE('',#13070,#3097);
#2201=LINE('',#13073,#3098);
#2202=LINE('',#13075,#3099);
#2203=LINE('',#13076,#3100);
#2204=LINE('',#13078,#3101);
#2205=LINE('',#13080,#3102);
#2206=LINE('',#13086,#3103);
#2207=LINE('',#13089,#3104);
#2208=LINE('',#13091,#3105);
#2209=LINE('',#13094,#3106);
#2210=LINE('',#13097,#3107);
#2211=LINE('',#13098,#3108);
#2212=LINE('',#13101,#3109);
#2213=LINE('',#13102,#3110);
#2214=LINE('',#13106,#3111);
#2215=LINE('',#13107,#3112);
#2216=LINE('',#13108,#3113);
#2217=LINE('',#13109,#3114);
#2218=LINE('',#13111,#3115);
#2219=LINE('',#13116,#3116);
#2220=LINE('',#13123,#3117);
#2221=LINE('',#13127,#3118);
#2222=LINE('',#13128,#3119);
#2223=LINE('',#13131,#3120);
#2224=LINE('',#13132,#3121);
#2225=LINE('',#13134,#3122);
#2226=LINE('',#13136,#3123);
#2227=LINE('',#13141,#3124);
#2228=LINE('',#13147,#3125);
#2229=LINE('',#13152,#3126);
#2230=LINE('',#13160,#3127);
#2231=LINE('',#13165,#3128);
#2232=LINE('',#13167,#3129);
#2233=LINE('',#13169,#3130);
#2234=LINE('',#13173,#3131);
#2235=LINE('',#13175,#3132);
#2236=LINE('',#13177,#3133);
#2237=LINE('',#13181,#3134);
#2238=LINE('',#13184,#3135);
#2239=LINE('',#13240,#3136);
#2240=LINE('',#13261,#3137);
#2241=LINE('',#13263,#3138);
#2242=LINE('',#13264,#3139);
#2243=LINE('',#13267,#3140);
#2244=LINE('',#13269,#3141);
#2245=LINE('',#13271,#3142);
#2246=LINE('',#13285,#3143);
#2247=LINE('',#13287,#3144);
#2248=LINE('',#13289,#3145);
#2249=LINE('',#13291,#3146);
#2250=LINE('',#13293,#3147);
#2251=LINE('',#13295,#3148);
#2252=LINE('',#13296,#3149);
#2253=LINE('',#13323,#3150);
#2254=LINE('',#13349,#3151);
#2255=LINE('',#13356,#3152);
#2256=LINE('',#13362,#3153);
#2257=LINE('',#13365,#3154);
#2258=LINE('',#13367,#3155);
#2259=LINE('',#13369,#3156);
#2260=LINE('',#13371,#3157);
#2261=LINE('',#13373,#3158);
#2262=LINE('',#13374,#3159);
#2263=LINE('',#13383,#3160);
#2264=LINE('',#13385,#3161);
#2265=LINE('',#13387,#3162);
#2266=LINE('',#13389,#3163);
#2267=LINE('',#13427,#3164);
#2268=LINE('',#13429,#3165);
#2269=LINE('',#13431,#3166);
#2270=LINE('',#13475,#3167);
#2271=LINE('',#13477,#3168);
#2272=LINE('',#13479,#3169);
#2273=LINE('',#13481,#3170);
#2274=LINE('',#13483,#3171);
#2275=LINE('',#13485,#3172);
#2276=LINE('',#13487,#3173);
#2277=LINE('',#13489,#3174);
#2278=LINE('',#13491,#3175);
#2279=LINE('',#13492,#3176);
#2280=LINE('',#13495,#3177);
#2281=LINE('',#13499,#3178);
#2282=LINE('',#13500,#3179);
#2283=LINE('',#13503,#3180);
#2284=LINE('',#13529,#3181);
#2285=LINE('',#13555,#3182);
#2286=LINE('',#13557,#3183);
#2287=LINE('',#13559,#3184);
#2288=LINE('',#13560,#3185);
#2289=LINE('',#13563,#3186);
#2290=LINE('',#13589,#3187);
#2291=LINE('',#13620,#3188);
#2292=LINE('',#13627,#3189);
#2293=LINE('',#13653,#3190);
#2294=LINE('',#13678,#3191);
#2295=LINE('',#13682,#3192);
#2296=LINE('',#13684,#3193);
#2297=LINE('',#13686,#3194);
#2298=LINE('',#13687,#3195);
#2299=LINE('',#13691,#3196);
#2300=LINE('',#13692,#3197);
#2301=LINE('',#13693,#3198);
#2302=LINE('',#13696,#3199);
#2303=LINE('',#13698,#3200);
#2304=LINE('',#13699,#3201);
#2305=LINE('',#13701,#3202);
#2306=LINE('',#13703,#3203);
#2307=LINE('',#13709,#3204);
#2308=LINE('',#13712,#3205);
#2309=LINE('',#13714,#3206);
#2310=LINE('',#13716,#3207);
#2311=LINE('',#13718,#3208);
#2312=LINE('',#13720,#3209);
#2313=LINE('',#13722,#3210);
#2314=LINE('',#13723,#3211);
#2315=LINE('',#13728,#3212);
#2316=LINE('',#13737,#3213);
#2317=LINE('',#13743,#3214);
#2318=LINE('',#13746,#3215);
#2319=LINE('',#13748,#3216);
#2320=LINE('',#13749,#3217);
#2321=LINE('',#13752,#3218);
#2322=LINE('',#13756,#3219);
#2323=LINE('',#13757,#3220);
#2324=LINE('',#13760,#3221);
#2325=LINE('',#13764,#3222);
#2326=LINE('',#13765,#3223);
#2327=LINE('',#13770,#3224);
#2328=LINE('',#13777,#3225);
#2329=LINE('',#13785,#3226);
#2330=LINE('',#13788,#3227);
#2331=LINE('',#13791,#3228);
#2332=LINE('',#13793,#3229);
#2333=LINE('',#13795,#3230);
#2334=LINE('',#13796,#3231);
#2335=LINE('',#13799,#3232);
#2336=LINE('',#13801,#3233);
#2337=LINE('',#13802,#3234);
#2338=LINE('',#13807,#3235);
#2339=LINE('',#13810,#3236);
#2340=LINE('',#13812,#3237);
#2341=LINE('',#13813,#3238);
#2342=LINE('',#13818,#3239);
#2343=LINE('',#13820,#3240);
#2344=LINE('',#13822,#3241);
#2345=LINE('',#13824,#3242);
#2346=LINE('',#13826,#3243);
#2347=LINE('',#13830,#3244);
#2348=LINE('',#13834,#3245);
#2349=LINE('',#13836,#3246);
#2350=LINE('',#13838,#3247);
#2351=LINE('',#13840,#3248);
#2352=LINE('',#13842,#3249);
#2353=LINE('',#13844,#3250);
#2354=LINE('',#13846,#3251);
#2355=LINE('',#13848,#3252);
#2356=LINE('',#13849,#3253);
#2357=LINE('',#13851,#3254);
#2358=LINE('',#13855,#3255);
#2359=LINE('',#13859,#3256);
#2360=LINE('',#13861,#3257);
#2361=LINE('',#13862,#3258);
#2362=LINE('',#13867,#3259);
#2363=LINE('',#13869,#3260);
#2364=LINE('',#13877,#3261);
#2365=LINE('',#13878,#3262);
#2366=LINE('',#13880,#3263);
#2367=LINE('',#13881,#3264);
#2368=LINE('',#13883,#3265);
#2369=LINE('',#13887,#3266);
#2370=LINE('',#13888,#3267);
#2371=LINE('',#13895,#3268);
#2372=LINE('',#13896,#3269);
#2373=LINE('',#13899,#3270);
#2374=LINE('',#13905,#3271);
#2375=LINE('',#13907,#3272);
#2376=LINE('',#13908,#3273);
#2377=LINE('',#13911,#3274);
#2378=LINE('',#13915,#3275);
#2379=LINE('',#13917,#3276);
#2380=LINE('',#13919,#3277);
#2381=LINE('',#13921,#3278);
#2382=LINE('',#13922,#3279);
#2383=LINE('',#13929,#3280);
#2384=LINE('',#13934,#3281);
#2385=LINE('',#13936,#3282);
#2386=LINE('',#13937,#3283);
#2387=LINE('',#13940,#3284);
#2388=LINE('',#13944,#3285);
#2389=LINE('',#13947,#3286);
#2390=LINE('',#13952,#3287);
#2391=LINE('',#13955,#3288);
#2392=LINE('',#13959,#3289);
#2393=LINE('',#13961,#3290);
#2394=LINE('',#13965,#3291);
#2395=LINE('',#13968,#3292);
#2396=LINE('',#13969,#3293);
#2397=LINE('',#13971,#3294);
#2398=LINE('',#13972,#3295);
#2399=LINE('',#13975,#3296);
#2400=LINE('',#13976,#3297);
#2401=LINE('',#13978,#3298);
#2402=LINE('',#13981,#3299);
#2403=LINE('',#13982,#3300);
#2404=LINE('',#13984,#3301);
#2405=LINE('',#13987,#3302);
#2406=LINE('',#13989,#3303);
#2407=LINE('',#13991,#3304);
#2408=LINE('',#13993,#3305);
#2409=LINE('',#13995,#3306);
#2410=LINE('',#13996,#3307);
#2411=LINE('',#13998,#3308);
#2412=LINE('',#13999,#3309);
#2413=LINE('',#14001,#3310);
#2414=LINE('',#14003,#3311);
#2415=LINE('',#14005,#3312);
#2416=LINE('',#14006,#3313);
#2417=LINE('',#14008,#3314);
#2418=LINE('',#14011,#3315);
#2419=LINE('',#14012,#3316);
#2420=LINE('',#14014,#3317);
#2421=LINE('',#14016,#3318);
#2422=LINE('',#14018,#3319);
#2423=LINE('',#14022,#3320);
#2424=LINE('',#14024,#3321);
#2425=LINE('',#14026,#3322);
#2426=LINE('',#14027,#3323);
#2427=LINE('',#14031,#3324);
#2428=LINE('',#14033,#3325);
#2429=LINE('',#14035,#3326);
#2430=LINE('',#14036,#3327);
#2431=LINE('',#14039,#3328);
#2432=LINE('',#14040,#3329);
#2433=LINE('',#14043,#3330);
#2434=LINE('',#14044,#3331);
#2435=LINE('',#14047,#3332);
#2436=LINE('',#14048,#3333);
#2437=LINE('',#14051,#3334);
#2438=LINE('',#14052,#3335);
#2439=LINE('',#14054,#3336);
#2440=LINE('',#14056,#3337);
#2441=LINE('',#14059,#3338);
#2442=LINE('',#14060,#3339);
#2443=LINE('',#14063,#3340);
#2444=LINE('',#14064,#3341);
#2445=LINE('',#14066,#3342);
#2446=LINE('',#14070,#3343);
#2447=LINE('',#14071,#3344);
#2448=LINE('',#14072,#3345);
#2449=LINE('',#14075,#3346);
#2450=LINE('',#14076,#3347);
#2451=LINE('',#14080,#3348);
#2452=LINE('',#14081,#3349);
#2453=LINE('',#14082,#3350);
#2454=LINE('',#14101,#3351);
#2455=LINE('',#14121,#3352);
#2456=LINE('',#14122,#3353);
#2457=LINE('',#14141,#3354);
#2458=LINE('',#14182,#3355);
#2459=LINE('',#14201,#3356);
#2460=LINE('',#14227,#3357);
#2461=LINE('',#14228,#3358);
#2462=LINE('',#14229,#3359);
#2463=LINE('',#14232,#3360);
#2464=LINE('',#14233,#3361);
#2465=LINE('',#14236,#3362);
#2466=LINE('',#14237,#3363);
#2467=LINE('',#14241,#3364);
#2468=LINE('',#14242,#3365);
#2469=LINE('',#14243,#3366);
#2470=LINE('',#14246,#3367);
#2471=LINE('',#14247,#3368);
#2472=LINE('',#14251,#3369);
#2473=LINE('',#14252,#3370);
#2474=LINE('',#14253,#3371);
#2475=LINE('',#14256,#3372);
#2476=LINE('',#14257,#3373);
#2477=LINE('',#14260,#3374);
#2478=LINE('',#14261,#3375);
#2479=LINE('',#14281,#3376);
#2480=LINE('',#14282,#3377);
#2481=LINE('',#14285,#3378);
#2482=LINE('',#14286,#3379);
#2483=LINE('',#14289,#3380);
#2484=LINE('',#14290,#3381);
#2485=LINE('',#14293,#3382);
#2486=LINE('',#14294,#3383);
#2487=LINE('',#14297,#3384);
#2488=LINE('',#14298,#3385);
#2489=LINE('',#14317,#3386);
#2490=LINE('',#14336,#3387);
#2491=LINE('',#14355,#3388);
#2492=LINE('',#14374,#3389);
#2493=LINE('',#14393,#3390);
#2494=LINE('',#14397,#3391);
#2495=LINE('',#14398,#3392);
#2496=LINE('',#14399,#3393);
#2497=LINE('',#14418,#3394);
#2498=LINE('',#14437,#3395);
#2499=LINE('',#14456,#3396);
#2500=LINE('',#14550,#3397);
#2501=LINE('',#14573,#3398);
#2502=LINE('',#14592,#3399);
#2503=LINE('',#14596,#3400);
#2504=LINE('',#14597,#3401);
#2505=LINE('',#14598,#3402);
#2506=LINE('',#14601,#3403);
#2507=LINE('',#14602,#3404);
#2508=LINE('',#14605,#3405);
#2509=LINE('',#14606,#3406);
#2510=LINE('',#14609,#3407);
#2511=LINE('',#14610,#3408);
#2512=LINE('',#14613,#3409);
#2513=LINE('',#14614,#3410);
#2514=LINE('',#14634,#3411);
#2515=LINE('',#14635,#3412);
#2516=LINE('',#14654,#3413);
#2517=LINE('',#14674,#3414);
#2518=LINE('',#14675,#3415);
#2519=LINE('',#14694,#3416);
#2520=LINE('',#14697,#3417);
#2521=LINE('',#14698,#3418);
#2522=LINE('',#14738,#3419);
#2523=LINE('',#14757,#3420);
#2524=LINE('',#14776,#3421);
#2525=LINE('',#14801,#3422);
#2526=LINE('',#14802,#3423);
#2527=LINE('',#14809,#3424);
#2528=LINE('',#14816,#3425);
#2529=LINE('',#14818,#3426);
#2530=LINE('',#14851,#3427);
#2531=LINE('',#14853,#3428);
#2532=LINE('',#14855,#3429);
#2533=LINE('',#14856,#3430);
#2534=LINE('',#14858,#3431);
#2535=LINE('',#14892,#3432);
#2536=LINE('',#14900,#3433);
#2537=LINE('',#14901,#3434);
#2538=LINE('',#14903,#3435);
#2539=LINE('',#14937,#3436);
#2540=LINE('',#14944,#3437);
#2541=LINE('',#14950,#3438);
#2542=LINE('',#14975,#3439);
#2543=LINE('',#15008,#3440);
#2544=LINE('',#15010,#3441);
#2545=LINE('',#15012,#3442);
#2546=LINE('',#15013,#3443);
#2547=LINE('',#15079,#3444);
#2548=LINE('',#15081,#3445);
#2549=LINE('',#15082,#3446);
#2550=LINE('',#15084,#3447);
#2551=LINE('',#15086,#3448);
#2552=LINE('',#15088,#3449);
#2553=LINE('',#15090,#3450);
#2554=LINE('',#15091,#3451);
#2555=LINE('',#15093,#3452);
#2556=LINE('',#15094,#3453);
#2557=LINE('',#15128,#3454);
#2558=LINE('',#15172,#3455);
#2559=LINE('',#15174,#3456);
#2560=LINE('',#15176,#3457);
#2561=LINE('',#15191,#3458);
#2562=LINE('',#15193,#3459);
#2563=LINE('',#15205,#3460);
#2564=LINE('',#15216,#3461);
#2565=LINE('',#15227,#3462);
#2566=LINE('',#15238,#3463);
#2567=LINE('',#15249,#3464);
#2568=LINE('',#15260,#3465);
#2569=LINE('',#15271,#3466);
#2570=LINE('',#15282,#3467);
#2571=LINE('',#15284,#3468);
#2572=LINE('',#15286,#3469);
#2573=LINE('',#15289,#3470);
#2574=LINE('',#15291,#3471);
#2575=LINE('',#15303,#3472);
#2576=LINE('',#15314,#3473);
#2577=LINE('',#15335,#3474);
#2578=LINE('',#15346,#3475);
#2579=LINE('',#15367,#3476);
#2580=LINE('',#15378,#3477);
#2581=LINE('',#15389,#3478);
#2582=LINE('',#15400,#3479);
#2583=LINE('',#15421,#3480);
#2584=LINE('',#15432,#3481);
#2585=LINE('',#15443,#3482);
#2586=LINE('',#15454,#3483);
#2587=LINE('',#15466,#3484);
#2588=LINE('',#15477,#3485);
#2589=LINE('',#15489,#3486);
#2590=LINE('',#15500,#3487);
#2591=LINE('',#15511,#3488);
#2592=LINE('',#15523,#3489);
#2593=LINE('',#15525,#3490);
#2594=LINE('',#15527,#3491);
#2595=LINE('',#15529,#3492);
#2596=LINE('',#15533,#3493);
#2597=LINE('',#15534,#3494);
#2598=LINE('',#15537,#3495);
#2599=LINE('',#15564,#3496);
#2600=LINE('',#15566,#3497);
#2601=LINE('',#15568,#3498);
#2602=LINE('',#15569,#3499);
#2603=LINE('',#15572,#3500);
#2604=LINE('',#15574,#3501);
#2605=LINE('',#15575,#3502);
#2606=LINE('',#15578,#3503);
#2607=LINE('',#15580,#3504);
#2608=LINE('',#15581,#3505);
#2609=LINE('',#15583,#3506);
#2610=LINE('',#15584,#3507);
#2611=LINE('',#15592,#3508);
#2612=LINE('',#15595,#3509);
#2613=LINE('',#15611,#3510);
#2614=LINE('',#15613,#3511);
#2615=LINE('',#15615,#3512);
#2616=LINE('',#15617,#3513);
#2617=LINE('',#15619,#3514);
#2618=LINE('',#15620,#3515);
#2619=LINE('',#15623,#3516);
#2620=LINE('',#15640,#3517);
#2621=LINE('',#15643,#3518);
#2622=LINE('',#15646,#3519);
#2623=LINE('',#15648,#3520);
#2624=LINE('',#15650,#3521);
#2625=LINE('',#15652,#3522);
#2626=LINE('',#15653,#3523);
#2627=LINE('',#15659,#3524);
#2628=LINE('',#15662,#3525);
#2629=LINE('',#15667,#3526);
#2630=LINE('',#15672,#3527);
#2631=LINE('',#15674,#3528);
#2632=LINE('',#15675,#3529);
#2633=LINE('',#15677,#3530);
#2634=LINE('',#15679,#3531);
#2635=LINE('',#15683,#3532);
#2636=LINE('',#15686,#3533);
#2637=LINE('',#15689,#3534);
#2638=LINE('',#15692,#3535);
#2639=LINE('',#15697,#3536);
#2640=LINE('',#15699,#3537);
#2641=LINE('',#15703,#3538);
#2642=LINE('',#15705,#3539);
#2643=LINE('',#15722,#3540);
#2644=LINE('',#15724,#3541);
#2645=LINE('',#15726,#3542);
#2646=LINE('',#15728,#3543);
#2647=LINE('',#15729,#3544);
#2648=LINE('',#15745,#3545);
#2649=LINE('',#15747,#3546);
#2650=LINE('',#15749,#3547);
#2651=LINE('',#15751,#3548);
#2652=LINE('',#15752,#3549);
#2653=LINE('',#15756,#3550);
#2654=LINE('',#15760,#3551);
#2655=LINE('',#15765,#3552);
#2656=LINE('',#15770,#3553);
#2657=LINE('',#15774,#3554);
#2658=LINE('',#15777,#3555);
#2659=LINE('',#15780,#3556);
#2660=LINE('',#15781,#3557);
#2661=LINE('',#15785,#3558);
#2662=LINE('',#15787,#3559);
#2663=LINE('',#15791,#3560);
#2664=LINE('',#15794,#3561);
#2665=LINE('',#15797,#3562);
#2666=LINE('',#15798,#3563);
#2667=LINE('',#15805,#3564);
#2668=LINE('',#15807,#3565);
#2669=LINE('',#15810,#3566);
#2670=LINE('',#15811,#3567);
#2671=LINE('',#15818,#3568);
#2672=LINE('',#15820,#3569);
#2673=LINE('',#15822,#3570);
#2674=LINE('',#15823,#3571);
#2675=LINE('',#15826,#3572);
#2676=LINE('',#15828,#3573);
#2677=LINE('',#15829,#3574);
#2678=LINE('',#15832,#3575);
#2679=LINE('',#15834,#3576);
#2680=LINE('',#15835,#3577);
#2681=LINE('',#15837,#3578);
#2682=LINE('',#15838,#3579);
#2683=VECTOR('',#9630,2.2);
#2684=VECTOR('',#9635,10.);
#2685=VECTOR('',#9636,10.);
#2686=VECTOR('',#9637,10.);
#2687=VECTOR('',#9638,10.);
#2688=VECTOR('',#9639,10.);
#2689=VECTOR('',#9640,10.);
#2690=VECTOR('',#9647,10.);
#2691=VECTOR('',#9648,10.);
#2692=VECTOR('',#9649,10.);
#2693=VECTOR('',#9650,10.);
#2694=VECTOR('',#9655,1.5);
#2695=VECTOR('',#9658,2.20000000000001);
#2696=VECTOR('',#9665,1.5);
#2697=VECTOR('',#9670,2.20000000000001);
#2698=VECTOR('',#9675,10.);
#2699=VECTOR('',#9676,10.);
#2700=VECTOR('',#9677,10.);
#2701=VECTOR('',#9678,10.);
#2702=VECTOR('',#9679,10.);
#2703=VECTOR('',#9680,10.);
#2704=VECTOR('',#9687,10.);
#2705=VECTOR('',#9688,10.);
#2706=VECTOR('',#9689,10.);
#2707=VECTOR('',#9690,10.);
#2708=VECTOR('',#9693,1.5);
#2709=VECTOR('',#9698,2.2);
#2710=VECTOR('',#9703,1.5);
#2711=VECTOR('',#9708,10.);
#2712=VECTOR('',#9709,10.);
#2713=VECTOR('',#9710,10.);
#2714=VECTOR('',#9711,10.);
#2715=VECTOR('',#9714,10.);
#2716=VECTOR('',#9715,10.);
#2717=VECTOR('',#9716,10.);
#2718=VECTOR('',#9717,10.);
#2719=VECTOR('',#9720,10.);
#2720=VECTOR('',#9721,10.);
#2721=VECTOR('',#9724,10.);
#2722=VECTOR('',#9727,10.);
#2723=VECTOR('',#9728,10.);
#2724=VECTOR('',#9729,10.);
#2725=VECTOR('',#9730,10.);
#2726=VECTOR('',#9731,10.);
#2727=VECTOR('',#9732,10.);
#2728=VECTOR('',#9735,10.);
#2729=VECTOR('',#9736,10.);
#2730=VECTOR('',#9737,10.);
#2731=VECTOR('',#9738,10.);
#2732=VECTOR('',#9741,10.);
#2733=VECTOR('',#9744,10.);
#2734=VECTOR('',#9745,10.);
#2735=VECTOR('',#9748,10.);
#2736=VECTOR('',#9749,10.);
#2737=VECTOR('',#9752,10.);
#2738=VECTOR('',#9755,10.);
#2739=VECTOR('',#9756,10.);
#2740=VECTOR('',#9757,10.);
#2741=VECTOR('',#9758,10.);
#2742=VECTOR('',#9759,10.);
#2743=VECTOR('',#9760,10.);
#2744=VECTOR('',#9765,10.);
#2745=VECTOR('',#9770,10.);
#2746=VECTOR('',#9773,10.);
#2747=VECTOR('',#9776,10.);
#2748=VECTOR('',#9781,10.);
#2749=VECTOR('',#9784,10.);
#2750=VECTOR('',#9785,10.);
#2751=VECTOR('',#9786,10.);
#2752=VECTOR('',#9787,10.);
#2753=VECTOR('',#9790,10.);
#2754=VECTOR('',#9791,10.);
#2755=VECTOR('',#9792,10.);
#2756=VECTOR('',#9793,10.);
#2757=VECTOR('',#9798,10.);
#2758=VECTOR('',#9799,10.);
#2759=VECTOR('',#9800,10.);
#2760=VECTOR('',#9801,10.);
#2761=VECTOR('',#9802,10.);
#2762=VECTOR('',#9803,10.);
#2763=VECTOR('',#9804,10.);
#2764=VECTOR('',#9809,10.);
#2765=VECTOR('',#9810,10.);
#2766=VECTOR('',#9811,10.);
#2767=VECTOR('',#9812,10.);
#2768=VECTOR('',#9813,10.);
#2769=VECTOR('',#9814,10.);
#2770=VECTOR('',#9815,10.);
#2771=VECTOR('',#9816,10.);
#2772=VECTOR('',#9817,10.);
#2773=VECTOR('',#9818,10.);
#2774=VECTOR('',#9819,10.);
#2775=VECTOR('',#9824,10.);
#2776=VECTOR('',#9825,10.);
#2777=VECTOR('',#9828,10.);
#2778=VECTOR('',#9829,10.);
#2779=VECTOR('',#9830,10.);
#2780=VECTOR('',#9831,10.);
#2781=VECTOR('',#9834,10.);
#2782=VECTOR('',#9835,10.);
#2783=VECTOR('',#9836,10.);
#2784=VECTOR('',#9839,10.);
#2785=VECTOR('',#9840,10.);
#2786=VECTOR('',#9841,10.);
#2787=VECTOR('',#9844,10.);
#2788=VECTOR('',#9845,10.);
#2789=VECTOR('',#9848,10.);
#2790=VECTOR('',#9849,10.);
#2791=VECTOR('',#9850,10.);
#2792=VECTOR('',#9853,10.);
#2793=VECTOR('',#9854,10.);
#2794=VECTOR('',#9855,10.);
#2795=VECTOR('',#9856,10.);
#2796=VECTOR('',#9857,10.);
#2797=VECTOR('',#9860,10.);
#2798=VECTOR('',#9861,10.);
#2799=VECTOR('',#9862,10.);
#2800=VECTOR('',#9863,10.);
#2801=VECTOR('',#9868,1.6);
#2802=VECTOR('',#9871,10.);
#2803=VECTOR('',#9872,10.);
#2804=VECTOR('',#9873,10.);
#2805=VECTOR('',#9874,10.);
#2806=VECTOR('',#9875,10.);
#2807=VECTOR('',#9876,10.);
#2808=VECTOR('',#9879,10.);
#2809=VECTOR('',#9880,10.);
#2810=VECTOR('',#9881,10.);
#2811=VECTOR('',#9882,10.);
#2812=VECTOR('',#9883,10.);
#2813=VECTOR('',#9884,10.);
#2814=VECTOR('',#9887,10.);
#2815=VECTOR('',#9888,10.);
#2816=VECTOR('',#9889,10.);
#2817=VECTOR('',#9890,10.);
#2818=VECTOR('',#9891,10.);
#2819=VECTOR('',#9894,10.);
#2820=VECTOR('',#9895,10.);
#2821=VECTOR('',#9898,10.);
#2822=VECTOR('',#9899,10.);
#2823=VECTOR('',#9900,10.);
#2824=VECTOR('',#9903,10.);
#2825=VECTOR('',#9904,10.);
#2826=VECTOR('',#9905,10.);
#2827=VECTOR('',#9906,10.);
#2828=VECTOR('',#9907,10.);
#2829=VECTOR('',#9908,10.);
#2830=VECTOR('',#9909,10.);
#2831=VECTOR('',#9912,10.);
#2832=VECTOR('',#9915,10.);
#2833=VECTOR('',#9918,10.);
#2834=VECTOR('',#9925,10.);
#2835=VECTOR('',#9926,10.);
#2836=VECTOR('',#9927,10.);
#2837=VECTOR('',#9930,10.);
#2838=VECTOR('',#9931,10.);
#2839=VECTOR('',#9934,10.);
#2840=VECTOR('',#9935,10.);
#2841=VECTOR('',#9938,10.);
#2842=VECTOR('',#9939,10.);
#2843=VECTOR('',#9940,10.);
#2844=VECTOR('',#9943,10.);
#2845=VECTOR('',#9944,10.);
#2846=VECTOR('',#9945,10.);
#2847=VECTOR('',#9946,10.);
#2848=VECTOR('',#9947,10.);
#2849=VECTOR('',#9950,10.);
#2850=VECTOR('',#9951,10.);
#2851=VECTOR('',#9952,10.);
#2852=VECTOR('',#9953,10.);
#2853=VECTOR('',#9954,10.);
#2854=VECTOR('',#9955,10.);
#2855=VECTOR('',#9956,10.);
#2856=VECTOR('',#9957,10.);
#2857=VECTOR('',#9962,10.);
#2858=VECTOR('',#9967,10.);
#2859=VECTOR('',#9970,10.);
#2860=VECTOR('',#9971,10.);
#2861=VECTOR('',#9972,10.);
#2862=VECTOR('',#9975,10.);
#2863=VECTOR('',#9976,10.);
#2864=VECTOR('',#9977,10.);
#2865=VECTOR('',#9978,10.);
#2866=VECTOR('',#9979,10.);
#2867=VECTOR('',#9982,10.);
#2868=VECTOR('',#9983,10.);
#2869=VECTOR('',#9984,10.);
#2870=VECTOR('',#9987,10.);
#2871=VECTOR('',#9990,10.);
#2872=VECTOR('',#9991,10.);
#2873=VECTOR('',#9992,10.);
#2874=VECTOR('',#9995,10.);
#2875=VECTOR('',#9996,10.);
#2876=VECTOR('',#9997,10.);
#2877=VECTOR('',#9998,10.);
#2878=VECTOR('',#9999,10.);
#2879=VECTOR('',#10004,1.6);
#2880=VECTOR('',#10007,10.);
#2881=VECTOR('',#10008,10.);
#2882=VECTOR('',#10013,10.);
#2883=VECTOR('',#10016,10.);
#2884=VECTOR('',#10017,10.);
#2885=VECTOR('',#10018,10.);
#2886=VECTOR('',#10019,10.);
#2887=VECTOR('',#10020,10.);
#2888=VECTOR('',#10021,10.);
#2889=VECTOR('',#10024,10.);
#2890=VECTOR('',#10027,10.);
#2891=VECTOR('',#10028,10.);
#2892=VECTOR('',#10029,10.);
#2893=VECTOR('',#10032,10.);
#2894=VECTOR('',#10033,10.);
#2895=VECTOR('',#10036,10.);
#2896=VECTOR('',#10037,10.);
#2897=VECTOR('',#10040,10.);
#2898=VECTOR('',#10041,10.);
#2899=VECTOR('',#10044,10.);
#2900=VECTOR('',#10045,10.);
#2901=VECTOR('',#10048,10.);
#2902=VECTOR('',#10049,10.);
#2903=VECTOR('',#10052,10.);
#2904=VECTOR('',#10055,10.);
#2905=VECTOR('',#10056,10.);
#2906=VECTOR('',#10057,10.);
#2907=VECTOR('',#10060,10.);
#2908=VECTOR('',#10061,10.);
#2909=VECTOR('',#10064,10.);
#2910=VECTOR('',#10065,10.);
#2911=VECTOR('',#10066,10.);
#2912=VECTOR('',#10069,10.);
#2913=VECTOR('',#10070,10.);
#2914=VECTOR('',#10077,10.);
#2915=VECTOR('',#10080,10.);
#2916=VECTOR('',#10083,10.);
#2917=VECTOR('',#10086,10.);
#2918=VECTOR('',#10089,10.);
#2919=VECTOR('',#10090,10.);
#2920=VECTOR('',#10093,10.);
#2921=VECTOR('',#10094,10.);
#2922=VECTOR('',#10101,10.);
#2923=VECTOR('',#10102,10.);
#2924=VECTOR('',#10105,10.);
#2925=VECTOR('',#10108,10.);
#2926=VECTOR('',#10111,10.);
#2927=VECTOR('',#10112,10.);
#2928=VECTOR('',#10115,10.);
#2929=VECTOR('',#10118,10.);
#2930=VECTOR('',#10119,10.);
#2931=VECTOR('',#10124,10.);
#2932=VECTOR('',#10125,10.);
#2933=VECTOR('',#10136,10.);
#2934=VECTOR('',#10141,10.);
#2935=VECTOR('',#10144,10.);
#2936=VECTOR('',#10151,10.);
#2937=VECTOR('',#10158,10.);
#2938=VECTOR('',#10159,10.);
#2939=VECTOR('',#10160,10.);
#2940=VECTOR('',#10161,10.);
#2941=VECTOR('',#10166,10.);
#2942=VECTOR('',#10181,10.);
#2943=VECTOR('',#10184,10.);
#2944=VECTOR('',#10189,10.);
#2945=VECTOR('',#10194,10.);
#2946=VECTOR('',#10195,10.);
#2947=VECTOR('',#10202,10.);
#2948=VECTOR('',#10205,10.);
#2949=VECTOR('',#10208,10.);
#2950=VECTOR('',#10209,10.);
#2951=VECTOR('',#10210,10.);
#2952=VECTOR('',#10215,10.);
#2953=VECTOR('',#10228,10.);
#2954=VECTOR('',#10231,10.);
#2955=VECTOR('',#10234,10.);
#2956=VECTOR('',#10235,10.);
#2957=VECTOR('',#10238,10.);
#2958=VECTOR('',#10243,10.);
#2959=VECTOR('',#10248,10.);
#2960=VECTOR('',#10249,10.);
#2961=VECTOR('',#10258,10.);
#2962=VECTOR('',#10259,10.);
#2963=VECTOR('',#10260,10.);
#2964=VECTOR('',#10261,10.);
#2965=VECTOR('',#10266,10.);
#2966=VECTOR('',#10273,10.);
#2967=VECTOR('',#10278,10.);
#2968=VECTOR('',#10279,10.);
#2969=VECTOR('',#10280,10.);
#2970=VECTOR('',#10285,10.);
#2971=VECTOR('',#10300,10.);
#2972=VECTOR('',#10303,10.);
#2973=VECTOR('',#10306,10.);
#2974=VECTOR('',#10307,10.);
#2975=VECTOR('',#10308,10.);
#2976=VECTOR('',#10313,10.);
#2977=VECTOR('',#10320,10.);
#2978=VECTOR('',#10325,10.);
#2979=VECTOR('',#10326,10.);
#2980=VECTOR('',#10327,10.);
#2981=VECTOR('',#10340,5.);
#2982=VECTOR('',#10349,5.);
#2983=VECTOR('',#10356,10.);
#2984=VECTOR('',#10359,10.);
#2985=VECTOR('',#10364,10.);
#2986=VECTOR('',#10367,10.);
#2987=VECTOR('',#10372,10.);
#2988=VECTOR('',#10377,10.);
#2989=VECTOR('',#10380,10.);
#2990=VECTOR('',#10385,10.);
#2991=VECTOR('',#10388,10.);
#2992=VECTOR('',#10393,10.);
#2993=VECTOR('',#10398,10.);
#2994=VECTOR('',#10401,10.);
#2995=VECTOR('',#10402,10.);
#2996=VECTOR('',#10407,10.);
#2997=VECTOR('',#10410,10.);
#2998=VECTOR('',#10415,10.);
#2999=VECTOR('',#10420,10.);
#3000=VECTOR('',#10423,10.);
#3001=VECTOR('',#10428,10.);
#3002=VECTOR('',#10431,10.);
#3003=VECTOR('',#10436,10.);
#3004=VECTOR('',#10443,5.9);
#3005=VECTOR('',#10448,4.9);
#3006=VECTOR('',#10451,10.);
#3007=VECTOR('',#10454,10.);
#3008=VECTOR('',#10457,10.);
#3009=VECTOR('',#10460,10.);
#3010=VECTOR('',#10461,10.);
#3011=VECTOR('',#10462,10.);
#3012=VECTOR('',#10463,10.);
#3013=VECTOR('',#10464,10.);
#3014=VECTOR('',#10465,10.);
#3015=VECTOR('',#10466,10.);
#3016=VECTOR('',#10467,10.);
#3017=VECTOR('',#10468,10.);
#3018=VECTOR('',#10469,10.);
#3019=VECTOR('',#10470,10.);
#3020=VECTOR('',#10471,10.);
#3021=VECTOR('',#10482,10.);
#3022=VECTOR('',#10483,10.);
#3023=VECTOR('',#10484,10.);
#3024=VECTOR('',#10485,10.);
#3025=VECTOR('',#10488,10.);
#3026=VECTOR('',#10489,10.);
#3027=VECTOR('',#10490,10.);
#3028=VECTOR('',#10493,10.);
#3029=VECTOR('',#10494,10.);
#3030=VECTOR('',#10497,10.);
#3031=VECTOR('',#10498,10.);
#3032=VECTOR('',#10501,10.);
#3033=VECTOR('',#10502,10.);
#3034=VECTOR('',#10505,10.);
#3035=VECTOR('',#10506,10.);
#3036=VECTOR('',#10507,10.);
#3037=VECTOR('',#10510,10.);
#3038=VECTOR('',#10513,10.);
#3039=VECTOR('',#10514,10.);
#3040=VECTOR('',#10515,10.);
#3041=VECTOR('',#10518,10.);
#3042=VECTOR('',#10519,10.);
#3043=VECTOR('',#10520,10.);
#3044=VECTOR('',#10521,10.);
#3045=VECTOR('',#10524,10.);
#3046=VECTOR('',#10525,10.);
#3047=VECTOR('',#10528,10.);
#3048=VECTOR('',#10531,10.);
#3049=VECTOR('',#10536,10.);
#3050=VECTOR('',#10537,10.);
#3051=VECTOR('',#10538,10.);
#3052=VECTOR('',#10539,10.);
#3053=VECTOR('',#10542,10.);
#3054=VECTOR('',#10543,10.);
#3055=VECTOR('',#10544,10.);
#3056=VECTOR('',#10547,10.);
#3057=VECTOR('',#10548,10.);
#3058=VECTOR('',#10549,10.);
#3059=VECTOR('',#10552,10.);
#3060=VECTOR('',#10553,10.);
#3061=VECTOR('',#10556,10.);
#3062=VECTOR('',#10559,10.);
#3063=VECTOR('',#10560,10.);
#3064=VECTOR('',#10561,10.);
#3065=VECTOR('',#10566,10.);
#3066=VECTOR('',#10569,4.9);
#3067=VECTOR('',#10572,5.9);
#3068=VECTOR('',#10577,10.);
#3069=VECTOR('',#10578,10.);
#3070=VECTOR('',#10581,10.);
#3071=VECTOR('',#10582,10.);
#3072=VECTOR('',#10587,10.);
#3073=VECTOR('',#10592,10.);
#3074=VECTOR('',#10593,10.);
#3075=VECTOR('',#10596,10.);
#3076=VECTOR('',#10597,10.);
#3077=VECTOR('',#10602,10.);
#3078=VECTOR('',#10605,10.);
#3079=VECTOR('',#10606,10.);
#3080=VECTOR('',#10609,10.);
#3081=VECTOR('',#10610,10.);
#3082=VECTOR('',#10613,10.);
#3083=VECTOR('',#10614,10.);
#3084=VECTOR('',#10617,10.);
#3085=VECTOR('',#10618,10.);
#3086=VECTOR('',#10621,10.);
#3087=VECTOR('',#10624,10.);
#3088=VECTOR('',#10627,10.);
#3089=VECTOR('',#10630,10.);
#3090=VECTOR('',#10633,10.);
#3091=VECTOR('',#10636,10.);
#3092=VECTOR('',#10641,10.);
#3093=VECTOR('',#10642,10.);
#3094=VECTOR('',#10643,10.);
#3095=VECTOR('',#10646,10.);
#3096=VECTOR('',#10651,10.);
#3097=VECTOR('',#10660,1.6);
#3098=VECTOR('',#10663,10.);
#3099=VECTOR('',#10664,10.);
#3100=VECTOR('',#10665,10.);
#3101=VECTOR('',#10668,10.);
#3102=VECTOR('',#10671,10.);
#3103=VECTOR('',#10680,1.6);
#3104=VECTOR('',#10685,10.);
#3105=VECTOR('',#10688,10.);
#3106=VECTOR('',#10693,10.);
#3107=VECTOR('',#10696,10.);
#3108=VECTOR('',#10697,10.);
#3109=VECTOR('',#10700,10.);
#3110=VECTOR('',#10701,10.);
#3111=VECTOR('',#10704,10.);
#3112=VECTOR('',#10705,10.);
#3113=VECTOR('',#10706,10.);
#3114=VECTOR('',#10707,10.);
#3115=VECTOR('',#10710,10.);
#3116=VECTOR('',#10717,4.);
#3117=VECTOR('',#10726,3.75);
#3118=VECTOR('',#10731,10.);
#3119=VECTOR('',#10732,10.);
#3120=VECTOR('',#10735,10.);
#3121=VECTOR('',#10736,10.);
#3122=VECTOR('',#10739,10.);
#3123=VECTOR('',#10742,10.);
#3124=VECTOR('',#10749,3.99999999999999);
#3125=VECTOR('',#10756,2.15);
#3126=VECTOR('',#10763,2.15);
#3127=VECTOR('',#10774,26.);
#3128=VECTOR('',#10779,10.);
#3129=VECTOR('',#10780,10.);
#3130=VECTOR('',#10781,10.);
#3131=VECTOR('',#10784,10.);
#3132=VECTOR('',#10785,10.);
#3133=VECTOR('',#10786,10.);
#3134=VECTOR('',#10789,10.);
#3135=VECTOR('',#10792,10.);
#3136=VECTOR('',#10793,10.);
#3137=VECTOR('',#10794,10.);
#3138=VECTOR('',#10795,10.);
#3139=VECTOR('',#10796,10.);
#3140=VECTOR('',#10797,10.);
#3141=VECTOR('',#10798,10.);
#3142=VECTOR('',#10799,10.);
#3143=VECTOR('',#10800,10.);
#3144=VECTOR('',#10801,10.);
#3145=VECTOR('',#10802,10.);
#3146=VECTOR('',#10803,10.);
#3147=VECTOR('',#10804,10.);
#3148=VECTOR('',#10805,10.);
#3149=VECTOR('',#10806,10.);
#3150=VECTOR('',#10807,10.);
#3151=VECTOR('',#10808,10.);
#3152=VECTOR('',#10809,10.);
#3153=VECTOR('',#10810,10.);
#3154=VECTOR('',#10811,10.);
#3155=VECTOR('',#10812,10.);
#3156=VECTOR('',#10813,10.);
#3157=VECTOR('',#10814,10.);
#3158=VECTOR('',#10815,10.);
#3159=VECTOR('',#10816,10.);
#3160=VECTOR('',#10817,10.);
#3161=VECTOR('',#10818,10.);
#3162=VECTOR('',#10819,10.);
#3163=VECTOR('',#10820,10.);
#3164=VECTOR('',#10821,10.);
#3165=VECTOR('',#10822,10.);
#3166=VECTOR('',#10823,10.);
#3167=VECTOR('',#10824,10.);
#3168=VECTOR('',#10825,10.);
#3169=VECTOR('',#10826,10.);
#3170=VECTOR('',#10827,10.);
#3171=VECTOR('',#10828,10.);
#3172=VECTOR('',#10829,10.);
#3173=VECTOR('',#10830,10.);
#3174=VECTOR('',#10831,10.);
#3175=VECTOR('',#10832,10.);
#3176=VECTOR('',#10833,10.);
#3177=VECTOR('',#10834,10.);
#3178=VECTOR('',#10837,10.);
#3179=VECTOR('',#10838,10.);
#3180=VECTOR('',#10839,10.);
#3181=VECTOR('',#10840,10.);
#3182=VECTOR('',#10841,10.);
#3183=VECTOR('',#10842,10.);
#3184=VECTOR('',#10843,10.);
#3185=VECTOR('',#10844,10.);
#3186=VECTOR('',#10845,10.);
#3187=VECTOR('',#10846,10.);
#3188=VECTOR('',#10847,10.);
#3189=VECTOR('',#10848,10.);
#3190=VECTOR('',#10849,10.);
#3191=VECTOR('',#10850,10.);
#3192=VECTOR('',#10853,10.);
#3193=VECTOR('',#10854,10.);
#3194=VECTOR('',#10855,10.);
#3195=VECTOR('',#10856,10.);
#3196=VECTOR('',#10859,10.);
#3197=VECTOR('',#10860,10.);
#3198=VECTOR('',#10861,10.);
#3199=VECTOR('',#10864,10.);
#3200=VECTOR('',#10865,10.);
#3201=VECTOR('',#10866,10.);
#3202=VECTOR('',#10869,10.);
#3203=VECTOR('',#10872,10.);
#3204=VECTOR('',#10879,10.);
#3205=VECTOR('',#10882,10.);
#3206=VECTOR('',#10883,10.);
#3207=VECTOR('',#10884,10.);
#3208=VECTOR('',#10885,10.);
#3209=VECTOR('',#10886,10.);
#3210=VECTOR('',#10887,10.);
#3211=VECTOR('',#10888,10.);
#3212=VECTOR('',#10893,10.);
#3213=VECTOR('',#10906,10.);
#3214=VECTOR('',#10915,10.);
#3215=VECTOR('',#10918,10.);
#3216=VECTOR('',#10919,10.);
#3217=VECTOR('',#10920,10.);
#3218=VECTOR('',#10923,10.);
#3219=VECTOR('',#10928,10.);
#3220=VECTOR('',#10929,10.);
#3221=VECTOR('',#10932,10.);
#3222=VECTOR('',#10937,10.);
#3223=VECTOR('',#10938,10.);
#3224=VECTOR('',#10943,4.);
#3225=VECTOR('',#10952,3.99999999999999);
#3226=VECTOR('',#10961,10.);
#3227=VECTOR('',#10964,10.);
#3228=VECTOR('',#10967,10.);
#3229=VECTOR('',#10968,10.);
#3230=VECTOR('',#10969,10.);
#3231=VECTOR('',#10970,10.);
#3232=VECTOR('',#10973,10.);
#3233=VECTOR('',#10974,10.);
#3234=VECTOR('',#10975,10.);
#3235=VECTOR('',#10980,10.);
#3236=VECTOR('',#10983,10.);
#3237=VECTOR('',#10986,10.);
#3238=VECTOR('',#10987,10.);
#3239=VECTOR('',#10992,10.);
#3240=VECTOR('',#10993,10.);
#3241=VECTOR('',#10994,10.);
#3242=VECTOR('',#10995,10.);
#3243=VECTOR('',#10996,10.);
#3244=VECTOR('',#10999,10.);
#3245=VECTOR('',#11002,10.);
#3246=VECTOR('',#11003,10.);
#3247=VECTOR('',#11004,10.);
#3248=VECTOR('',#11005,10.);
#3249=VECTOR('',#11006,10.);
#3250=VECTOR('',#11007,10.);
#3251=VECTOR('',#11008,10.);
#3252=VECTOR('',#11009,10.);
#3253=VECTOR('',#11010,10.);
#3254=VECTOR('',#11011,10.);
#3255=VECTOR('',#11014,10.);
#3256=VECTOR('',#11017,10.);
#3257=VECTOR('',#11018,10.);
#3258=VECTOR('',#11019,10.);
#3259=VECTOR('',#11024,10.);
#3260=VECTOR('',#11025,10.);
#3261=VECTOR('',#11034,10.);
#3262=VECTOR('',#11035,10.);
#3263=VECTOR('',#11038,10.);
#3264=VECTOR('',#11039,10.);
#3265=VECTOR('',#11042,10.);
#3266=VECTOR('',#11047,10.);
#3267=VECTOR('',#11048,10.);
#3268=VECTOR('',#11055,10.);
#3269=VECTOR('',#11056,10.);
#3270=VECTOR('',#11059,10.);
#3271=VECTOR('',#11066,10.);
#3272=VECTOR('',#11067,10.);
#3273=VECTOR('',#11068,10.);
#3274=VECTOR('',#11073,10.);
#3275=VECTOR('',#11076,10.);
#3276=VECTOR('',#11077,10.);
#3277=VECTOR('',#11078,10.);
#3278=VECTOR('',#11079,10.);
#3279=VECTOR('',#11080,10.);
#3280=VECTOR('',#11091,10.);
#3281=VECTOR('',#11096,10.);
#3282=VECTOR('',#11097,10.);
#3283=VECTOR('',#11098,10.);
#3284=VECTOR('',#11103,10.);
#3285=VECTOR('',#11108,2.15);
#3286=VECTOR('',#11111,2.15);
#3287=VECTOR('',#11118,2.15);
#3288=VECTOR('',#11121,2.15);
#3289=VECTOR('',#11126,10.);
#3290=VECTOR('',#11127,10.);
#3291=VECTOR('',#11130,10.);
#3292=VECTOR('',#11133,10.);
#3293=VECTOR('',#11134,10.);
#3294=VECTOR('',#11137,10.);
#3295=VECTOR('',#11138,10.);
#3296=VECTOR('',#11143,10.);
#3297=VECTOR('',#11144,10.);
#3298=VECTOR('',#11147,10.);
#3299=VECTOR('',#11150,10.);
#3300=VECTOR('',#11151,10.);
#3301=VECTOR('',#11152,10.);
#3302=VECTOR('',#11157,10.);
#3303=VECTOR('',#11158,10.);
#3304=VECTOR('',#11159,10.);
#3305=VECTOR('',#11160,10.);
#3306=VECTOR('',#11161,10.);
#3307=VECTOR('',#11162,10.);
#3308=VECTOR('',#11163,10.);
#3309=VECTOR('',#11164,10.);
#3310=VECTOR('',#11167,10.);
#3311=VECTOR('',#11168,10.);
#3312=VECTOR('',#11169,10.);
#3313=VECTOR('',#11170,10.);
#3314=VECTOR('',#11171,10.);
#3315=VECTOR('',#11174,10.);
#3316=VECTOR('',#11175,10.);
#3317=VECTOR('',#11178,10.);
#3318=VECTOR('',#11181,10.);
#3319=VECTOR('',#11184,10.);
#3320=VECTOR('',#11187,10.);
#3321=VECTOR('',#11188,10.);
#3322=VECTOR('',#11189,10.);
#3323=VECTOR('',#11190,10.);
#3324=VECTOR('',#11193,10.);
#3325=VECTOR('',#11194,10.);
#3326=VECTOR('',#11195,10.);
#3327=VECTOR('',#11196,10.);
#3328=VECTOR('',#11199,10.);
#3329=VECTOR('',#11200,10.);
#3330=VECTOR('',#11203,10.);
#3331=VECTOR('',#11204,10.);
#3332=VECTOR('',#11207,10.);
#3333=VECTOR('',#11208,10.);
#3334=VECTOR('',#11211,10.);
#3335=VECTOR('',#11212,10.);
#3336=VECTOR('',#11215,10.);
#3337=VECTOR('',#11218,10.);
#3338=VECTOR('',#11221,10.);
#3339=VECTOR('',#11222,10.);
#3340=VECTOR('',#11225,10.);
#3341=VECTOR('',#11226,10.);
#3342=VECTOR('',#11229,10.);
#3343=VECTOR('',#11232,10.);
#3344=VECTOR('',#11233,10.);
#3345=VECTOR('',#11234,10.);
#3346=VECTOR('',#11237,10.);
#3347=VECTOR('',#11238,10.);
#3348=VECTOR('',#11241,10.);
#3349=VECTOR('',#11242,10.);
#3350=VECTOR('',#11243,10.);
#3351=VECTOR('',#11244,10.);
#3352=VECTOR('',#11245,10.);
#3353=VECTOR('',#11246,10.);
#3354=VECTOR('',#11247,10.);
#3355=VECTOR('',#11248,10.);
#3356=VECTOR('',#11249,10.);
#3357=VECTOR('',#11252,10.);
#3358=VECTOR('',#11253,10.);
#3359=VECTOR('',#11254,10.);
#3360=VECTOR('',#11257,10.);
#3361=VECTOR('',#11258,10.);
#3362=VECTOR('',#11261,10.);
#3363=VECTOR('',#11262,10.);
#3364=VECTOR('',#11265,10.);
#3365=VECTOR('',#11266,10.);
#3366=VECTOR('',#11267,10.);
#3367=VECTOR('',#11270,10.);
#3368=VECTOR('',#11271,10.);
#3369=VECTOR('',#11274,10.);
#3370=VECTOR('',#11275,10.);
#3371=VECTOR('',#11276,10.);
#3372=VECTOR('',#11279,10.);
#3373=VECTOR('',#11280,10.);
#3374=VECTOR('',#11283,10.);
#3375=VECTOR('',#11284,10.);
#3376=VECTOR('',#11285,10.);
#3377=VECTOR('',#11286,10.);
#3378=VECTOR('',#11289,10.);
#3379=VECTOR('',#11290,10.);
#3380=VECTOR('',#11293,10.);
#3381=VECTOR('',#11294,10.);
#3382=VECTOR('',#11297,10.);
#3383=VECTOR('',#11298,10.);
#3384=VECTOR('',#11301,10.);
#3385=VECTOR('',#11302,10.);
#3386=VECTOR('',#11303,10.);
#3387=VECTOR('',#11304,10.);
#3388=VECTOR('',#11305,10.);
#3389=VECTOR('',#11306,10.);
#3390=VECTOR('',#11307,10.);
#3391=VECTOR('',#11310,10.);
#3392=VECTOR('',#11311,10.);
#3393=VECTOR('',#11312,10.);
#3394=VECTOR('',#11313,10.);
#3395=VECTOR('',#11314,10.);
#3396=VECTOR('',#11315,10.);
#3397=VECTOR('',#11316,10.);
#3398=VECTOR('',#11317,10.);
#3399=VECTOR('',#11318,10.);
#3400=VECTOR('',#11321,10.);
#3401=VECTOR('',#11322,10.);
#3402=VECTOR('',#11323,10.);
#3403=VECTOR('',#11326,10.);
#3404=VECTOR('',#11327,10.);
#3405=VECTOR('',#11330,10.);
#3406=VECTOR('',#11331,10.);
#3407=VECTOR('',#11334,10.);
#3408=VECTOR('',#11335,10.);
#3409=VECTOR('',#11338,10.);
#3410=VECTOR('',#11339,10.);
#3411=VECTOR('',#11340,10.);
#3412=VECTOR('',#11341,10.);
#3413=VECTOR('',#11342,10.);
#3414=VECTOR('',#11343,10.);
#3415=VECTOR('',#11344,10.);
#3416=VECTOR('',#11345,10.);
#3417=VECTOR('',#11348,10.);
#3418=VECTOR('',#11349,10.);
#3419=VECTOR('',#11350,10.);
#3420=VECTOR('',#11351,10.);
#3421=VECTOR('',#11352,10.);
#3422=VECTOR('',#11355,10.);
#3423=VECTOR('',#11356,10.);
#3424=VECTOR('',#11359,10.);
#3425=VECTOR('',#11362,10.);
#3426=VECTOR('',#11365,10.);
#3427=VECTOR('',#11366,10.);
#3428=VECTOR('',#11367,10.);
#3429=VECTOR('',#11368,10.);
#3430=VECTOR('',#11369,10.);
#3431=VECTOR('',#11370,10.);
#3432=VECTOR('',#11371,10.);
#3433=VECTOR('',#11372,10.);
#3434=VECTOR('',#11373,10.);
#3435=VECTOR('',#11374,10.);
#3436=VECTOR('',#11375,10.);
#3437=VECTOR('',#11376,10.);
#3438=VECTOR('',#11377,10.);
#3439=VECTOR('',#11378,10.);
#3440=VECTOR('',#11379,10.);
#3441=VECTOR('',#11380,10.);
#3442=VECTOR('',#11381,10.);
#3443=VECTOR('',#11382,10.);
#3444=VECTOR('',#11383,10.);
#3445=VECTOR('',#11384,10.);
#3446=VECTOR('',#11385,10.);
#3447=VECTOR('',#11386,10.);
#3448=VECTOR('',#11387,10.);
#3449=VECTOR('',#11388,10.);
#3450=VECTOR('',#11389,10.);
#3451=VECTOR('',#11390,10.);
#3452=VECTOR('',#11391,10.);
#3453=VECTOR('',#11392,10.);
#3454=VECTOR('',#11393,10.);
#3455=VECTOR('',#11404,10.);
#3456=VECTOR('',#11407,10.);
#3457=VECTOR('',#11410,10.);
#3458=VECTOR('',#11423,10.);
#3459=VECTOR('',#11426,10.);
#3460=VECTOR('',#11429,10.);
#3461=VECTOR('',#11430,10.);
#3462=VECTOR('',#11431,10.);
#3463=VECTOR('',#11432,10.);
#3464=VECTOR('',#11433,10.);
#3465=VECTOR('',#11434,10.);
#3466=VECTOR('',#11435,10.);
#3467=VECTOR('',#11436,10.);
#3468=VECTOR('',#11439,10.);
#3469=VECTOR('',#11442,10.);
#3470=VECTOR('',#11447,10.);
#3471=VECTOR('',#11450,10.);
#3472=VECTOR('',#11453,10.);
#3473=VECTOR('',#11454,10.);
#3474=VECTOR('',#11455,10.);
#3475=VECTOR('',#11456,10.);
#3476=VECTOR('',#11457,10.);
#3477=VECTOR('',#11458,10.);
#3478=VECTOR('',#11459,10.);
#3479=VECTOR('',#11460,10.);
#3480=VECTOR('',#11461,10.);
#3481=VECTOR('',#11462,10.);
#3482=VECTOR('',#11463,10.);
#3483=VECTOR('',#11464,10.);
#3484=VECTOR('',#11467,10.);
#3485=VECTOR('',#11468,10.);
#3486=VECTOR('',#11471,10.);
#3487=VECTOR('',#11472,10.);
#3488=VECTOR('',#11473,10.);
#3489=VECTOR('',#11476,10.);
#3490=VECTOR('',#11479,10.);
#3491=VECTOR('',#11482,10.);
#3492=VECTOR('',#11485,10.);
#3493=VECTOR('',#11490,10.);
#3494=VECTOR('',#11491,10.);
#3495=VECTOR('',#11496,10.);
#3496=VECTOR('',#11505,10.);
#3497=VECTOR('',#11506,10.);
#3498=VECTOR('',#11507,10.);
#3499=VECTOR('',#11508,10.);
#3500=VECTOR('',#11511,10.);
#3501=VECTOR('',#11512,10.);
#3502=VECTOR('',#11513,10.);
#3503=VECTOR('',#11516,10.);
#3504=VECTOR('',#11517,10.);
#3505=VECTOR('',#11518,10.);
#3506=VECTOR('',#11521,10.);
#3507=VECTOR('',#11522,10.);
#3508=VECTOR('',#11531,10.);
#3509=VECTOR('',#11534,10.);
#3510=VECTOR('',#11543,10.);
#3511=VECTOR('',#11544,10.);
#3512=VECTOR('',#11545,10.);
#3513=VECTOR('',#11546,10.);
#3514=VECTOR('',#11547,10.);
#3515=VECTOR('',#11548,10.);
#3516=VECTOR('',#11551,10.);
#3517=VECTOR('',#11562,10.);
#3518=VECTOR('',#11565,10.);
#3519=VECTOR('',#11568,10.);
#3520=VECTOR('',#11569,10.);
#3521=VECTOR('',#11570,10.);
#3522=VECTOR('',#11571,10.);
#3523=VECTOR('',#11572,10.);
#3524=VECTOR('',#11577,10.);
#3525=VECTOR('',#11580,10.);
#3526=VECTOR('',#11585,10.);
#3527=VECTOR('',#11590,10.);
#3528=VECTOR('',#11593,10.);
#3529=VECTOR('',#11594,10.);
#3530=VECTOR('',#11597,10.);
#3531=VECTOR('',#11600,10.);
#3532=VECTOR('',#11605,10.);
#3533=VECTOR('',#11610,10.);
#3534=VECTOR('',#11613,10.);
#3535=VECTOR('',#11618,10.);
#3536=VECTOR('',#11625,10.);
#3537=VECTOR('',#11628,10.);
#3538=VECTOR('',#11633,10.);
#3539=VECTOR('',#11636,10.);
#3540=VECTOR('',#11647,10.);
#3541=VECTOR('',#11648,10.);
#3542=VECTOR('',#11649,10.);
#3543=VECTOR('',#11650,10.);
#3544=VECTOR('',#11651,10.);
#3545=VECTOR('',#11660,10.);
#3546=VECTOR('',#11661,10.);
#3547=VECTOR('',#11662,10.);
#3548=VECTOR('',#11663,10.);
#3549=VECTOR('',#11664,10.);
#3550=VECTOR('',#11667,10.);
#3551=VECTOR('',#11670,10.);
#3552=VECTOR('',#11675,10.);
#3553=VECTOR('',#11680,10.);
#3554=VECTOR('',#11685,10.);
#3555=VECTOR('',#11688,10.);
#3556=VECTOR('',#11691,10.);
#3557=VECTOR('',#11692,10.);
#3558=VECTOR('',#11697,10.);
#3559=VECTOR('',#11700,10.);
#3560=VECTOR('',#11705,10.);
#3561=VECTOR('',#11710,10.);
#3562=VECTOR('',#11713,10.);
#3563=VECTOR('',#11714,10.);
#3564=VECTOR('',#11725,10.);
#3565=VECTOR('',#11728,10.);
#3566=VECTOR('',#11731,10.);
#3567=VECTOR('',#11732,10.);
#3568=VECTOR('',#11741,10.);
#3569=VECTOR('',#11742,10.);
#3570=VECTOR('',#11743,10.);
#3571=VECTOR('',#11744,10.);
#3572=VECTOR('',#11747,10.);
#3573=VECTOR('',#11748,10.);
#3574=VECTOR('',#11749,10.);
#3575=VECTOR('',#11752,10.);
#3576=VECTOR('',#11753,10.);
#3577=VECTOR('',#11754,10.);
#3578=VECTOR('',#11757,10.);
#3579=VECTOR('',#11758,10.);
#3580=CIRCLE('',#9005,2.9);
#3581=CIRCLE('',#9006,1.5);
#3582=CIRCLE('',#9008,2.90000000000001);
#3583=CIRCLE('',#9009,5.9);
#3584=CIRCLE('',#9010,4.9);
#3585=CIRCLE('',#9012,1.5);
#3586=CIRCLE('',#9014,1.5);
#3587=CIRCLE('',#9016,1.5);
#3588=CIRCLE('',#9018,2.90000000000001);
#3589=CIRCLE('',#9019,1.5);
#3590=CIRCLE('',#9021,2.9);
#3591=CIRCLE('',#9022,4.9);
#3592=CIRCLE('',#9023,5.9);
#3593=CIRCLE('',#9025,1.5);
#3594=CIRCLE('',#9027,1.5);
#3595=CIRCLE('',#9029,1.5);
#3596=CIRCLE('',#9033,1.);
#3597=CIRCLE('',#9034,1.);
#3598=CIRCLE('',#9037,37.5);
#3599=CIRCLE('',#9042,0.5);
#3600=CIRCLE('',#9047,0.5);
#3601=CIRCLE('',#9051,1.6);
#3602=CIRCLE('',#9053,1.6);
#3603=CIRCLE('',#9055,1.6);
#3604=CIRCLE('',#9065,1.6);
#3605=CIRCLE('',#9082,5.9);
#3606=CIRCLE('',#9083,5.0000005401671);
#3607=CIRCLE('',#9084,5.);
#3608=CIRCLE('',#9085,5.);
#3609=CIRCLE('',#9086,5.0000005401671);
#3610=CIRCLE('',#9093,1.6);
#3611=CIRCLE('',#9097,25.);
#3612=CIRCLE('',#9098,25.);
#3613=CIRCLE('',#9099,25.);
#3614=CIRCLE('',#9100,25.);
#3615=CIRCLE('',#9112,25.);
#3616=CIRCLE('',#9113,25.);
#3617=CIRCLE('',#9115,25.);
#3618=CIRCLE('',#9116,25.);
#3619=CIRCLE('',#9117,25.);
#3620=CIRCLE('',#9120,25.);
#3621=CIRCLE('',#9126,25.);
#3622=CIRCLE('',#9128,25.);
#3623=CIRCLE('',#9130,5.0000005401671);
#3624=CIRCLE('',#9131,5.00000054016709);
#3625=CIRCLE('',#9132,5.);
#3626=CIRCLE('',#9133,5.);
#3627=CIRCLE('',#9134,5.0000005401671);
#3628=CIRCLE('',#9135,5.00000054016709);
#3629=CIRCLE('',#9136,5.);
#3630=CIRCLE('',#9137,5.0000005401671);
#3631=CIRCLE('',#9138,5.00000054016709);
#3632=CIRCLE('',#9139,5.);
#3633=CIRCLE('',#9140,5.0000005401671);
#3634=CIRCLE('',#9141,5.0000005401671);
#3635=CIRCLE('',#9144,5.);
#3636=CIRCLE('',#9145,5.);
#3637=CIRCLE('',#9147,5.0000005401671);
#3638=CIRCLE('',#9148,5.0000005401671);
#3639=CIRCLE('',#9151,5.);
#3640=CIRCLE('',#9152,5.);
#3641=CIRCLE('',#9154,5.0000005401671);
#3642=CIRCLE('',#9155,5.0000005401671);
#3643=CIRCLE('',#9159,5.);
#3644=CIRCLE('',#9160,5.);
#3645=CIRCLE('',#9163,5.);
#3646=CIRCLE('',#9164,5.);
#3647=CIRCLE('',#9166,5.00000054016708);
#3648=CIRCLE('',#9167,5.00000054016708);
#3649=CIRCLE('',#9170,5.0000005401671);
#3650=CIRCLE('',#9173,5.0000005401671);
#3651=CIRCLE('',#9175,5.);
#3652=CIRCLE('',#9178,5.);
#3653=CIRCLE('',#9182,5.00000054016708);
#3654=CIRCLE('',#9183,5.00000054016708);
#3655=CIRCLE('',#9185,5.);
#3656=CIRCLE('',#9186,5.);
#3657=CIRCLE('',#9189,5.);
#3658=CIRCLE('',#9190,5.);
#3659=CIRCLE('',#9192,5.00000054016708);
#3660=CIRCLE('',#9193,5.00000054016708);
#3661=CIRCLE('',#9196,5.0000005401671);
#3662=CIRCLE('',#9197,5.0000005401671);
#3663=CIRCLE('',#9200,5.0000005401671);
#3664=CIRCLE('',#9201,5.0000005401671);
#3665=CIRCLE('',#9203,5.);
#3666=CIRCLE('',#9204,5.);
#3667=CIRCLE('',#9207,5.00000054016709);
#3668=CIRCLE('',#9208,5.00000054016709);
#3669=CIRCLE('',#9211,5.);
#3670=CIRCLE('',#9212,5.);
#3671=CIRCLE('',#9215,5.);
#3672=CIRCLE('',#9216,5.);
#3673=CIRCLE('',#9219,5.0000005401671);
#3674=CIRCLE('',#9221,5.0000005401671);
#3675=CIRCLE('',#9223,5.);
#3676=CIRCLE('',#9227,5.0000005401671);
#3677=CIRCLE('',#9229,5.00000054016709);
#3678=CIRCLE('',#9231,5.);
#3679=CIRCLE('',#9235,5.0000005401671);
#3680=CIRCLE('',#9237,5.00000054016709);
#3681=CIRCLE('',#9239,5.);
#3682=CIRCLE('',#9243,5.0000005401671);
#3683=CIRCLE('',#9245,5.00000054016709);
#3684=CIRCLE('',#9247,5.);
#3685=CIRCLE('',#9251,5.9);
#3686=CIRCLE('',#9253,4.9);
#3687=CIRCLE('',#9258,37.5);
#3688=CIRCLE('',#9259,3.99999999999999);
#3689=CIRCLE('',#9260,3.75);
#3690=CIRCLE('',#9261,4.);
#3691=CIRCLE('',#9281,4.9);
#3692=CIRCLE('',#9286,1.);
#3693=CIRCLE('',#9289,1.);
#3694=CIRCLE('',#9311,1.6);
#3695=CIRCLE('',#9313,1.6);
#3696=CIRCLE('',#9320,1.6);
#3697=CIRCLE('',#9332,4.);
#3698=CIRCLE('',#9334,2.15);
#3699=CIRCLE('',#9336,3.75);
#3700=CIRCLE('',#9344,3.99999999999999);
#3701=CIRCLE('',#9346,2.15);
#3702=CIRCLE('',#9348,2.15);
#3703=CIRCLE('',#9351,2.15);
#3704=CIRCLE('',#9355,28.);
#3705=CIRCLE('',#9356,24.);
#3706=CIRCLE('',#9358,25.);
#3707=CIRCLE('',#9359,24.5);
#3708=CIRCLE('',#9360,24.5);
#3709=CIRCLE('',#9361,25.);
#3710=CIRCLE('',#9368,0.5);
#3711=CIRCLE('',#9369,0.500000070353994);
#3712=CIRCLE('',#9372,0.5);
#3713=CIRCLE('',#9373,0.500000000000007);
#3714=CIRCLE('',#9375,0.499999999999994);
#3715=CIRCLE('',#9376,25.);
#3716=CIRCLE('',#9378,0.499999999999994);
#3717=CIRCLE('',#9380,0.500000000000003);
#3718=CIRCLE('',#9381,25.);
#3719=CIRCLE('',#9385,25.);
#3720=CIRCLE('',#9388,25.);
#3721=CIRCLE('',#9391,4.);
#3722=CIRCLE('',#9392,4.);
#3723=CIRCLE('',#9395,3.99999999999999);
#3724=CIRCLE('',#9396,3.99999999999999);
#3725=CIRCLE('',#9399,4.49999999999999);
#3726=CIRCLE('',#9400,4.49999999999999);
#3727=CIRCLE('',#9404,4.49999999999999);
#3728=CIRCLE('',#9405,4.49999999999999);
#3729=CIRCLE('',#9407,2.15);
#3730=CIRCLE('',#9409,25.);
#3731=CIRCLE('',#9410,25.);
#3732=CIRCLE('',#9411,25.);
#3733=CIRCLE('',#9412,25.);
#3734=CIRCLE('',#9414,4.5);
#3735=CIRCLE('',#9415,4.5);
#3736=CIRCLE('',#9417,4.5);
#3737=CIRCLE('',#9418,4.5);
#3738=CIRCLE('',#9421,2.15);
#3739=CIRCLE('',#9424,4.5);
#3740=CIRCLE('',#9425,4.5);
#3741=CIRCLE('',#9427,4.5);
#3742=CIRCLE('',#9428,2.15);
#3743=CIRCLE('',#9431,4.5);
#3744=CIRCLE('',#9434,4.49999999999999);
#3745=CIRCLE('',#9435,4.49999999999999);
#3746=CIRCLE('',#9437,4.49999999999999);
#3747=CIRCLE('',#9438,2.15);
#3748=CIRCLE('',#9441,4.49999999999999);
#3749=CIRCLE('',#9443,2.15);
#3750=CIRCLE('',#9445,2.15);
#3751=CIRCLE('',#9447,2.15);
#3752=CIRCLE('',#9449,2.15);
#3753=CIRCLE('',#9451,25.);
#3754=CIRCLE('',#9452,25.);
#3755=CIRCLE('',#9458,25.);
#3756=CIRCLE('',#9461,25.);
#3757=CIRCLE('',#9543,6.5);
#3758=CIRCLE('',#9544,2.5);
#3759=CIRCLE('',#9546,6.3);
#3760=CIRCLE('',#9547,6.9);
#3761=CIRCLE('',#9550,6.9);
#3762=CIRCLE('',#9552,6.3);
#3763=CIRCLE('',#9553,6.9);
#3764=CIRCLE('',#9555,6.9);
#3765=CIRCLE('',#9558,6.5);
#3766=CIRCLE('',#9559,2.5);
#3767=CIRCLE('',#9560,5.75);
#3768=CIRCLE('',#9561,4.7);
#3769=CIRCLE('',#9562,4.7);
#3770=CIRCLE('',#9563,5.75);
#3771=CIRCLE('',#9569,5.75);
#3772=CIRCLE('',#9572,4.7);
#3773=CIRCLE('',#9576,5.75);
#3774=CIRCLE('',#9579,4.7);
#3775=CIRCLE('',#9583,4.5);
#3776=CIRCLE('',#9584,5.5);
#3777=CIRCLE('',#9587,4.5);
#3778=CIRCLE('',#9588,5.5);
#3779=CIRCLE('',#9591,2.);
#3780=CIRCLE('',#9592,5.9);
#3781=CIRCLE('',#9593,4.85);
#3782=CIRCLE('',#9594,3.6);
#3783=CIRCLE('',#9595,4.85);
#3784=CIRCLE('',#9596,3.6);
#3785=CIRCLE('',#9598,2.);
#3786=CIRCLE('',#9601,5.9);
#3787=CIRCLE('',#9605,4.85);
#3788=CIRCLE('',#9609,3.6);
#3789=CIRCLE('',#9612,4.85);
#3790=CIRCLE('',#9616,3.6);
#3791=VERTEX_POINT('',#11765);
#3792=VERTEX_POINT('',#11767);
#3793=VERTEX_POINT('',#11771);
#3794=VERTEX_POINT('',#11772);
#3795=VERTEX_POINT('',#11774);
#3796=VERTEX_POINT('',#11776);
#3797=VERTEX_POINT('',#11778);
#3798=VERTEX_POINT('',#11780);
#3799=VERTEX_POINT('',#11783);
#3800=VERTEX_POINT('',#11785);
#3801=VERTEX_POINT('',#11787);
#3802=VERTEX_POINT('',#11789);
#3803=VERTEX_POINT('',#11790);
#3804=VERTEX_POINT('',#11792);
#3805=VERTEX_POINT('',#11794);
#3806=VERTEX_POINT('',#11798);
#3807=VERTEX_POINT('',#11802);
#3808=VERTEX_POINT('',#11806);
#3809=VERTEX_POINT('',#11810);
#3810=VERTEX_POINT('',#11812);
#3811=VERTEX_POINT('',#11816);
#3812=VERTEX_POINT('',#11817);
#3813=VERTEX_POINT('',#11819);
#3814=VERTEX_POINT('',#11821);
#3815=VERTEX_POINT('',#11823);
#3816=VERTEX_POINT('',#11825);
#3817=VERTEX_POINT('',#11828);
#3818=VERTEX_POINT('',#11830);
#3819=VERTEX_POINT('',#11832);
#3820=VERTEX_POINT('',#11834);
#3821=VERTEX_POINT('',#11835);
#3822=VERTEX_POINT('',#11837);
#3823=VERTEX_POINT('',#11839);
#3824=VERTEX_POINT('',#11843);
#3825=VERTEX_POINT('',#11847);
#3826=VERTEX_POINT('',#11851);
#3827=VERTEX_POINT('',#11855);
#3828=VERTEX_POINT('',#11856);
#3829=VERTEX_POINT('',#11858);
#3830=VERTEX_POINT('',#11860);
#3831=VERTEX_POINT('',#11864);
#3832=VERTEX_POINT('',#11866);
#3833=VERTEX_POINT('',#11868);
#3834=VERTEX_POINT('',#11872);
#3835=VERTEX_POINT('',#11874);
#3836=VERTEX_POINT('',#11876);
#3837=VERTEX_POINT('',#11878);
#3838=VERTEX_POINT('',#11880);
#3839=VERTEX_POINT('',#11882);
#3840=VERTEX_POINT('',#11884);
#3841=VERTEX_POINT('',#11886);
#3842=VERTEX_POINT('',#11888);
#3843=VERTEX_POINT('',#11890);
#3844=VERTEX_POINT('',#11894);
#3845=VERTEX_POINT('',#11895);
#3846=VERTEX_POINT('',#11897);
#3847=VERTEX_POINT('',#11899);
#3848=VERTEX_POINT('',#11903);
#3849=VERTEX_POINT('',#11905);
#3850=VERTEX_POINT('',#11907);
#3851=VERTEX_POINT('',#11911);
#3852=VERTEX_POINT('',#11913);
#3853=VERTEX_POINT('',#11915);
#3854=VERTEX_POINT('',#11917);
#3855=VERTEX_POINT('',#11919);
#3856=VERTEX_POINT('',#11921);
#3857=VERTEX_POINT('',#11923);
#3858=VERTEX_POINT('',#11925);
#3859=VERTEX_POINT('',#11927);
#3860=VERTEX_POINT('',#11929);
#3861=VERTEX_POINT('',#11933);
#3862=VERTEX_POINT('',#11935);
#3863=VERTEX_POINT('',#11939);
#3864=VERTEX_POINT('',#11944);
#3865=VERTEX_POINT('',#11950);
#3866=VERTEX_POINT('',#11952);
#3867=VERTEX_POINT('',#11954);
#3868=VERTEX_POINT('',#11958);
#3869=VERTEX_POINT('',#11959);
#3870=VERTEX_POINT('',#11961);
#3871=VERTEX_POINT('',#11963);
#3872=VERTEX_POINT('',#11966);
#3873=VERTEX_POINT('',#11969);
#3874=VERTEX_POINT('',#11970);
#3875=VERTEX_POINT('',#11972);
#3876=VERTEX_POINT('',#11974);
#3877=VERTEX_POINT('',#11979);
#3878=VERTEX_POINT('',#11981);
#3879=VERTEX_POINT('',#11983);
#3880=VERTEX_POINT('',#11985);
#3881=VERTEX_POINT('',#11988);
#3882=VERTEX_POINT('',#11991);
#3883=VERTEX_POINT('',#11992);
#3884=VERTEX_POINT('',#11994);
#3885=VERTEX_POINT('',#11996);
#3886=VERTEX_POINT('',#11998);
#3887=VERTEX_POINT('',#12000);
#3888=VERTEX_POINT('',#12002);
#3889=VERTEX_POINT('',#12004);
#3890=VERTEX_POINT('',#12007);
#3891=VERTEX_POINT('',#12008);
#3892=VERTEX_POINT('',#12010);
#3893=VERTEX_POINT('',#12013);
#3894=VERTEX_POINT('',#12019);
#3895=VERTEX_POINT('',#12020);
#3896=VERTEX_POINT('',#12022);
#3897=VERTEX_POINT('',#12024);
#3898=VERTEX_POINT('',#12028);
#3899=VERTEX_POINT('',#12030);
#3900=VERTEX_POINT('',#12034);
#3901=VERTEX_POINT('',#12036);
#3902=VERTEX_POINT('',#12043);
#3903=VERTEX_POINT('',#12045);
#3904=VERTEX_POINT('',#12049);
#3905=VERTEX_POINT('',#12051);
#3906=VERTEX_POINT('',#12053);
#3907=VERTEX_POINT('',#12055);
#3908=VERTEX_POINT('',#12060);
#3909=VERTEX_POINT('',#12064);
#3910=VERTEX_POINT('',#12065);
#3911=VERTEX_POINT('',#12067);
#3912=VERTEX_POINT('',#12069);
#3913=VERTEX_POINT('',#12073);
#3914=VERTEX_POINT('',#12077);
#3915=VERTEX_POINT('',#12078);
#3916=VERTEX_POINT('',#12080);
#3917=VERTEX_POINT('',#12082);
#3918=VERTEX_POINT('',#12084);
#3919=VERTEX_POINT('',#12086);
#3920=VERTEX_POINT('',#12090);
#3921=VERTEX_POINT('',#12092);
#3922=VERTEX_POINT('',#12094);
#3923=VERTEX_POINT('',#12097);
#3924=VERTEX_POINT('',#12128);
#3925=VERTEX_POINT('',#12129);
#3926=VERTEX_POINT('',#12144);
#3927=VERTEX_POINT('',#12149);
#3928=VERTEX_POINT('',#12179);
#3929=VERTEX_POINT('',#12181);
#3930=VERTEX_POINT('',#12183);
#3931=VERTEX_POINT('',#12188);
#3932=VERTEX_POINT('',#12192);
#3933=VERTEX_POINT('',#12194);
#3934=VERTEX_POINT('',#12198);
#3935=VERTEX_POINT('',#12201);
#3936=VERTEX_POINT('',#12204);
#3937=VERTEX_POINT('',#12206);
#3938=VERTEX_POINT('',#12218);
#3939=VERTEX_POINT('',#12220);
#3940=VERTEX_POINT('',#12224);
#3941=VERTEX_POINT('',#12228);
#3942=VERTEX_POINT('',#12233);
#3943=VERTEX_POINT('',#12237);
#3944=VERTEX_POINT('',#12239);
#3945=VERTEX_POINT('',#12241);
#3946=VERTEX_POINT('',#12245);
#3947=VERTEX_POINT('',#12247);
#3948=VERTEX_POINT('',#12248);
#3949=VERTEX_POINT('',#12250);
#3950=VERTEX_POINT('',#12252);
#3951=VERTEX_POINT('',#12254);
#3952=VERTEX_POINT('',#12256);
#3953=VERTEX_POINT('',#12258);
#3954=VERTEX_POINT('',#12260);
#3955=VERTEX_POINT('',#12263);
#3956=VERTEX_POINT('',#12264);
#3957=VERTEX_POINT('',#12266);
#3958=VERTEX_POINT('',#12268);
#3959=VERTEX_POINT('',#12270);
#3960=VERTEX_POINT('',#12272);
#3961=VERTEX_POINT('',#12276);
#3962=VERTEX_POINT('',#12278);
#3963=VERTEX_POINT('',#12282);
#3964=VERTEX_POINT('',#12284);
#3965=VERTEX_POINT('',#12286);
#3966=VERTEX_POINT('',#12288);
#3967=VERTEX_POINT('',#12292);
#3968=VERTEX_POINT('',#12294);
#3969=VERTEX_POINT('',#12300);
#3970=VERTEX_POINT('',#12302);
#3971=VERTEX_POINT('',#12306);
#3972=VERTEX_POINT('',#12307);
#3973=VERTEX_POINT('',#12309);
#3974=VERTEX_POINT('',#12311);
#3975=VERTEX_POINT('',#12315);
#3976=VERTEX_POINT('',#12323);
#3977=VERTEX_POINT('',#12325);
#3978=VERTEX_POINT('',#12327);
#3979=VERTEX_POINT('',#12330);
#3980=VERTEX_POINT('',#12332);
#3981=VERTEX_POINT('',#12334);
#3982=VERTEX_POINT('',#12336);
#3983=VERTEX_POINT('',#12338);
#3984=VERTEX_POINT('',#12340);
#3985=VERTEX_POINT('',#12342);
#3986=VERTEX_POINT('',#12344);
#3987=VERTEX_POINT('',#12346);
#3988=VERTEX_POINT('',#12348);
#3989=VERTEX_POINT('',#12352);
#3990=VERTEX_POINT('',#12356);
#3991=VERTEX_POINT('',#12360);
#3992=VERTEX_POINT('',#12364);
#3993=VERTEX_POINT('',#12368);
#3994=VERTEX_POINT('',#12374);
#3995=VERTEX_POINT('',#12376);
#3996=VERTEX_POINT('',#12380);
#3997=VERTEX_POINT('',#12384);
#3998=VERTEX_POINT('',#12386);
#3999=VERTEX_POINT('',#12390);
#4000=VERTEX_POINT('',#12394);
#4001=VERTEX_POINT('',#12396);
#4002=VERTEX_POINT('',#12400);
#4003=VERTEX_POINT('',#12403);
#4004=VERTEX_POINT('',#12405);
#4005=VERTEX_POINT('',#12407);
#4006=VERTEX_POINT('',#12409);
#4007=VERTEX_POINT('',#12411);
#4008=VERTEX_POINT('',#12415);
#4009=VERTEX_POINT('',#12428);
#4010=VERTEX_POINT('',#12432);
#4011=VERTEX_POINT('',#12433);
#4012=VERTEX_POINT('',#12438);
#4013=VERTEX_POINT('',#12445);
#4014=VERTEX_POINT('',#12447);
#4015=VERTEX_POINT('',#12450);
#4016=VERTEX_POINT('',#12452);
#4017=VERTEX_POINT('',#12463);
#4018=VERTEX_POINT('',#12465);
#4019=VERTEX_POINT('',#12467);
#4020=VERTEX_POINT('',#12476);
#4021=VERTEX_POINT('',#12487);
#4022=VERTEX_POINT('',#12489);
#4023=VERTEX_POINT('',#12492);
#4024=VERTEX_POINT('',#12494);
#4025=VERTEX_POINT('',#12496);
#4026=VERTEX_POINT('',#12500);
#4027=VERTEX_POINT('',#12501);
#4028=VERTEX_POINT('',#12503);
#4029=VERTEX_POINT('',#12505);
#4030=VERTEX_POINT('',#12508);
#4031=VERTEX_POINT('',#12509);
#4032=VERTEX_POINT('',#12511);
#4033=VERTEX_POINT('',#12513);
#4034=VERTEX_POINT('',#12517);
#4035=VERTEX_POINT('',#12518);
#4036=VERTEX_POINT('',#12520);
#4037=VERTEX_POINT('',#12522);
#4038=VERTEX_POINT('',#12526);
#4039=VERTEX_POINT('',#12528);
#4040=VERTEX_POINT('',#12536);
#4041=VERTEX_POINT('',#12537);
#4042=VERTEX_POINT('',#12539);
#4043=VERTEX_POINT('',#12541);
#4044=VERTEX_POINT('',#12545);
#4045=VERTEX_POINT('',#12547);
#4046=VERTEX_POINT('',#12555);
#4047=VERTEX_POINT('',#12556);
#4048=VERTEX_POINT('',#12558);
#4049=VERTEX_POINT('',#12560);
#4050=VERTEX_POINT('',#12564);
#4051=VERTEX_POINT('',#12566);
#4052=VERTEX_POINT('',#12570);
#4053=VERTEX_POINT('',#12572);
#4054=VERTEX_POINT('',#12580);
#4055=VERTEX_POINT('',#12582);
#4056=VERTEX_POINT('',#12586);
#4057=VERTEX_POINT('',#12590);
#4058=VERTEX_POINT('',#12594);
#4059=VERTEX_POINT('',#12598);
#4060=VERTEX_POINT('',#12605);
#4061=VERTEX_POINT('',#12606);
#4062=VERTEX_POINT('',#12608);
#4063=VERTEX_POINT('',#12610);
#4064=VERTEX_POINT('',#12614);
#4065=VERTEX_POINT('',#12616);
#4066=VERTEX_POINT('',#12620);
#4067=VERTEX_POINT('',#12622);
#4068=VERTEX_POINT('',#12626);
#4069=VERTEX_POINT('',#12628);
#4070=VERTEX_POINT('',#12632);
#4071=VERTEX_POINT('',#12634);
#4072=VERTEX_POINT('',#12642);
#4073=VERTEX_POINT('',#12643);
#4074=VERTEX_POINT('',#12645);
#4075=VERTEX_POINT('',#12647);
#4076=VERTEX_POINT('',#12651);
#4077=VERTEX_POINT('',#12653);
#4078=VERTEX_POINT('',#12657);
#4079=VERTEX_POINT('',#12659);
#4080=VERTEX_POINT('',#12663);
#4081=VERTEX_POINT('',#12665);
#4082=VERTEX_POINT('',#12669);
#4083=VERTEX_POINT('',#12671);
#4084=VERTEX_POINT('',#12679);
#4085=VERTEX_POINT('',#12681);
#4086=VERTEX_POINT('',#12686);
#4087=VERTEX_POINT('',#12688);
#4088=VERTEX_POINT('',#12693);
#4089=VERTEX_POINT('',#12695);
#4090=VERTEX_POINT('',#12699);
#4091=VERTEX_POINT('',#12703);
#4092=VERTEX_POINT('',#12710);
#4093=VERTEX_POINT('',#12712);
#4094=VERTEX_POINT('',#12716);
#4095=VERTEX_POINT('',#12720);
#4096=VERTEX_POINT('',#12727);
#4097=VERTEX_POINT('',#12728);
#4098=VERTEX_POINT('',#12730);
#4099=VERTEX_POINT('',#12735);
#4100=VERTEX_POINT('',#12739);
#4101=VERTEX_POINT('',#12746);
#4102=VERTEX_POINT('',#12748);
#4103=VERTEX_POINT('',#12752);
#4104=VERTEX_POINT('',#12756);
#4105=VERTEX_POINT('',#12763);
#4106=VERTEX_POINT('',#12767);
#4107=VERTEX_POINT('',#12777);
#4108=VERTEX_POINT('',#12779);
#4109=VERTEX_POINT('',#12786);
#4110=VERTEX_POINT('',#12788);
#4111=VERTEX_POINT('',#12790);
#4112=VERTEX_POINT('',#12793);
#4113=VERTEX_POINT('',#12795);
#4114=VERTEX_POINT('',#12797);
#4115=VERTEX_POINT('',#12799);
#4116=VERTEX_POINT('',#12801);
#4117=VERTEX_POINT('',#12804);
#4118=VERTEX_POINT('',#12806);
#4119=VERTEX_POINT('',#12808);
#4120=VERTEX_POINT('',#12811);
#4121=VERTEX_POINT('',#12812);
#4122=VERTEX_POINT('',#12814);
#4123=VERTEX_POINT('',#12816);
#4124=VERTEX_POINT('',#12820);
#4125=VERTEX_POINT('',#12822);
#4126=VERTEX_POINT('',#12826);
#4127=VERTEX_POINT('',#12830);
#4128=VERTEX_POINT('',#12834);
#4129=VERTEX_POINT('',#12839);
#4130=VERTEX_POINT('',#12845);
#4131=VERTEX_POINT('',#12847);
#4132=VERTEX_POINT('',#12851);
#4133=VERTEX_POINT('',#12852);
#4134=VERTEX_POINT('',#12854);
#4135=VERTEX_POINT('',#12856);
#4136=VERTEX_POINT('',#12868);
#4137=VERTEX_POINT('',#12869);
#4138=VERTEX_POINT('',#12871);
#4139=VERTEX_POINT('',#12873);
#4140=VERTEX_POINT('',#12877);
#4141=VERTEX_POINT('',#12879);
#4142=VERTEX_POINT('',#12883);
#4143=VERTEX_POINT('',#12885);
#4144=VERTEX_POINT('',#12932);
#4145=VERTEX_POINT('',#12941);
#4146=VERTEX_POINT('',#12964);
#4147=VERTEX_POINT('',#12966);
#4148=VERTEX_POINT('',#12985);
#4149=VERTEX_POINT('',#12989);
#4150=VERTEX_POINT('',#12998);
#4151=VERTEX_POINT('',#12999);
#4152=VERTEX_POINT('',#13004);
#4153=VERTEX_POINT('',#13008);
#4154=VERTEX_POINT('',#13012);
#4155=VERTEX_POINT('',#13013);
#4156=VERTEX_POINT('',#13018);
#4157=VERTEX_POINT('',#13022);
#4158=VERTEX_POINT('',#13026);
#4159=VERTEX_POINT('',#13030);
#4160=VERTEX_POINT('',#13034);
#4161=VERTEX_POINT('',#13038);
#4162=VERTEX_POINT('',#13055);
#4163=VERTEX_POINT('',#13065);
#4164=VERTEX_POINT('',#13068);
#4165=VERTEX_POINT('',#13072);
#4166=VERTEX_POINT('',#13074);
#4167=VERTEX_POINT('',#13084);
#4168=VERTEX_POINT('',#13096);
#4169=VERTEX_POINT('',#13100);
#4170=VERTEX_POINT('',#13104);
#4171=VERTEX_POINT('',#13105);
#4172=VERTEX_POINT('',#13114);
#4173=VERTEX_POINT('',#13118);
#4174=VERTEX_POINT('',#13121);
#4175=VERTEX_POINT('',#13126);
#4176=VERTEX_POINT('',#13130);
#4177=VERTEX_POINT('',#13139);
#4178=VERTEX_POINT('',#13143);
#4179=VERTEX_POINT('',#13146);
#4180=VERTEX_POINT('',#13151);
#4181=VERTEX_POINT('',#13157);
#4182=VERTEX_POINT('',#13159);
#4183=VERTEX_POINT('',#13163);
#4184=VERTEX_POINT('',#13164);
#4185=VERTEX_POINT('',#13166);
#4186=VERTEX_POINT('',#13168);
#4187=VERTEX_POINT('',#13170);
#4188=VERTEX_POINT('',#13172);
#4189=VERTEX_POINT('',#13174);
#4190=VERTEX_POINT('',#13176);
#4191=VERTEX_POINT('',#13178);
#4192=VERTEX_POINT('',#13180);
#4193=VERTEX_POINT('',#13182);
#4194=VERTEX_POINT('',#13185);
#4195=VERTEX_POINT('',#13186);
#4196=VERTEX_POINT('',#13192);
#4197=VERTEX_POINT('',#13198);
#4198=VERTEX_POINT('',#13204);
#4199=VERTEX_POINT('',#13210);
#4200=VERTEX_POINT('',#13216);
#4201=VERTEX_POINT('',#13222);
#4202=VERTEX_POINT('',#13228);
#4203=VERTEX_POINT('',#13234);
#4204=VERTEX_POINT('',#13241);
#4205=VERTEX_POINT('',#13242);
#4206=VERTEX_POINT('',#13248);
#4207=VERTEX_POINT('',#13254);
#4208=VERTEX_POINT('',#13260);
#4209=VERTEX_POINT('',#13262);
#4210=VERTEX_POINT('',#13265);
#4211=VERTEX_POINT('',#13266);
#4212=VERTEX_POINT('',#13268);
#4213=VERTEX_POINT('',#13270);
#4214=VERTEX_POINT('',#13272);
#4215=VERTEX_POINT('',#13283);
#4216=VERTEX_POINT('',#13284);
#4217=VERTEX_POINT('',#13286);
#4218=VERTEX_POINT('',#13288);
#4219=VERTEX_POINT('',#13290);
#4220=VERTEX_POINT('',#13292);
#4221=VERTEX_POINT('',#13294);
#4222=VERTEX_POINT('',#13297);
#4223=VERTEX_POINT('',#13298);
#4224=VERTEX_POINT('',#13304);
#4225=VERTEX_POINT('',#13310);
#4226=VERTEX_POINT('',#13316);
#4227=VERTEX_POINT('',#13322);
#4228=VERTEX_POINT('',#13324);
#4229=VERTEX_POINT('',#13330);
#4230=VERTEX_POINT('',#13336);
#4231=VERTEX_POINT('',#13342);
#4232=VERTEX_POINT('',#13348);
#4233=VERTEX_POINT('',#13350);
#4234=VERTEX_POINT('',#13355);
#4235=VERTEX_POINT('',#13357);
#4236=VERTEX_POINT('',#13363);
#4237=VERTEX_POINT('',#13364);
#4238=VERTEX_POINT('',#13366);
#4239=VERTEX_POINT('',#13368);
#4240=VERTEX_POINT('',#13370);
#4241=VERTEX_POINT('',#13372);
#4242=VERTEX_POINT('',#13375);
#4243=VERTEX_POINT('',#13376);
#4244=VERTEX_POINT('',#13382);
#4245=VERTEX_POINT('',#13384);
#4246=VERTEX_POINT('',#13386);
#4247=VERTEX_POINT('',#13388);
#4248=VERTEX_POINT('',#13390);
#4249=VERTEX_POINT('',#13396);
#4250=VERTEX_POINT('',#13402);
#4251=VERTEX_POINT('',#13408);
#4252=VERTEX_POINT('',#13414);
#4253=VERTEX_POINT('',#13420);
#4254=VERTEX_POINT('',#13426);
#4255=VERTEX_POINT('',#13428);
#4256=VERTEX_POINT('',#13430);
#4257=VERTEX_POINT('',#13432);
#4258=VERTEX_POINT('',#13438);
#4259=VERTEX_POINT('',#13444);
#4260=VERTEX_POINT('',#13450);
#4261=VERTEX_POINT('',#13456);
#4262=VERTEX_POINT('',#13462);
#4263=VERTEX_POINT('',#13473);
#4264=VERTEX_POINT('',#13474);
#4265=VERTEX_POINT('',#13476);
#4266=VERTEX_POINT('',#13478);
#4267=VERTEX_POINT('',#13480);
#4268=VERTEX_POINT('',#13482);
#4269=VERTEX_POINT('',#13484);
#4270=VERTEX_POINT('',#13486);
#4271=VERTEX_POINT('',#13488);
#4272=VERTEX_POINT('',#13490);
#4273=VERTEX_POINT('',#13493);
#4274=VERTEX_POINT('',#13494);
#4275=VERTEX_POINT('',#13496);
#4276=VERTEX_POINT('',#13498);
#4277=VERTEX_POINT('',#13501);
#4278=VERTEX_POINT('',#13502);
#4279=VERTEX_POINT('',#13504);
#4280=VERTEX_POINT('',#13510);
#4281=VERTEX_POINT('',#13516);
#4282=VERTEX_POINT('',#13522);
#4283=VERTEX_POINT('',#13528);
#4284=VERTEX_POINT('',#13530);
#4285=VERTEX_POINT('',#13536);
#4286=VERTEX_POINT('',#13542);
#4287=VERTEX_POINT('',#13553);
#4288=VERTEX_POINT('',#13554);
#4289=VERTEX_POINT('',#13556);
#4290=VERTEX_POINT('',#13558);
#4291=VERTEX_POINT('',#13561);
#4292=VERTEX_POINT('',#13562);
#4293=VERTEX_POINT('',#13564);
#4294=VERTEX_POINT('',#13570);
#4295=VERTEX_POINT('',#13576);
#4296=VERTEX_POINT('',#13582);
#4297=VERTEX_POINT('',#13588);
#4298=VERTEX_POINT('',#13590);
#4299=VERTEX_POINT('',#13596);
#4300=VERTEX_POINT('',#13602);
#4301=VERTEX_POINT('',#13613);
#4302=VERTEX_POINT('',#13614);
#4303=VERTEX_POINT('',#13619);
#4304=VERTEX_POINT('',#13621);
#4305=VERTEX_POINT('',#13626);
#4306=VERTEX_POINT('',#13628);
#4307=VERTEX_POINT('',#13634);
#4308=VERTEX_POINT('',#13640);
#4309=VERTEX_POINT('',#13646);
#4310=VERTEX_POINT('',#13652);
#4311=VERTEX_POINT('',#13654);
#4312=VERTEX_POINT('',#13660);
#4313=VERTEX_POINT('',#13666);
#4314=VERTEX_POINT('',#13672);
#4315=VERTEX_POINT('',#13680);
#4316=VERTEX_POINT('',#13681);
#4317=VERTEX_POINT('',#13683);
#4318=VERTEX_POINT('',#13685);
#4319=VERTEX_POINT('',#13689);
#4320=VERTEX_POINT('',#13690);
#4321=VERTEX_POINT('',#13695);
#4322=VERTEX_POINT('',#13697);
#4323=VERTEX_POINT('',#13705);
#4324=VERTEX_POINT('',#13707);
#4325=VERTEX_POINT('',#13711);
#4326=VERTEX_POINT('',#13713);
#4327=VERTEX_POINT('',#13715);
#4328=VERTEX_POINT('',#13717);
#4329=VERTEX_POINT('',#13719);
#4330=VERTEX_POINT('',#13721);
#4331=VERTEX_POINT('',#13725);
#4332=VERTEX_POINT('',#13727);
#4333=VERTEX_POINT('',#13731);
#4334=VERTEX_POINT('',#13735);
#4335=VERTEX_POINT('',#13739);
#4336=VERTEX_POINT('',#13745);
#4337=VERTEX_POINT('',#13747);
#4338=VERTEX_POINT('',#13751);
#4339=VERTEX_POINT('',#13755);
#4340=VERTEX_POINT('',#13759);
#4341=VERTEX_POINT('',#13763);
#4342=VERTEX_POINT('',#13767);
#4343=VERTEX_POINT('',#13769);
#4344=VERTEX_POINT('',#13774);
#4345=VERTEX_POINT('',#13776);
#4346=VERTEX_POINT('',#13781);
#4347=VERTEX_POINT('',#13782);
#4348=VERTEX_POINT('',#13784);
#4349=VERTEX_POINT('',#13786);
#4350=VERTEX_POINT('',#13790);
#4351=VERTEX_POINT('',#13792);
#4352=VERTEX_POINT('',#13794);
#4353=VERTEX_POINT('',#13798);
#4354=VERTEX_POINT('',#13800);
#4355=VERTEX_POINT('',#13804);
#4356=VERTEX_POINT('',#13806);
#4357=VERTEX_POINT('',#13808);
#4358=VERTEX_POINT('',#13814);
#4359=VERTEX_POINT('',#13817);
#4360=VERTEX_POINT('',#13819);
#4361=VERTEX_POINT('',#13821);
#4362=VERTEX_POINT('',#13823);
#4363=VERTEX_POINT('',#13825);
#4364=VERTEX_POINT('',#13827);
#4365=VERTEX_POINT('',#13829);
#4366=VERTEX_POINT('',#13831);
#4367=VERTEX_POINT('',#13833);
#4368=VERTEX_POINT('',#13835);
#4369=VERTEX_POINT('',#13837);
#4370=VERTEX_POINT('',#13839);
#4371=VERTEX_POINT('',#13841);
#4372=VERTEX_POINT('',#13843);
#4373=VERTEX_POINT('',#13845);
#4374=VERTEX_POINT('',#13847);
#4375=VERTEX_POINT('',#13850);
#4376=VERTEX_POINT('',#13852);
#4377=VERTEX_POINT('',#13854);
#4378=VERTEX_POINT('',#13856);
#4379=VERTEX_POINT('',#13858);
#4380=VERTEX_POINT('',#13860);
#4381=VERTEX_POINT('',#13864);
#4382=VERTEX_POINT('',#13866);
#4383=VERTEX_POINT('',#13868);
#4384=VERTEX_POINT('',#13872);
#4385=VERTEX_POINT('',#13874);
#4386=VERTEX_POINT('',#13876);
#4387=VERTEX_POINT('',#13884);
#4388=VERTEX_POINT('',#13890);
#4389=VERTEX_POINT('',#13892);
#4390=VERTEX_POINT('',#13894);
#4391=VERTEX_POINT('',#13898);
#4392=VERTEX_POINT('',#13901);
#4393=VERTEX_POINT('',#13904);
#4394=VERTEX_POINT('',#13906);
#4395=VERTEX_POINT('',#13913);
#4396=VERTEX_POINT('',#13914);
#4397=VERTEX_POINT('',#13916);
#4398=VERTEX_POINT('',#13918);
#4399=VERTEX_POINT('',#13920);
#4400=VERTEX_POINT('',#13927);
#4401=VERTEX_POINT('',#13930);
#4402=VERTEX_POINT('',#13933);
#4403=VERTEX_POINT('',#13935);
#4404=VERTEX_POINT('',#13942);
#4405=VERTEX_POINT('',#13946);
#4406=VERTEX_POINT('',#13950);
#4407=VERTEX_POINT('',#13954);
#4408=VERTEX_POINT('',#13958);
#4409=VERTEX_POINT('',#13960);
#4410=VERTEX_POINT('',#13962);
#4411=VERTEX_POINT('',#13964);
#4412=VERTEX_POINT('',#13966);
#4413=VERTEX_POINT('',#13980);
#4414=VERTEX_POINT('',#13983);
#4415=VERTEX_POINT('',#13988);
#4416=VERTEX_POINT('',#13990);
#4417=VERTEX_POINT('',#13992);
#4418=VERTEX_POINT('',#13994);
#4419=VERTEX_POINT('',#13997);
#4420=VERTEX_POINT('',#14002);
#4421=VERTEX_POINT('',#14004);
#4422=VERTEX_POINT('',#14007);
#4423=VERTEX_POINT('',#14009);
#4424=VERTEX_POINT('',#14020);
#4425=VERTEX_POINT('',#14021);
#4426=VERTEX_POINT('',#14023);
#4427=VERTEX_POINT('',#14025);
#4428=VERTEX_POINT('',#14029);
#4429=VERTEX_POINT('',#14030);
#4430=VERTEX_POINT('',#14032);
#4431=VERTEX_POINT('',#14034);
#4432=VERTEX_POINT('',#14038);
#4433=VERTEX_POINT('',#14042);
#4434=VERTEX_POINT('',#14046);
#4435=VERTEX_POINT('',#14050);
#4436=VERTEX_POINT('',#14058);
#4437=VERTEX_POINT('',#14062);
#4438=VERTEX_POINT('',#14068);
#4439=VERTEX_POINT('',#14069);
#4440=VERTEX_POINT('',#14074);
#4441=VERTEX_POINT('',#14078);
#4442=VERTEX_POINT('',#14079);
#4443=VERTEX_POINT('',#14093);
#4444=VERTEX_POINT('',#14112);
#4445=VERTEX_POINT('',#14113);
#4446=VERTEX_POINT('',#14133);
#4447=VERTEX_POINT('',#14152);
#4448=VERTEX_POINT('',#14174);
#4449=VERTEX_POINT('',#14193);
#4450=VERTEX_POINT('',#14212);
#4451=VERTEX_POINT('',#14225);
#4452=VERTEX_POINT('',#14226);
#4453=VERTEX_POINT('',#14231);
#4454=VERTEX_POINT('',#14235);
#4455=VERTEX_POINT('',#14239);
#4456=VERTEX_POINT('',#14240);
#4457=VERTEX_POINT('',#14245);
#4458=VERTEX_POINT('',#14249);
#4459=VERTEX_POINT('',#14250);
#4460=VERTEX_POINT('',#14255);
#4461=VERTEX_POINT('',#14259);
#4462=VERTEX_POINT('',#14272);
#4463=VERTEX_POINT('',#14273);
#4464=VERTEX_POINT('',#14284);
#4465=VERTEX_POINT('',#14288);
#4466=VERTEX_POINT('',#14292);
#4467=VERTEX_POINT('',#14296);
#4468=VERTEX_POINT('',#14309);
#4469=VERTEX_POINT('',#14328);
#4470=VERTEX_POINT('',#14347);
#4471=VERTEX_POINT('',#14366);
#4472=VERTEX_POINT('',#14385);
#4473=VERTEX_POINT('',#14395);
#4474=VERTEX_POINT('',#14396);
#4475=VERTEX_POINT('',#14410);
#4476=VERTEX_POINT('',#14429);
#4477=VERTEX_POINT('',#14448);
#4478=VERTEX_POINT('',#14467);
#4479=VERTEX_POINT('',#14468);
#4480=VERTEX_POINT('',#14493);
#4481=VERTEX_POINT('',#14515);
#4482=VERTEX_POINT('',#14516);
#4483=VERTEX_POINT('',#14541);
#4484=VERTEX_POINT('',#14542);
#4485=VERTEX_POINT('',#14565);
#4486=VERTEX_POINT('',#14584);
#4487=VERTEX_POINT('',#14594);
#4488=VERTEX_POINT('',#14595);
#4489=VERTEX_POINT('',#14600);
#4490=VERTEX_POINT('',#14604);
#4491=VERTEX_POINT('',#14608);
#4492=VERTEX_POINT('',#14612);
#4493=VERTEX_POINT('',#14625);
#4494=VERTEX_POINT('',#14626);
#4495=VERTEX_POINT('',#14646);
#4496=VERTEX_POINT('',#14665);
#4497=VERTEX_POINT('',#14666);
#4498=VERTEX_POINT('',#14686);
#4499=VERTEX_POINT('',#14696);
#4500=VERTEX_POINT('',#14709);
#4501=VERTEX_POINT('',#14731);
#4502=VERTEX_POINT('',#14749);
#4503=VERTEX_POINT('',#14768);
#4504=VERTEX_POINT('',#14787);
#4505=VERTEX_POINT('',#14800);
#4506=VERTEX_POINT('',#14804);
#4507=VERTEX_POINT('',#14811);
#4508=VERTEX_POINT('',#14819);
#4509=VERTEX_POINT('',#14827);
#4510=VERTEX_POINT('',#14835);
#4511=VERTEX_POINT('',#14850);
#4512=VERTEX_POINT('',#14852);
#4513=VERTEX_POINT('',#14854);
#4514=VERTEX_POINT('',#14857);
#4515=VERTEX_POINT('',#14859);
#4516=VERTEX_POINT('',#14867);
#4517=VERTEX_POINT('',#14875);
#4518=VERTEX_POINT('',#14883);
#4519=VERTEX_POINT('',#14891);
#4520=VERTEX_POINT('',#14902);
#4521=VERTEX_POINT('',#14904);
#4522=VERTEX_POINT('',#14912);
#4523=VERTEX_POINT('',#14920);
#4524=VERTEX_POINT('',#14935);
#4525=VERTEX_POINT('',#14936);
#4526=VERTEX_POINT('',#14938);
#4527=VERTEX_POINT('',#14943);
#4528=VERTEX_POINT('',#14945);
#4529=VERTEX_POINT('',#14951);
#4530=VERTEX_POINT('',#14959);
#4531=VERTEX_POINT('',#14974);
#4532=VERTEX_POINT('',#14976);
#4533=VERTEX_POINT('',#14984);
#4534=VERTEX_POINT('',#14992);
#4535=VERTEX_POINT('',#15000);
#4536=VERTEX_POINT('',#15009);
#4537=VERTEX_POINT('',#15011);
#4538=VERTEX_POINT('',#15014);
#4539=VERTEX_POINT('',#15022);
#4540=VERTEX_POINT('',#15030);
#4541=VERTEX_POINT('',#15038);
#4542=VERTEX_POINT('',#15046);
#4543=VERTEX_POINT('',#15054);
#4544=VERTEX_POINT('',#15062);
#4545=VERTEX_POINT('',#15070);
#4546=VERTEX_POINT('',#15078);
#4547=VERTEX_POINT('',#15080);
#4548=VERTEX_POINT('',#15083);
#4549=VERTEX_POINT('',#15085);
#4550=VERTEX_POINT('',#15087);
#4551=VERTEX_POINT('',#15089);
#4552=VERTEX_POINT('',#15092);
#4553=VERTEX_POINT('',#15095);
#4554=VERTEX_POINT('',#15103);
#4555=VERTEX_POINT('',#15532);
#4556=VERTEX_POINT('',#15562);
#4557=VERTEX_POINT('',#15563);
#4558=VERTEX_POINT('',#15565);
#4559=VERTEX_POINT('',#15567);
#4560=VERTEX_POINT('',#15571);
#4561=VERTEX_POINT('',#15573);
#4562=VERTEX_POINT('',#15577);
#4563=VERTEX_POINT('',#15579);
#4564=VERTEX_POINT('',#15588);
#4565=VERTEX_POINT('',#15589);
#4566=VERTEX_POINT('',#15591);
#4567=VERTEX_POINT('',#15593);
#4568=VERTEX_POINT('',#15597);
#4569=VERTEX_POINT('',#15598);
#4570=VERTEX_POINT('',#15602);
#4571=VERTEX_POINT('',#15604);
#4572=VERTEX_POINT('',#15610);
#4573=VERTEX_POINT('',#15612);
#4574=VERTEX_POINT('',#15614);
#4575=VERTEX_POINT('',#15616);
#4576=VERTEX_POINT('',#15618);
#4577=VERTEX_POINT('',#15622);
#4578=VERTEX_POINT('',#15626);
#4579=VERTEX_POINT('',#15627);
#4580=VERTEX_POINT('',#15631);
#4581=VERTEX_POINT('',#15633);
#4582=VERTEX_POINT('',#15639);
#4583=VERTEX_POINT('',#15641);
#4584=VERTEX_POINT('',#15645);
#4585=VERTEX_POINT('',#15647);
#4586=VERTEX_POINT('',#15649);
#4587=VERTEX_POINT('',#15651);
#4588=VERTEX_POINT('',#15655);
#4589=VERTEX_POINT('',#15656);
#4590=VERTEX_POINT('',#15658);
#4591=VERTEX_POINT('',#15660);
#4592=VERTEX_POINT('',#15663);
#4593=VERTEX_POINT('',#15665);
#4594=VERTEX_POINT('',#15668);
#4595=VERTEX_POINT('',#15670);
#4596=VERTEX_POINT('',#15682);
#4597=VERTEX_POINT('',#15688);
#4598=VERTEX_POINT('',#15695);
#4599=VERTEX_POINT('',#15701);
#4600=VERTEX_POINT('',#15708);
#4601=VERTEX_POINT('',#15709);
#4602=VERTEX_POINT('',#15713);
#4603=VERTEX_POINT('',#15715);
#4604=VERTEX_POINT('',#15721);
#4605=VERTEX_POINT('',#15723);
#4606=VERTEX_POINT('',#15725);
#4607=VERTEX_POINT('',#15727);
#4608=VERTEX_POINT('',#15731);
#4609=VERTEX_POINT('',#15732);
#4610=VERTEX_POINT('',#15736);
#4611=VERTEX_POINT('',#15738);
#4612=VERTEX_POINT('',#15744);
#4613=VERTEX_POINT('',#15746);
#4614=VERTEX_POINT('',#15748);
#4615=VERTEX_POINT('',#15750);
#4616=VERTEX_POINT('',#15754);
#4617=VERTEX_POINT('',#15755);
#4618=VERTEX_POINT('',#15757);
#4619=VERTEX_POINT('',#15759);
#4620=VERTEX_POINT('',#15762);
#4621=VERTEX_POINT('',#15764);
#4622=VERTEX_POINT('',#15767);
#4623=VERTEX_POINT('',#15769);
#4624=VERTEX_POINT('',#15773);
#4625=VERTEX_POINT('',#15775);
#4626=VERTEX_POINT('',#15779);
#4627=VERTEX_POINT('',#15783);
#4628=VERTEX_POINT('',#15790);
#4629=VERTEX_POINT('',#15796);
#4630=VERTEX_POINT('',#15803);
#4631=VERTEX_POINT('',#15809);
#4632=VERTEX_POINT('',#15816);
#4633=VERTEX_POINT('',#15817);
#4634=VERTEX_POINT('',#15819);
#4635=VERTEX_POINT('',#15821);
#4636=VERTEX_POINT('',#15825);
#4637=VERTEX_POINT('',#15827);
#4638=VERTEX_POINT('',#15831);
#4639=VERTEX_POINT('',#15833);
#4640=EDGE_CURVE('',#3791,#3791,#3580,.T.);
#4641=EDGE_CURVE('',#3791,#3792,#1786,.T.);
#4642=EDGE_CURVE('',#3792,#3792,#3581,.T.);
#4643=EDGE_CURVE('',#3793,#3794,#1787,.T.);
#4644=EDGE_CURVE('',#3795,#3793,#1788,.T.);
#4645=EDGE_CURVE('',#3796,#3795,#1789,.T.);
#4646=EDGE_CURVE('',#3797,#3796,#1790,.T.);
#4647=EDGE_CURVE('',#3798,#3797,#1791,.T.);
#4648=EDGE_CURVE('',#3798,#3794,#1792,.T.);
#4649=EDGE_CURVE('',#3799,#3799,#3582,.T.);
#4650=EDGE_CURVE('',#3800,#3800,#3583,.T.);
#4651=EDGE_CURVE('',#3801,#3801,#3584,.T.);
#4652=EDGE_CURVE('',#3802,#3803,#1793,.T.);
#4653=EDGE_CURVE('',#3804,#3803,#1794,.T.);
#4654=EDGE_CURVE('',#3804,#3805,#1795,.T.);
#4655=EDGE_CURVE('',#3805,#3802,#1796,.T.);
#4656=EDGE_CURVE('',#3806,#3806,#3585,.T.);
#4657=EDGE_CURVE('',#3806,#3792,#1797,.T.);
#4658=EDGE_CURVE('',#3799,#3807,#1798,.T.);
#4659=EDGE_CURVE('',#3807,#3807,#3586,.T.);
#4660=EDGE_CURVE('',#3808,#3808,#3587,.T.);
#4661=EDGE_CURVE('',#3808,#3807,#1799,.T.);
#4662=EDGE_CURVE('',#3809,#3809,#3588,.T.);
#4663=EDGE_CURVE('',#3809,#3810,#1800,.T.);
#4664=EDGE_CURVE('',#3810,#3810,#3589,.T.);
#4665=EDGE_CURVE('',#3811,#3812,#1801,.T.);
#4666=EDGE_CURVE('',#3813,#3811,#1802,.T.);
#4667=EDGE_CURVE('',#3814,#3813,#1803,.T.);
#4668=EDGE_CURVE('',#3815,#3814,#1804,.T.);
#4669=EDGE_CURVE('',#3816,#3815,#1805,.T.);
#4670=EDGE_CURVE('',#3816,#3812,#1806,.T.);
#4671=EDGE_CURVE('',#3817,#3817,#3590,.T.);
#4672=EDGE_CURVE('',#3818,#3818,#3591,.T.);
#4673=EDGE_CURVE('',#3819,#3819,#3592,.T.);
#4674=EDGE_CURVE('',#3820,#3821,#1807,.T.);
#4675=EDGE_CURVE('',#3822,#3821,#1808,.T.);
#4676=EDGE_CURVE('',#3822,#3823,#1809,.T.);
#4677=EDGE_CURVE('',#3823,#3820,#1810,.T.);
#4678=EDGE_CURVE('',#3810,#3824,#1811,.T.);
#4679=EDGE_CURVE('',#3824,#3824,#3593,.T.);
#4680=EDGE_CURVE('',#3817,#3825,#1812,.T.);
#4681=EDGE_CURVE('',#3825,#3825,#3594,.T.);
#4682=EDGE_CURVE('',#3825,#3826,#1813,.T.);
#4683=EDGE_CURVE('',#3826,#3826,#3595,.T.);
#4684=EDGE_CURVE('',#3827,#3828,#1814,.T.);
#4685=EDGE_CURVE('',#3828,#3829,#1815,.T.);
#4686=EDGE_CURVE('',#3829,#3830,#1816,.T.);
#4687=EDGE_CURVE('',#3830,#3827,#1817,.T.);
#4688=EDGE_CURVE('',#3830,#3831,#1818,.T.);
#4689=EDGE_CURVE('',#3831,#3832,#1819,.T.);
#4690=EDGE_CURVE('',#3832,#3833,#1820,.T.);
#4691=EDGE_CURVE('',#3833,#3827,#1821,.T.);
#4692=EDGE_CURVE('',#3834,#3829,#1822,.T.);
#4693=EDGE_CURVE('',#3834,#3835,#1823,.T.);
#4694=EDGE_CURVE('',#3836,#3835,#3596,.T.);
#4695=EDGE_CURVE('',#3836,#3837,#1824,.T.);
#4696=EDGE_CURVE('',#3838,#3837,#3597,.T.);
#4697=EDGE_CURVE('',#3838,#3839,#1825,.T.);
#4698=EDGE_CURVE('',#3840,#3839,#1826,.T.);
#4699=EDGE_CURVE('',#3841,#3840,#1827,.T.);
#4700=EDGE_CURVE('',#3842,#3841,#1828,.T.);
#4701=EDGE_CURVE('',#3843,#3842,#1829,.T.);
#4702=EDGE_CURVE('',#3843,#3831,#1830,.T.);
#4703=EDGE_CURVE('',#3844,#3845,#1831,.T.);
#4704=EDGE_CURVE('',#3845,#3846,#1832,.T.);
#4705=EDGE_CURVE('',#3846,#3847,#1833,.T.);
#4706=EDGE_CURVE('',#3847,#3844,#1834,.T.);
#4707=EDGE_CURVE('',#3847,#3848,#1835,.T.);
#4708=EDGE_CURVE('',#3848,#3849,#3598,.T.);
#4709=EDGE_CURVE('',#3849,#3850,#1836,.T.);
#4710=EDGE_CURVE('',#3850,#3844,#1837,.T.);
#4711=EDGE_CURVE('',#3851,#3846,#1838,.T.);
#4712=EDGE_CURVE('',#3851,#3852,#1839,.T.);
#4713=EDGE_CURVE('',#3853,#3852,#268,.T.);
#4714=EDGE_CURVE('',#3853,#3854,#1840,.T.);
#4715=EDGE_CURVE('',#3855,#3854,#269,.T.);
#4716=EDGE_CURVE('',#3855,#3856,#1841,.T.);
#4717=EDGE_CURVE('',#3857,#3856,#1842,.T.);
#4718=EDGE_CURVE('',#3858,#3857,#1843,.T.);
#4719=EDGE_CURVE('',#3859,#3858,#1844,.T.);
#4720=EDGE_CURVE('',#3860,#3859,#1845,.T.);
#4721=EDGE_CURVE('',#3860,#3848,#1846,.T.);
#4722=EDGE_CURVE('',#3812,#3861,#3599,.T.);
#4723=EDGE_CURVE('',#3861,#3862,#1847,.T.);
#4724=EDGE_CURVE('',#3862,#3811,#270,.T.);
#4725=EDGE_CURVE('',#3862,#3863,#1848,.T.);
#4726=EDGE_CURVE('',#3863,#3794,#271,.T.);
#4727=EDGE_CURVE('',#3794,#3811,#1849,.T.);
#4728=EDGE_CURVE('',#3863,#3864,#1850,.T.);
#4729=EDGE_CURVE('',#3864,#3793,#3600,.T.);
#4730=EDGE_CURVE('',#3813,#3798,#1851,.T.);
#4731=EDGE_CURVE('',#3865,#3864,#1852,.T.);
#4732=EDGE_CURVE('',#3866,#3865,#1853,.T.);
#4733=EDGE_CURVE('',#3867,#3866,#1854,.T.);
#4734=EDGE_CURVE('',#3795,#3867,#1855,.T.);
#4735=EDGE_CURVE('',#3868,#3869,#1856,.T.);
#4736=EDGE_CURVE('',#3870,#3869,#1857,.T.);
#4737=EDGE_CURVE('',#3871,#3870,#1858,.T.);
#4738=EDGE_CURVE('',#3871,#3868,#1859,.T.);
#4739=EDGE_CURVE('',#3872,#3872,#3601,.T.);
#4740=EDGE_CURVE('',#3873,#3874,#1860,.T.);
#4741=EDGE_CURVE('',#3875,#3874,#1861,.T.);
#4742=EDGE_CURVE('',#3875,#3876,#102,.T.);
#4743=EDGE_CURVE('',#3877,#3876,#1862,.T.);
#4744=EDGE_CURVE('',#3877,#3878,#1863,.T.);
#4745=EDGE_CURVE('',#3879,#3878,#1864,.T.);
#4746=EDGE_CURVE('',#3880,#3879,#1865,.T.);
#4747=EDGE_CURVE('',#3873,#3880,#1866,.T.);
#4748=EDGE_CURVE('',#3881,#3881,#3602,.T.);
#4749=EDGE_CURVE('',#3882,#3883,#1867,.T.);
#4750=EDGE_CURVE('',#3883,#3884,#1868,.T.);
#4751=EDGE_CURVE('',#3884,#3885,#1869,.T.);
#4752=EDGE_CURVE('',#3885,#3886,#1870,.T.);
#4753=EDGE_CURVE('',#3886,#3887,#1871,.T.);
#4754=EDGE_CURVE('',#3887,#3888,#1872,.T.);
#4755=EDGE_CURVE('',#3889,#3888,#1873,.T.);
#4756=EDGE_CURVE('',#3882,#3889,#1874,.T.);
#4757=EDGE_CURVE('',#3890,#3891,#1875,.T.);
#4758=EDGE_CURVE('',#3890,#3892,#1876,.T.);
#4759=EDGE_CURVE('',#3892,#3891,#1877,.T.);
#4760=EDGE_CURVE('',#3893,#3893,#3603,.T.);
#4761=EDGE_CURVE('',#3883,#3873,#1878,.T.);
#4762=EDGE_CURVE('',#3880,#3884,#1879,.T.);
#4763=EDGE_CURVE('',#3894,#3895,#1880,.T.);
#4764=EDGE_CURVE('',#3895,#3896,#1881,.T.);
#4765=EDGE_CURVE('',#3896,#3897,#1882,.T.);
#4766=EDGE_CURVE('',#3894,#3897,#1883,.T.);
#4767=EDGE_CURVE('',#3895,#3898,#1884,.T.);
#4768=EDGE_CURVE('',#3898,#3899,#1885,.T.);
#4769=EDGE_CURVE('',#3899,#3896,#1886,.T.);
#4770=EDGE_CURVE('',#3897,#3900,#1887,.T.);
#4771=EDGE_CURVE('',#3900,#3901,#1888,.T.);
#4772=EDGE_CURVE('',#3901,#3894,#1889,.T.);
#4773=EDGE_CURVE('',#3898,#3901,#1890,.T.);
#4774=EDGE_CURVE('',#3900,#3899,#1891,.T.);
#4775=EDGE_CURVE('',#3897,#3902,#1892,.T.);
#4776=EDGE_CURVE('',#3902,#3903,#1893,.T.);
#4777=EDGE_CURVE('',#3900,#3903,#1894,.T.);
#4778=EDGE_CURVE('',#3896,#3904,#1895,.T.);
#4779=EDGE_CURVE('',#3904,#3905,#1896,.T.);
#4780=EDGE_CURVE('',#3905,#3906,#1897,.T.);
#4781=EDGE_CURVE('',#3907,#3906,#103,.T.);
#4782=EDGE_CURVE('',#3907,#3908,#1898,.T.);
#4783=EDGE_CURVE('',#3908,#3902,#1899,.T.);
#4784=EDGE_CURVE('',#3909,#3910,#1900,.T.);
#4785=EDGE_CURVE('',#3909,#3911,#1901,.F.);
#4786=EDGE_CURVE('',#3911,#3912,#1902,.T.);
#4787=EDGE_CURVE('',#3912,#3910,#1903,.T.);
#4788=EDGE_CURVE('',#3913,#3913,#3604,.T.);
#4789=EDGE_CURVE('',#3913,#3872,#1904,.T.);
#4790=EDGE_CURVE('',#3914,#3915,#1905,.F.);
#4791=EDGE_CURVE('',#3915,#3916,#1906,.T.);
#4792=EDGE_CURVE('',#3916,#3917,#1907,.F.);
#4793=EDGE_CURVE('',#3917,#3918,#1908,.T.);
#4794=EDGE_CURVE('',#3918,#3919,#1909,.F.);
#4795=EDGE_CURVE('',#3914,#3919,#1910,.T.);
#4796=EDGE_CURVE('',#3920,#3915,#1911,.T.);
#4797=EDGE_CURVE('',#3920,#3921,#1912,.T.);
#4798=EDGE_CURVE('',#3922,#3921,#1913,.T.);
#4799=EDGE_CURVE('',#3922,#3912,#1914,.T.);
#4800=EDGE_CURVE('',#3923,#3911,#1915,.T.);
#4801=EDGE_CURVE('',#3916,#3923,#1916,.T.);
#4802=EDGE_CURVE('',#3924,#3925,#104,.T.);
#4803=EDGE_CURVE('',#3924,#3926,#105,.T.);
#4804=EDGE_CURVE('',#3927,#3926,#106,.T.);
#4805=EDGE_CURVE('',#3907,#3927,#107,.T.);
#4806=EDGE_CURVE('',#3925,#3906,#108,.T.);
#4807=EDGE_CURVE('',#3928,#3917,#1917,.T.);
#4808=EDGE_CURVE('',#3928,#3929,#1918,.T.);
#4809=EDGE_CURVE('',#3929,#3930,#1919,.T.);
#4810=EDGE_CURVE('',#3930,#3924,#1920,.T.);
#4811=EDGE_CURVE('',#3918,#3925,#1921,.T.);
#4812=EDGE_CURVE('',#3906,#3931,#1922,.T.);
#4813=EDGE_CURVE('',#3919,#3931,#1923,.T.);
#4814=EDGE_CURVE('',#3927,#3932,#1924,.T.);
#4815=EDGE_CURVE('',#3933,#3932,#1925,.T.);
#4816=EDGE_CURVE('',#3933,#3907,#1926,.T.);
#4817=EDGE_CURVE('',#3903,#3934,#1927,.T.);
#4818=EDGE_CURVE('',#3934,#3933,#1928,.T.);
#4819=EDGE_CURVE('',#3935,#3932,#1929,.T.);
#4820=EDGE_CURVE('',#3935,#3914,#1930,.F.);
#4821=EDGE_CURVE('',#3931,#3936,#1931,.T.);
#4822=EDGE_CURVE('',#3936,#3937,#1932,.T.);
#4823=EDGE_CURVE('',#3899,#3937,#1933,.T.);
#4824=EDGE_CURVE('',#3934,#3908,#1934,.T.);
#4825=EDGE_CURVE('',#3937,#3904,#1935,.T.);
#4826=EDGE_CURVE('',#3905,#3936,#1936,.T.);
#4827=EDGE_CURVE('',#3938,#3929,#1937,.T.);
#4828=EDGE_CURVE('',#3939,#3938,#1938,.F.);
#4829=EDGE_CURVE('',#3939,#3930,#1939,.T.);
#4830=EDGE_CURVE('',#3940,#3939,#1940,.F.);
#4831=EDGE_CURVE('',#3940,#3924,#1941,.T.);
#4832=EDGE_CURVE('',#3941,#3928,#1942,.T.);
#4833=EDGE_CURVE('',#3938,#3941,#1943,.F.);
#4834=EDGE_CURVE('',#3923,#3941,#1944,.T.);
#4835=EDGE_CURVE('',#3942,#3909,#1945,.T.);
#4836=EDGE_CURVE('',#3940,#3942,#1946,.T.);
#4837=EDGE_CURVE('',#3910,#3943,#1947,.T.);
#4838=EDGE_CURVE('',#3944,#3943,#1948,.T.);
#4839=EDGE_CURVE('',#3945,#3944,#1949,.T.);
#4840=EDGE_CURVE('',#3945,#3882,#1950,.T.);
#4841=EDGE_CURVE('',#3942,#3889,#1951,.T.);
#4842=EDGE_CURVE('',#3946,#3946,#3605,.T.);
#4843=EDGE_CURVE('',#3947,#3948,#1952,.T.);
#4844=EDGE_CURVE('',#3948,#3949,#1953,.T.);
#4845=EDGE_CURVE('',#3950,#3949,#1954,.T.);
#4846=EDGE_CURVE('',#3950,#3951,#1955,.T.);
#4847=EDGE_CURVE('',#3951,#3952,#1956,.T.);
#4848=EDGE_CURVE('',#3952,#3953,#1957,.T.);
#4849=EDGE_CURVE('',#3954,#3953,#1958,.T.);
#4850=EDGE_CURVE('',#3954,#3947,#1959,.T.);
#4851=EDGE_CURVE('',#3955,#3956,#3606,.T.);
#4852=EDGE_CURVE('',#3956,#3957,#3607,.T.);
#4853=EDGE_CURVE('',#3957,#3958,#1960,.T.);
#4854=EDGE_CURVE('',#3958,#3959,#3608,.T.);
#4855=EDGE_CURVE('',#3959,#3960,#3609,.T.);
#4856=EDGE_CURVE('',#3960,#3955,#1961,.T.);
#4857=EDGE_CURVE('',#3822,#3961,#1962,.T.);
#4858=EDGE_CURVE('',#3961,#3962,#1963,.F.);
#4859=EDGE_CURVE('',#3962,#3823,#1964,.F.);
#4860=EDGE_CURVE('',#3963,#3821,#1965,.T.);
#4861=EDGE_CURVE('',#3964,#3963,#1966,.T.);
#4862=EDGE_CURVE('',#3965,#3964,#1967,.T.);
#4863=EDGE_CURVE('',#3966,#3965,#1968,.T.);
#4864=EDGE_CURVE('',#3961,#3966,#1969,.T.);
#4865=EDGE_CURVE('',#3967,#3963,#1970,.T.);
#4866=EDGE_CURVE('',#3967,#3968,#1971,.F.);
#4867=EDGE_CURVE('',#3968,#3964,#1972,.T.);
#4868=EDGE_CURVE('',#3967,#3820,#1973,.T.);
#4869=EDGE_CURVE('',#3804,#3969,#1974,.T.);
#4870=EDGE_CURVE('',#3969,#3970,#1975,.T.);
#4871=EDGE_CURVE('',#3970,#3805,#1976,.F.);
#4872=EDGE_CURVE('',#3971,#3972,#1977,.T.);
#4873=EDGE_CURVE('',#3973,#3971,#1978,.T.);
#4874=EDGE_CURVE('',#3974,#3973,#1979,.T.);
#4875=EDGE_CURVE('',#3974,#3969,#1980,.T.);
#4876=EDGE_CURVE('',#3972,#3803,#1981,.T.);
#4877=EDGE_CURVE('',#3975,#3975,#3610,.T.);
#4878=EDGE_CURVE('',#3975,#3893,#1982,.T.);
#4879=EDGE_CURVE('',#3891,#3969,#1983,.T.);
#4880=EDGE_CURVE('',#3974,#3890,#1984,.T.);
#4881=EDGE_CURVE('',#3976,#3945,#3611,.T.);
#4882=EDGE_CURVE('',#3977,#3976,#1985,.T.);
#4883=EDGE_CURVE('',#3978,#3977,#3612,.T.);
#4884=EDGE_CURVE('',#3869,#3978,#1986,.T.);
#4885=EDGE_CURVE('',#3979,#3868,#1987,.T.);
#4886=EDGE_CURVE('',#3980,#3979,#1988,.T.);
#4887=EDGE_CURVE('',#3981,#3980,#1989,.T.);
#4888=EDGE_CURVE('',#3982,#3981,#1990,.T.);
#4889=EDGE_CURVE('',#3983,#3982,#1991,.T.);
#4890=EDGE_CURVE('',#3983,#3984,#3613,.T.);
#4891=EDGE_CURVE('',#3985,#3984,#1992,.T.);
#4892=EDGE_CURVE('',#3985,#3986,#3614,.T.);
#4893=EDGE_CURVE('',#3987,#3986,#1993,.T.);
#4894=EDGE_CURVE('',#3988,#3987,#1994,.T.);
#4895=EDGE_CURVE('',#3874,#3988,#1995,.T.);
#4896=EDGE_CURVE('',#3989,#3892,#1996,.T.);
#4897=EDGE_CURVE('',#3989,#3970,#1997,.T.);
#4898=EDGE_CURVE('',#3990,#3974,#1998,.T.);
#4899=EDGE_CURVE('',#3990,#3989,#1999,.T.);
#4900=EDGE_CURVE('',#3991,#3973,#2000,.T.);
#4901=EDGE_CURVE('',#3991,#3990,#2001,.T.);
#4902=EDGE_CURVE('',#3992,#3971,#2002,.T.);
#4903=EDGE_CURVE('',#3992,#3991,#2003,.T.);
#4904=EDGE_CURVE('',#3993,#3972,#2004,.T.);
#4905=EDGE_CURVE('',#3993,#3992,#2005,.T.);
#4906=EDGE_CURVE('',#3993,#3802,#2006,.T.);
#4907=EDGE_CURVE('',#3858,#3994,#2007,.T.);
#4908=EDGE_CURVE('',#3994,#3995,#2008,.T.);
#4909=EDGE_CURVE('',#3995,#3859,#2009,.T.);
#4910=EDGE_CURVE('',#3996,#3857,#2010,.T.);
#4911=EDGE_CURVE('',#3994,#3996,#2011,.T.);
#4912=EDGE_CURVE('',#3841,#3997,#2012,.T.);
#4913=EDGE_CURVE('',#3997,#3998,#2013,.T.);
#4914=EDGE_CURVE('',#3998,#3842,#2014,.T.);
#4915=EDGE_CURVE('',#3999,#3840,#2015,.T.);
#4916=EDGE_CURVE('',#3997,#3999,#2016,.T.);
#4917=EDGE_CURVE('',#4000,#3815,#3615,.T.);
#4918=EDGE_CURVE('',#3814,#4001,#3616,.T.);
#4919=EDGE_CURVE('',#4001,#4000,#2017,.T.);
#4920=EDGE_CURVE('',#4000,#4002,#2018,.T.);
#4921=EDGE_CURVE('',#3796,#4002,#3617,.T.);
#4922=EDGE_CURVE('',#3867,#4003,#2019,.T.);
#4923=EDGE_CURVE('',#4004,#4003,#3618,.T.);
#4924=EDGE_CURVE('',#4004,#4005,#2020,.T.);
#4925=EDGE_CURVE('',#4006,#4005,#3619,.T.);
#4926=EDGE_CURVE('',#4006,#4007,#2021,.T.);
#4927=EDGE_CURVE('',#4007,#3816,#2022,.T.);
#4928=EDGE_CURVE('',#4008,#4001,#2023,.T.);
#4929=EDGE_CURVE('',#4002,#4008,#2024,.T.);
#4930=EDGE_CURVE('',#4008,#3797,#3620,.T.);
#4931=EDGE_CURVE('',#3983,#4006,#2025,.T.);
#4932=EDGE_CURVE('',#4005,#3984,#2026,.T.);
#4933=EDGE_CURVE('',#3985,#4004,#2027,.T.);
#4934=EDGE_CURVE('',#4003,#3986,#2028,.T.);
#4935=EDGE_CURVE('',#4009,#3867,#2029,.T.);
#4936=EDGE_CURVE('',#4009,#3987,#2030,.T.);
#4937=EDGE_CURVE('',#4010,#4011,#109,.F.);
#4938=EDGE_CURVE('',#4012,#4010,#110,.F.);
#4939=EDGE_CURVE('',#4012,#4013,#2031,.T.);
#4940=EDGE_CURVE('',#4014,#4013,#3621,.T.);
#4941=EDGE_CURVE('',#4014,#3978,#2032,.T.);
#4942=EDGE_CURVE('',#3977,#4015,#2033,.T.);
#4943=EDGE_CURVE('',#4015,#4016,#111,.T.);
#4944=EDGE_CURVE('',#4011,#4016,#27,.F.);
#4945=EDGE_CURVE('',#4017,#3944,#3622,.T.);
#4946=EDGE_CURVE('',#4017,#4018,#2034,.T.);
#4947=EDGE_CURVE('',#4018,#4019,#112,.T.);
#4948=EDGE_CURVE('',#4020,#4019,#113,.F.);
#4949=EDGE_CURVE('',#4020,#3976,#2035,.T.);
#4950=EDGE_CURVE('',#4012,#4021,#3623,.T.);
#4951=EDGE_CURVE('',#4021,#4022,#3624,.T.);
#4952=EDGE_CURVE('',#4022,#4015,#3625,.T.);
#4953=EDGE_CURVE('',#4020,#4023,#3626,.T.);
#4954=EDGE_CURVE('',#4023,#4024,#2036,.T.);
#4955=EDGE_CURVE('',#4024,#4025,#3627,.T.);
#4956=EDGE_CURVE('',#4025,#4018,#3628,.T.);
#4957=EDGE_CURVE('',#4013,#4017,#2037,.T.);
#4958=EDGE_CURVE('',#4026,#4027,#3629,.T.);
#4959=EDGE_CURVE('',#4027,#4028,#2038,.T.);
#4960=EDGE_CURVE('',#4028,#4029,#3630,.T.);
#4961=EDGE_CURVE('',#4029,#4026,#3631,.T.);
#4962=EDGE_CURVE('',#4030,#4031,#3632,.T.);
#4963=EDGE_CURVE('',#4031,#4032,#2039,.T.);
#4964=EDGE_CURVE('',#4032,#4033,#3633,.T.);
#4965=EDGE_CURVE('',#4033,#4030,#3634,.T.);
#4966=EDGE_CURVE('',#4034,#4035,#2040,.T.);
#4967=EDGE_CURVE('',#4034,#4036,#2041,.T.);
#4968=EDGE_CURVE('',#4036,#4037,#2042,.T.);
#4969=EDGE_CURVE('',#4035,#4037,#2043,.T.);
#4970=EDGE_CURVE('',#4038,#4034,#3635,.T.);
#4971=EDGE_CURVE('',#4038,#4039,#2044,.T.);
#4972=EDGE_CURVE('',#4039,#4036,#3636,.T.);
#4973=EDGE_CURVE('',#4035,#4038,#3637,.T.);
#4974=EDGE_CURVE('',#4037,#4039,#3638,.T.);
#4975=EDGE_CURVE('',#4040,#4041,#3639,.T.);
#4976=EDGE_CURVE('',#4040,#4042,#2045,.T.);
#4977=EDGE_CURVE('',#4042,#4043,#3640,.T.);
#4978=EDGE_CURVE('',#4041,#4043,#2046,.T.);
#4979=EDGE_CURVE('',#4044,#4040,#3641,.T.);
#4980=EDGE_CURVE('',#4044,#4045,#2047,.T.);
#4981=EDGE_CURVE('',#4045,#4042,#3642,.T.);
#4982=EDGE_CURVE('',#4041,#4044,#2048,.T.);
#4983=EDGE_CURVE('',#4043,#4045,#2049,.T.);
#4984=EDGE_CURVE('',#4046,#4047,#3643,.T.);
#4985=EDGE_CURVE('',#4046,#4048,#2050,.T.);
#4986=EDGE_CURVE('',#4048,#4049,#3644,.T.);
#4987=EDGE_CURVE('',#4047,#4049,#2051,.T.);
#4988=EDGE_CURVE('',#4050,#4046,#2052,.T.);
#4989=EDGE_CURVE('',#4050,#4051,#2053,.T.);
#4990=EDGE_CURVE('',#4051,#4048,#2054,.T.);
#4991=EDGE_CURVE('',#4052,#4050,#3645,.T.);
#4992=EDGE_CURVE('',#4052,#4053,#2055,.T.);
#4993=EDGE_CURVE('',#4053,#4051,#3646,.T.);
#4994=EDGE_CURVE('',#4047,#4052,#3647,.T.);
#4995=EDGE_CURVE('',#4049,#4053,#3648,.T.);
#4996=EDGE_CURVE('',#3955,#4054,#2056,.T.);
#4997=EDGE_CURVE('',#4054,#4055,#3649,.T.);
#4998=EDGE_CURVE('',#3956,#4055,#2057,.T.);
#4999=EDGE_CURVE('',#3960,#4056,#2058,.T.);
#5000=EDGE_CURVE('',#4056,#4054,#2059,.T.);
#5001=EDGE_CURVE('',#3959,#4057,#2060,.T.);
#5002=EDGE_CURVE('',#4057,#4056,#3650,.T.);
#5003=EDGE_CURVE('',#3958,#4058,#2061,.T.);
#5004=EDGE_CURVE('',#4058,#4057,#3651,.T.);
#5005=EDGE_CURVE('',#3957,#4059,#2062,.T.);
#5006=EDGE_CURVE('',#4059,#4058,#2063,.T.);
#5007=EDGE_CURVE('',#4055,#4059,#3652,.T.);
#5008=EDGE_CURVE('',#4060,#4061,#2064,.T.);
#5009=EDGE_CURVE('',#4060,#4062,#2065,.T.);
#5010=EDGE_CURVE('',#4062,#4063,#2066,.T.);
#5011=EDGE_CURVE('',#4061,#4063,#2067,.T.);
#5012=EDGE_CURVE('',#4064,#4060,#3653,.T.);
#5013=EDGE_CURVE('',#4064,#4065,#2068,.T.);
#5014=EDGE_CURVE('',#4065,#4062,#3654,.T.);
#5015=EDGE_CURVE('',#4066,#4064,#3655,.T.);
#5016=EDGE_CURVE('',#4066,#4067,#2069,.T.);
#5017=EDGE_CURVE('',#4067,#4065,#3656,.T.);
#5018=EDGE_CURVE('',#4068,#4066,#2070,.T.);
#5019=EDGE_CURVE('',#4068,#4069,#2071,.T.);
#5020=EDGE_CURVE('',#4069,#4067,#2072,.T.);
#5021=EDGE_CURVE('',#4070,#4068,#3657,.T.);
#5022=EDGE_CURVE('',#4070,#4071,#2073,.T.);
#5023=EDGE_CURVE('',#4071,#4069,#3658,.T.);
#5024=EDGE_CURVE('',#4061,#4070,#3659,.T.);
#5025=EDGE_CURVE('',#4063,#4071,#3660,.T.);
#5026=EDGE_CURVE('',#4072,#4073,#3661,.T.);
#5027=EDGE_CURVE('',#4072,#4074,#2074,.T.);
#5028=EDGE_CURVE('',#4074,#4075,#3662,.T.);
#5029=EDGE_CURVE('',#4073,#4075,#2075,.T.);
#5030=EDGE_CURVE('',#4076,#4072,#2076,.T.);
#5031=EDGE_CURVE('',#4076,#4077,#2077,.T.);
#5032=EDGE_CURVE('',#4077,#4074,#2078,.T.);
#5033=EDGE_CURVE('',#4078,#4076,#3663,.T.);
#5034=EDGE_CURVE('',#4078,#4079,#2079,.T.);
#5035=EDGE_CURVE('',#4079,#4077,#3664,.T.);
#5036=EDGE_CURVE('',#4080,#4078,#3665,.T.);
#5037=EDGE_CURVE('',#4080,#4081,#2080,.T.);
#5038=EDGE_CURVE('',#4081,#4079,#3666,.T.);
#5039=EDGE_CURVE('',#4082,#4080,#2081,.T.);
#5040=EDGE_CURVE('',#4082,#4083,#2082,.T.);
#5041=EDGE_CURVE('',#4083,#4081,#2083,.T.);
#5042=EDGE_CURVE('',#4073,#4082,#3667,.T.);
#5043=EDGE_CURVE('',#4075,#4083,#3668,.T.);
#5044=EDGE_CURVE('',#4084,#4084,#3669,.T.);
#5045=EDGE_CURVE('',#4084,#4085,#2084,.T.);
#5046=EDGE_CURVE('',#4085,#4085,#3670,.T.);
#5047=EDGE_CURVE('',#4086,#4086,#3671,.T.);
#5048=EDGE_CURVE('',#4086,#4087,#2085,.T.);
#5049=EDGE_CURVE('',#4087,#4087,#3672,.T.);
#5050=EDGE_CURVE('',#4088,#4032,#2086,.T.);
#5051=EDGE_CURVE('',#4088,#4089,#3673,.T.);
#5052=EDGE_CURVE('',#4089,#4033,#2087,.T.);
#5053=EDGE_CURVE('',#4089,#4090,#3674,.T.);
#5054=EDGE_CURVE('',#4030,#4090,#2088,.T.);
#5055=EDGE_CURVE('',#4091,#4088,#2089,.T.);
#5056=EDGE_CURVE('',#4090,#4091,#3675,.T.);
#5057=EDGE_CURVE('',#4091,#4031,#2090,.T.);
#5058=EDGE_CURVE('',#4092,#4028,#2091,.T.);
#5059=EDGE_CURVE('',#4092,#4093,#3676,.T.);
#5060=EDGE_CURVE('',#4093,#4029,#2092,.T.);
#5061=EDGE_CURVE('',#4093,#4094,#3677,.T.);
#5062=EDGE_CURVE('',#4026,#4094,#2093,.T.);
#5063=EDGE_CURVE('',#4095,#4092,#2094,.T.);
#5064=EDGE_CURVE('',#4094,#4095,#3678,.T.);
#5065=EDGE_CURVE('',#4095,#4027,#2095,.T.);
#5066=EDGE_CURVE('',#4096,#4097,#2096,.T.);
#5067=EDGE_CURVE('',#4096,#4098,#3679,.T.);
#5068=EDGE_CURVE('',#4098,#4021,#2097,.T.);
#5069=EDGE_CURVE('',#4011,#4097,#2098,.T.);
#5070=EDGE_CURVE('',#4098,#4099,#3680,.T.);
#5071=EDGE_CURVE('',#4022,#4099,#2099,.T.);
#5072=EDGE_CURVE('',#4100,#4096,#2100,.T.);
#5073=EDGE_CURVE('',#4099,#4100,#3681,.T.);
#5074=EDGE_CURVE('',#4016,#4100,#2101,.T.);
#5075=EDGE_CURVE('',#4101,#4024,#2102,.T.);
#5076=EDGE_CURVE('',#4101,#4102,#3682,.T.);
#5077=EDGE_CURVE('',#4102,#4025,#2103,.T.);
#5078=EDGE_CURVE('',#4102,#4103,#3683,.T.);
#5079=EDGE_CURVE('',#4019,#4103,#2104,.T.);
#5080=EDGE_CURVE('',#4104,#4101,#2105,.T.);
#5081=EDGE_CURVE('',#4103,#4104,#3684,.T.);
#5082=EDGE_CURVE('',#4104,#4023,#2106,.T.);
#5083=EDGE_CURVE('',#4105,#4105,#3685,.T.);
#5084=EDGE_CURVE('',#4105,#3819,#2107,.T.);
#5085=EDGE_CURVE('',#4106,#4106,#3686,.T.);
#5086=EDGE_CURVE('',#4106,#3818,#2108,.T.);
#5087=EDGE_CURVE('',#3920,#3935,#2109,.T.);
#5088=EDGE_CURVE('',#3921,#3926,#2110,.T.);
#5089=EDGE_CURVE('',#3943,#3922,#2111,.T.);
#5090=EDGE_CURVE('',#3888,#4107,#2112,.T.);
#5091=EDGE_CURVE('',#4108,#4107,#114,.T.);
#5092=EDGE_CURVE('',#4108,#3871,#2113,.T.);
#5093=EDGE_CURVE('',#3870,#4014,#2114,.T.);
#5094=EDGE_CURVE('',#3995,#4109,#2115,.T.);
#5095=EDGE_CURVE('',#4109,#4110,#2116,.T.);
#5096=EDGE_CURVE('',#4110,#4111,#2117,.T.);
#5097=EDGE_CURVE('',#4111,#3843,#2118,.T.);
#5098=EDGE_CURVE('',#3998,#4112,#2119,.T.);
#5099=EDGE_CURVE('',#4112,#4113,#2120,.T.);
#5100=EDGE_CURVE('',#4113,#4114,#2121,.T.);
#5101=EDGE_CURVE('',#4114,#4115,#2122,.T.);
#5102=EDGE_CURVE('',#4115,#4116,#2123,.T.);
#5103=EDGE_CURVE('',#4116,#3860,#3687,.T.);
#5104=EDGE_CURVE('',#4117,#4117,#3688,.T.);
#5105=EDGE_CURVE('',#4118,#4118,#3689,.T.);
#5106=EDGE_CURVE('',#4119,#4119,#3690,.T.);
#5107=EDGE_CURVE('',#4120,#4121,#2124,.T.);
#5108=EDGE_CURVE('',#4122,#4121,#2125,.T.);
#5109=EDGE_CURVE('',#4123,#4122,#2126,.T.);
#5110=EDGE_CURVE('',#4120,#4123,#2127,.T.);
#5111=EDGE_CURVE('',#4122,#4124,#2128,.T.);
#5112=EDGE_CURVE('',#4125,#4124,#2129,.T.);
#5113=EDGE_CURVE('',#4123,#4125,#2130,.T.);
#5114=EDGE_CURVE('',#4126,#3951,#2131,.T.);
#5115=EDGE_CURVE('',#4126,#3950,#2132,.T.);
#5116=EDGE_CURVE('',#3952,#4127,#2133,.T.);
#5117=EDGE_CURVE('',#3953,#4127,#2134,.T.);
#5118=EDGE_CURVE('',#3949,#4128,#2135,.T.);
#5119=EDGE_CURVE('',#4128,#4126,#2136,.T.);
#5120=EDGE_CURVE('',#4128,#4125,#2137,.T.);
#5121=EDGE_CURVE('',#4124,#4129,#2138,.T.);
#5122=EDGE_CURVE('',#4127,#4129,#2139,.T.);
#5123=EDGE_CURVE('',#4129,#3954,#2140,.T.);
#5124=EDGE_CURVE('',#4130,#4120,#2141,.T.);
#5125=EDGE_CURVE('',#4130,#4131,#2142,.T.);
#5126=EDGE_CURVE('',#4121,#4131,#2143,.T.);
#5127=EDGE_CURVE('',#4132,#4133,#2144,.T.);
#5128=EDGE_CURVE('',#4134,#4132,#2145,.T.);
#5129=EDGE_CURVE('',#4134,#4135,#2146,.T.);
#5130=EDGE_CURVE('',#4133,#4135,#2147,.T.);
#5131=EDGE_CURVE('',#4131,#4134,#2148,.T.);
#5132=EDGE_CURVE('',#4135,#4130,#2149,.T.);
#5133=EDGE_CURVE('',#3948,#4133,#2150,.T.);
#5134=EDGE_CURVE('',#4132,#3947,#2151,.T.);
#5135=EDGE_CURVE('',#4136,#4137,#2152,.T.);
#5136=EDGE_CURVE('',#4136,#4138,#2153,.T.);
#5137=EDGE_CURVE('',#4138,#4139,#2154,.T.);
#5138=EDGE_CURVE('',#4137,#4139,#2155,.T.);
#5139=EDGE_CURVE('',#4140,#4136,#2156,.T.);
#5140=EDGE_CURVE('',#4140,#4141,#2157,.T.);
#5141=EDGE_CURVE('',#4141,#4138,#2158,.T.);
#5142=EDGE_CURVE('',#4142,#4140,#2159,.T.);
#5143=EDGE_CURVE('',#4142,#4143,#2160,.T.);
#5144=EDGE_CURVE('',#4143,#4141,#2161,.T.);
#5145=EDGE_CURVE('',#4137,#4142,#2162,.T.);
#5146=EDGE_CURVE('',#4139,#4143,#2163,.T.);
#5147=EDGE_CURVE('',#4108,#4144,#115,.T.);
#5148=EDGE_CURVE('',#3876,#4107,#116,.T.);
#5149=EDGE_CURVE('',#4145,#3875,#117,.T.);
#5150=EDGE_CURVE('',#4146,#4145,#2164,.T.);
#5151=EDGE_CURVE('',#4147,#4146,#118,.T.);
#5152=EDGE_CURVE('',#4144,#4147,#119,.F.);
#5153=EDGE_CURVE('',#3988,#4148,#2165,.T.);
#5154=EDGE_CURVE('',#4148,#3866,#2166,.T.);
#5155=EDGE_CURVE('',#4145,#3865,#2167,.T.);
#5156=EDGE_CURVE('',#4149,#4149,#3691,.T.);
#5157=EDGE_CURVE('',#3887,#3877,#2168,.T.);
#5158=EDGE_CURVE('',#4149,#3801,#2169,.T.);
#5159=EDGE_CURVE('',#3946,#3800,#2170,.T.);
#5160=EDGE_CURVE('',#4150,#4151,#3692,.T.);
#5161=EDGE_CURVE('',#4151,#3836,#2171,.T.);
#5162=EDGE_CURVE('',#3835,#4150,#2172,.T.);
#5163=EDGE_CURVE('',#4152,#4151,#2173,.T.);
#5164=EDGE_CURVE('',#3837,#4152,#2174,.T.);
#5165=EDGE_CURVE('',#4152,#4153,#3693,.T.);
#5166=EDGE_CURVE('',#4153,#3838,#2175,.T.);
#5167=EDGE_CURVE('',#4154,#4155,#272,.T.);
#5168=EDGE_CURVE('',#4155,#3853,#2176,.T.);
#5169=EDGE_CURVE('',#3852,#4154,#2177,.T.);
#5170=EDGE_CURVE('',#4156,#4155,#2178,.T.);
#5171=EDGE_CURVE('',#3854,#4156,#2179,.T.);
#5172=EDGE_CURVE('',#4156,#4157,#273,.T.);
#5173=EDGE_CURVE('',#4157,#3855,#2180,.T.);
#5174=EDGE_CURVE('',#4158,#3851,#2181,.T.);
#5175=EDGE_CURVE('',#4154,#4158,#2182,.T.);
#5176=EDGE_CURVE('',#4159,#4157,#2183,.T.);
#5177=EDGE_CURVE('',#3856,#4159,#2184,.T.);
#5178=EDGE_CURVE('',#4160,#3834,#2185,.T.);
#5179=EDGE_CURVE('',#4150,#4160,#2186,.T.);
#5180=EDGE_CURVE('',#4161,#4153,#2187,.T.);
#5181=EDGE_CURVE('',#3839,#4161,#2188,.T.);
#5182=EDGE_CURVE('',#4159,#3996,#2189,.T.);
#5183=EDGE_CURVE('',#3845,#4158,#2190,.T.);
#5184=EDGE_CURVE('',#4161,#3999,#2191,.T.);
#5185=EDGE_CURVE('',#3828,#4160,#2192,.T.);
#5186=EDGE_CURVE('',#4009,#4148,#2193,.T.);
#5187=EDGE_CURVE('',#4007,#3982,#2194,.T.);
#5188=EDGE_CURVE('',#4162,#4146,#2195,.T.);
#5189=EDGE_CURVE('',#4162,#3981,#2196,.T.);
#5190=EDGE_CURVE('',#3980,#4147,#2197,.T.);
#5191=EDGE_CURVE('',#3861,#4162,#2198,.T.);
#5192=EDGE_CURVE('',#3979,#4144,#2199,.T.);
#5193=EDGE_CURVE('',#4163,#4163,#3694,.T.);
#5194=EDGE_CURVE('',#4164,#4164,#3695,.F.);
#5195=EDGE_CURVE('',#4164,#4163,#2200,.T.);
#5196=EDGE_CURVE('',#4165,#3962,#2201,.F.);
#5197=EDGE_CURVE('',#4166,#4165,#2202,.F.);
#5198=EDGE_CURVE('',#3968,#4166,#2203,.F.);
#5199=EDGE_CURVE('',#4165,#3966,#2204,.T.);
#5200=EDGE_CURVE('',#4166,#3965,#2205,.T.);
#5201=EDGE_CURVE('',#4167,#4167,#3696,.T.);
#5202=EDGE_CURVE('',#4167,#3881,#2206,.T.);
#5203=EDGE_CURVE('',#3879,#3885,#2207,.T.);
#5204=EDGE_CURVE('',#3878,#3886,#2208,.T.);
#5205=EDGE_CURVE('',#4112,#3833,#2209,.T.);
#5206=EDGE_CURVE('',#4168,#3832,#2210,.T.);
#5207=EDGE_CURVE('',#4113,#4168,#2211,.T.);
#5208=EDGE_CURVE('',#4168,#4169,#2212,.T.);
#5209=EDGE_CURVE('',#4111,#4169,#2213,.T.);
#5210=EDGE_CURVE('',#4170,#4171,#2214,.T.);
#5211=EDGE_CURVE('',#4110,#4170,#2215,.T.);
#5212=EDGE_CURVE('',#4109,#3850,#2216,.T.);
#5213=EDGE_CURVE('',#4171,#3849,#2217,.T.);
#5214=EDGE_CURVE('',#4171,#4116,#2218,.T.);
#5215=EDGE_CURVE('',#4172,#4172,#3697,.T.);
#5216=EDGE_CURVE('',#4172,#4119,#2219,.T.);
#5217=EDGE_CURVE('',#4173,#4173,#3698,.T.);
#5218=EDGE_CURVE('',#4174,#4174,#3699,.T.);
#5219=EDGE_CURVE('',#4174,#4118,#2220,.T.);
#5220=EDGE_CURVE('',#4175,#4168,#2221,.T.);
#5221=EDGE_CURVE('',#4114,#4175,#2222,.T.);
#5222=EDGE_CURVE('',#4176,#4175,#2223,.T.);
#5223=EDGE_CURVE('',#4115,#4176,#2224,.T.);
#5224=EDGE_CURVE('',#4171,#4176,#2225,.T.);
#5225=EDGE_CURVE('',#4169,#4170,#2226,.T.);
#5226=EDGE_CURVE('',#4177,#4177,#3700,.T.);
#5227=EDGE_CURVE('',#4177,#4117,#2227,.T.);
#5228=EDGE_CURVE('',#4178,#4178,#3701,.T.);
#5229=EDGE_CURVE('',#4178,#4179,#2228,.T.);
#5230=EDGE_CURVE('',#4179,#4179,#3702,.T.);
#5231=EDGE_CURVE('',#4173,#4180,#2229,.T.);
#5232=EDGE_CURVE('',#4180,#4180,#3703,.T.);
#5233=EDGE_CURVE('',#4181,#4181,#3704,.T.);
#5234=EDGE_CURVE('',#4181,#4182,#2230,.T.);
#5235=EDGE_CURVE('',#4182,#4182,#3705,.T.);
#5236=EDGE_CURVE('',#4183,#4184,#2231,.T.);
#5237=EDGE_CURVE('',#4183,#4185,#2232,.T.);
#5238=EDGE_CURVE('',#4185,#4186,#2233,.T.);
#5239=EDGE_CURVE('',#4187,#4186,#3706,.T.);
#5240=EDGE_CURVE('',#4187,#4188,#2234,.T.);
#5241=EDGE_CURVE('',#4188,#4189,#2235,.T.);
#5242=EDGE_CURVE('',#4190,#4189,#2236,.T.);
#5243=EDGE_CURVE('',#4191,#4190,#3707,.T.);
#5244=EDGE_CURVE('',#4192,#4191,#2237,.T.);
#5245=EDGE_CURVE('',#4193,#4192,#3708,.T.);
#5246=EDGE_CURVE('',#4184,#4193,#2238,.T.);
#5247=EDGE_CURVE('',#4194,#4195,#120,.T.);
#5248=EDGE_CURVE('',#4195,#4196,#121,.T.);
#5249=EDGE_CURVE('',#4196,#4197,#122,.T.);
#5250=EDGE_CURVE('',#4197,#4198,#123,.T.);
#5251=EDGE_CURVE('',#4198,#4199,#124,.T.);
#5252=EDGE_CURVE('',#4199,#4200,#125,.T.);
#5253=EDGE_CURVE('',#4200,#4201,#126,.T.);
#5254=EDGE_CURVE('',#4201,#4202,#127,.T.);
#5255=EDGE_CURVE('',#4202,#4203,#128,.T.);
#5256=EDGE_CURVE('',#4203,#4194,#2239,.T.);
#5257=EDGE_CURVE('',#4204,#4205,#129,.T.);
#5258=EDGE_CURVE('',#4205,#4206,#130,.T.);
#5259=EDGE_CURVE('',#4206,#4207,#131,.T.);
#5260=EDGE_CURVE('',#4207,#4208,#2240,.T.);
#5261=EDGE_CURVE('',#4208,#4209,#2241,.T.);
#5262=EDGE_CURVE('',#4209,#4204,#2242,.T.);
#5263=EDGE_CURVE('',#4210,#4211,#2243,.T.);
#5264=EDGE_CURVE('',#4211,#4212,#2244,.T.);
#5265=EDGE_CURVE('',#4212,#4213,#2245,.T.);
#5266=EDGE_CURVE('',#4213,#4214,#132,.T.);
#5267=EDGE_CURVE('',#4214,#4210,#133,.T.);
#5268=EDGE_CURVE('',#4215,#4216,#2246,.T.);
#5269=EDGE_CURVE('',#4216,#4217,#2247,.T.);
#5270=EDGE_CURVE('',#4217,#4218,#2248,.T.);
#5271=EDGE_CURVE('',#4218,#4219,#2249,.T.);
#5272=EDGE_CURVE('',#4219,#4220,#2250,.T.);
#5273=EDGE_CURVE('',#4220,#4221,#2251,.T.);
#5274=EDGE_CURVE('',#4221,#4215,#2252,.T.);
#5275=EDGE_CURVE('',#4222,#4223,#134,.T.);
#5276=EDGE_CURVE('',#4223,#4224,#135,.T.);
#5277=EDGE_CURVE('',#4224,#4225,#136,.T.);
#5278=EDGE_CURVE('',#4225,#4226,#137,.T.);
#5279=EDGE_CURVE('',#4226,#4227,#2253,.T.);
#5280=EDGE_CURVE('',#4227,#4228,#138,.T.);
#5281=EDGE_CURVE('',#4228,#4229,#139,.T.);
#5282=EDGE_CURVE('',#4229,#4230,#140,.T.);
#5283=EDGE_CURVE('',#4230,#4231,#141,.T.);
#5284=EDGE_CURVE('',#4231,#4232,#2254,.T.);
#5285=EDGE_CURVE('',#4232,#4233,#142,.T.);
#5286=EDGE_CURVE('',#4233,#4234,#2255,.T.);
#5287=EDGE_CURVE('',#4234,#4235,#143,.T.);
#5288=EDGE_CURVE('',#4235,#4222,#2256,.T.);
#5289=EDGE_CURVE('',#4236,#4237,#2257,.T.);
#5290=EDGE_CURVE('',#4237,#4238,#2258,.T.);
#5291=EDGE_CURVE('',#4238,#4239,#2259,.T.);
#5292=EDGE_CURVE('',#4239,#4240,#2260,.T.);
#5293=EDGE_CURVE('',#4240,#4241,#2261,.T.);
#5294=EDGE_CURVE('',#4241,#4236,#2262,.T.);
#5295=EDGE_CURVE('',#4242,#4243,#144,.T.);
#5296=EDGE_CURVE('',#4243,#4244,#2263,.T.);
#5297=EDGE_CURVE('',#4244,#4245,#2264,.T.);
#5298=EDGE_CURVE('',#4245,#4246,#2265,.T.);
#5299=EDGE_CURVE('',#4246,#4247,#2266,.T.);
#5300=EDGE_CURVE('',#4247,#4248,#145,.T.);
#5301=EDGE_CURVE('',#4248,#4249,#146,.T.);
#5302=EDGE_CURVE('',#4249,#4250,#147,.T.);
#5303=EDGE_CURVE('',#4250,#4251,#148,.T.);
#5304=EDGE_CURVE('',#4251,#4252,#149,.T.);
#5305=EDGE_CURVE('',#4252,#4253,#150,.T.);
#5306=EDGE_CURVE('',#4253,#4254,#2267,.T.);
#5307=EDGE_CURVE('',#4254,#4255,#2268,.T.);
#5308=EDGE_CURVE('',#4255,#4256,#2269,.T.);
#5309=EDGE_CURVE('',#4256,#4257,#151,.T.);
#5310=EDGE_CURVE('',#4257,#4258,#152,.T.);
#5311=EDGE_CURVE('',#4258,#4259,#153,.T.);
#5312=EDGE_CURVE('',#4259,#4260,#154,.T.);
#5313=EDGE_CURVE('',#4260,#4261,#155,.T.);
#5314=EDGE_CURVE('',#4261,#4262,#156,.T.);
#5315=EDGE_CURVE('',#4262,#4242,#157,.T.);
#5316=EDGE_CURVE('',#4263,#4264,#2270,.T.);
#5317=EDGE_CURVE('',#4264,#4265,#2271,.T.);
#5318=EDGE_CURVE('',#4265,#4266,#2272,.T.);
#5319=EDGE_CURVE('',#4266,#4267,#2273,.T.);
#5320=EDGE_CURVE('',#4267,#4268,#2274,.T.);
#5321=EDGE_CURVE('',#4268,#4269,#2275,.T.);
#5322=EDGE_CURVE('',#4269,#4270,#2276,.T.);
#5323=EDGE_CURVE('',#4270,#4271,#2277,.T.);
#5324=EDGE_CURVE('',#4271,#4272,#2278,.T.);
#5325=EDGE_CURVE('',#4272,#4263,#2279,.T.);
#5326=EDGE_CURVE('',#4273,#4274,#2280,.T.);
#5327=EDGE_CURVE('',#4274,#4275,#3709,.F.);
#5328=EDGE_CURVE('',#4275,#4276,#2281,.T.);
#5329=EDGE_CURVE('',#4276,#4273,#2282,.T.);
#5330=EDGE_CURVE('',#4277,#4278,#2283,.T.);
#5331=EDGE_CURVE('',#4278,#4279,#158,.T.);
#5332=EDGE_CURVE('',#4279,#4280,#159,.T.);
#5333=EDGE_CURVE('',#4280,#4281,#160,.T.);
#5334=EDGE_CURVE('',#4281,#4282,#161,.T.);
#5335=EDGE_CURVE('',#4282,#4283,#2284,.T.);
#5336=EDGE_CURVE('',#4283,#4284,#162,.T.);
#5337=EDGE_CURVE('',#4284,#4285,#163,.T.);
#5338=EDGE_CURVE('',#4285,#4286,#164,.T.);
#5339=EDGE_CURVE('',#4286,#4277,#165,.T.);
#5340=EDGE_CURVE('',#4287,#4288,#2285,.T.);
#5341=EDGE_CURVE('',#4288,#4289,#2286,.T.);
#5342=EDGE_CURVE('',#4289,#4290,#2287,.T.);
#5343=EDGE_CURVE('',#4290,#4287,#2288,.T.);
#5344=EDGE_CURVE('',#4291,#4292,#2289,.T.);
#5345=EDGE_CURVE('',#4292,#4293,#166,.T.);
#5346=EDGE_CURVE('',#4293,#4294,#167,.T.);
#5347=EDGE_CURVE('',#4294,#4295,#168,.T.);
#5348=EDGE_CURVE('',#4295,#4296,#169,.T.);
#5349=EDGE_CURVE('',#4296,#4297,#2290,.T.);
#5350=EDGE_CURVE('',#4297,#4298,#170,.T.);
#5351=EDGE_CURVE('',#4298,#4299,#171,.T.);
#5352=EDGE_CURVE('',#4299,#4300,#172,.T.);
#5353=EDGE_CURVE('',#4300,#4291,#173,.T.);
#5354=EDGE_CURVE('',#4301,#4302,#174,.T.);
#5355=EDGE_CURVE('',#4302,#4303,#2291,.T.);
#5356=EDGE_CURVE('',#4303,#4304,#175,.T.);
#5357=EDGE_CURVE('',#4304,#4305,#2292,.T.);
#5358=EDGE_CURVE('',#4305,#4306,#176,.T.);
#5359=EDGE_CURVE('',#4306,#4307,#177,.T.);
#5360=EDGE_CURVE('',#4307,#4308,#178,.T.);
#5361=EDGE_CURVE('',#4308,#4309,#179,.T.);
#5362=EDGE_CURVE('',#4309,#4310,#2293,.T.);
#5363=EDGE_CURVE('',#4310,#4311,#180,.T.);
#5364=EDGE_CURVE('',#4311,#4312,#181,.T.);
#5365=EDGE_CURVE('',#4312,#4313,#182,.T.);
#5366=EDGE_CURVE('',#4313,#4314,#183,.T.);
#5367=EDGE_CURVE('',#4314,#4301,#2294,.T.);
#5368=EDGE_CURVE('',#4315,#4316,#2295,.T.);
#5369=EDGE_CURVE('',#4317,#4316,#2296,.T.);
#5370=EDGE_CURVE('',#4318,#4317,#2297,.T.);
#5371=EDGE_CURVE('',#4315,#4318,#2298,.T.);
#5372=EDGE_CURVE('',#4319,#4320,#2299,.T.);
#5373=EDGE_CURVE('',#4316,#4319,#2300,.T.);
#5374=EDGE_CURVE('',#4320,#4315,#2301,.T.);
#5375=EDGE_CURVE('',#4321,#4320,#2302,.T.);
#5376=EDGE_CURVE('',#4322,#4321,#2303,.T.);
#5377=EDGE_CURVE('',#4319,#4322,#2304,.T.);
#5378=EDGE_CURVE('',#4318,#4321,#2305,.T.);
#5379=EDGE_CURVE('',#4322,#4317,#2306,.T.);
#5380=EDGE_CURVE('',#4323,#4183,#3710,.T.);
#5381=EDGE_CURVE('',#4184,#4324,#3711,.T.);
#5382=EDGE_CURVE('',#4324,#4323,#2307,.T.);
#5383=EDGE_CURVE('',#4325,#4323,#2308,.T.);
#5384=EDGE_CURVE('',#4325,#4326,#2309,.T.);
#5385=EDGE_CURVE('',#4326,#4327,#2310,.T.);
#5386=EDGE_CURVE('',#4328,#4327,#2311,.T.);
#5387=EDGE_CURVE('',#4329,#4328,#2312,.T.);
#5388=EDGE_CURVE('',#4330,#4329,#2313,.T.);
#5389=EDGE_CURVE('',#4330,#4185,#2314,.T.);
#5390=EDGE_CURVE('',#4189,#4331,#3712,.T.);
#5391=EDGE_CURVE('',#4331,#4332,#2315,.T.);
#5392=EDGE_CURVE('',#4332,#4190,#3713,.T.);
#5393=EDGE_CURVE('',#4333,#4191,#3714,.T.);
#5394=EDGE_CURVE('',#4332,#4333,#3715,.T.);
#5395=EDGE_CURVE('',#4334,#4192,#3716,.T.);
#5396=EDGE_CURVE('',#4333,#4334,#2316,.T.);
#5397=EDGE_CURVE('',#4335,#4193,#3717,.T.);
#5398=EDGE_CURVE('',#4334,#4335,#3718,.T.);
#5399=EDGE_CURVE('',#4335,#4324,#2317,.T.);
#5400=EDGE_CURVE('',#4336,#4335,#2318,.T.);
#5401=EDGE_CURVE('',#4336,#4337,#2319,.T.);
#5402=EDGE_CURVE('',#4337,#4324,#2320,.T.);
#5403=EDGE_CURVE('',#4334,#4338,#2321,.T.);
#5404=EDGE_CURVE('',#4338,#4336,#3719,.T.);
#5405=EDGE_CURVE('',#4339,#4333,#2322,.T.);
#5406=EDGE_CURVE('',#4339,#4338,#2323,.T.);
#5407=EDGE_CURVE('',#4332,#4340,#2324,.T.);
#5408=EDGE_CURVE('',#4340,#4339,#3720,.T.);
#5409=EDGE_CURVE('',#4341,#4331,#2325,.T.);
#5410=EDGE_CURVE('',#4341,#4340,#2326,.T.);
#5411=EDGE_CURVE('',#4342,#4342,#3721,.T.);
#5412=EDGE_CURVE('',#4342,#4343,#2327,.T.);
#5413=EDGE_CURVE('',#4343,#4343,#3722,.T.);
#5414=EDGE_CURVE('',#4344,#4344,#3723,.T.);
#5415=EDGE_CURVE('',#4344,#4345,#2328,.T.);
#5416=EDGE_CURVE('',#4345,#4345,#3724,.T.);
#5417=EDGE_CURVE('',#4346,#4347,#3725,.T.);
#5418=EDGE_CURVE('',#4346,#4348,#2329,.T.);
#5419=EDGE_CURVE('',#4349,#4348,#3726,.T.);
#5420=EDGE_CURVE('',#4347,#4349,#2330,.T.);
#5421=EDGE_CURVE('',#4350,#4346,#2331,.T.);
#5422=EDGE_CURVE('',#4350,#4351,#2332,.T.);
#5423=EDGE_CURVE('',#4352,#4351,#2333,.T.);
#5424=EDGE_CURVE('',#4348,#4352,#2334,.T.);
#5425=EDGE_CURVE('',#4353,#4350,#2335,.T.);
#5426=EDGE_CURVE('',#4353,#4354,#2336,.T.);
#5427=EDGE_CURVE('',#4351,#4354,#2337,.T.);
#5428=EDGE_CURVE('',#4355,#4353,#3727,.T.);
#5429=EDGE_CURVE('',#4355,#4356,#2338,.T.);
#5430=EDGE_CURVE('',#4357,#4356,#3728,.T.);
#5431=EDGE_CURVE('',#4354,#4357,#2339,.T.);
#5432=EDGE_CURVE('',#4356,#4349,#2340,.T.);
#5433=EDGE_CURVE('',#4357,#4352,#2341,.T.);
#5434=EDGE_CURVE('',#4358,#4358,#3729,.T.);
#5435=EDGE_CURVE('',#4355,#4359,#2342,.T.);
#5436=EDGE_CURVE('',#4359,#4360,#2343,.T.);
#5437=EDGE_CURVE('',#4361,#4360,#2344,.T.);
#5438=EDGE_CURVE('',#4362,#4361,#2345,.T.);
#5439=EDGE_CURVE('',#4362,#4363,#2346,.T.);
#5440=EDGE_CURVE('',#4364,#4363,#3730,.T.);
#5441=EDGE_CURVE('',#4364,#4365,#2347,.T.);
#5442=EDGE_CURVE('',#4366,#4365,#3731,.T.);
#5443=EDGE_CURVE('',#4366,#4367,#2348,.T.);
#5444=EDGE_CURVE('',#4368,#4367,#2349,.T.);
#5445=EDGE_CURVE('',#4368,#4369,#2350,.T.);
#5446=EDGE_CURVE('',#4369,#4370,#2351,.T.);
#5447=EDGE_CURVE('',#4370,#4371,#2352,.T.);
#5448=EDGE_CURVE('',#4372,#4371,#2353,.T.);
#5449=EDGE_CURVE('',#4372,#4373,#2354,.T.);
#5450=EDGE_CURVE('',#4373,#4374,#2355,.T.);
#5451=EDGE_CURVE('',#4374,#4328,#2356,.T.);
#5452=EDGE_CURVE('',#4327,#4375,#2357,.T.);
#5453=EDGE_CURVE('',#4376,#4375,#3732,.T.);
#5454=EDGE_CURVE('',#4376,#4377,#2358,.T.);
#5455=EDGE_CURVE('',#4378,#4377,#3733,.T.);
#5456=EDGE_CURVE('',#4378,#4379,#2359,.T.);
#5457=EDGE_CURVE('',#4379,#4380,#2360,.T.);
#5458=EDGE_CURVE('',#4380,#4347,#2361,.T.);
#5459=EDGE_CURVE('',#4381,#4359,#3734,.T.);
#5460=EDGE_CURVE('',#4381,#4382,#2362,.T.);
#5461=EDGE_CURVE('',#4383,#4382,#2363,.T.);
#5462=EDGE_CURVE('',#4360,#4383,#3735,.T.);
#5463=EDGE_CURVE('',#4362,#4384,#3736,.T.);
#5464=EDGE_CURVE('',#4385,#4361,#3737,.T.);
#5465=EDGE_CURVE('',#4386,#4385,#2364,.T.);
#5466=EDGE_CURVE('',#4384,#4386,#2365,.T.);
#5467=EDGE_CURVE('',#4382,#4386,#2366,.T.);
#5468=EDGE_CURVE('',#4384,#4381,#2367,.T.);
#5469=EDGE_CURVE('',#4385,#4383,#2368,.T.);
#5470=EDGE_CURVE('',#4387,#4387,#3738,.T.);
#5471=EDGE_CURVE('',#4380,#4188,#2369,.T.);
#5472=EDGE_CURVE('',#4363,#4187,#2370,.T.);
#5473=EDGE_CURVE('',#4370,#4388,#3739,.T.);
#5474=EDGE_CURVE('',#4369,#4389,#3740,.T.);
#5475=EDGE_CURVE('',#4390,#4389,#2371,.T.);
#5476=EDGE_CURVE('',#4390,#4388,#2372,.T.);
#5477=EDGE_CURVE('',#4389,#4391,#2373,.T.);
#5478=EDGE_CURVE('',#4391,#4368,#3741,.T.);
#5479=EDGE_CURVE('',#4392,#4392,#3742,.T.);
#5480=EDGE_CURVE('',#4390,#4393,#2374,.T.);
#5481=EDGE_CURVE('',#4393,#4394,#2375,.T.);
#5482=EDGE_CURVE('',#4388,#4394,#2376,.T.);
#5483=EDGE_CURVE('',#4394,#4367,#3743,.T.);
#5484=EDGE_CURVE('',#4391,#4393,#2377,.T.);
#5485=EDGE_CURVE('',#4395,#4396,#2378,.T.);
#5486=EDGE_CURVE('',#4397,#4395,#2379,.T.);
#5487=EDGE_CURVE('',#4397,#4398,#2380,.T.);
#5488=EDGE_CURVE('',#4399,#4398,#2381,.T.);
#5489=EDGE_CURVE('',#4399,#4396,#2382,.T.);
#5490=EDGE_CURVE('',#4374,#4395,#3744,.T.);
#5491=EDGE_CURVE('',#4373,#4397,#3745,.T.);
#5492=EDGE_CURVE('',#4400,#4372,#3746,.T.);
#5493=EDGE_CURVE('',#4398,#4400,#2383,.T.);
#5494=EDGE_CURVE('',#4401,#4401,#3747,.T.);
#5495=EDGE_CURVE('',#4399,#4402,#2384,.T.);
#5496=EDGE_CURVE('',#4402,#4403,#2385,.T.);
#5497=EDGE_CURVE('',#4396,#4403,#2386,.T.);
#5498=EDGE_CURVE('',#4403,#4371,#3748,.T.);
#5499=EDGE_CURVE('',#4400,#4402,#2387,.T.);
#5500=EDGE_CURVE('',#4404,#4404,#3749,.T.);
#5501=EDGE_CURVE('',#4404,#4387,#2388,.T.);
#5502=EDGE_CURVE('',#4392,#4405,#2389,.T.);
#5503=EDGE_CURVE('',#4405,#4405,#3750,.T.);
#5504=EDGE_CURVE('',#4406,#4406,#3751,.T.);
#5505=EDGE_CURVE('',#4406,#4358,#2390,.T.);
#5506=EDGE_CURVE('',#4401,#4407,#2391,.T.);
#5507=EDGE_CURVE('',#4407,#4407,#3752,.T.);
#5508=EDGE_CURVE('',#4408,#4341,#2392,.T.);
#5509=EDGE_CURVE('',#4408,#4409,#2393,.T.);
#5510=EDGE_CURVE('',#4410,#4409,#3753,.F.);
#5511=EDGE_CURVE('',#4410,#4411,#2394,.T.);
#5512=EDGE_CURVE('',#4412,#4411,#3754,.F.);
#5513=EDGE_CURVE('',#4412,#4326,#2395,.T.);
#5514=EDGE_CURVE('',#4325,#4337,#2396,.T.);
#5515=EDGE_CURVE('',#4375,#4412,#2397,.T.);
#5516=EDGE_CURVE('',#4411,#4376,#2398,.T.);
#5517=EDGE_CURVE('',#4377,#4410,#2399,.T.);
#5518=EDGE_CURVE('',#4409,#4378,#2400,.T.);
#5519=EDGE_CURVE('',#4408,#4379,#2401,.T.);
#5520=EDGE_CURVE('',#4275,#4413,#2402,.T.);
#5521=EDGE_CURVE('',#4274,#4366,#2403,.T.);
#5522=EDGE_CURVE('',#4365,#4414,#2404,.T.);
#5523=EDGE_CURVE('',#4413,#4414,#3755,.T.);
#5524=EDGE_CURVE('',#4393,#4413,#2405,.T.);
#5525=EDGE_CURVE('',#4415,#4390,#2406,.T.);
#5526=EDGE_CURVE('',#4415,#4416,#2407,.T.);
#5527=EDGE_CURVE('',#4416,#4417,#2408,.T.);
#5528=EDGE_CURVE('',#4417,#4418,#2409,.T.);
#5529=EDGE_CURVE('',#4402,#4418,#2410,.T.);
#5530=EDGE_CURVE('',#4419,#4399,#2411,.T.);
#5531=EDGE_CURVE('',#4419,#4276,#2412,.T.);
#5532=EDGE_CURVE('',#4398,#4352,#2413,.T.);
#5533=EDGE_CURVE('',#4418,#4420,#2414,.T.);
#5534=EDGE_CURVE('',#4420,#4421,#2415,.T.);
#5535=EDGE_CURVE('',#4421,#4415,#2416,.T.);
#5536=EDGE_CURVE('',#4414,#4422,#2417,.T.);
#5537=EDGE_CURVE('',#4422,#4423,#3756,.T.);
#5538=EDGE_CURVE('',#4386,#4423,#2418,.T.);
#5539=EDGE_CURVE('',#4354,#4382,#2419,.T.);
#5540=EDGE_CURVE('',#4422,#4364,#2420,.T.);
#5541=EDGE_CURVE('',#4423,#4186,#2421,.T.);
#5542=EDGE_CURVE('',#4351,#4330,#2422,.T.);
#5543=EDGE_CURVE('',#4424,#4425,#2423,.T.);
#5544=EDGE_CURVE('',#4426,#4424,#2424,.T.);
#5545=EDGE_CURVE('',#4427,#4426,#2425,.T.);
#5546=EDGE_CURVE('',#4425,#4427,#2426,.T.);
#5547=EDGE_CURVE('',#4428,#4429,#2427,.T.);
#5548=EDGE_CURVE('',#4430,#4428,#2428,.T.);
#5549=EDGE_CURVE('',#4431,#4430,#2429,.T.);
#5550=EDGE_CURVE('',#4429,#4431,#2430,.T.);
#5551=EDGE_CURVE('',#4432,#4425,#2431,.T.);
#5552=EDGE_CURVE('',#4424,#4432,#2432,.T.);
#5553=EDGE_CURVE('',#4433,#4430,#2433,.T.);
#5554=EDGE_CURVE('',#4431,#4433,#2434,.T.);
#5555=EDGE_CURVE('',#4434,#4429,#2435,.T.);
#5556=EDGE_CURVE('',#4428,#4434,#2436,.T.);
#5557=EDGE_CURVE('',#4427,#4435,#2437,.T.);
#5558=EDGE_CURVE('',#4435,#4432,#2438,.T.);
#5559=EDGE_CURVE('',#4434,#4433,#2439,.T.);
#5560=EDGE_CURVE('',#4435,#4426,#2440,.T.);
#5561=EDGE_CURVE('',#4421,#4436,#2441,.T.);
#5562=EDGE_CURVE('',#4436,#4416,#2442,.T.);
#5563=EDGE_CURVE('',#4420,#4437,#2443,.T.);
#5564=EDGE_CURVE('',#4437,#4436,#2444,.T.);
#5565=EDGE_CURVE('',#4417,#4437,#2445,.T.);
#5566=EDGE_CURVE('',#4438,#4439,#2446,.T.);
#5567=EDGE_CURVE('',#4208,#4439,#2447,.T.);
#5568=EDGE_CURVE('',#4207,#4438,#2448,.T.);
#5569=EDGE_CURVE('',#4439,#4440,#2449,.T.);
#5570=EDGE_CURVE('',#4440,#4209,#2450,.T.);
#5571=EDGE_CURVE('',#4441,#4442,#2451,.T.);
#5572=EDGE_CURVE('',#4213,#4442,#2452,.T.);
#5573=EDGE_CURVE('',#4212,#4441,#2453,.T.);
#5574=EDGE_CURVE('',#4442,#4443,#184,.T.);
#5575=EDGE_CURVE('',#4214,#4443,#2454,.T.);
#5576=EDGE_CURVE('',#4444,#4445,#185,.T.);
#5577=EDGE_CURVE('',#4199,#4445,#2455,.T.);
#5578=EDGE_CURVE('',#4198,#4444,#2456,.T.);
#5579=EDGE_CURVE('',#4445,#4446,#186,.T.);
#5580=EDGE_CURVE('',#4200,#4446,#2457,.T.);
#5581=EDGE_CURVE('',#4443,#4447,#187,.T.);
#5582=EDGE_CURVE('',#4447,#4210,#188,.T.);
#5583=EDGE_CURVE('',#4446,#4448,#189,.T.);
#5584=EDGE_CURVE('',#4201,#4448,#2458,.T.);
#5585=EDGE_CURVE('',#4448,#4449,#190,.T.);
#5586=EDGE_CURVE('',#4202,#4449,#2459,.T.);
#5587=EDGE_CURVE('',#4449,#4450,#191,.T.);
#5588=EDGE_CURVE('',#4450,#4203,#192,.T.);
#5589=EDGE_CURVE('',#4451,#4452,#2460,.T.);
#5590=EDGE_CURVE('',#4220,#4452,#2461,.T.);
#5591=EDGE_CURVE('',#4219,#4451,#2462,.T.);
#5592=EDGE_CURVE('',#4452,#4453,#2463,.T.);
#5593=EDGE_CURVE('',#4221,#4453,#2464,.T.);
#5594=EDGE_CURVE('',#4453,#4454,#2465,.T.);
#5595=EDGE_CURVE('',#4454,#4215,#2466,.T.);
#5596=EDGE_CURVE('',#4455,#4456,#2467,.T.);
#5597=EDGE_CURVE('',#4289,#4456,#2468,.T.);
#5598=EDGE_CURVE('',#4288,#4455,#2469,.T.);
#5599=EDGE_CURVE('',#4456,#4457,#2470,.T.);
#5600=EDGE_CURVE('',#4457,#4290,#2471,.T.);
#5601=EDGE_CURVE('',#4458,#4459,#2472,.T.);
#5602=EDGE_CURVE('',#4237,#4459,#2473,.T.);
#5603=EDGE_CURVE('',#4236,#4458,#2474,.T.);
#5604=EDGE_CURVE('',#4459,#4460,#2475,.T.);
#5605=EDGE_CURVE('',#4238,#4460,#2476,.T.);
#5606=EDGE_CURVE('',#4460,#4461,#2477,.T.);
#5607=EDGE_CURVE('',#4239,#4461,#2478,.T.);
#5608=EDGE_CURVE('',#4462,#4463,#193,.T.);
#5609=EDGE_CURVE('',#4243,#4463,#2479,.T.);
#5610=EDGE_CURVE('',#4242,#4462,#2480,.T.);
#5611=EDGE_CURVE('',#4463,#4464,#2481,.T.);
#5612=EDGE_CURVE('',#4244,#4464,#2482,.T.);
#5613=EDGE_CURVE('',#4464,#4465,#2483,.T.);
#5614=EDGE_CURVE('',#4245,#4465,#2484,.T.);
#5615=EDGE_CURVE('',#4465,#4466,#2485,.T.);
#5616=EDGE_CURVE('',#4246,#4466,#2486,.T.);
#5617=EDGE_CURVE('',#4466,#4467,#2487,.T.);
#5618=EDGE_CURVE('',#4247,#4467,#2488,.T.);
#5619=EDGE_CURVE('',#4467,#4468,#194,.T.);
#5620=EDGE_CURVE('',#4248,#4468,#2489,.T.);
#5621=EDGE_CURVE('',#4468,#4469,#195,.T.);
#5622=EDGE_CURVE('',#4249,#4469,#2490,.T.);
#5623=EDGE_CURVE('',#4469,#4470,#196,.T.);
#5624=EDGE_CURVE('',#4250,#4470,#2491,.T.);
#5625=EDGE_CURVE('',#4470,#4471,#197,.T.);
#5626=EDGE_CURVE('',#4251,#4471,#2492,.T.);
#5627=EDGE_CURVE('',#4471,#4472,#198,.T.);
#5628=EDGE_CURVE('',#4252,#4472,#2493,.T.);
#5629=EDGE_CURVE('',#4473,#4474,#2494,.T.);
#5630=EDGE_CURVE('',#4283,#4474,#2495,.T.);
#5631=EDGE_CURVE('',#4282,#4473,#2496,.T.);
#5632=EDGE_CURVE('',#4474,#4475,#199,.T.);
#5633=EDGE_CURVE('',#4284,#4475,#2497,.T.);
#5634=EDGE_CURVE('',#4475,#4476,#200,.T.);
#5635=EDGE_CURVE('',#4285,#4476,#2498,.T.);
#5636=EDGE_CURVE('',#4476,#4477,#201,.T.);
#5637=EDGE_CURVE('',#4286,#4477,#2499,.T.);
#5638=EDGE_CURVE('',#4478,#4479,#202,.T.);
#5639=EDGE_CURVE('',#4479,#4233,#203,.T.);
#5640=EDGE_CURVE('',#4232,#4478,#204,.T.);
#5641=EDGE_CURVE('',#4477,#4480,#205,.T.);
#5642=EDGE_CURVE('',#4480,#4277,#206,.T.);
#5643=EDGE_CURVE('',#4481,#4482,#207,.T.);
#5644=EDGE_CURVE('',#4482,#4235,#208,.T.);
#5645=EDGE_CURVE('',#4234,#4481,#209,.T.);
#5646=EDGE_CURVE('',#4483,#4484,#210,.T.);
#5647=EDGE_CURVE('',#4223,#4484,#2500,.T.);
#5648=EDGE_CURVE('',#4222,#4483,#211,.T.);
#5649=EDGE_CURVE('',#4484,#4485,#212,.T.);
#5650=EDGE_CURVE('',#4224,#4485,#2501,.T.);
#5651=EDGE_CURVE('',#4485,#4486,#213,.T.);
#5652=EDGE_CURVE('',#4225,#4486,#2502,.T.);
#5653=EDGE_CURVE('',#4487,#4488,#2503,.T.);
#5654=EDGE_CURVE('',#4264,#4488,#2504,.T.);
#5655=EDGE_CURVE('',#4263,#4487,#2505,.T.);
#5656=EDGE_CURVE('',#4488,#4489,#2506,.T.);
#5657=EDGE_CURVE('',#4265,#4489,#2507,.T.);
#5658=EDGE_CURVE('',#4489,#4490,#2508,.T.);
#5659=EDGE_CURVE('',#4266,#4490,#2509,.T.);
#5660=EDGE_CURVE('',#4490,#4491,#2510,.T.);
#5661=EDGE_CURVE('',#4267,#4491,#2511,.T.);
#5662=EDGE_CURVE('',#4491,#4492,#2512,.T.);
#5663=EDGE_CURVE('',#4268,#4492,#2513,.T.);
#5664=EDGE_CURVE('',#4493,#4494,#214,.T.);
#5665=EDGE_CURVE('',#4298,#4494,#2514,.T.);
#5666=EDGE_CURVE('',#4297,#4493,#2515,.T.);
#5667=EDGE_CURVE('',#4494,#4495,#215,.T.);
#5668=EDGE_CURVE('',#4299,#4495,#2516,.T.);
#5669=EDGE_CURVE('',#4496,#4497,#216,.T.);
#5670=EDGE_CURVE('',#4309,#4497,#2517,.T.);
#5671=EDGE_CURVE('',#4308,#4496,#2518,.T.);
#5672=EDGE_CURVE('',#4495,#4498,#217,.T.);
#5673=EDGE_CURVE('',#4300,#4498,#2519,.T.);
#5674=EDGE_CURVE('',#4497,#4499,#2520,.T.);
#5675=EDGE_CURVE('',#4310,#4499,#2521,.T.);
#5676=EDGE_CURVE('',#4498,#4500,#218,.T.);
#5677=EDGE_CURVE('',#4500,#4291,#219,.T.);
#5678=EDGE_CURVE('',#4499,#4501,#220,.T.);
#5679=EDGE_CURVE('',#4311,#4501,#2522,.T.);
#5680=EDGE_CURVE('',#4501,#4502,#221,.T.);
#5681=EDGE_CURVE('',#4312,#4502,#2523,.T.);
#5682=EDGE_CURVE('',#4502,#4503,#222,.T.);
#5683=EDGE_CURVE('',#4313,#4503,#2524,.T.);
#5684=EDGE_CURVE('',#4503,#4504,#223,.T.);
#5685=EDGE_CURVE('',#4504,#4314,#224,.T.);
#5686=EDGE_CURVE('',#4505,#4447,#2525,.T.);
#5687=EDGE_CURVE('',#4211,#4505,#2526,.T.);
#5688=EDGE_CURVE('',#4204,#4506,#225,.T.);
#5689=EDGE_CURVE('',#4506,#4440,#2527,.T.);
#5690=EDGE_CURVE('',#4194,#4507,#226,.T.);
#5691=EDGE_CURVE('',#4507,#4450,#2528,.T.);
#5692=EDGE_CURVE('',#4505,#4441,#2529,.T.);
#5693=EDGE_CURVE('',#4508,#4444,#227,.T.);
#5694=EDGE_CURVE('',#4509,#4508,#228,.T.);
#5695=EDGE_CURVE('',#4510,#4509,#229,.T.);
#5696=EDGE_CURVE('',#4507,#4510,#230,.T.);
#5697=EDGE_CURVE('',#4511,#4451,#2530,.T.);
#5698=EDGE_CURVE('',#4512,#4511,#2531,.T.);
#5699=EDGE_CURVE('',#4513,#4512,#2532,.T.);
#5700=EDGE_CURVE('',#4513,#4454,#2533,.T.);
#5701=EDGE_CURVE('',#4478,#4514,#2534,.T.);
#5702=EDGE_CURVE('',#4515,#4514,#231,.T.);
#5703=EDGE_CURVE('',#4516,#4515,#232,.T.);
#5704=EDGE_CURVE('',#4517,#4516,#233,.T.);
#5705=EDGE_CURVE('',#4518,#4517,#234,.T.);
#5706=EDGE_CURVE('',#4519,#4518,#2535,.T.);
#5707=EDGE_CURVE('',#4486,#4519,#235,.T.);
#5708=EDGE_CURVE('',#4483,#4482,#2536,.T.);
#5709=EDGE_CURVE('',#4481,#4479,#2537,.T.);
#5710=EDGE_CURVE('',#4520,#4480,#2538,.T.);
#5711=EDGE_CURVE('',#4521,#4473,#236,.T.);
#5712=EDGE_CURVE('',#4522,#4521,#237,.T.);
#5713=EDGE_CURVE('',#4523,#4522,#238,.T.);
#5714=EDGE_CURVE('',#4520,#4523,#239,.T.);
#5715=EDGE_CURVE('',#4524,#4525,#2539,.T.);
#5716=EDGE_CURVE('',#4526,#4525,#240,.T.);
#5717=EDGE_CURVE('',#4526,#4527,#2540,.T.);
#5718=EDGE_CURVE('',#4528,#4527,#241,.T.);
#5719=EDGE_CURVE('',#4528,#4504,#2541,.T.);
#5720=EDGE_CURVE('',#4529,#4496,#242,.T.);
#5721=EDGE_CURVE('',#4530,#4529,#243,.T.);
#5722=EDGE_CURVE('',#4524,#4530,#244,.T.);
#5723=EDGE_CURVE('',#4531,#4493,#2542,.T.);
#5724=EDGE_CURVE('',#4532,#4531,#245,.T.);
#5725=EDGE_CURVE('',#4533,#4532,#246,.T.);
#5726=EDGE_CURVE('',#4534,#4533,#247,.T.);
#5727=EDGE_CURVE('',#4535,#4534,#248,.T.);
#5728=EDGE_CURVE('',#4535,#4500,#2543,.T.);
#5729=EDGE_CURVE('',#4461,#4536,#2544,.T.);
#5730=EDGE_CURVE('',#4537,#4458,#2545,.T.);
#5731=EDGE_CURVE('',#4536,#4537,#2546,.T.);
#5732=EDGE_CURVE('',#4472,#4538,#249,.T.);
#5733=EDGE_CURVE('',#4539,#4462,#250,.T.);
#5734=EDGE_CURVE('',#4540,#4539,#251,.T.);
#5735=EDGE_CURVE('',#4541,#4540,#252,.T.);
#5736=EDGE_CURVE('',#4542,#4541,#253,.T.);
#5737=EDGE_CURVE('',#4543,#4542,#254,.T.);
#5738=EDGE_CURVE('',#4544,#4543,#255,.T.);
#5739=EDGE_CURVE('',#4545,#4544,#256,.T.);
#5740=EDGE_CURVE('',#4546,#4545,#2547,.T.);
#5741=EDGE_CURVE('',#4547,#4546,#2548,.T.);
#5742=EDGE_CURVE('',#4538,#4547,#2549,.T.);
#5743=EDGE_CURVE('',#4492,#4548,#2550,.T.);
#5744=EDGE_CURVE('',#4549,#4487,#2551,.T.);
#5745=EDGE_CURVE('',#4550,#4549,#2552,.T.);
#5746=EDGE_CURVE('',#4551,#4550,#2553,.T.);
#5747=EDGE_CURVE('',#4548,#4551,#2554,.T.);
#5748=EDGE_CURVE('',#4552,#4457,#2555,.T.);
#5749=EDGE_CURVE('',#4552,#4455,#2556,.T.);
#5750=EDGE_CURVE('',#4553,#4438,#257,.T.);
#5751=EDGE_CURVE('',#4554,#4553,#258,.T.);
#5752=EDGE_CURVE('',#4506,#4554,#259,.T.);
#5753=EDGE_CURVE('',#4195,#4510,#2557,.T.);
#5754=EDGE_CURVE('',#4292,#4535,#260,.T.);
#5755=EDGE_CURVE('',#4525,#4304,#261,.T.);
#5756=EDGE_CURVE('',#4305,#4524,#262,.T.);
#5757=EDGE_CURVE('',#4527,#4302,#263,.T.);
#5758=EDGE_CURVE('',#4303,#4526,#264,.T.);
#5759=EDGE_CURVE('',#4301,#4528,#265,.T.);
#5760=EDGE_CURVE('',#4293,#4534,#2558,.T.);
#5761=EDGE_CURVE('',#4216,#4513,#2559,.T.);
#5762=EDGE_CURVE('',#4287,#4552,#2560,.T.);
#5763=EDGE_CURVE('',#4278,#4520,#266,.T.);
#5764=EDGE_CURVE('',#4514,#4231,#267,.T.);
#5765=EDGE_CURVE('',#4240,#4536,#2561,.T.);
#5766=EDGE_CURVE('',#4241,#4537,#2562,.T.);
#5767=EDGE_CURVE('',#4253,#4538,#2563,.T.);
#5768=EDGE_CURVE('',#4262,#4539,#2564,.T.);
#5769=EDGE_CURVE('',#4261,#4540,#2565,.T.);
#5770=EDGE_CURVE('',#4260,#4541,#2566,.T.);
#5771=EDGE_CURVE('',#4259,#4542,#2567,.T.);
#5772=EDGE_CURVE('',#4258,#4543,#2568,.T.);
#5773=EDGE_CURVE('',#4257,#4544,#2569,.T.);
#5774=EDGE_CURVE('',#4256,#4545,#2570,.T.);
#5775=EDGE_CURVE('',#4255,#4546,#2571,.T.);
#5776=EDGE_CURVE('',#4254,#4547,#2572,.T.);
#5777=EDGE_CURVE('',#4218,#4511,#2573,.T.);
#5778=EDGE_CURVE('',#4217,#4512,#2574,.T.);
#5779=EDGE_CURVE('',#4206,#4553,#2575,.T.);
#5780=EDGE_CURVE('',#4205,#4554,#2576,.T.);
#5781=EDGE_CURVE('',#4197,#4508,#2577,.T.);
#5782=EDGE_CURVE('',#4196,#4509,#2578,.T.);
#5783=EDGE_CURVE('',#4226,#4519,#2579,.T.);
#5784=EDGE_CURVE('',#4281,#4521,#2580,.T.);
#5785=EDGE_CURVE('',#4280,#4522,#2581,.T.);
#5786=EDGE_CURVE('',#4279,#4523,#2582,.T.);
#5787=EDGE_CURVE('',#4230,#4515,#2583,.T.);
#5788=EDGE_CURVE('',#4229,#4516,#2584,.T.);
#5789=EDGE_CURVE('',#4228,#4517,#2585,.T.);
#5790=EDGE_CURVE('',#4227,#4518,#2586,.T.);
#5791=EDGE_CURVE('',#4307,#4529,#2587,.T.);
#5792=EDGE_CURVE('',#4306,#4530,#2588,.T.);
#5793=EDGE_CURVE('',#4296,#4531,#2589,.T.);
#5794=EDGE_CURVE('',#4295,#4532,#2590,.T.);
#5795=EDGE_CURVE('',#4294,#4533,#2591,.T.);
#5796=EDGE_CURVE('',#4269,#4548,#2592,.T.);
#5797=EDGE_CURVE('',#4272,#4549,#2593,.T.);
#5798=EDGE_CURVE('',#4271,#4550,#2594,.T.);
#5799=EDGE_CURVE('',#4270,#4551,#2595,.T.);
#5800=EDGE_CURVE('',#4329,#4555,#2596,.F.);
#5801=EDGE_CURVE('',#4555,#4419,#2597,.T.);
#5802=EDGE_CURVE('',#4555,#4273,#2598,.T.);
#5803=EDGE_CURVE('',#4556,#4557,#2599,.T.);
#5804=EDGE_CURVE('',#4556,#4558,#2600,.T.);
#5805=EDGE_CURVE('',#4559,#4558,#2601,.T.);
#5806=EDGE_CURVE('',#4557,#4559,#2602,.T.);
#5807=EDGE_CURVE('',#4557,#4560,#2603,.T.);
#5808=EDGE_CURVE('',#4561,#4559,#2604,.T.);
#5809=EDGE_CURVE('',#4560,#4561,#2605,.T.);
#5810=EDGE_CURVE('',#4560,#4562,#2606,.T.);
#5811=EDGE_CURVE('',#4563,#4561,#2607,.T.);
#5812=EDGE_CURVE('',#4562,#4563,#2608,.T.);
#5813=EDGE_CURVE('',#4562,#4556,#2609,.T.);
#5814=EDGE_CURVE('',#4558,#4563,#2610,.T.);
#5815=EDGE_CURVE('',#4564,#4565,#3757,.T.);
#5816=EDGE_CURVE('',#4565,#4566,#2611,.T.);
#5817=EDGE_CURVE('',#4566,#4567,#3758,.T.);
#5818=EDGE_CURVE('',#4567,#4564,#2612,.T.);
#5819=EDGE_CURVE('',#4568,#4569,#28,.T.);
#5820=EDGE_CURVE('',#4569,#4570,#3759,.T.);
#5821=EDGE_CURVE('',#4570,#4571,#29,.T.);
#5822=EDGE_CURVE('',#4571,#4568,#3760,.T.);
#5823=EDGE_CURVE('',#4572,#4568,#2613,.T.);
#5824=EDGE_CURVE('',#4572,#4573,#2614,.T.);
#5825=EDGE_CURVE('',#4573,#4574,#2615,.T.);
#5826=EDGE_CURVE('',#4574,#4575,#2616,.T.);
#5827=EDGE_CURVE('',#4575,#4576,#2617,.T.);
#5828=EDGE_CURVE('',#4569,#4576,#2618,.T.);
#5829=EDGE_CURVE('',#4577,#4571,#2619,.T.);
#5830=EDGE_CURVE('',#4577,#4572,#3761,.T.);
#5831=EDGE_CURVE('',#4578,#4579,#30,.T.);
#5832=EDGE_CURVE('',#4579,#4580,#3762,.T.);
#5833=EDGE_CURVE('',#4580,#4581,#31,.T.);
#5834=EDGE_CURVE('',#4581,#4578,#3763,.T.);
#5835=EDGE_CURVE('',#4582,#4581,#2620,.T.);
#5836=EDGE_CURVE('',#4582,#4583,#3764,.T.);
#5837=EDGE_CURVE('',#4583,#4578,#2621,.T.);
#5838=EDGE_CURVE('',#4584,#4580,#2622,.T.);
#5839=EDGE_CURVE('',#4585,#4584,#2623,.T.);
#5840=EDGE_CURVE('',#4585,#4586,#2624,.T.);
#5841=EDGE_CURVE('',#4586,#4587,#2625,.T.);
#5842=EDGE_CURVE('',#4587,#4582,#2626,.T.);
#5843=EDGE_CURVE('',#4588,#4589,#3765,.T.);
#5844=EDGE_CURVE('',#4588,#4590,#2627,.T.);
#5845=EDGE_CURVE('',#4590,#4591,#3766,.T.);
#5846=EDGE_CURVE('',#4591,#4589,#2628,.T.);
#5847=EDGE_CURVE('',#4592,#4586,#3767,.T.);
#5848=EDGE_CURVE('',#4593,#4585,#3768,.T.);
#5849=EDGE_CURVE('',#4592,#4593,#2629,.T.);
#5850=EDGE_CURVE('',#4575,#4594,#3769,.T.);
#5851=EDGE_CURVE('',#4574,#4595,#3770,.T.);
#5852=EDGE_CURVE('',#4594,#4595,#2630,.T.);
#5853=EDGE_CURVE('',#4588,#4564,#2631,.T.);
#5854=EDGE_CURVE('',#4590,#4567,#2632,.T.);
#5855=EDGE_CURVE('',#4591,#4566,#2633,.T.);
#5856=EDGE_CURVE('',#4589,#4565,#2634,.T.);
#5857=EDGE_CURVE('',#4596,#4577,#2635,.T.);
#5858=EDGE_CURVE('',#4573,#4596,#3771,.T.);
#5859=EDGE_CURVE('',#4595,#4596,#2636,.T.);
#5860=EDGE_CURVE('',#4594,#4597,#2637,.T.);
#5861=EDGE_CURVE('',#4576,#4597,#3772,.T.);
#5862=EDGE_CURVE('',#4597,#4570,#2638,.T.);
#5863=EDGE_CURVE('',#4598,#4587,#3773,.T.);
#5864=EDGE_CURVE('',#4583,#4598,#2639,.T.);
#5865=EDGE_CURVE('',#4598,#4592,#2640,.T.);
#5866=EDGE_CURVE('',#4599,#4584,#3774,.T.);
#5867=EDGE_CURVE('',#4593,#4599,#2641,.T.);
#5868=EDGE_CURVE('',#4579,#4599,#2642,.T.);
#5869=EDGE_CURVE('',#4600,#4601,#32,.T.);
#5870=EDGE_CURVE('',#4601,#4602,#3775,.T.);
#5871=EDGE_CURVE('',#4602,#4603,#33,.T.);
#5872=EDGE_CURVE('',#4603,#4600,#3776,.T.);
#5873=EDGE_CURVE('',#4600,#4604,#2643,.T.);
#5874=EDGE_CURVE('',#4604,#4605,#2644,.T.);
#5875=EDGE_CURVE('',#4606,#4605,#2645,.T.);
#5876=EDGE_CURVE('',#4606,#4607,#2646,.T.);
#5877=EDGE_CURVE('',#4601,#4607,#2647,.T.);
#5878=EDGE_CURVE('',#4608,#4609,#34,.T.);
#5879=EDGE_CURVE('',#4609,#4610,#3777,.T.);
#5880=EDGE_CURVE('',#4610,#4611,#35,.T.);
#5881=EDGE_CURVE('',#4611,#4608,#3778,.T.);
#5882=EDGE_CURVE('',#4608,#4612,#2648,.T.);
#5883=EDGE_CURVE('',#4612,#4613,#2649,.T.);
#5884=EDGE_CURVE('',#4614,#4613,#2650,.T.);
#5885=EDGE_CURVE('',#4614,#4615,#2651,.T.);
#5886=EDGE_CURVE('',#4609,#4615,#2652,.T.);
#5887=EDGE_CURVE('',#4616,#4617,#2653,.T.);
#5888=EDGE_CURVE('',#4616,#4618,#3779,.T.);
#5889=EDGE_CURVE('',#4618,#4619,#2654,.T.);
#5890=EDGE_CURVE('',#4617,#4619,#3780,.T.);
#5891=EDGE_CURVE('',#4605,#4620,#3781,.T.);
#5892=EDGE_CURVE('',#4621,#4620,#2655,.T.);
#5893=EDGE_CURVE('',#4606,#4621,#3782,.T.);
#5894=EDGE_CURVE('',#4613,#4622,#3783,.T.);
#5895=EDGE_CURVE('',#4623,#4622,#2656,.T.);
#5896=EDGE_CURVE('',#4614,#4623,#3784,.T.);
#5897=EDGE_CURVE('',#4616,#4624,#2657,.T.);
#5898=EDGE_CURVE('',#4625,#4624,#3785,.T.);
#5899=EDGE_CURVE('',#4618,#4625,#2658,.T.);
#5900=EDGE_CURVE('',#4626,#4625,#2659,.T.);
#5901=EDGE_CURVE('',#4619,#4626,#2660,.T.);
#5902=EDGE_CURVE('',#4627,#4626,#3786,.T.);
#5903=EDGE_CURVE('',#4617,#4627,#2661,.T.);
#5904=EDGE_CURVE('',#4624,#4627,#2662,.T.);
#5905=EDGE_CURVE('',#4628,#4611,#2663,.T.);
#5906=EDGE_CURVE('',#4612,#4628,#3787,.T.);
#5907=EDGE_CURVE('',#4622,#4628,#2664,.T.);
#5908=EDGE_CURVE('',#4629,#4610,#2665,.T.);
#5909=EDGE_CURVE('',#4623,#4629,#2666,.T.);
#5910=EDGE_CURVE('',#4615,#4629,#3788,.T.);
#5911=EDGE_CURVE('',#4604,#4630,#3789,.T.);
#5912=EDGE_CURVE('',#4620,#4630,#2667,.T.);
#5913=EDGE_CURVE('',#4630,#4603,#2668,.T.);
#5914=EDGE_CURVE('',#4631,#4602,#2669,.T.);
#5915=EDGE_CURVE('',#4621,#4631,#2670,.T.);
#5916=EDGE_CURVE('',#4607,#4631,#3790,.T.);
#5917=EDGE_CURVE('',#4632,#4633,#2671,.T.);
#5918=EDGE_CURVE('',#4633,#4634,#2672,.T.);
#5919=EDGE_CURVE('',#4635,#4634,#2673,.T.);
#5920=EDGE_CURVE('',#4632,#4635,#2674,.T.);
#5921=EDGE_CURVE('',#4636,#4632,#2675,.T.);
#5922=EDGE_CURVE('',#4637,#4635,#2676,.T.);
#5923=EDGE_CURVE('',#4636,#4637,#2677,.T.);
#5924=EDGE_CURVE('',#4638,#4636,#2678,.T.);
#5925=EDGE_CURVE('',#4639,#4637,#2679,.T.);
#5926=EDGE_CURVE('',#4638,#4639,#2680,.T.);
#5927=EDGE_CURVE('',#4633,#4638,#2681,.T.);
#5928=EDGE_CURVE('',#4634,#4639,#2682,.T.);
#5929=ORIENTED_EDGE('',*,*,#4640,.T.);
#5930=ORIENTED_EDGE('',*,*,#4641,.T.);
#5931=ORIENTED_EDGE('',*,*,#4642,.T.);
#5932=ORIENTED_EDGE('',*,*,#4641,.F.);
#5933=ORIENTED_EDGE('',*,*,#4643,.F.);
#5934=ORIENTED_EDGE('',*,*,#4644,.F.);
#5935=ORIENTED_EDGE('',*,*,#4645,.F.);
#5936=ORIENTED_EDGE('',*,*,#4646,.F.);
#5937=ORIENTED_EDGE('',*,*,#4647,.F.);
#5938=ORIENTED_EDGE('',*,*,#4648,.T.);
#5939=ORIENTED_EDGE('',*,*,#4649,.F.);
#5940=ORIENTED_EDGE('',*,*,#4650,.T.);
#5941=ORIENTED_EDGE('',*,*,#4651,.T.);
#5942=ORIENTED_EDGE('',*,*,#4652,.T.);
#5943=ORIENTED_EDGE('',*,*,#4653,.F.);
#5944=ORIENTED_EDGE('',*,*,#4654,.T.);
#5945=ORIENTED_EDGE('',*,*,#4655,.T.);
#5946=ORIENTED_EDGE('',*,*,#4640,.F.);
#5947=ORIENTED_EDGE('',*,*,#4656,.F.);
#5948=ORIENTED_EDGE('',*,*,#4657,.T.);
#5949=ORIENTED_EDGE('',*,*,#4642,.F.);
#5950=ORIENTED_EDGE('',*,*,#4657,.F.);
#5951=ORIENTED_EDGE('',*,*,#4649,.T.);
#5952=ORIENTED_EDGE('',*,*,#4658,.T.);
#5953=ORIENTED_EDGE('',*,*,#4659,.T.);
#5954=ORIENTED_EDGE('',*,*,#4658,.F.);
#5955=ORIENTED_EDGE('',*,*,#4660,.F.);
#5956=ORIENTED_EDGE('',*,*,#4661,.T.);
#5957=ORIENTED_EDGE('',*,*,#4659,.F.);
#5958=ORIENTED_EDGE('',*,*,#4661,.F.);
#5959=ORIENTED_EDGE('',*,*,#4662,.T.);
#5960=ORIENTED_EDGE('',*,*,#4663,.T.);
#5961=ORIENTED_EDGE('',*,*,#4664,.T.);
#5962=ORIENTED_EDGE('',*,*,#4663,.F.);
#5963=ORIENTED_EDGE('',*,*,#4665,.F.);
#5964=ORIENTED_EDGE('',*,*,#4666,.F.);
#5965=ORIENTED_EDGE('',*,*,#4667,.F.);
#5966=ORIENTED_EDGE('',*,*,#4668,.F.);
#5967=ORIENTED_EDGE('',*,*,#4669,.F.);
#5968=ORIENTED_EDGE('',*,*,#4670,.T.);
#5969=ORIENTED_EDGE('',*,*,#4671,.F.);
#5970=ORIENTED_EDGE('',*,*,#4672,.T.);
#5971=ORIENTED_EDGE('',*,*,#4673,.T.);
#5972=ORIENTED_EDGE('',*,*,#4674,.T.);
#5973=ORIENTED_EDGE('',*,*,#4675,.F.);
#5974=ORIENTED_EDGE('',*,*,#4676,.T.);
#5975=ORIENTED_EDGE('',*,*,#4677,.T.);
#5976=ORIENTED_EDGE('',*,*,#4662,.F.);
#5977=ORIENTED_EDGE('',*,*,#4664,.F.);
#5978=ORIENTED_EDGE('',*,*,#4678,.T.);
#5979=ORIENTED_EDGE('',*,*,#4679,.F.);
#5980=ORIENTED_EDGE('',*,*,#4678,.F.);
#5981=ORIENTED_EDGE('',*,*,#4671,.T.);
#5982=ORIENTED_EDGE('',*,*,#4680,.T.);
#5983=ORIENTED_EDGE('',*,*,#4681,.T.);
#5984=ORIENTED_EDGE('',*,*,#4680,.F.);
#5985=ORIENTED_EDGE('',*,*,#4681,.F.);
#5986=ORIENTED_EDGE('',*,*,#4682,.T.);
#5987=ORIENTED_EDGE('',*,*,#4683,.F.);
#5988=ORIENTED_EDGE('',*,*,#4682,.F.);
#5989=ORIENTED_EDGE('',*,*,#4684,.T.);
#5990=ORIENTED_EDGE('',*,*,#4685,.T.);
#5991=ORIENTED_EDGE('',*,*,#4686,.T.);
#5992=ORIENTED_EDGE('',*,*,#4687,.T.);
#5993=ORIENTED_EDGE('',*,*,#4687,.F.);
#5994=ORIENTED_EDGE('',*,*,#4688,.T.);
#5995=ORIENTED_EDGE('',*,*,#4689,.T.);
#5996=ORIENTED_EDGE('',*,*,#4690,.T.);
#5997=ORIENTED_EDGE('',*,*,#4691,.T.);
#5998=ORIENTED_EDGE('',*,*,#4686,.F.);
#5999=ORIENTED_EDGE('',*,*,#4692,.F.);
#6000=ORIENTED_EDGE('',*,*,#4693,.T.);
#6001=ORIENTED_EDGE('',*,*,#4694,.F.);
#6002=ORIENTED_EDGE('',*,*,#4695,.T.);
#6003=ORIENTED_EDGE('',*,*,#4696,.F.);
#6004=ORIENTED_EDGE('',*,*,#4697,.T.);
#6005=ORIENTED_EDGE('',*,*,#4698,.F.);
#6006=ORIENTED_EDGE('',*,*,#4699,.F.);
#6007=ORIENTED_EDGE('',*,*,#4700,.F.);
#6008=ORIENTED_EDGE('',*,*,#4701,.F.);
#6009=ORIENTED_EDGE('',*,*,#4702,.T.);
#6010=ORIENTED_EDGE('',*,*,#4688,.F.);
#6011=ORIENTED_EDGE('',*,*,#4703,.T.);
#6012=ORIENTED_EDGE('',*,*,#4704,.T.);
#6013=ORIENTED_EDGE('',*,*,#4705,.T.);
#6014=ORIENTED_EDGE('',*,*,#4706,.T.);
#6015=ORIENTED_EDGE('',*,*,#4706,.F.);
#6016=ORIENTED_EDGE('',*,*,#4707,.T.);
#6017=ORIENTED_EDGE('',*,*,#4708,.T.);
#6018=ORIENTED_EDGE('',*,*,#4709,.T.);
#6019=ORIENTED_EDGE('',*,*,#4710,.T.);
#6020=ORIENTED_EDGE('',*,*,#4705,.F.);
#6021=ORIENTED_EDGE('',*,*,#4711,.F.);
#6022=ORIENTED_EDGE('',*,*,#4712,.T.);
#6023=ORIENTED_EDGE('',*,*,#4713,.F.);
#6024=ORIENTED_EDGE('',*,*,#4714,.T.);
#6025=ORIENTED_EDGE('',*,*,#4715,.F.);
#6026=ORIENTED_EDGE('',*,*,#4716,.T.);
#6027=ORIENTED_EDGE('',*,*,#4717,.F.);
#6028=ORIENTED_EDGE('',*,*,#4718,.F.);
#6029=ORIENTED_EDGE('',*,*,#4719,.F.);
#6030=ORIENTED_EDGE('',*,*,#4720,.F.);
#6031=ORIENTED_EDGE('',*,*,#4721,.T.);
#6032=ORIENTED_EDGE('',*,*,#4707,.F.);
#6033=ORIENTED_EDGE('',*,*,#4665,.T.);
#6034=ORIENTED_EDGE('',*,*,#4722,.T.);
#6035=ORIENTED_EDGE('',*,*,#4723,.T.);
#6036=ORIENTED_EDGE('',*,*,#4724,.T.);
#6037=ORIENTED_EDGE('',*,*,#4725,.T.);
#6038=ORIENTED_EDGE('',*,*,#4726,.T.);
#6039=ORIENTED_EDGE('',*,*,#4727,.T.);
#6040=ORIENTED_EDGE('',*,*,#4724,.F.);
#6041=ORIENTED_EDGE('',*,*,#4728,.T.);
#6042=ORIENTED_EDGE('',*,*,#4729,.T.);
#6043=ORIENTED_EDGE('',*,*,#4643,.T.);
#6044=ORIENTED_EDGE('',*,*,#4726,.F.);
#6045=ORIENTED_EDGE('',*,*,#4727,.F.);
#6046=ORIENTED_EDGE('',*,*,#4648,.F.);
#6047=ORIENTED_EDGE('',*,*,#4730,.F.);
#6048=ORIENTED_EDGE('',*,*,#4666,.T.);
#6049=ORIENTED_EDGE('',*,*,#4729,.F.);
#6050=ORIENTED_EDGE('',*,*,#4731,.F.);
#6051=ORIENTED_EDGE('',*,*,#4732,.F.);
#6052=ORIENTED_EDGE('',*,*,#4733,.F.);
#6053=ORIENTED_EDGE('',*,*,#4734,.F.);
#6054=ORIENTED_EDGE('',*,*,#4644,.T.);
#6055=ORIENTED_EDGE('',*,*,#4735,.T.);
#6056=ORIENTED_EDGE('',*,*,#4736,.F.);
#6057=ORIENTED_EDGE('',*,*,#4737,.F.);
#6058=ORIENTED_EDGE('',*,*,#4738,.T.);
#6059=ORIENTED_EDGE('',*,*,#4739,.T.);
#6060=ORIENTED_EDGE('',*,*,#4740,.T.);
#6061=ORIENTED_EDGE('',*,*,#4741,.F.);
#6062=ORIENTED_EDGE('',*,*,#4742,.T.);
#6063=ORIENTED_EDGE('',*,*,#4743,.F.);
#6064=ORIENTED_EDGE('',*,*,#4744,.T.);
#6065=ORIENTED_EDGE('',*,*,#4745,.F.);
#6066=ORIENTED_EDGE('',*,*,#4746,.F.);
#6067=ORIENTED_EDGE('',*,*,#4747,.F.);
#6068=ORIENTED_EDGE('',*,*,#4748,.T.);
#6069=ORIENTED_EDGE('',*,*,#4749,.T.);
#6070=ORIENTED_EDGE('',*,*,#4750,.T.);
#6071=ORIENTED_EDGE('',*,*,#4751,.T.);
#6072=ORIENTED_EDGE('',*,*,#4752,.T.);
#6073=ORIENTED_EDGE('',*,*,#4753,.T.);
#6074=ORIENTED_EDGE('',*,*,#4754,.T.);
#6075=ORIENTED_EDGE('',*,*,#4755,.F.);
#6076=ORIENTED_EDGE('',*,*,#4756,.F.);
#6077=ORIENTED_EDGE('',*,*,#4757,.F.);
#6078=ORIENTED_EDGE('',*,*,#4758,.T.);
#6079=ORIENTED_EDGE('',*,*,#4759,.T.);
#6080=ORIENTED_EDGE('',*,*,#4760,.T.);
#6081=ORIENTED_EDGE('',*,*,#4761,.T.);
#6082=ORIENTED_EDGE('',*,*,#4747,.T.);
#6083=ORIENTED_EDGE('',*,*,#4762,.T.);
#6084=ORIENTED_EDGE('',*,*,#4750,.F.);
#6085=ORIENTED_EDGE('',*,*,#4763,.T.);
#6086=ORIENTED_EDGE('',*,*,#4764,.T.);
#6087=ORIENTED_EDGE('',*,*,#4765,.T.);
#6088=ORIENTED_EDGE('',*,*,#4766,.F.);
#6089=ORIENTED_EDGE('',*,*,#4767,.T.);
#6090=ORIENTED_EDGE('',*,*,#4768,.T.);
#6091=ORIENTED_EDGE('',*,*,#4769,.T.);
#6092=ORIENTED_EDGE('',*,*,#4764,.F.);
#6093=ORIENTED_EDGE('',*,*,#4770,.T.);
#6094=ORIENTED_EDGE('',*,*,#4771,.T.);
#6095=ORIENTED_EDGE('',*,*,#4772,.T.);
#6096=ORIENTED_EDGE('',*,*,#4766,.T.);
#6097=ORIENTED_EDGE('',*,*,#4773,.T.);
#6098=ORIENTED_EDGE('',*,*,#4771,.F.);
#6099=ORIENTED_EDGE('',*,*,#4774,.T.);
#6100=ORIENTED_EDGE('',*,*,#4768,.F.);
#6101=ORIENTED_EDGE('',*,*,#4770,.F.);
#6102=ORIENTED_EDGE('',*,*,#4775,.T.);
#6103=ORIENTED_EDGE('',*,*,#4776,.T.);
#6104=ORIENTED_EDGE('',*,*,#4777,.F.);
#6105=ORIENTED_EDGE('',*,*,#4765,.F.);
#6106=ORIENTED_EDGE('',*,*,#4778,.T.);
#6107=ORIENTED_EDGE('',*,*,#4779,.T.);
#6108=ORIENTED_EDGE('',*,*,#4780,.T.);
#6109=ORIENTED_EDGE('',*,*,#4781,.F.);
#6110=ORIENTED_EDGE('',*,*,#4782,.T.);
#6111=ORIENTED_EDGE('',*,*,#4783,.T.);
#6112=ORIENTED_EDGE('',*,*,#4775,.F.);
#6113=ORIENTED_EDGE('',*,*,#4784,.F.);
#6114=ORIENTED_EDGE('',*,*,#4785,.T.);
#6115=ORIENTED_EDGE('',*,*,#4786,.T.);
#6116=ORIENTED_EDGE('',*,*,#4787,.T.);
#6117=ORIENTED_EDGE('',*,*,#4763,.F.);
#6118=ORIENTED_EDGE('',*,*,#4772,.F.);
#6119=ORIENTED_EDGE('',*,*,#4773,.F.);
#6120=ORIENTED_EDGE('',*,*,#4767,.F.);
#6121=ORIENTED_EDGE('',*,*,#4788,.F.);
#6122=ORIENTED_EDGE('',*,*,#4789,.T.);
#6123=ORIENTED_EDGE('',*,*,#4739,.F.);
#6124=ORIENTED_EDGE('',*,*,#4789,.F.);
#6125=ORIENTED_EDGE('',*,*,#4790,.T.);
#6126=ORIENTED_EDGE('',*,*,#4791,.T.);
#6127=ORIENTED_EDGE('',*,*,#4792,.T.);
#6128=ORIENTED_EDGE('',*,*,#4793,.T.);
#6129=ORIENTED_EDGE('',*,*,#4794,.T.);
#6130=ORIENTED_EDGE('',*,*,#4795,.F.);
#6131=ORIENTED_EDGE('',*,*,#4791,.F.);
#6132=ORIENTED_EDGE('',*,*,#4796,.F.);
#6133=ORIENTED_EDGE('',*,*,#4797,.T.);
#6134=ORIENTED_EDGE('',*,*,#4798,.F.);
#6135=ORIENTED_EDGE('',*,*,#4799,.T.);
#6136=ORIENTED_EDGE('',*,*,#4786,.F.);
#6137=ORIENTED_EDGE('',*,*,#4800,.F.);
#6138=ORIENTED_EDGE('',*,*,#4801,.F.);
#6139=ORIENTED_EDGE('',*,*,#4802,.F.);
#6140=ORIENTED_EDGE('',*,*,#4803,.T.);
#6141=ORIENTED_EDGE('',*,*,#4804,.F.);
#6142=ORIENTED_EDGE('',*,*,#4805,.F.);
#6143=ORIENTED_EDGE('',*,*,#4781,.T.);
#6144=ORIENTED_EDGE('',*,*,#4806,.F.);
#6145=ORIENTED_EDGE('',*,*,#4793,.F.);
#6146=ORIENTED_EDGE('',*,*,#4807,.F.);
#6147=ORIENTED_EDGE('',*,*,#4808,.T.);
#6148=ORIENTED_EDGE('',*,*,#4809,.T.);
#6149=ORIENTED_EDGE('',*,*,#4810,.T.);
#6150=ORIENTED_EDGE('',*,*,#4802,.T.);
#6151=ORIENTED_EDGE('',*,*,#4811,.F.);
#6152=ORIENTED_EDGE('',*,*,#4806,.T.);
#6153=ORIENTED_EDGE('',*,*,#4812,.T.);
#6154=ORIENTED_EDGE('',*,*,#4813,.F.);
#6155=ORIENTED_EDGE('',*,*,#4794,.F.);
#6156=ORIENTED_EDGE('',*,*,#4811,.T.);
#6157=ORIENTED_EDGE('',*,*,#4805,.T.);
#6158=ORIENTED_EDGE('',*,*,#4814,.T.);
#6159=ORIENTED_EDGE('',*,*,#4815,.F.);
#6160=ORIENTED_EDGE('',*,*,#4816,.T.);
#6161=ORIENTED_EDGE('',*,*,#4774,.F.);
#6162=ORIENTED_EDGE('',*,*,#4777,.T.);
#6163=ORIENTED_EDGE('',*,*,#4817,.T.);
#6164=ORIENTED_EDGE('',*,*,#4818,.T.);
#6165=ORIENTED_EDGE('',*,*,#4815,.T.);
#6166=ORIENTED_EDGE('',*,*,#4819,.F.);
#6167=ORIENTED_EDGE('',*,*,#4820,.T.);
#6168=ORIENTED_EDGE('',*,*,#4795,.T.);
#6169=ORIENTED_EDGE('',*,*,#4813,.T.);
#6170=ORIENTED_EDGE('',*,*,#4821,.T.);
#6171=ORIENTED_EDGE('',*,*,#4822,.T.);
#6172=ORIENTED_EDGE('',*,*,#4823,.F.);
#6173=ORIENTED_EDGE('',*,*,#4817,.F.);
#6174=ORIENTED_EDGE('',*,*,#4776,.F.);
#6175=ORIENTED_EDGE('',*,*,#4783,.F.);
#6176=ORIENTED_EDGE('',*,*,#4824,.F.);
#6177=ORIENTED_EDGE('',*,*,#4769,.F.);
#6178=ORIENTED_EDGE('',*,*,#4823,.T.);
#6179=ORIENTED_EDGE('',*,*,#4825,.T.);
#6180=ORIENTED_EDGE('',*,*,#4778,.F.);
#6181=ORIENTED_EDGE('',*,*,#4826,.F.);
#6182=ORIENTED_EDGE('',*,*,#4779,.F.);
#6183=ORIENTED_EDGE('',*,*,#4825,.F.);
#6184=ORIENTED_EDGE('',*,*,#4822,.F.);
#6185=ORIENTED_EDGE('',*,*,#4824,.T.);
#6186=ORIENTED_EDGE('',*,*,#4782,.F.);
#6187=ORIENTED_EDGE('',*,*,#4816,.F.);
#6188=ORIENTED_EDGE('',*,*,#4818,.F.);
#6189=ORIENTED_EDGE('',*,*,#4826,.T.);
#6190=ORIENTED_EDGE('',*,*,#4821,.F.);
#6191=ORIENTED_EDGE('',*,*,#4812,.F.);
#6192=ORIENTED_EDGE('',*,*,#4780,.F.);
#6193=ORIENTED_EDGE('',*,*,#4809,.F.);
#6194=ORIENTED_EDGE('',*,*,#4827,.F.);
#6195=ORIENTED_EDGE('',*,*,#4828,.F.);
#6196=ORIENTED_EDGE('',*,*,#4829,.T.);
#6197=ORIENTED_EDGE('',*,*,#4810,.F.);
#6198=ORIENTED_EDGE('',*,*,#4829,.F.);
#6199=ORIENTED_EDGE('',*,*,#4830,.F.);
#6200=ORIENTED_EDGE('',*,*,#4831,.T.);
#6201=ORIENTED_EDGE('',*,*,#4808,.F.);
#6202=ORIENTED_EDGE('',*,*,#4832,.F.);
#6203=ORIENTED_EDGE('',*,*,#4833,.F.);
#6204=ORIENTED_EDGE('',*,*,#4827,.T.);
#6205=ORIENTED_EDGE('',*,*,#4830,.T.);
#6206=ORIENTED_EDGE('',*,*,#4828,.T.);
#6207=ORIENTED_EDGE('',*,*,#4833,.T.);
#6208=ORIENTED_EDGE('',*,*,#4834,.F.);
#6209=ORIENTED_EDGE('',*,*,#4800,.T.);
#6210=ORIENTED_EDGE('',*,*,#4785,.F.);
#6211=ORIENTED_EDGE('',*,*,#4835,.F.);
#6212=ORIENTED_EDGE('',*,*,#4836,.F.);
#6213=ORIENTED_EDGE('',*,*,#4835,.T.);
#6214=ORIENTED_EDGE('',*,*,#4784,.T.);
#6215=ORIENTED_EDGE('',*,*,#4837,.T.);
#6216=ORIENTED_EDGE('',*,*,#4838,.F.);
#6217=ORIENTED_EDGE('',*,*,#4839,.F.);
#6218=ORIENTED_EDGE('',*,*,#4840,.T.);
#6219=ORIENTED_EDGE('',*,*,#4756,.T.);
#6220=ORIENTED_EDGE('',*,*,#4841,.F.);
#6221=ORIENTED_EDGE('',*,*,#4842,.T.);
#6222=ORIENTED_EDGE('',*,*,#4843,.T.);
#6223=ORIENTED_EDGE('',*,*,#4844,.T.);
#6224=ORIENTED_EDGE('',*,*,#4845,.F.);
#6225=ORIENTED_EDGE('',*,*,#4846,.T.);
#6226=ORIENTED_EDGE('',*,*,#4847,.T.);
#6227=ORIENTED_EDGE('',*,*,#4848,.T.);
#6228=ORIENTED_EDGE('',*,*,#4849,.F.);
#6229=ORIENTED_EDGE('',*,*,#4850,.T.);
#6230=ORIENTED_EDGE('',*,*,#4851,.T.);
#6231=ORIENTED_EDGE('',*,*,#4852,.T.);
#6232=ORIENTED_EDGE('',*,*,#4853,.T.);
#6233=ORIENTED_EDGE('',*,*,#4854,.T.);
#6234=ORIENTED_EDGE('',*,*,#4855,.T.);
#6235=ORIENTED_EDGE('',*,*,#4856,.T.);
#6236=ORIENTED_EDGE('',*,*,#4857,.T.);
#6237=ORIENTED_EDGE('',*,*,#4858,.T.);
#6238=ORIENTED_EDGE('',*,*,#4859,.T.);
#6239=ORIENTED_EDGE('',*,*,#4676,.F.);
#6240=ORIENTED_EDGE('',*,*,#4857,.F.);
#6241=ORIENTED_EDGE('',*,*,#4675,.T.);
#6242=ORIENTED_EDGE('',*,*,#4860,.F.);
#6243=ORIENTED_EDGE('',*,*,#4861,.F.);
#6244=ORIENTED_EDGE('',*,*,#4862,.F.);
#6245=ORIENTED_EDGE('',*,*,#4863,.F.);
#6246=ORIENTED_EDGE('',*,*,#4864,.F.);
#6247=ORIENTED_EDGE('',*,*,#4788,.T.);
#6248=ORIENTED_EDGE('',*,*,#4861,.T.);
#6249=ORIENTED_EDGE('',*,*,#4865,.F.);
#6250=ORIENTED_EDGE('',*,*,#4866,.T.);
#6251=ORIENTED_EDGE('',*,*,#4867,.T.);
#6252=ORIENTED_EDGE('',*,*,#4860,.T.);
#6253=ORIENTED_EDGE('',*,*,#4674,.F.);
#6254=ORIENTED_EDGE('',*,*,#4868,.F.);
#6255=ORIENTED_EDGE('',*,*,#4865,.T.);
#6256=ORIENTED_EDGE('',*,*,#4869,.T.);
#6257=ORIENTED_EDGE('',*,*,#4870,.T.);
#6258=ORIENTED_EDGE('',*,*,#4871,.T.);
#6259=ORIENTED_EDGE('',*,*,#4654,.F.);
#6260=ORIENTED_EDGE('',*,*,#4872,.F.);
#6261=ORIENTED_EDGE('',*,*,#4873,.F.);
#6262=ORIENTED_EDGE('',*,*,#4874,.F.);
#6263=ORIENTED_EDGE('',*,*,#4875,.T.);
#6264=ORIENTED_EDGE('',*,*,#4869,.F.);
#6265=ORIENTED_EDGE('',*,*,#4653,.T.);
#6266=ORIENTED_EDGE('',*,*,#4876,.F.);
#6267=ORIENTED_EDGE('',*,*,#4877,.T.);
#6268=ORIENTED_EDGE('',*,*,#4877,.F.);
#6269=ORIENTED_EDGE('',*,*,#4878,.T.);
#6270=ORIENTED_EDGE('',*,*,#4760,.F.);
#6271=ORIENTED_EDGE('',*,*,#4878,.F.);
#6272=ORIENTED_EDGE('',*,*,#4757,.T.);
#6273=ORIENTED_EDGE('',*,*,#4879,.T.);
#6274=ORIENTED_EDGE('',*,*,#4875,.F.);
#6275=ORIENTED_EDGE('',*,*,#4880,.T.);
#6276=ORIENTED_EDGE('',*,*,#4761,.F.);
#6277=ORIENTED_EDGE('',*,*,#4749,.F.);
#6278=ORIENTED_EDGE('',*,*,#4840,.F.);
#6279=ORIENTED_EDGE('',*,*,#4881,.F.);
#6280=ORIENTED_EDGE('',*,*,#4882,.F.);
#6281=ORIENTED_EDGE('',*,*,#4883,.F.);
#6282=ORIENTED_EDGE('',*,*,#4884,.F.);
#6283=ORIENTED_EDGE('',*,*,#4735,.F.);
#6284=ORIENTED_EDGE('',*,*,#4885,.F.);
#6285=ORIENTED_EDGE('',*,*,#4886,.F.);
#6286=ORIENTED_EDGE('',*,*,#4887,.F.);
#6287=ORIENTED_EDGE('',*,*,#4888,.F.);
#6288=ORIENTED_EDGE('',*,*,#4889,.F.);
#6289=ORIENTED_EDGE('',*,*,#4890,.T.);
#6290=ORIENTED_EDGE('',*,*,#4891,.F.);
#6291=ORIENTED_EDGE('',*,*,#4892,.T.);
#6292=ORIENTED_EDGE('',*,*,#4893,.F.);
#6293=ORIENTED_EDGE('',*,*,#4894,.F.);
#6294=ORIENTED_EDGE('',*,*,#4895,.F.);
#6295=ORIENTED_EDGE('',*,*,#4740,.F.);
#6296=ORIENTED_EDGE('',*,*,#4896,.F.);
#6297=ORIENTED_EDGE('',*,*,#4897,.T.);
#6298=ORIENTED_EDGE('',*,*,#4870,.F.);
#6299=ORIENTED_EDGE('',*,*,#4879,.F.);
#6300=ORIENTED_EDGE('',*,*,#4759,.F.);
#6301=ORIENTED_EDGE('',*,*,#4898,.F.);
#6302=ORIENTED_EDGE('',*,*,#4899,.T.);
#6303=ORIENTED_EDGE('',*,*,#4896,.T.);
#6304=ORIENTED_EDGE('',*,*,#4758,.F.);
#6305=ORIENTED_EDGE('',*,*,#4880,.F.);
#6306=ORIENTED_EDGE('',*,*,#4874,.T.);
#6307=ORIENTED_EDGE('',*,*,#4900,.F.);
#6308=ORIENTED_EDGE('',*,*,#4901,.T.);
#6309=ORIENTED_EDGE('',*,*,#4898,.T.);
#6310=ORIENTED_EDGE('',*,*,#4873,.T.);
#6311=ORIENTED_EDGE('',*,*,#4902,.F.);
#6312=ORIENTED_EDGE('',*,*,#4903,.T.);
#6313=ORIENTED_EDGE('',*,*,#4900,.T.);
#6314=ORIENTED_EDGE('',*,*,#4872,.T.);
#6315=ORIENTED_EDGE('',*,*,#4904,.F.);
#6316=ORIENTED_EDGE('',*,*,#4905,.T.);
#6317=ORIENTED_EDGE('',*,*,#4902,.T.);
#6318=ORIENTED_EDGE('',*,*,#4876,.T.);
#6319=ORIENTED_EDGE('',*,*,#4652,.F.);
#6320=ORIENTED_EDGE('',*,*,#4906,.F.);
#6321=ORIENTED_EDGE('',*,*,#4904,.T.);
#6322=ORIENTED_EDGE('',*,*,#4719,.T.);
#6323=ORIENTED_EDGE('',*,*,#4907,.T.);
#6324=ORIENTED_EDGE('',*,*,#4908,.T.);
#6325=ORIENTED_EDGE('',*,*,#4909,.T.);
#6326=ORIENTED_EDGE('',*,*,#4907,.F.);
#6327=ORIENTED_EDGE('',*,*,#4718,.T.);
#6328=ORIENTED_EDGE('',*,*,#4910,.F.);
#6329=ORIENTED_EDGE('',*,*,#4911,.F.);
#6330=ORIENTED_EDGE('',*,*,#4700,.T.);
#6331=ORIENTED_EDGE('',*,*,#4912,.T.);
#6332=ORIENTED_EDGE('',*,*,#4913,.T.);
#6333=ORIENTED_EDGE('',*,*,#4914,.T.);
#6334=ORIENTED_EDGE('',*,*,#4912,.F.);
#6335=ORIENTED_EDGE('',*,*,#4699,.T.);
#6336=ORIENTED_EDGE('',*,*,#4915,.F.);
#6337=ORIENTED_EDGE('',*,*,#4916,.F.);
#6338=ORIENTED_EDGE('',*,*,#4917,.T.);
#6339=ORIENTED_EDGE('',*,*,#4668,.T.);
#6340=ORIENTED_EDGE('',*,*,#4918,.T.);
#6341=ORIENTED_EDGE('',*,*,#4919,.T.);
#6342=ORIENTED_EDGE('',*,*,#4917,.F.);
#6343=ORIENTED_EDGE('',*,*,#4920,.T.);
#6344=ORIENTED_EDGE('',*,*,#4921,.F.);
#6345=ORIENTED_EDGE('',*,*,#4645,.T.);
#6346=ORIENTED_EDGE('',*,*,#4734,.T.);
#6347=ORIENTED_EDGE('',*,*,#4922,.T.);
#6348=ORIENTED_EDGE('',*,*,#4923,.F.);
#6349=ORIENTED_EDGE('',*,*,#4924,.T.);
#6350=ORIENTED_EDGE('',*,*,#4925,.F.);
#6351=ORIENTED_EDGE('',*,*,#4926,.T.);
#6352=ORIENTED_EDGE('',*,*,#4927,.T.);
#6353=ORIENTED_EDGE('',*,*,#4669,.T.);
#6354=ORIENTED_EDGE('',*,*,#4919,.F.);
#6355=ORIENTED_EDGE('',*,*,#4928,.F.);
#6356=ORIENTED_EDGE('',*,*,#4929,.F.);
#6357=ORIENTED_EDGE('',*,*,#4920,.F.);
#6358=ORIENTED_EDGE('',*,*,#4921,.T.);
#6359=ORIENTED_EDGE('',*,*,#4929,.T.);
#6360=ORIENTED_EDGE('',*,*,#4930,.T.);
#6361=ORIENTED_EDGE('',*,*,#4646,.T.);
#6362=ORIENTED_EDGE('',*,*,#4890,.F.);
#6363=ORIENTED_EDGE('',*,*,#4931,.T.);
#6364=ORIENTED_EDGE('',*,*,#4925,.T.);
#6365=ORIENTED_EDGE('',*,*,#4932,.T.);
#6366=ORIENTED_EDGE('',*,*,#4932,.F.);
#6367=ORIENTED_EDGE('',*,*,#4924,.F.);
#6368=ORIENTED_EDGE('',*,*,#4933,.F.);
#6369=ORIENTED_EDGE('',*,*,#4891,.T.);
#6370=ORIENTED_EDGE('',*,*,#4892,.F.);
#6371=ORIENTED_EDGE('',*,*,#4933,.T.);
#6372=ORIENTED_EDGE('',*,*,#4923,.T.);
#6373=ORIENTED_EDGE('',*,*,#4934,.T.);
#6374=ORIENTED_EDGE('',*,*,#4934,.F.);
#6375=ORIENTED_EDGE('',*,*,#4922,.F.);
#6376=ORIENTED_EDGE('',*,*,#4935,.F.);
#6377=ORIENTED_EDGE('',*,*,#4936,.T.);
#6378=ORIENTED_EDGE('',*,*,#4893,.T.);
#6379=ORIENTED_EDGE('',*,*,#4660,.T.);
#6380=ORIENTED_EDGE('',*,*,#4656,.T.);
#6381=ORIENTED_EDGE('',*,*,#4937,.F.);
#6382=ORIENTED_EDGE('',*,*,#4938,.F.);
#6383=ORIENTED_EDGE('',*,*,#4939,.T.);
#6384=ORIENTED_EDGE('',*,*,#4940,.F.);
#6385=ORIENTED_EDGE('',*,*,#4941,.T.);
#6386=ORIENTED_EDGE('',*,*,#4883,.T.);
#6387=ORIENTED_EDGE('',*,*,#4942,.T.);
#6388=ORIENTED_EDGE('',*,*,#4943,.T.);
#6389=ORIENTED_EDGE('',*,*,#4944,.F.);
#6390=ORIENTED_EDGE('',*,*,#4881,.T.);
#6391=ORIENTED_EDGE('',*,*,#4839,.T.);
#6392=ORIENTED_EDGE('',*,*,#4945,.F.);
#6393=ORIENTED_EDGE('',*,*,#4946,.T.);
#6394=ORIENTED_EDGE('',*,*,#4947,.T.);
#6395=ORIENTED_EDGE('',*,*,#4948,.F.);
#6396=ORIENTED_EDGE('',*,*,#4949,.T.);
#6397=ORIENTED_EDGE('',*,*,#4939,.F.);
#6398=ORIENTED_EDGE('',*,*,#4950,.T.);
#6399=ORIENTED_EDGE('',*,*,#4951,.T.);
#6400=ORIENTED_EDGE('',*,*,#4952,.T.);
#6401=ORIENTED_EDGE('',*,*,#4942,.F.);
#6402=ORIENTED_EDGE('',*,*,#4882,.T.);
#6403=ORIENTED_EDGE('',*,*,#4949,.F.);
#6404=ORIENTED_EDGE('',*,*,#4953,.T.);
#6405=ORIENTED_EDGE('',*,*,#4954,.T.);
#6406=ORIENTED_EDGE('',*,*,#4955,.T.);
#6407=ORIENTED_EDGE('',*,*,#4956,.T.);
#6408=ORIENTED_EDGE('',*,*,#4946,.F.);
#6409=ORIENTED_EDGE('',*,*,#4957,.F.);
#6410=ORIENTED_EDGE('',*,*,#4958,.T.);
#6411=ORIENTED_EDGE('',*,*,#4959,.T.);
#6412=ORIENTED_EDGE('',*,*,#4960,.T.);
#6413=ORIENTED_EDGE('',*,*,#4961,.T.);
#6414=ORIENTED_EDGE('',*,*,#4962,.T.);
#6415=ORIENTED_EDGE('',*,*,#4963,.T.);
#6416=ORIENTED_EDGE('',*,*,#4964,.T.);
#6417=ORIENTED_EDGE('',*,*,#4965,.T.);
#6418=ORIENTED_EDGE('',*,*,#4966,.F.);
#6419=ORIENTED_EDGE('',*,*,#4967,.T.);
#6420=ORIENTED_EDGE('',*,*,#4968,.T.);
#6421=ORIENTED_EDGE('',*,*,#4969,.F.);
#6422=ORIENTED_EDGE('',*,*,#4970,.F.);
#6423=ORIENTED_EDGE('',*,*,#4971,.T.);
#6424=ORIENTED_EDGE('',*,*,#4972,.T.);
#6425=ORIENTED_EDGE('',*,*,#4967,.F.);
#6426=ORIENTED_EDGE('',*,*,#4973,.F.);
#6427=ORIENTED_EDGE('',*,*,#4969,.T.);
#6428=ORIENTED_EDGE('',*,*,#4974,.T.);
#6429=ORIENTED_EDGE('',*,*,#4971,.F.);
#6430=ORIENTED_EDGE('',*,*,#4974,.F.);
#6431=ORIENTED_EDGE('',*,*,#4968,.F.);
#6432=ORIENTED_EDGE('',*,*,#4972,.F.);
#6433=ORIENTED_EDGE('',*,*,#4975,.F.);
#6434=ORIENTED_EDGE('',*,*,#4976,.T.);
#6435=ORIENTED_EDGE('',*,*,#4977,.T.);
#6436=ORIENTED_EDGE('',*,*,#4978,.F.);
#6437=ORIENTED_EDGE('',*,*,#4979,.F.);
#6438=ORIENTED_EDGE('',*,*,#4980,.T.);
#6439=ORIENTED_EDGE('',*,*,#4981,.T.);
#6440=ORIENTED_EDGE('',*,*,#4976,.F.);
#6441=ORIENTED_EDGE('',*,*,#4982,.F.);
#6442=ORIENTED_EDGE('',*,*,#4978,.T.);
#6443=ORIENTED_EDGE('',*,*,#4983,.T.);
#6444=ORIENTED_EDGE('',*,*,#4980,.F.);
#6445=ORIENTED_EDGE('',*,*,#4983,.F.);
#6446=ORIENTED_EDGE('',*,*,#4977,.F.);
#6447=ORIENTED_EDGE('',*,*,#4981,.F.);
#6448=ORIENTED_EDGE('',*,*,#4984,.F.);
#6449=ORIENTED_EDGE('',*,*,#4985,.T.);
#6450=ORIENTED_EDGE('',*,*,#4986,.T.);
#6451=ORIENTED_EDGE('',*,*,#4987,.F.);
#6452=ORIENTED_EDGE('',*,*,#4988,.F.);
#6453=ORIENTED_EDGE('',*,*,#4989,.T.);
#6454=ORIENTED_EDGE('',*,*,#4990,.T.);
#6455=ORIENTED_EDGE('',*,*,#4985,.F.);
#6456=ORIENTED_EDGE('',*,*,#4991,.F.);
#6457=ORIENTED_EDGE('',*,*,#4992,.T.);
#6458=ORIENTED_EDGE('',*,*,#4993,.T.);
#6459=ORIENTED_EDGE('',*,*,#4989,.F.);
#6460=ORIENTED_EDGE('',*,*,#4994,.F.);
#6461=ORIENTED_EDGE('',*,*,#4987,.T.);
#6462=ORIENTED_EDGE('',*,*,#4995,.T.);
#6463=ORIENTED_EDGE('',*,*,#4992,.F.);
#6464=ORIENTED_EDGE('',*,*,#4995,.F.);
#6465=ORIENTED_EDGE('',*,*,#4986,.F.);
#6466=ORIENTED_EDGE('',*,*,#4990,.F.);
#6467=ORIENTED_EDGE('',*,*,#4993,.F.);
#6468=ORIENTED_EDGE('',*,*,#4851,.F.);
#6469=ORIENTED_EDGE('',*,*,#4996,.T.);
#6470=ORIENTED_EDGE('',*,*,#4997,.T.);
#6471=ORIENTED_EDGE('',*,*,#4998,.F.);
#6472=ORIENTED_EDGE('',*,*,#4856,.F.);
#6473=ORIENTED_EDGE('',*,*,#4999,.T.);
#6474=ORIENTED_EDGE('',*,*,#5000,.T.);
#6475=ORIENTED_EDGE('',*,*,#4996,.F.);
#6476=ORIENTED_EDGE('',*,*,#4855,.F.);
#6477=ORIENTED_EDGE('',*,*,#5001,.T.);
#6478=ORIENTED_EDGE('',*,*,#5002,.T.);
#6479=ORIENTED_EDGE('',*,*,#4999,.F.);
#6480=ORIENTED_EDGE('',*,*,#4854,.F.);
#6481=ORIENTED_EDGE('',*,*,#5003,.T.);
#6482=ORIENTED_EDGE('',*,*,#5004,.T.);
#6483=ORIENTED_EDGE('',*,*,#5001,.F.);
#6484=ORIENTED_EDGE('',*,*,#4853,.F.);
#6485=ORIENTED_EDGE('',*,*,#5005,.T.);
#6486=ORIENTED_EDGE('',*,*,#5006,.T.);
#6487=ORIENTED_EDGE('',*,*,#5003,.F.);
#6488=ORIENTED_EDGE('',*,*,#4852,.F.);
#6489=ORIENTED_EDGE('',*,*,#4998,.T.);
#6490=ORIENTED_EDGE('',*,*,#5007,.T.);
#6491=ORIENTED_EDGE('',*,*,#5005,.F.);
#6492=ORIENTED_EDGE('',*,*,#5007,.F.);
#6493=ORIENTED_EDGE('',*,*,#4997,.F.);
#6494=ORIENTED_EDGE('',*,*,#5000,.F.);
#6495=ORIENTED_EDGE('',*,*,#5002,.F.);
#6496=ORIENTED_EDGE('',*,*,#5004,.F.);
#6497=ORIENTED_EDGE('',*,*,#5006,.F.);
#6498=ORIENTED_EDGE('',*,*,#5008,.F.);
#6499=ORIENTED_EDGE('',*,*,#5009,.T.);
#6500=ORIENTED_EDGE('',*,*,#5010,.T.);
#6501=ORIENTED_EDGE('',*,*,#5011,.F.);
#6502=ORIENTED_EDGE('',*,*,#5012,.F.);
#6503=ORIENTED_EDGE('',*,*,#5013,.T.);
#6504=ORIENTED_EDGE('',*,*,#5014,.T.);
#6505=ORIENTED_EDGE('',*,*,#5009,.F.);
#6506=ORIENTED_EDGE('',*,*,#5015,.F.);
#6507=ORIENTED_EDGE('',*,*,#5016,.T.);
#6508=ORIENTED_EDGE('',*,*,#5017,.T.);
#6509=ORIENTED_EDGE('',*,*,#5013,.F.);
#6510=ORIENTED_EDGE('',*,*,#5018,.F.);
#6511=ORIENTED_EDGE('',*,*,#5019,.T.);
#6512=ORIENTED_EDGE('',*,*,#5020,.T.);
#6513=ORIENTED_EDGE('',*,*,#5016,.F.);
#6514=ORIENTED_EDGE('',*,*,#5021,.F.);
#6515=ORIENTED_EDGE('',*,*,#5022,.T.);
#6516=ORIENTED_EDGE('',*,*,#5023,.T.);
#6517=ORIENTED_EDGE('',*,*,#5019,.F.);
#6518=ORIENTED_EDGE('',*,*,#5024,.F.);
#6519=ORIENTED_EDGE('',*,*,#5011,.T.);
#6520=ORIENTED_EDGE('',*,*,#5025,.T.);
#6521=ORIENTED_EDGE('',*,*,#5022,.F.);
#6522=ORIENTED_EDGE('',*,*,#5025,.F.);
#6523=ORIENTED_EDGE('',*,*,#5010,.F.);
#6524=ORIENTED_EDGE('',*,*,#5014,.F.);
#6525=ORIENTED_EDGE('',*,*,#5017,.F.);
#6526=ORIENTED_EDGE('',*,*,#5020,.F.);
#6527=ORIENTED_EDGE('',*,*,#5023,.F.);
#6528=ORIENTED_EDGE('',*,*,#5026,.F.);
#6529=ORIENTED_EDGE('',*,*,#5027,.T.);
#6530=ORIENTED_EDGE('',*,*,#5028,.T.);
#6531=ORIENTED_EDGE('',*,*,#5029,.F.);
#6532=ORIENTED_EDGE('',*,*,#5030,.F.);
#6533=ORIENTED_EDGE('',*,*,#5031,.T.);
#6534=ORIENTED_EDGE('',*,*,#5032,.T.);
#6535=ORIENTED_EDGE('',*,*,#5027,.F.);
#6536=ORIENTED_EDGE('',*,*,#5033,.F.);
#6537=ORIENTED_EDGE('',*,*,#5034,.T.);
#6538=ORIENTED_EDGE('',*,*,#5035,.T.);
#6539=ORIENTED_EDGE('',*,*,#5031,.F.);
#6540=ORIENTED_EDGE('',*,*,#5036,.F.);
#6541=ORIENTED_EDGE('',*,*,#5037,.T.);
#6542=ORIENTED_EDGE('',*,*,#5038,.T.);
#6543=ORIENTED_EDGE('',*,*,#5034,.F.);
#6544=ORIENTED_EDGE('',*,*,#5039,.F.);
#6545=ORIENTED_EDGE('',*,*,#5040,.T.);
#6546=ORIENTED_EDGE('',*,*,#5041,.T.);
#6547=ORIENTED_EDGE('',*,*,#5037,.F.);
#6548=ORIENTED_EDGE('',*,*,#5042,.F.);
#6549=ORIENTED_EDGE('',*,*,#5029,.T.);
#6550=ORIENTED_EDGE('',*,*,#5043,.T.);
#6551=ORIENTED_EDGE('',*,*,#5040,.F.);
#6552=ORIENTED_EDGE('',*,*,#5043,.F.);
#6553=ORIENTED_EDGE('',*,*,#5028,.F.);
#6554=ORIENTED_EDGE('',*,*,#5032,.F.);
#6555=ORIENTED_EDGE('',*,*,#5035,.F.);
#6556=ORIENTED_EDGE('',*,*,#5038,.F.);
#6557=ORIENTED_EDGE('',*,*,#5041,.F.);
#6558=ORIENTED_EDGE('',*,*,#5044,.F.);
#6559=ORIENTED_EDGE('',*,*,#5045,.T.);
#6560=ORIENTED_EDGE('',*,*,#5046,.T.);
#6561=ORIENTED_EDGE('',*,*,#5045,.F.);
#6562=ORIENTED_EDGE('',*,*,#5046,.F.);
#6563=ORIENTED_EDGE('',*,*,#5047,.F.);
#6564=ORIENTED_EDGE('',*,*,#5048,.T.);
#6565=ORIENTED_EDGE('',*,*,#5049,.T.);
#6566=ORIENTED_EDGE('',*,*,#5048,.F.);
#6567=ORIENTED_EDGE('',*,*,#5049,.F.);
#6568=ORIENTED_EDGE('',*,*,#4964,.F.);
#6569=ORIENTED_EDGE('',*,*,#5050,.F.);
#6570=ORIENTED_EDGE('',*,*,#5051,.T.);
#6571=ORIENTED_EDGE('',*,*,#5052,.T.);
#6572=ORIENTED_EDGE('',*,*,#4965,.F.);
#6573=ORIENTED_EDGE('',*,*,#5052,.F.);
#6574=ORIENTED_EDGE('',*,*,#5053,.T.);
#6575=ORIENTED_EDGE('',*,*,#5054,.F.);
#6576=ORIENTED_EDGE('',*,*,#5053,.F.);
#6577=ORIENTED_EDGE('',*,*,#5051,.F.);
#6578=ORIENTED_EDGE('',*,*,#5055,.F.);
#6579=ORIENTED_EDGE('',*,*,#5056,.F.);
#6580=ORIENTED_EDGE('',*,*,#4962,.F.);
#6581=ORIENTED_EDGE('',*,*,#5054,.T.);
#6582=ORIENTED_EDGE('',*,*,#5056,.T.);
#6583=ORIENTED_EDGE('',*,*,#5057,.T.);
#6584=ORIENTED_EDGE('',*,*,#4963,.F.);
#6585=ORIENTED_EDGE('',*,*,#5057,.F.);
#6586=ORIENTED_EDGE('',*,*,#5055,.T.);
#6587=ORIENTED_EDGE('',*,*,#5050,.T.);
#6588=ORIENTED_EDGE('',*,*,#4960,.F.);
#6589=ORIENTED_EDGE('',*,*,#5058,.F.);
#6590=ORIENTED_EDGE('',*,*,#5059,.T.);
#6591=ORIENTED_EDGE('',*,*,#5060,.T.);
#6592=ORIENTED_EDGE('',*,*,#4961,.F.);
#6593=ORIENTED_EDGE('',*,*,#5060,.F.);
#6594=ORIENTED_EDGE('',*,*,#5061,.T.);
#6595=ORIENTED_EDGE('',*,*,#5062,.F.);
#6596=ORIENTED_EDGE('',*,*,#5061,.F.);
#6597=ORIENTED_EDGE('',*,*,#5059,.F.);
#6598=ORIENTED_EDGE('',*,*,#5063,.F.);
#6599=ORIENTED_EDGE('',*,*,#5064,.F.);
#6600=ORIENTED_EDGE('',*,*,#4958,.F.);
#6601=ORIENTED_EDGE('',*,*,#5062,.T.);
#6602=ORIENTED_EDGE('',*,*,#5064,.T.);
#6603=ORIENTED_EDGE('',*,*,#5065,.T.);
#6604=ORIENTED_EDGE('',*,*,#4959,.F.);
#6605=ORIENTED_EDGE('',*,*,#5065,.F.);
#6606=ORIENTED_EDGE('',*,*,#5063,.T.);
#6607=ORIENTED_EDGE('',*,*,#5058,.T.);
#6608=ORIENTED_EDGE('',*,*,#5066,.F.);
#6609=ORIENTED_EDGE('',*,*,#5067,.T.);
#6610=ORIENTED_EDGE('',*,*,#5068,.T.);
#6611=ORIENTED_EDGE('',*,*,#4950,.F.);
#6612=ORIENTED_EDGE('',*,*,#4938,.T.);
#6613=ORIENTED_EDGE('',*,*,#4937,.T.);
#6614=ORIENTED_EDGE('',*,*,#5069,.T.);
#6615=ORIENTED_EDGE('',*,*,#4951,.F.);
#6616=ORIENTED_EDGE('',*,*,#5068,.F.);
#6617=ORIENTED_EDGE('',*,*,#5070,.T.);
#6618=ORIENTED_EDGE('',*,*,#5071,.F.);
#6619=ORIENTED_EDGE('',*,*,#5070,.F.);
#6620=ORIENTED_EDGE('',*,*,#5067,.F.);
#6621=ORIENTED_EDGE('',*,*,#5072,.F.);
#6622=ORIENTED_EDGE('',*,*,#5073,.F.);
#6623=ORIENTED_EDGE('',*,*,#4952,.F.);
#6624=ORIENTED_EDGE('',*,*,#5071,.T.);
#6625=ORIENTED_EDGE('',*,*,#5073,.T.);
#6626=ORIENTED_EDGE('',*,*,#5074,.F.);
#6627=ORIENTED_EDGE('',*,*,#4943,.F.);
#6628=ORIENTED_EDGE('',*,*,#5074,.T.);
#6629=ORIENTED_EDGE('',*,*,#5072,.T.);
#6630=ORIENTED_EDGE('',*,*,#5066,.T.);
#6631=ORIENTED_EDGE('',*,*,#5069,.F.);
#6632=ORIENTED_EDGE('',*,*,#4944,.T.);
#6633=ORIENTED_EDGE('',*,*,#4955,.F.);
#6634=ORIENTED_EDGE('',*,*,#5075,.F.);
#6635=ORIENTED_EDGE('',*,*,#5076,.T.);
#6636=ORIENTED_EDGE('',*,*,#5077,.T.);
#6637=ORIENTED_EDGE('',*,*,#4956,.F.);
#6638=ORIENTED_EDGE('',*,*,#5077,.F.);
#6639=ORIENTED_EDGE('',*,*,#5078,.T.);
#6640=ORIENTED_EDGE('',*,*,#5079,.F.);
#6641=ORIENTED_EDGE('',*,*,#4947,.F.);
#6642=ORIENTED_EDGE('',*,*,#5078,.F.);
#6643=ORIENTED_EDGE('',*,*,#5076,.F.);
#6644=ORIENTED_EDGE('',*,*,#5080,.F.);
#6645=ORIENTED_EDGE('',*,*,#5081,.F.);
#6646=ORIENTED_EDGE('',*,*,#5079,.T.);
#6647=ORIENTED_EDGE('',*,*,#5081,.T.);
#6648=ORIENTED_EDGE('',*,*,#5082,.T.);
#6649=ORIENTED_EDGE('',*,*,#4953,.F.);
#6650=ORIENTED_EDGE('',*,*,#4948,.T.);
#6651=ORIENTED_EDGE('',*,*,#4954,.F.);
#6652=ORIENTED_EDGE('',*,*,#5082,.F.);
#6653=ORIENTED_EDGE('',*,*,#5080,.T.);
#6654=ORIENTED_EDGE('',*,*,#5075,.T.);
#6655=ORIENTED_EDGE('',*,*,#5083,.F.);
#6656=ORIENTED_EDGE('',*,*,#5084,.T.);
#6657=ORIENTED_EDGE('',*,*,#4673,.F.);
#6658=ORIENTED_EDGE('',*,*,#5084,.F.);
#6659=ORIENTED_EDGE('',*,*,#5085,.F.);
#6660=ORIENTED_EDGE('',*,*,#5086,.T.);
#6661=ORIENTED_EDGE('',*,*,#4672,.F.);
#6662=ORIENTED_EDGE('',*,*,#5086,.F.);
#6663=ORIENTED_EDGE('',*,*,#4820,.F.);
#6664=ORIENTED_EDGE('',*,*,#5087,.F.);
#6665=ORIENTED_EDGE('',*,*,#4796,.T.);
#6666=ORIENTED_EDGE('',*,*,#4790,.F.);
#6667=ORIENTED_EDGE('',*,*,#4804,.T.);
#6668=ORIENTED_EDGE('',*,*,#5088,.F.);
#6669=ORIENTED_EDGE('',*,*,#4797,.F.);
#6670=ORIENTED_EDGE('',*,*,#5087,.T.);
#6671=ORIENTED_EDGE('',*,*,#4819,.T.);
#6672=ORIENTED_EDGE('',*,*,#4814,.F.);
#6673=ORIENTED_EDGE('',*,*,#5089,.F.);
#6674=ORIENTED_EDGE('',*,*,#4837,.F.);
#6675=ORIENTED_EDGE('',*,*,#4787,.F.);
#6676=ORIENTED_EDGE('',*,*,#4799,.F.);
#6677=ORIENTED_EDGE('',*,*,#4803,.F.);
#6678=ORIENTED_EDGE('',*,*,#4831,.F.);
#6679=ORIENTED_EDGE('',*,*,#4836,.T.);
#6680=ORIENTED_EDGE('',*,*,#4841,.T.);
#6681=ORIENTED_EDGE('',*,*,#4755,.T.);
#6682=ORIENTED_EDGE('',*,*,#5090,.T.);
#6683=ORIENTED_EDGE('',*,*,#5091,.F.);
#6684=ORIENTED_EDGE('',*,*,#5092,.T.);
#6685=ORIENTED_EDGE('',*,*,#4737,.T.);
#6686=ORIENTED_EDGE('',*,*,#5093,.T.);
#6687=ORIENTED_EDGE('',*,*,#4940,.T.);
#6688=ORIENTED_EDGE('',*,*,#4957,.T.);
#6689=ORIENTED_EDGE('',*,*,#4945,.T.);
#6690=ORIENTED_EDGE('',*,*,#4838,.T.);
#6691=ORIENTED_EDGE('',*,*,#5089,.T.);
#6692=ORIENTED_EDGE('',*,*,#4798,.T.);
#6693=ORIENTED_EDGE('',*,*,#5088,.T.);
#6694=ORIENTED_EDGE('',*,*,#4807,.T.);
#6695=ORIENTED_EDGE('',*,*,#4792,.F.);
#6696=ORIENTED_EDGE('',*,*,#4801,.T.);
#6697=ORIENTED_EDGE('',*,*,#4834,.T.);
#6698=ORIENTED_EDGE('',*,*,#4832,.T.);
#6699=ORIENTED_EDGE('',*,*,#5094,.T.);
#6700=ORIENTED_EDGE('',*,*,#5095,.T.);
#6701=ORIENTED_EDGE('',*,*,#5096,.T.);
#6702=ORIENTED_EDGE('',*,*,#5097,.T.);
#6703=ORIENTED_EDGE('',*,*,#4701,.T.);
#6704=ORIENTED_EDGE('',*,*,#4914,.F.);
#6705=ORIENTED_EDGE('',*,*,#5098,.T.);
#6706=ORIENTED_EDGE('',*,*,#5099,.T.);
#6707=ORIENTED_EDGE('',*,*,#5100,.T.);
#6708=ORIENTED_EDGE('',*,*,#5101,.T.);
#6709=ORIENTED_EDGE('',*,*,#5102,.T.);
#6710=ORIENTED_EDGE('',*,*,#5103,.T.);
#6711=ORIENTED_EDGE('',*,*,#4720,.T.);
#6712=ORIENTED_EDGE('',*,*,#4909,.F.);
#6713=ORIENTED_EDGE('',*,*,#5044,.T.);
#6714=ORIENTED_EDGE('',*,*,#5047,.T.);
#6715=ORIENTED_EDGE('',*,*,#5104,.T.);
#6716=ORIENTED_EDGE('',*,*,#5105,.T.);
#6717=ORIENTED_EDGE('',*,*,#5106,.T.);
#6718=ORIENTED_EDGE('',*,*,#5107,.T.);
#6719=ORIENTED_EDGE('',*,*,#5108,.F.);
#6720=ORIENTED_EDGE('',*,*,#5109,.F.);
#6721=ORIENTED_EDGE('',*,*,#5110,.F.);
#6722=ORIENTED_EDGE('',*,*,#5109,.T.);
#6723=ORIENTED_EDGE('',*,*,#5111,.T.);
#6724=ORIENTED_EDGE('',*,*,#5112,.F.);
#6725=ORIENTED_EDGE('',*,*,#5113,.F.);
#6726=ORIENTED_EDGE('',*,*,#5114,.T.);
#6727=ORIENTED_EDGE('',*,*,#4846,.F.);
#6728=ORIENTED_EDGE('',*,*,#5115,.F.);
#6729=ORIENTED_EDGE('',*,*,#5116,.T.);
#6730=ORIENTED_EDGE('',*,*,#5117,.F.);
#6731=ORIENTED_EDGE('',*,*,#4848,.F.);
#6732=ORIENTED_EDGE('',*,*,#5118,.T.);
#6733=ORIENTED_EDGE('',*,*,#5119,.T.);
#6734=ORIENTED_EDGE('',*,*,#5115,.T.);
#6735=ORIENTED_EDGE('',*,*,#4845,.T.);
#6736=ORIENTED_EDGE('',*,*,#5119,.F.);
#6737=ORIENTED_EDGE('',*,*,#5120,.T.);
#6738=ORIENTED_EDGE('',*,*,#5112,.T.);
#6739=ORIENTED_EDGE('',*,*,#5121,.T.);
#6740=ORIENTED_EDGE('',*,*,#5122,.F.);
#6741=ORIENTED_EDGE('',*,*,#5116,.F.);
#6742=ORIENTED_EDGE('',*,*,#4847,.F.);
#6743=ORIENTED_EDGE('',*,*,#5114,.F.);
#6744=ORIENTED_EDGE('',*,*,#5117,.T.);
#6745=ORIENTED_EDGE('',*,*,#5122,.T.);
#6746=ORIENTED_EDGE('',*,*,#5123,.T.);
#6747=ORIENTED_EDGE('',*,*,#4849,.T.);
#6748=ORIENTED_EDGE('',*,*,#5107,.F.);
#6749=ORIENTED_EDGE('',*,*,#5124,.F.);
#6750=ORIENTED_EDGE('',*,*,#5125,.T.);
#6751=ORIENTED_EDGE('',*,*,#5126,.F.);
#6752=ORIENTED_EDGE('',*,*,#5127,.F.);
#6753=ORIENTED_EDGE('',*,*,#5128,.F.);
#6754=ORIENTED_EDGE('',*,*,#5129,.T.);
#6755=ORIENTED_EDGE('',*,*,#5130,.F.);
#6756=ORIENTED_EDGE('',*,*,#5129,.F.);
#6757=ORIENTED_EDGE('',*,*,#5131,.F.);
#6758=ORIENTED_EDGE('',*,*,#5125,.F.);
#6759=ORIENTED_EDGE('',*,*,#5132,.F.);
#6760=ORIENTED_EDGE('',*,*,#5130,.T.);
#6761=ORIENTED_EDGE('',*,*,#5132,.T.);
#6762=ORIENTED_EDGE('',*,*,#5124,.T.);
#6763=ORIENTED_EDGE('',*,*,#5110,.T.);
#6764=ORIENTED_EDGE('',*,*,#5113,.T.);
#6765=ORIENTED_EDGE('',*,*,#5120,.F.);
#6766=ORIENTED_EDGE('',*,*,#5118,.F.);
#6767=ORIENTED_EDGE('',*,*,#4844,.F.);
#6768=ORIENTED_EDGE('',*,*,#5133,.T.);
#6769=ORIENTED_EDGE('',*,*,#5126,.T.);
#6770=ORIENTED_EDGE('',*,*,#5131,.T.);
#6771=ORIENTED_EDGE('',*,*,#5128,.T.);
#6772=ORIENTED_EDGE('',*,*,#5134,.T.);
#6773=ORIENTED_EDGE('',*,*,#4850,.F.);
#6774=ORIENTED_EDGE('',*,*,#5123,.F.);
#6775=ORIENTED_EDGE('',*,*,#5121,.F.);
#6776=ORIENTED_EDGE('',*,*,#5111,.F.);
#6777=ORIENTED_EDGE('',*,*,#5108,.T.);
#6778=ORIENTED_EDGE('',*,*,#5127,.T.);
#6779=ORIENTED_EDGE('',*,*,#5133,.F.);
#6780=ORIENTED_EDGE('',*,*,#4843,.F.);
#6781=ORIENTED_EDGE('',*,*,#5134,.F.);
#6782=ORIENTED_EDGE('',*,*,#5135,.F.);
#6783=ORIENTED_EDGE('',*,*,#5136,.T.);
#6784=ORIENTED_EDGE('',*,*,#5137,.T.);
#6785=ORIENTED_EDGE('',*,*,#5138,.F.);
#6786=ORIENTED_EDGE('',*,*,#5008,.T.);
#6787=ORIENTED_EDGE('',*,*,#5024,.T.);
#6788=ORIENTED_EDGE('',*,*,#5021,.T.);
#6789=ORIENTED_EDGE('',*,*,#5018,.T.);
#6790=ORIENTED_EDGE('',*,*,#5015,.T.);
#6791=ORIENTED_EDGE('',*,*,#5012,.T.);
#6792=ORIENTED_EDGE('',*,*,#5139,.F.);
#6793=ORIENTED_EDGE('',*,*,#5140,.T.);
#6794=ORIENTED_EDGE('',*,*,#5141,.T.);
#6795=ORIENTED_EDGE('',*,*,#5136,.F.);
#6796=ORIENTED_EDGE('',*,*,#4966,.T.);
#6797=ORIENTED_EDGE('',*,*,#4973,.T.);
#6798=ORIENTED_EDGE('',*,*,#4970,.T.);
#6799=ORIENTED_EDGE('',*,*,#4975,.T.);
#6800=ORIENTED_EDGE('',*,*,#4982,.T.);
#6801=ORIENTED_EDGE('',*,*,#4979,.T.);
#6802=ORIENTED_EDGE('',*,*,#5142,.F.);
#6803=ORIENTED_EDGE('',*,*,#5143,.T.);
#6804=ORIENTED_EDGE('',*,*,#5144,.T.);
#6805=ORIENTED_EDGE('',*,*,#5140,.F.);
#6806=ORIENTED_EDGE('',*,*,#4984,.T.);
#6807=ORIENTED_EDGE('',*,*,#4994,.T.);
#6808=ORIENTED_EDGE('',*,*,#4991,.T.);
#6809=ORIENTED_EDGE('',*,*,#4988,.T.);
#6810=ORIENTED_EDGE('',*,*,#5145,.F.);
#6811=ORIENTED_EDGE('',*,*,#5138,.T.);
#6812=ORIENTED_EDGE('',*,*,#5146,.T.);
#6813=ORIENTED_EDGE('',*,*,#5143,.F.);
#6814=ORIENTED_EDGE('',*,*,#5146,.F.);
#6815=ORIENTED_EDGE('',*,*,#5137,.F.);
#6816=ORIENTED_EDGE('',*,*,#5141,.F.);
#6817=ORIENTED_EDGE('',*,*,#5144,.F.);
#6818=ORIENTED_EDGE('',*,*,#5147,.F.);
#6819=ORIENTED_EDGE('',*,*,#5091,.T.);
#6820=ORIENTED_EDGE('',*,*,#5148,.F.);
#6821=ORIENTED_EDGE('',*,*,#4742,.F.);
#6822=ORIENTED_EDGE('',*,*,#5149,.F.);
#6823=ORIENTED_EDGE('',*,*,#5150,.F.);
#6824=ORIENTED_EDGE('',*,*,#5151,.F.);
#6825=ORIENTED_EDGE('',*,*,#5152,.F.);
#6826=ORIENTED_EDGE('',*,*,#5149,.T.);
#6827=ORIENTED_EDGE('',*,*,#4741,.T.);
#6828=ORIENTED_EDGE('',*,*,#4895,.T.);
#6829=ORIENTED_EDGE('',*,*,#5153,.T.);
#6830=ORIENTED_EDGE('',*,*,#5154,.T.);
#6831=ORIENTED_EDGE('',*,*,#4732,.T.);
#6832=ORIENTED_EDGE('',*,*,#5155,.F.);
#6833=ORIENTED_EDGE('',*,*,#5156,.T.);
#6834=ORIENTED_EDGE('',*,*,#5157,.T.);
#6835=ORIENTED_EDGE('',*,*,#4743,.T.);
#6836=ORIENTED_EDGE('',*,*,#5148,.T.);
#6837=ORIENTED_EDGE('',*,*,#5090,.F.);
#6838=ORIENTED_EDGE('',*,*,#4754,.F.);
#6839=ORIENTED_EDGE('',*,*,#5156,.F.);
#6840=ORIENTED_EDGE('',*,*,#5158,.T.);
#6841=ORIENTED_EDGE('',*,*,#4651,.F.);
#6842=ORIENTED_EDGE('',*,*,#5158,.F.);
#6843=ORIENTED_EDGE('',*,*,#4842,.F.);
#6844=ORIENTED_EDGE('',*,*,#5159,.T.);
#6845=ORIENTED_EDGE('',*,*,#4650,.F.);
#6846=ORIENTED_EDGE('',*,*,#5159,.F.);
#6847=ORIENTED_EDGE('',*,*,#5160,.T.);
#6848=ORIENTED_EDGE('',*,*,#5161,.T.);
#6849=ORIENTED_EDGE('',*,*,#4694,.T.);
#6850=ORIENTED_EDGE('',*,*,#5162,.T.);
#6851=ORIENTED_EDGE('',*,*,#5161,.F.);
#6852=ORIENTED_EDGE('',*,*,#5163,.F.);
#6853=ORIENTED_EDGE('',*,*,#5164,.F.);
#6854=ORIENTED_EDGE('',*,*,#4695,.F.);
#6855=ORIENTED_EDGE('',*,*,#4696,.T.);
#6856=ORIENTED_EDGE('',*,*,#5164,.T.);
#6857=ORIENTED_EDGE('',*,*,#5165,.T.);
#6858=ORIENTED_EDGE('',*,*,#5166,.T.);
#6859=ORIENTED_EDGE('',*,*,#5167,.T.);
#6860=ORIENTED_EDGE('',*,*,#5168,.T.);
#6861=ORIENTED_EDGE('',*,*,#4713,.T.);
#6862=ORIENTED_EDGE('',*,*,#5169,.T.);
#6863=ORIENTED_EDGE('',*,*,#5168,.F.);
#6864=ORIENTED_EDGE('',*,*,#5170,.F.);
#6865=ORIENTED_EDGE('',*,*,#5171,.F.);
#6866=ORIENTED_EDGE('',*,*,#4714,.F.);
#6867=ORIENTED_EDGE('',*,*,#4715,.T.);
#6868=ORIENTED_EDGE('',*,*,#5171,.T.);
#6869=ORIENTED_EDGE('',*,*,#5172,.T.);
#6870=ORIENTED_EDGE('',*,*,#5173,.T.);
#6871=ORIENTED_EDGE('',*,*,#5169,.F.);
#6872=ORIENTED_EDGE('',*,*,#4712,.F.);
#6873=ORIENTED_EDGE('',*,*,#5174,.F.);
#6874=ORIENTED_EDGE('',*,*,#5175,.F.);
#6875=ORIENTED_EDGE('',*,*,#5173,.F.);
#6876=ORIENTED_EDGE('',*,*,#5176,.F.);
#6877=ORIENTED_EDGE('',*,*,#5177,.F.);
#6878=ORIENTED_EDGE('',*,*,#4716,.F.);
#6879=ORIENTED_EDGE('',*,*,#5162,.F.);
#6880=ORIENTED_EDGE('',*,*,#4693,.F.);
#6881=ORIENTED_EDGE('',*,*,#5178,.F.);
#6882=ORIENTED_EDGE('',*,*,#5179,.F.);
#6883=ORIENTED_EDGE('',*,*,#5166,.F.);
#6884=ORIENTED_EDGE('',*,*,#5180,.F.);
#6885=ORIENTED_EDGE('',*,*,#5181,.F.);
#6886=ORIENTED_EDGE('',*,*,#4697,.F.);
#6887=ORIENTED_EDGE('',*,*,#5177,.T.);
#6888=ORIENTED_EDGE('',*,*,#5182,.T.);
#6889=ORIENTED_EDGE('',*,*,#4910,.T.);
#6890=ORIENTED_EDGE('',*,*,#4717,.T.);
#6891=ORIENTED_EDGE('',*,*,#4704,.F.);
#6892=ORIENTED_EDGE('',*,*,#5183,.T.);
#6893=ORIENTED_EDGE('',*,*,#5174,.T.);
#6894=ORIENTED_EDGE('',*,*,#4711,.T.);
#6895=ORIENTED_EDGE('',*,*,#5181,.T.);
#6896=ORIENTED_EDGE('',*,*,#5184,.T.);
#6897=ORIENTED_EDGE('',*,*,#4915,.T.);
#6898=ORIENTED_EDGE('',*,*,#4698,.T.);
#6899=ORIENTED_EDGE('',*,*,#4685,.F.);
#6900=ORIENTED_EDGE('',*,*,#5185,.T.);
#6901=ORIENTED_EDGE('',*,*,#5178,.T.);
#6902=ORIENTED_EDGE('',*,*,#4692,.T.);
#6903=ORIENTED_EDGE('',*,*,#4733,.T.);
#6904=ORIENTED_EDGE('',*,*,#5154,.F.);
#6905=ORIENTED_EDGE('',*,*,#5186,.F.);
#6906=ORIENTED_EDGE('',*,*,#4935,.T.);
#6907=ORIENTED_EDGE('',*,*,#4931,.F.);
#6908=ORIENTED_EDGE('',*,*,#4889,.T.);
#6909=ORIENTED_EDGE('',*,*,#5187,.F.);
#6910=ORIENTED_EDGE('',*,*,#4926,.F.);
#6911=ORIENTED_EDGE('',*,*,#4679,.T.);
#6912=ORIENTED_EDGE('',*,*,#4683,.T.);
#6913=ORIENTED_EDGE('',*,*,#5186,.T.);
#6914=ORIENTED_EDGE('',*,*,#5153,.F.);
#6915=ORIENTED_EDGE('',*,*,#4894,.T.);
#6916=ORIENTED_EDGE('',*,*,#4936,.F.);
#6917=ORIENTED_EDGE('',*,*,#5151,.T.);
#6918=ORIENTED_EDGE('',*,*,#5188,.F.);
#6919=ORIENTED_EDGE('',*,*,#5189,.T.);
#6920=ORIENTED_EDGE('',*,*,#4887,.T.);
#6921=ORIENTED_EDGE('',*,*,#5190,.T.);
#6922=ORIENTED_EDGE('',*,*,#4722,.F.);
#6923=ORIENTED_EDGE('',*,*,#4670,.F.);
#6924=ORIENTED_EDGE('',*,*,#4927,.F.);
#6925=ORIENTED_EDGE('',*,*,#5187,.T.);
#6926=ORIENTED_EDGE('',*,*,#4888,.T.);
#6927=ORIENTED_EDGE('',*,*,#5189,.F.);
#6928=ORIENTED_EDGE('',*,*,#5191,.F.);
#6929=ORIENTED_EDGE('',*,*,#4723,.F.);
#6930=ORIENTED_EDGE('',*,*,#5191,.T.);
#6931=ORIENTED_EDGE('',*,*,#5188,.T.);
#6932=ORIENTED_EDGE('',*,*,#5150,.T.);
#6933=ORIENTED_EDGE('',*,*,#5155,.T.);
#6934=ORIENTED_EDGE('',*,*,#4731,.T.);
#6935=ORIENTED_EDGE('',*,*,#4728,.F.);
#6936=ORIENTED_EDGE('',*,*,#4725,.F.);
#6937=ORIENTED_EDGE('',*,*,#4885,.T.);
#6938=ORIENTED_EDGE('',*,*,#4738,.F.);
#6939=ORIENTED_EDGE('',*,*,#5092,.F.);
#6940=ORIENTED_EDGE('',*,*,#5147,.T.);
#6941=ORIENTED_EDGE('',*,*,#5192,.F.);
#6942=ORIENTED_EDGE('',*,*,#4886,.T.);
#6943=ORIENTED_EDGE('',*,*,#5192,.T.);
#6944=ORIENTED_EDGE('',*,*,#5152,.T.);
#6945=ORIENTED_EDGE('',*,*,#5190,.F.);
#6946=ORIENTED_EDGE('',*,*,#5193,.T.);
#6947=ORIENTED_EDGE('',*,*,#5194,.F.);
#6948=ORIENTED_EDGE('',*,*,#5195,.T.);
#6949=ORIENTED_EDGE('',*,*,#5193,.F.);
#6950=ORIENTED_EDGE('',*,*,#5195,.F.);
#6951=ORIENTED_EDGE('',*,*,#5196,.F.);
#6952=ORIENTED_EDGE('',*,*,#5197,.F.);
#6953=ORIENTED_EDGE('',*,*,#5198,.F.);
#6954=ORIENTED_EDGE('',*,*,#4866,.F.);
#6955=ORIENTED_EDGE('',*,*,#4868,.T.);
#6956=ORIENTED_EDGE('',*,*,#4677,.F.);
#6957=ORIENTED_EDGE('',*,*,#4859,.F.);
#6958=ORIENTED_EDGE('',*,*,#5194,.T.);
#6959=ORIENTED_EDGE('',*,*,#4864,.T.);
#6960=ORIENTED_EDGE('',*,*,#5199,.F.);
#6961=ORIENTED_EDGE('',*,*,#5196,.T.);
#6962=ORIENTED_EDGE('',*,*,#4858,.F.);
#6963=ORIENTED_EDGE('',*,*,#4863,.T.);
#6964=ORIENTED_EDGE('',*,*,#5200,.F.);
#6965=ORIENTED_EDGE('',*,*,#5197,.T.);
#6966=ORIENTED_EDGE('',*,*,#5199,.T.);
#6967=ORIENTED_EDGE('',*,*,#4862,.T.);
#6968=ORIENTED_EDGE('',*,*,#4867,.F.);
#6969=ORIENTED_EDGE('',*,*,#5198,.T.);
#6970=ORIENTED_EDGE('',*,*,#5200,.T.);
#6971=ORIENTED_EDGE('',*,*,#4941,.F.);
#6972=ORIENTED_EDGE('',*,*,#5093,.F.);
#6973=ORIENTED_EDGE('',*,*,#4736,.T.);
#6974=ORIENTED_EDGE('',*,*,#4884,.T.);
#6975=ORIENTED_EDGE('',*,*,#5026,.T.);
#6976=ORIENTED_EDGE('',*,*,#5042,.T.);
#6977=ORIENTED_EDGE('',*,*,#5039,.T.);
#6978=ORIENTED_EDGE('',*,*,#5036,.T.);
#6979=ORIENTED_EDGE('',*,*,#5033,.T.);
#6980=ORIENTED_EDGE('',*,*,#5030,.T.);
#6981=ORIENTED_EDGE('',*,*,#5083,.T.);
#6982=ORIENTED_EDGE('',*,*,#5085,.T.);
#6983=ORIENTED_EDGE('',*,*,#5201,.F.);
#6984=ORIENTED_EDGE('',*,*,#5202,.T.);
#6985=ORIENTED_EDGE('',*,*,#4748,.F.);
#6986=ORIENTED_EDGE('',*,*,#5202,.F.);
#6987=ORIENTED_EDGE('',*,*,#4906,.T.);
#6988=ORIENTED_EDGE('',*,*,#4655,.F.);
#6989=ORIENTED_EDGE('',*,*,#4871,.F.);
#6990=ORIENTED_EDGE('',*,*,#4897,.F.);
#6991=ORIENTED_EDGE('',*,*,#4899,.F.);
#6992=ORIENTED_EDGE('',*,*,#4901,.F.);
#6993=ORIENTED_EDGE('',*,*,#4903,.F.);
#6994=ORIENTED_EDGE('',*,*,#4905,.F.);
#6995=ORIENTED_EDGE('',*,*,#5201,.T.);
#6996=ORIENTED_EDGE('',*,*,#4762,.F.);
#6997=ORIENTED_EDGE('',*,*,#4746,.T.);
#6998=ORIENTED_EDGE('',*,*,#5203,.T.);
#6999=ORIENTED_EDGE('',*,*,#4751,.F.);
#7000=ORIENTED_EDGE('',*,*,#5204,.F.);
#7001=ORIENTED_EDGE('',*,*,#4744,.F.);
#7002=ORIENTED_EDGE('',*,*,#5157,.F.);
#7003=ORIENTED_EDGE('',*,*,#4753,.F.);
#7004=ORIENTED_EDGE('',*,*,#5203,.F.);
#7005=ORIENTED_EDGE('',*,*,#4745,.T.);
#7006=ORIENTED_EDGE('',*,*,#5204,.T.);
#7007=ORIENTED_EDGE('',*,*,#4752,.F.);
#7008=ORIENTED_EDGE('',*,*,#4684,.F.);
#7009=ORIENTED_EDGE('',*,*,#4691,.F.);
#7010=ORIENTED_EDGE('',*,*,#5205,.F.);
#7011=ORIENTED_EDGE('',*,*,#5098,.F.);
#7012=ORIENTED_EDGE('',*,*,#4913,.F.);
#7013=ORIENTED_EDGE('',*,*,#4916,.T.);
#7014=ORIENTED_EDGE('',*,*,#5184,.F.);
#7015=ORIENTED_EDGE('',*,*,#5180,.T.);
#7016=ORIENTED_EDGE('',*,*,#5165,.F.);
#7017=ORIENTED_EDGE('',*,*,#5163,.T.);
#7018=ORIENTED_EDGE('',*,*,#5160,.F.);
#7019=ORIENTED_EDGE('',*,*,#5179,.T.);
#7020=ORIENTED_EDGE('',*,*,#5185,.F.);
#7021=ORIENTED_EDGE('',*,*,#5099,.F.);
#7022=ORIENTED_EDGE('',*,*,#5205,.T.);
#7023=ORIENTED_EDGE('',*,*,#4690,.F.);
#7024=ORIENTED_EDGE('',*,*,#5206,.F.);
#7025=ORIENTED_EDGE('',*,*,#5207,.F.);
#7026=ORIENTED_EDGE('',*,*,#5208,.F.);
#7027=ORIENTED_EDGE('',*,*,#5206,.T.);
#7028=ORIENTED_EDGE('',*,*,#4689,.F.);
#7029=ORIENTED_EDGE('',*,*,#4702,.F.);
#7030=ORIENTED_EDGE('',*,*,#5097,.F.);
#7031=ORIENTED_EDGE('',*,*,#5209,.T.);
#7032=ORIENTED_EDGE('',*,*,#5210,.F.);
#7033=ORIENTED_EDGE('',*,*,#5211,.F.);
#7034=ORIENTED_EDGE('',*,*,#5095,.F.);
#7035=ORIENTED_EDGE('',*,*,#5212,.T.);
#7036=ORIENTED_EDGE('',*,*,#4709,.F.);
#7037=ORIENTED_EDGE('',*,*,#5213,.F.);
#7038=ORIENTED_EDGE('',*,*,#5103,.F.);
#7039=ORIENTED_EDGE('',*,*,#5214,.F.);
#7040=ORIENTED_EDGE('',*,*,#5213,.T.);
#7041=ORIENTED_EDGE('',*,*,#4708,.F.);
#7042=ORIENTED_EDGE('',*,*,#4721,.F.);
#7043=ORIENTED_EDGE('',*,*,#4703,.F.);
#7044=ORIENTED_EDGE('',*,*,#4710,.F.);
#7045=ORIENTED_EDGE('',*,*,#5212,.F.);
#7046=ORIENTED_EDGE('',*,*,#5094,.F.);
#7047=ORIENTED_EDGE('',*,*,#4908,.F.);
#7048=ORIENTED_EDGE('',*,*,#4911,.T.);
#7049=ORIENTED_EDGE('',*,*,#5182,.F.);
#7050=ORIENTED_EDGE('',*,*,#5176,.T.);
#7051=ORIENTED_EDGE('',*,*,#5172,.F.);
#7052=ORIENTED_EDGE('',*,*,#5170,.T.);
#7053=ORIENTED_EDGE('',*,*,#5167,.F.);
#7054=ORIENTED_EDGE('',*,*,#5175,.T.);
#7055=ORIENTED_EDGE('',*,*,#5183,.F.);
#7056=ORIENTED_EDGE('',*,*,#5215,.F.);
#7057=ORIENTED_EDGE('',*,*,#5216,.T.);
#7058=ORIENTED_EDGE('',*,*,#5106,.F.);
#7059=ORIENTED_EDGE('',*,*,#5216,.F.);
#7060=ORIENTED_EDGE('',*,*,#5215,.T.);
#7061=ORIENTED_EDGE('',*,*,#5217,.T.);
#7062=ORIENTED_EDGE('',*,*,#5218,.F.);
#7063=ORIENTED_EDGE('',*,*,#5219,.T.);
#7064=ORIENTED_EDGE('',*,*,#5105,.F.);
#7065=ORIENTED_EDGE('',*,*,#5219,.F.);
#7066=ORIENTED_EDGE('',*,*,#5218,.T.);
#7067=ORIENTED_EDGE('',*,*,#5207,.T.);
#7068=ORIENTED_EDGE('',*,*,#5220,.F.);
#7069=ORIENTED_EDGE('',*,*,#5221,.F.);
#7070=ORIENTED_EDGE('',*,*,#5100,.F.);
#7071=ORIENTED_EDGE('',*,*,#5101,.F.);
#7072=ORIENTED_EDGE('',*,*,#5221,.T.);
#7073=ORIENTED_EDGE('',*,*,#5222,.F.);
#7074=ORIENTED_EDGE('',*,*,#5223,.F.);
#7075=ORIENTED_EDGE('',*,*,#5214,.T.);
#7076=ORIENTED_EDGE('',*,*,#5102,.F.);
#7077=ORIENTED_EDGE('',*,*,#5223,.T.);
#7078=ORIENTED_EDGE('',*,*,#5224,.F.);
#7079=ORIENTED_EDGE('',*,*,#5096,.F.);
#7080=ORIENTED_EDGE('',*,*,#5211,.T.);
#7081=ORIENTED_EDGE('',*,*,#5225,.F.);
#7082=ORIENTED_EDGE('',*,*,#5209,.F.);
#7083=ORIENTED_EDGE('',*,*,#5225,.T.);
#7084=ORIENTED_EDGE('',*,*,#5210,.T.);
#7085=ORIENTED_EDGE('',*,*,#5224,.T.);
#7086=ORIENTED_EDGE('',*,*,#5222,.T.);
#7087=ORIENTED_EDGE('',*,*,#5220,.T.);
#7088=ORIENTED_EDGE('',*,*,#5208,.T.);
#7089=ORIENTED_EDGE('',*,*,#5226,.F.);
#7090=ORIENTED_EDGE('',*,*,#5227,.T.);
#7091=ORIENTED_EDGE('',*,*,#5104,.F.);
#7092=ORIENTED_EDGE('',*,*,#5227,.F.);
#7093=ORIENTED_EDGE('',*,*,#5226,.T.);
#7094=ORIENTED_EDGE('',*,*,#5228,.T.);
#7095=ORIENTED_EDGE('',*,*,#5228,.F.);
#7096=ORIENTED_EDGE('',*,*,#5229,.T.);
#7097=ORIENTED_EDGE('',*,*,#5230,.T.);
#7098=ORIENTED_EDGE('',*,*,#5229,.F.);
#7099=ORIENTED_EDGE('',*,*,#5230,.F.);
#7100=ORIENTED_EDGE('',*,*,#5217,.F.);
#7101=ORIENTED_EDGE('',*,*,#5231,.T.);
#7102=ORIENTED_EDGE('',*,*,#5232,.T.);
#7103=ORIENTED_EDGE('',*,*,#5231,.F.);
#7104=ORIENTED_EDGE('',*,*,#5232,.F.);
#7105=ORIENTED_EDGE('',*,*,#4918,.F.);
#7106=ORIENTED_EDGE('',*,*,#4667,.T.);
#7107=ORIENTED_EDGE('',*,*,#4730,.T.);
#7108=ORIENTED_EDGE('',*,*,#4647,.T.);
#7109=ORIENTED_EDGE('',*,*,#4930,.F.);
#7110=ORIENTED_EDGE('',*,*,#4928,.T.);
#7111=ORIENTED_EDGE('',*,*,#5135,.T.);
#7112=ORIENTED_EDGE('',*,*,#5145,.T.);
#7113=ORIENTED_EDGE('',*,*,#5142,.T.);
#7114=ORIENTED_EDGE('',*,*,#5139,.T.);
#7115=ORIENTED_EDGE('',*,*,#5233,.T.);
#7116=ORIENTED_EDGE('',*,*,#5234,.T.);
#7117=ORIENTED_EDGE('',*,*,#5235,.T.);
#7118=ORIENTED_EDGE('',*,*,#5234,.F.);
#7119=ORIENTED_EDGE('',*,*,#5236,.F.);
#7120=ORIENTED_EDGE('',*,*,#5237,.T.);
#7121=ORIENTED_EDGE('',*,*,#5238,.T.);
#7122=ORIENTED_EDGE('',*,*,#5239,.F.);
#7123=ORIENTED_EDGE('',*,*,#5240,.T.);
#7124=ORIENTED_EDGE('',*,*,#5241,.T.);
#7125=ORIENTED_EDGE('',*,*,#5242,.F.);
#7126=ORIENTED_EDGE('',*,*,#5243,.F.);
#7127=ORIENTED_EDGE('',*,*,#5244,.F.);
#7128=ORIENTED_EDGE('',*,*,#5245,.F.);
#7129=ORIENTED_EDGE('',*,*,#5246,.F.);
#7130=ORIENTED_EDGE('',*,*,#5247,.T.);
#7131=ORIENTED_EDGE('',*,*,#5248,.T.);
#7132=ORIENTED_EDGE('',*,*,#5249,.T.);
#7133=ORIENTED_EDGE('',*,*,#5250,.T.);
#7134=ORIENTED_EDGE('',*,*,#5251,.T.);
#7135=ORIENTED_EDGE('',*,*,#5252,.T.);
#7136=ORIENTED_EDGE('',*,*,#5253,.T.);
#7137=ORIENTED_EDGE('',*,*,#5254,.T.);
#7138=ORIENTED_EDGE('',*,*,#5255,.T.);
#7139=ORIENTED_EDGE('',*,*,#5256,.T.);
#7140=ORIENTED_EDGE('',*,*,#5257,.T.);
#7141=ORIENTED_EDGE('',*,*,#5258,.T.);
#7142=ORIENTED_EDGE('',*,*,#5259,.T.);
#7143=ORIENTED_EDGE('',*,*,#5260,.T.);
#7144=ORIENTED_EDGE('',*,*,#5261,.T.);
#7145=ORIENTED_EDGE('',*,*,#5262,.T.);
#7146=ORIENTED_EDGE('',*,*,#5263,.T.);
#7147=ORIENTED_EDGE('',*,*,#5264,.T.);
#7148=ORIENTED_EDGE('',*,*,#5265,.T.);
#7149=ORIENTED_EDGE('',*,*,#5266,.T.);
#7150=ORIENTED_EDGE('',*,*,#5267,.T.);
#7151=ORIENTED_EDGE('',*,*,#5268,.T.);
#7152=ORIENTED_EDGE('',*,*,#5269,.T.);
#7153=ORIENTED_EDGE('',*,*,#5270,.T.);
#7154=ORIENTED_EDGE('',*,*,#5271,.T.);
#7155=ORIENTED_EDGE('',*,*,#5272,.T.);
#7156=ORIENTED_EDGE('',*,*,#5273,.T.);
#7157=ORIENTED_EDGE('',*,*,#5274,.T.);
#7158=ORIENTED_EDGE('',*,*,#5275,.T.);
#7159=ORIENTED_EDGE('',*,*,#5276,.T.);
#7160=ORIENTED_EDGE('',*,*,#5277,.T.);
#7161=ORIENTED_EDGE('',*,*,#5278,.T.);
#7162=ORIENTED_EDGE('',*,*,#5279,.T.);
#7163=ORIENTED_EDGE('',*,*,#5280,.T.);
#7164=ORIENTED_EDGE('',*,*,#5281,.T.);
#7165=ORIENTED_EDGE('',*,*,#5282,.T.);
#7166=ORIENTED_EDGE('',*,*,#5283,.T.);
#7167=ORIENTED_EDGE('',*,*,#5284,.T.);
#7168=ORIENTED_EDGE('',*,*,#5285,.T.);
#7169=ORIENTED_EDGE('',*,*,#5286,.T.);
#7170=ORIENTED_EDGE('',*,*,#5287,.T.);
#7171=ORIENTED_EDGE('',*,*,#5288,.T.);
#7172=ORIENTED_EDGE('',*,*,#5289,.T.);
#7173=ORIENTED_EDGE('',*,*,#5290,.T.);
#7174=ORIENTED_EDGE('',*,*,#5291,.T.);
#7175=ORIENTED_EDGE('',*,*,#5292,.T.);
#7176=ORIENTED_EDGE('',*,*,#5293,.T.);
#7177=ORIENTED_EDGE('',*,*,#5294,.T.);
#7178=ORIENTED_EDGE('',*,*,#5295,.T.);
#7179=ORIENTED_EDGE('',*,*,#5296,.T.);
#7180=ORIENTED_EDGE('',*,*,#5297,.T.);
#7181=ORIENTED_EDGE('',*,*,#5298,.T.);
#7182=ORIENTED_EDGE('',*,*,#5299,.T.);
#7183=ORIENTED_EDGE('',*,*,#5300,.T.);
#7184=ORIENTED_EDGE('',*,*,#5301,.T.);
#7185=ORIENTED_EDGE('',*,*,#5302,.T.);
#7186=ORIENTED_EDGE('',*,*,#5303,.T.);
#7187=ORIENTED_EDGE('',*,*,#5304,.T.);
#7188=ORIENTED_EDGE('',*,*,#5305,.T.);
#7189=ORIENTED_EDGE('',*,*,#5306,.T.);
#7190=ORIENTED_EDGE('',*,*,#5307,.T.);
#7191=ORIENTED_EDGE('',*,*,#5308,.T.);
#7192=ORIENTED_EDGE('',*,*,#5309,.T.);
#7193=ORIENTED_EDGE('',*,*,#5310,.T.);
#7194=ORIENTED_EDGE('',*,*,#5311,.T.);
#7195=ORIENTED_EDGE('',*,*,#5312,.T.);
#7196=ORIENTED_EDGE('',*,*,#5313,.T.);
#7197=ORIENTED_EDGE('',*,*,#5314,.T.);
#7198=ORIENTED_EDGE('',*,*,#5315,.T.);
#7199=ORIENTED_EDGE('',*,*,#5316,.T.);
#7200=ORIENTED_EDGE('',*,*,#5317,.T.);
#7201=ORIENTED_EDGE('',*,*,#5318,.T.);
#7202=ORIENTED_EDGE('',*,*,#5319,.T.);
#7203=ORIENTED_EDGE('',*,*,#5320,.T.);
#7204=ORIENTED_EDGE('',*,*,#5321,.T.);
#7205=ORIENTED_EDGE('',*,*,#5322,.T.);
#7206=ORIENTED_EDGE('',*,*,#5323,.T.);
#7207=ORIENTED_EDGE('',*,*,#5324,.T.);
#7208=ORIENTED_EDGE('',*,*,#5325,.T.);
#7209=ORIENTED_EDGE('',*,*,#5326,.T.);
#7210=ORIENTED_EDGE('',*,*,#5327,.T.);
#7211=ORIENTED_EDGE('',*,*,#5328,.T.);
#7212=ORIENTED_EDGE('',*,*,#5329,.T.);
#7213=ORIENTED_EDGE('',*,*,#5330,.T.);
#7214=ORIENTED_EDGE('',*,*,#5331,.T.);
#7215=ORIENTED_EDGE('',*,*,#5332,.T.);
#7216=ORIENTED_EDGE('',*,*,#5333,.T.);
#7217=ORIENTED_EDGE('',*,*,#5334,.T.);
#7218=ORIENTED_EDGE('',*,*,#5335,.T.);
#7219=ORIENTED_EDGE('',*,*,#5336,.T.);
#7220=ORIENTED_EDGE('',*,*,#5337,.T.);
#7221=ORIENTED_EDGE('',*,*,#5338,.T.);
#7222=ORIENTED_EDGE('',*,*,#5339,.T.);
#7223=ORIENTED_EDGE('',*,*,#5340,.T.);
#7224=ORIENTED_EDGE('',*,*,#5341,.T.);
#7225=ORIENTED_EDGE('',*,*,#5342,.T.);
#7226=ORIENTED_EDGE('',*,*,#5343,.T.);
#7227=ORIENTED_EDGE('',*,*,#5344,.T.);
#7228=ORIENTED_EDGE('',*,*,#5345,.T.);
#7229=ORIENTED_EDGE('',*,*,#5346,.T.);
#7230=ORIENTED_EDGE('',*,*,#5347,.T.);
#7231=ORIENTED_EDGE('',*,*,#5348,.T.);
#7232=ORIENTED_EDGE('',*,*,#5349,.T.);
#7233=ORIENTED_EDGE('',*,*,#5350,.T.);
#7234=ORIENTED_EDGE('',*,*,#5351,.T.);
#7235=ORIENTED_EDGE('',*,*,#5352,.T.);
#7236=ORIENTED_EDGE('',*,*,#5353,.T.);
#7237=ORIENTED_EDGE('',*,*,#5354,.T.);
#7238=ORIENTED_EDGE('',*,*,#5355,.T.);
#7239=ORIENTED_EDGE('',*,*,#5356,.T.);
#7240=ORIENTED_EDGE('',*,*,#5357,.T.);
#7241=ORIENTED_EDGE('',*,*,#5358,.T.);
#7242=ORIENTED_EDGE('',*,*,#5359,.T.);
#7243=ORIENTED_EDGE('',*,*,#5360,.T.);
#7244=ORIENTED_EDGE('',*,*,#5361,.T.);
#7245=ORIENTED_EDGE('',*,*,#5362,.T.);
#7246=ORIENTED_EDGE('',*,*,#5363,.T.);
#7247=ORIENTED_EDGE('',*,*,#5364,.T.);
#7248=ORIENTED_EDGE('',*,*,#5365,.T.);
#7249=ORIENTED_EDGE('',*,*,#5366,.T.);
#7250=ORIENTED_EDGE('',*,*,#5367,.T.);
#7251=ORIENTED_EDGE('',*,*,#5233,.F.);
#7252=ORIENTED_EDGE('',*,*,#5368,.T.);
#7253=ORIENTED_EDGE('',*,*,#5369,.F.);
#7254=ORIENTED_EDGE('',*,*,#5370,.F.);
#7255=ORIENTED_EDGE('',*,*,#5371,.F.);
#7256=ORIENTED_EDGE('',*,*,#5372,.F.);
#7257=ORIENTED_EDGE('',*,*,#5373,.F.);
#7258=ORIENTED_EDGE('',*,*,#5368,.F.);
#7259=ORIENTED_EDGE('',*,*,#5374,.F.);
#7260=ORIENTED_EDGE('',*,*,#5372,.T.);
#7261=ORIENTED_EDGE('',*,*,#5375,.F.);
#7262=ORIENTED_EDGE('',*,*,#5376,.F.);
#7263=ORIENTED_EDGE('',*,*,#5377,.F.);
#7264=ORIENTED_EDGE('',*,*,#5374,.T.);
#7265=ORIENTED_EDGE('',*,*,#5371,.T.);
#7266=ORIENTED_EDGE('',*,*,#5378,.T.);
#7267=ORIENTED_EDGE('',*,*,#5375,.T.);
#7268=ORIENTED_EDGE('',*,*,#5378,.F.);
#7269=ORIENTED_EDGE('',*,*,#5370,.T.);
#7270=ORIENTED_EDGE('',*,*,#5379,.F.);
#7271=ORIENTED_EDGE('',*,*,#5376,.T.);
#7272=ORIENTED_EDGE('',*,*,#5380,.T.);
#7273=ORIENTED_EDGE('',*,*,#5236,.T.);
#7274=ORIENTED_EDGE('',*,*,#5381,.T.);
#7275=ORIENTED_EDGE('',*,*,#5382,.T.);
#7276=ORIENTED_EDGE('',*,*,#5380,.F.);
#7277=ORIENTED_EDGE('',*,*,#5383,.F.);
#7278=ORIENTED_EDGE('',*,*,#5384,.T.);
#7279=ORIENTED_EDGE('',*,*,#5385,.T.);
#7280=ORIENTED_EDGE('',*,*,#5386,.F.);
#7281=ORIENTED_EDGE('',*,*,#5387,.F.);
#7282=ORIENTED_EDGE('',*,*,#5388,.F.);
#7283=ORIENTED_EDGE('',*,*,#5389,.T.);
#7284=ORIENTED_EDGE('',*,*,#5237,.F.);
#7285=ORIENTED_EDGE('',*,*,#5390,.T.);
#7286=ORIENTED_EDGE('',*,*,#5391,.T.);
#7287=ORIENTED_EDGE('',*,*,#5392,.T.);
#7288=ORIENTED_EDGE('',*,*,#5242,.T.);
#7289=ORIENTED_EDGE('',*,*,#5393,.T.);
#7290=ORIENTED_EDGE('',*,*,#5243,.T.);
#7291=ORIENTED_EDGE('',*,*,#5392,.F.);
#7292=ORIENTED_EDGE('',*,*,#5394,.T.);
#7293=ORIENTED_EDGE('',*,*,#5395,.T.);
#7294=ORIENTED_EDGE('',*,*,#5244,.T.);
#7295=ORIENTED_EDGE('',*,*,#5393,.F.);
#7296=ORIENTED_EDGE('',*,*,#5396,.T.);
#7297=ORIENTED_EDGE('',*,*,#5397,.T.);
#7298=ORIENTED_EDGE('',*,*,#5245,.T.);
#7299=ORIENTED_EDGE('',*,*,#5395,.F.);
#7300=ORIENTED_EDGE('',*,*,#5398,.T.);
#7301=ORIENTED_EDGE('',*,*,#5246,.T.);
#7302=ORIENTED_EDGE('',*,*,#5397,.F.);
#7303=ORIENTED_EDGE('',*,*,#5399,.T.);
#7304=ORIENTED_EDGE('',*,*,#5381,.F.);
#7305=ORIENTED_EDGE('',*,*,#5399,.F.);
#7306=ORIENTED_EDGE('',*,*,#5400,.F.);
#7307=ORIENTED_EDGE('',*,*,#5401,.T.);
#7308=ORIENTED_EDGE('',*,*,#5402,.T.);
#7309=ORIENTED_EDGE('',*,*,#5398,.F.);
#7310=ORIENTED_EDGE('',*,*,#5403,.T.);
#7311=ORIENTED_EDGE('',*,*,#5404,.T.);
#7312=ORIENTED_EDGE('',*,*,#5400,.T.);
#7313=ORIENTED_EDGE('',*,*,#5396,.F.);
#7314=ORIENTED_EDGE('',*,*,#5405,.F.);
#7315=ORIENTED_EDGE('',*,*,#5406,.T.);
#7316=ORIENTED_EDGE('',*,*,#5403,.F.);
#7317=ORIENTED_EDGE('',*,*,#5394,.F.);
#7318=ORIENTED_EDGE('',*,*,#5407,.T.);
#7319=ORIENTED_EDGE('',*,*,#5408,.T.);
#7320=ORIENTED_EDGE('',*,*,#5405,.T.);
#7321=ORIENTED_EDGE('',*,*,#5391,.F.);
#7322=ORIENTED_EDGE('',*,*,#5409,.F.);
#7323=ORIENTED_EDGE('',*,*,#5410,.T.);
#7324=ORIENTED_EDGE('',*,*,#5407,.F.);
#7325=ORIENTED_EDGE('',*,*,#5411,.F.);
#7326=ORIENTED_EDGE('',*,*,#5412,.T.);
#7327=ORIENTED_EDGE('',*,*,#5413,.T.);
#7328=ORIENTED_EDGE('',*,*,#5412,.F.);
#7329=ORIENTED_EDGE('',*,*,#5413,.F.);
#7330=ORIENTED_EDGE('',*,*,#5414,.F.);
#7331=ORIENTED_EDGE('',*,*,#5415,.T.);
#7332=ORIENTED_EDGE('',*,*,#5416,.T.);
#7333=ORIENTED_EDGE('',*,*,#5415,.F.);
#7334=ORIENTED_EDGE('',*,*,#5416,.F.);
#7335=ORIENTED_EDGE('',*,*,#5417,.F.);
#7336=ORIENTED_EDGE('',*,*,#5418,.T.);
#7337=ORIENTED_EDGE('',*,*,#5419,.F.);
#7338=ORIENTED_EDGE('',*,*,#5420,.F.);
#7339=ORIENTED_EDGE('',*,*,#5421,.F.);
#7340=ORIENTED_EDGE('',*,*,#5422,.T.);
#7341=ORIENTED_EDGE('',*,*,#5423,.F.);
#7342=ORIENTED_EDGE('',*,*,#5424,.F.);
#7343=ORIENTED_EDGE('',*,*,#5418,.F.);
#7344=ORIENTED_EDGE('',*,*,#5425,.F.);
#7345=ORIENTED_EDGE('',*,*,#5426,.T.);
#7346=ORIENTED_EDGE('',*,*,#5427,.F.);
#7347=ORIENTED_EDGE('',*,*,#5422,.F.);
#7348=ORIENTED_EDGE('',*,*,#5428,.F.);
#7349=ORIENTED_EDGE('',*,*,#5429,.T.);
#7350=ORIENTED_EDGE('',*,*,#5430,.F.);
#7351=ORIENTED_EDGE('',*,*,#5431,.F.);
#7352=ORIENTED_EDGE('',*,*,#5426,.F.);
#7353=ORIENTED_EDGE('',*,*,#5430,.T.);
#7354=ORIENTED_EDGE('',*,*,#5432,.T.);
#7355=ORIENTED_EDGE('',*,*,#5419,.T.);
#7356=ORIENTED_EDGE('',*,*,#5424,.T.);
#7357=ORIENTED_EDGE('',*,*,#5433,.F.);
#7358=ORIENTED_EDGE('',*,*,#5434,.T.);
#7359=ORIENTED_EDGE('',*,*,#5435,.T.);
#7360=ORIENTED_EDGE('',*,*,#5436,.T.);
#7361=ORIENTED_EDGE('',*,*,#5437,.F.);
#7362=ORIENTED_EDGE('',*,*,#5438,.F.);
#7363=ORIENTED_EDGE('',*,*,#5439,.T.);
#7364=ORIENTED_EDGE('',*,*,#5440,.F.);
#7365=ORIENTED_EDGE('',*,*,#5441,.T.);
#7366=ORIENTED_EDGE('',*,*,#5442,.F.);
#7367=ORIENTED_EDGE('',*,*,#5443,.T.);
#7368=ORIENTED_EDGE('',*,*,#5444,.F.);
#7369=ORIENTED_EDGE('',*,*,#5445,.T.);
#7370=ORIENTED_EDGE('',*,*,#5446,.T.);
#7371=ORIENTED_EDGE('',*,*,#5447,.T.);
#7372=ORIENTED_EDGE('',*,*,#5448,.F.);
#7373=ORIENTED_EDGE('',*,*,#5449,.T.);
#7374=ORIENTED_EDGE('',*,*,#5450,.T.);
#7375=ORIENTED_EDGE('',*,*,#5451,.T.);
#7376=ORIENTED_EDGE('',*,*,#5386,.T.);
#7377=ORIENTED_EDGE('',*,*,#5452,.T.);
#7378=ORIENTED_EDGE('',*,*,#5453,.F.);
#7379=ORIENTED_EDGE('',*,*,#5454,.T.);
#7380=ORIENTED_EDGE('',*,*,#5455,.F.);
#7381=ORIENTED_EDGE('',*,*,#5456,.T.);
#7382=ORIENTED_EDGE('',*,*,#5457,.T.);
#7383=ORIENTED_EDGE('',*,*,#5458,.T.);
#7384=ORIENTED_EDGE('',*,*,#5420,.T.);
#7385=ORIENTED_EDGE('',*,*,#5432,.F.);
#7386=ORIENTED_EDGE('',*,*,#5429,.F.);
#7387=ORIENTED_EDGE('',*,*,#5459,.F.);
#7388=ORIENTED_EDGE('',*,*,#5460,.T.);
#7389=ORIENTED_EDGE('',*,*,#5461,.F.);
#7390=ORIENTED_EDGE('',*,*,#5462,.F.);
#7391=ORIENTED_EDGE('',*,*,#5436,.F.);
#7392=ORIENTED_EDGE('',*,*,#5463,.F.);
#7393=ORIENTED_EDGE('',*,*,#5438,.T.);
#7394=ORIENTED_EDGE('',*,*,#5464,.F.);
#7395=ORIENTED_EDGE('',*,*,#5465,.F.);
#7396=ORIENTED_EDGE('',*,*,#5466,.F.);
#7397=ORIENTED_EDGE('',*,*,#5467,.F.);
#7398=ORIENTED_EDGE('',*,*,#5460,.F.);
#7399=ORIENTED_EDGE('',*,*,#5468,.F.);
#7400=ORIENTED_EDGE('',*,*,#5466,.T.);
#7401=ORIENTED_EDGE('',*,*,#5469,.F.);
#7402=ORIENTED_EDGE('',*,*,#5464,.T.);
#7403=ORIENTED_EDGE('',*,*,#5437,.T.);
#7404=ORIENTED_EDGE('',*,*,#5462,.T.);
#7405=ORIENTED_EDGE('',*,*,#5470,.T.);
#7406=ORIENTED_EDGE('',*,*,#5417,.T.);
#7407=ORIENTED_EDGE('',*,*,#5458,.F.);
#7408=ORIENTED_EDGE('',*,*,#5471,.T.);
#7409=ORIENTED_EDGE('',*,*,#5240,.F.);
#7410=ORIENTED_EDGE('',*,*,#5472,.F.);
#7411=ORIENTED_EDGE('',*,*,#5439,.F.);
#7412=ORIENTED_EDGE('',*,*,#5463,.T.);
#7413=ORIENTED_EDGE('',*,*,#5468,.T.);
#7414=ORIENTED_EDGE('',*,*,#5459,.T.);
#7415=ORIENTED_EDGE('',*,*,#5435,.F.);
#7416=ORIENTED_EDGE('',*,*,#5428,.T.);
#7417=ORIENTED_EDGE('',*,*,#5425,.T.);
#7418=ORIENTED_EDGE('',*,*,#5421,.T.);
#7419=ORIENTED_EDGE('',*,*,#5473,.F.);
#7420=ORIENTED_EDGE('',*,*,#5446,.F.);
#7421=ORIENTED_EDGE('',*,*,#5474,.T.);
#7422=ORIENTED_EDGE('',*,*,#5475,.F.);
#7423=ORIENTED_EDGE('',*,*,#5476,.T.);
#7424=ORIENTED_EDGE('',*,*,#5477,.F.);
#7425=ORIENTED_EDGE('',*,*,#5474,.F.);
#7426=ORIENTED_EDGE('',*,*,#5445,.F.);
#7427=ORIENTED_EDGE('',*,*,#5478,.F.);
#7428=ORIENTED_EDGE('',*,*,#5479,.F.);
#7429=ORIENTED_EDGE('',*,*,#5480,.T.);
#7430=ORIENTED_EDGE('',*,*,#5481,.T.);
#7431=ORIENTED_EDGE('',*,*,#5482,.F.);
#7432=ORIENTED_EDGE('',*,*,#5476,.F.);
#7433=ORIENTED_EDGE('',*,*,#5483,.F.);
#7434=ORIENTED_EDGE('',*,*,#5481,.F.);
#7435=ORIENTED_EDGE('',*,*,#5484,.F.);
#7436=ORIENTED_EDGE('',*,*,#5478,.T.);
#7437=ORIENTED_EDGE('',*,*,#5444,.T.);
#7438=ORIENTED_EDGE('',*,*,#5485,.F.);
#7439=ORIENTED_EDGE('',*,*,#5486,.F.);
#7440=ORIENTED_EDGE('',*,*,#5487,.T.);
#7441=ORIENTED_EDGE('',*,*,#5488,.F.);
#7442=ORIENTED_EDGE('',*,*,#5489,.T.);
#7443=ORIENTED_EDGE('',*,*,#5490,.F.);
#7444=ORIENTED_EDGE('',*,*,#5450,.F.);
#7445=ORIENTED_EDGE('',*,*,#5491,.T.);
#7446=ORIENTED_EDGE('',*,*,#5486,.T.);
#7447=ORIENTED_EDGE('',*,*,#5492,.F.);
#7448=ORIENTED_EDGE('',*,*,#5493,.F.);
#7449=ORIENTED_EDGE('',*,*,#5487,.F.);
#7450=ORIENTED_EDGE('',*,*,#5491,.F.);
#7451=ORIENTED_EDGE('',*,*,#5449,.F.);
#7452=ORIENTED_EDGE('',*,*,#5494,.F.);
#7453=ORIENTED_EDGE('',*,*,#5495,.T.);
#7454=ORIENTED_EDGE('',*,*,#5496,.T.);
#7455=ORIENTED_EDGE('',*,*,#5497,.F.);
#7456=ORIENTED_EDGE('',*,*,#5489,.F.);
#7457=ORIENTED_EDGE('',*,*,#5498,.F.);
#7458=ORIENTED_EDGE('',*,*,#5496,.F.);
#7459=ORIENTED_EDGE('',*,*,#5499,.F.);
#7460=ORIENTED_EDGE('',*,*,#5492,.T.);
#7461=ORIENTED_EDGE('',*,*,#5448,.T.);
#7462=ORIENTED_EDGE('',*,*,#5500,.F.);
#7463=ORIENTED_EDGE('',*,*,#5501,.T.);
#7464=ORIENTED_EDGE('',*,*,#5470,.F.);
#7465=ORIENTED_EDGE('',*,*,#5501,.F.);
#7466=ORIENTED_EDGE('',*,*,#5479,.T.);
#7467=ORIENTED_EDGE('',*,*,#5502,.T.);
#7468=ORIENTED_EDGE('',*,*,#5503,.F.);
#7469=ORIENTED_EDGE('',*,*,#5502,.F.);
#7470=ORIENTED_EDGE('',*,*,#5504,.F.);
#7471=ORIENTED_EDGE('',*,*,#5505,.T.);
#7472=ORIENTED_EDGE('',*,*,#5434,.F.);
#7473=ORIENTED_EDGE('',*,*,#5505,.F.);
#7474=ORIENTED_EDGE('',*,*,#5494,.T.);
#7475=ORIENTED_EDGE('',*,*,#5506,.T.);
#7476=ORIENTED_EDGE('',*,*,#5507,.F.);
#7477=ORIENTED_EDGE('',*,*,#5506,.F.);
#7478=ORIENTED_EDGE('',*,*,#5401,.F.);
#7479=ORIENTED_EDGE('',*,*,#5404,.F.);
#7480=ORIENTED_EDGE('',*,*,#5406,.F.);
#7481=ORIENTED_EDGE('',*,*,#5408,.F.);
#7482=ORIENTED_EDGE('',*,*,#5410,.F.);
#7483=ORIENTED_EDGE('',*,*,#5508,.F.);
#7484=ORIENTED_EDGE('',*,*,#5509,.T.);
#7485=ORIENTED_EDGE('',*,*,#5510,.F.);
#7486=ORIENTED_EDGE('',*,*,#5511,.T.);
#7487=ORIENTED_EDGE('',*,*,#5512,.F.);
#7488=ORIENTED_EDGE('',*,*,#5513,.T.);
#7489=ORIENTED_EDGE('',*,*,#5384,.F.);
#7490=ORIENTED_EDGE('',*,*,#5514,.T.);
#7491=ORIENTED_EDGE('',*,*,#5453,.T.);
#7492=ORIENTED_EDGE('',*,*,#5515,.T.);
#7493=ORIENTED_EDGE('',*,*,#5512,.T.);
#7494=ORIENTED_EDGE('',*,*,#5516,.T.);
#7495=ORIENTED_EDGE('',*,*,#5515,.F.);
#7496=ORIENTED_EDGE('',*,*,#5452,.F.);
#7497=ORIENTED_EDGE('',*,*,#5385,.F.);
#7498=ORIENTED_EDGE('',*,*,#5513,.F.);
#7499=ORIENTED_EDGE('',*,*,#5503,.T.);
#7500=ORIENTED_EDGE('',*,*,#5507,.T.);
#7501=ORIENTED_EDGE('',*,*,#5455,.T.);
#7502=ORIENTED_EDGE('',*,*,#5517,.T.);
#7503=ORIENTED_EDGE('',*,*,#5510,.T.);
#7504=ORIENTED_EDGE('',*,*,#5518,.T.);
#7505=ORIENTED_EDGE('',*,*,#5518,.F.);
#7506=ORIENTED_EDGE('',*,*,#5509,.F.);
#7507=ORIENTED_EDGE('',*,*,#5519,.T.);
#7508=ORIENTED_EDGE('',*,*,#5456,.F.);
#7509=ORIENTED_EDGE('',*,*,#5500,.T.);
#7510=ORIENTED_EDGE('',*,*,#5504,.T.);
#7511=ORIENTED_EDGE('',*,*,#5520,.F.);
#7512=ORIENTED_EDGE('',*,*,#5327,.F.);
#7513=ORIENTED_EDGE('',*,*,#5521,.T.);
#7514=ORIENTED_EDGE('',*,*,#5442,.T.);
#7515=ORIENTED_EDGE('',*,*,#5522,.T.);
#7516=ORIENTED_EDGE('',*,*,#5523,.F.);
#7517=ORIENTED_EDGE('',*,*,#5520,.T.);
#7518=ORIENTED_EDGE('',*,*,#5524,.F.);
#7519=ORIENTED_EDGE('',*,*,#5480,.F.);
#7520=ORIENTED_EDGE('',*,*,#5525,.F.);
#7521=ORIENTED_EDGE('',*,*,#5526,.T.);
#7522=ORIENTED_EDGE('',*,*,#5527,.T.);
#7523=ORIENTED_EDGE('',*,*,#5528,.T.);
#7524=ORIENTED_EDGE('',*,*,#5529,.F.);
#7525=ORIENTED_EDGE('',*,*,#5495,.F.);
#7526=ORIENTED_EDGE('',*,*,#5530,.F.);
#7527=ORIENTED_EDGE('',*,*,#5531,.T.);
#7528=ORIENTED_EDGE('',*,*,#5328,.F.);
#7529=ORIENTED_EDGE('',*,*,#5433,.T.);
#7530=ORIENTED_EDGE('',*,*,#5532,.F.);
#7531=ORIENTED_EDGE('',*,*,#5493,.T.);
#7532=ORIENTED_EDGE('',*,*,#5499,.T.);
#7533=ORIENTED_EDGE('',*,*,#5529,.T.);
#7534=ORIENTED_EDGE('',*,*,#5533,.T.);
#7535=ORIENTED_EDGE('',*,*,#5534,.T.);
#7536=ORIENTED_EDGE('',*,*,#5535,.T.);
#7537=ORIENTED_EDGE('',*,*,#5525,.T.);
#7538=ORIENTED_EDGE('',*,*,#5475,.T.);
#7539=ORIENTED_EDGE('',*,*,#5477,.T.);
#7540=ORIENTED_EDGE('',*,*,#5484,.T.);
#7541=ORIENTED_EDGE('',*,*,#5524,.T.);
#7542=ORIENTED_EDGE('',*,*,#5523,.T.);
#7543=ORIENTED_EDGE('',*,*,#5536,.T.);
#7544=ORIENTED_EDGE('',*,*,#5537,.T.);
#7545=ORIENTED_EDGE('',*,*,#5538,.F.);
#7546=ORIENTED_EDGE('',*,*,#5465,.T.);
#7547=ORIENTED_EDGE('',*,*,#5469,.T.);
#7548=ORIENTED_EDGE('',*,*,#5461,.T.);
#7549=ORIENTED_EDGE('',*,*,#5539,.F.);
#7550=ORIENTED_EDGE('',*,*,#5431,.T.);
#7551=ORIENTED_EDGE('',*,*,#5377,.T.);
#7552=ORIENTED_EDGE('',*,*,#5379,.T.);
#7553=ORIENTED_EDGE('',*,*,#5369,.T.);
#7554=ORIENTED_EDGE('',*,*,#5373,.T.);
#7555=ORIENTED_EDGE('',*,*,#5411,.T.);
#7556=ORIENTED_EDGE('',*,*,#5414,.T.);
#7557=ORIENTED_EDGE('',*,*,#5235,.F.);
#7558=ORIENTED_EDGE('',*,*,#5522,.F.);
#7559=ORIENTED_EDGE('',*,*,#5441,.F.);
#7560=ORIENTED_EDGE('',*,*,#5540,.F.);
#7561=ORIENTED_EDGE('',*,*,#5536,.F.);
#7562=ORIENTED_EDGE('',*,*,#5537,.F.);
#7563=ORIENTED_EDGE('',*,*,#5540,.T.);
#7564=ORIENTED_EDGE('',*,*,#5440,.T.);
#7565=ORIENTED_EDGE('',*,*,#5472,.T.);
#7566=ORIENTED_EDGE('',*,*,#5239,.T.);
#7567=ORIENTED_EDGE('',*,*,#5541,.F.);
#7568=ORIENTED_EDGE('',*,*,#5541,.T.);
#7569=ORIENTED_EDGE('',*,*,#5238,.F.);
#7570=ORIENTED_EDGE('',*,*,#5389,.F.);
#7571=ORIENTED_EDGE('',*,*,#5542,.F.);
#7572=ORIENTED_EDGE('',*,*,#5427,.T.);
#7573=ORIENTED_EDGE('',*,*,#5539,.T.);
#7574=ORIENTED_EDGE('',*,*,#5467,.T.);
#7575=ORIENTED_EDGE('',*,*,#5538,.T.);
#7576=ORIENTED_EDGE('',*,*,#5543,.F.);
#7577=ORIENTED_EDGE('',*,*,#5544,.F.);
#7578=ORIENTED_EDGE('',*,*,#5545,.F.);
#7579=ORIENTED_EDGE('',*,*,#5546,.F.);
#7580=ORIENTED_EDGE('',*,*,#5547,.F.);
#7581=ORIENTED_EDGE('',*,*,#5548,.F.);
#7582=ORIENTED_EDGE('',*,*,#5549,.F.);
#7583=ORIENTED_EDGE('',*,*,#5550,.F.);
#7584=ORIENTED_EDGE('',*,*,#5543,.T.);
#7585=ORIENTED_EDGE('',*,*,#5551,.F.);
#7586=ORIENTED_EDGE('',*,*,#5552,.F.);
#7587=ORIENTED_EDGE('',*,*,#5549,.T.);
#7588=ORIENTED_EDGE('',*,*,#5553,.F.);
#7589=ORIENTED_EDGE('',*,*,#5554,.F.);
#7590=ORIENTED_EDGE('',*,*,#5547,.T.);
#7591=ORIENTED_EDGE('',*,*,#5555,.F.);
#7592=ORIENTED_EDGE('',*,*,#5556,.F.);
#7593=ORIENTED_EDGE('',*,*,#5551,.T.);
#7594=ORIENTED_EDGE('',*,*,#5546,.T.);
#7595=ORIENTED_EDGE('',*,*,#5557,.T.);
#7596=ORIENTED_EDGE('',*,*,#5558,.T.);
#7597=ORIENTED_EDGE('',*,*,#5553,.T.);
#7598=ORIENTED_EDGE('',*,*,#5548,.T.);
#7599=ORIENTED_EDGE('',*,*,#5556,.T.);
#7600=ORIENTED_EDGE('',*,*,#5559,.T.);
#7601=ORIENTED_EDGE('',*,*,#5545,.T.);
#7602=ORIENTED_EDGE('',*,*,#5560,.F.);
#7603=ORIENTED_EDGE('',*,*,#5557,.F.);
#7604=ORIENTED_EDGE('',*,*,#5535,.F.);
#7605=ORIENTED_EDGE('',*,*,#5561,.T.);
#7606=ORIENTED_EDGE('',*,*,#5562,.T.);
#7607=ORIENTED_EDGE('',*,*,#5526,.F.);
#7608=ORIENTED_EDGE('',*,*,#5552,.T.);
#7609=ORIENTED_EDGE('',*,*,#5558,.F.);
#7610=ORIENTED_EDGE('',*,*,#5560,.T.);
#7611=ORIENTED_EDGE('',*,*,#5544,.T.);
#7612=ORIENTED_EDGE('',*,*,#5534,.F.);
#7613=ORIENTED_EDGE('',*,*,#5563,.T.);
#7614=ORIENTED_EDGE('',*,*,#5564,.T.);
#7615=ORIENTED_EDGE('',*,*,#5561,.F.);
#7616=ORIENTED_EDGE('',*,*,#5533,.F.);
#7617=ORIENTED_EDGE('',*,*,#5528,.F.);
#7618=ORIENTED_EDGE('',*,*,#5565,.T.);
#7619=ORIENTED_EDGE('',*,*,#5563,.F.);
#7620=ORIENTED_EDGE('',*,*,#5554,.T.);
#7621=ORIENTED_EDGE('',*,*,#5559,.F.);
#7622=ORIENTED_EDGE('',*,*,#5555,.T.);
#7623=ORIENTED_EDGE('',*,*,#5550,.T.);
#7624=ORIENTED_EDGE('',*,*,#5566,.T.);
#7625=ORIENTED_EDGE('',*,*,#5567,.F.);
#7626=ORIENTED_EDGE('',*,*,#5260,.F.);
#7627=ORIENTED_EDGE('',*,*,#5568,.T.);
#7628=ORIENTED_EDGE('',*,*,#5569,.T.);
#7629=ORIENTED_EDGE('',*,*,#5570,.T.);
#7630=ORIENTED_EDGE('',*,*,#5261,.F.);
#7631=ORIENTED_EDGE('',*,*,#5567,.T.);
#7632=ORIENTED_EDGE('',*,*,#5571,.T.);
#7633=ORIENTED_EDGE('',*,*,#5572,.F.);
#7634=ORIENTED_EDGE('',*,*,#5265,.F.);
#7635=ORIENTED_EDGE('',*,*,#5573,.T.);
#7636=ORIENTED_EDGE('',*,*,#5574,.T.);
#7637=ORIENTED_EDGE('',*,*,#5575,.F.);
#7638=ORIENTED_EDGE('',*,*,#5266,.F.);
#7639=ORIENTED_EDGE('',*,*,#5572,.T.);
#7640=ORIENTED_EDGE('',*,*,#5576,.T.);
#7641=ORIENTED_EDGE('',*,*,#5577,.F.);
#7642=ORIENTED_EDGE('',*,*,#5251,.F.);
#7643=ORIENTED_EDGE('',*,*,#5578,.T.);
#7644=ORIENTED_EDGE('',*,*,#5579,.T.);
#7645=ORIENTED_EDGE('',*,*,#5580,.F.);
#7646=ORIENTED_EDGE('',*,*,#5252,.F.);
#7647=ORIENTED_EDGE('',*,*,#5577,.T.);
#7648=ORIENTED_EDGE('',*,*,#5581,.T.);
#7649=ORIENTED_EDGE('',*,*,#5582,.T.);
#7650=ORIENTED_EDGE('',*,*,#5267,.F.);
#7651=ORIENTED_EDGE('',*,*,#5575,.T.);
#7652=ORIENTED_EDGE('',*,*,#5583,.T.);
#7653=ORIENTED_EDGE('',*,*,#5584,.F.);
#7654=ORIENTED_EDGE('',*,*,#5253,.F.);
#7655=ORIENTED_EDGE('',*,*,#5580,.T.);
#7656=ORIENTED_EDGE('',*,*,#5585,.T.);
#7657=ORIENTED_EDGE('',*,*,#5586,.F.);
#7658=ORIENTED_EDGE('',*,*,#5254,.F.);
#7659=ORIENTED_EDGE('',*,*,#5584,.T.);
#7660=ORIENTED_EDGE('',*,*,#5587,.T.);
#7661=ORIENTED_EDGE('',*,*,#5588,.T.);
#7662=ORIENTED_EDGE('',*,*,#5255,.F.);
#7663=ORIENTED_EDGE('',*,*,#5586,.T.);
#7664=ORIENTED_EDGE('',*,*,#5589,.T.);
#7665=ORIENTED_EDGE('',*,*,#5590,.F.);
#7666=ORIENTED_EDGE('',*,*,#5272,.F.);
#7667=ORIENTED_EDGE('',*,*,#5591,.T.);
#7668=ORIENTED_EDGE('',*,*,#5592,.T.);
#7669=ORIENTED_EDGE('',*,*,#5593,.F.);
#7670=ORIENTED_EDGE('',*,*,#5273,.F.);
#7671=ORIENTED_EDGE('',*,*,#5590,.T.);
#7672=ORIENTED_EDGE('',*,*,#5594,.T.);
#7673=ORIENTED_EDGE('',*,*,#5595,.T.);
#7674=ORIENTED_EDGE('',*,*,#5274,.F.);
#7675=ORIENTED_EDGE('',*,*,#5593,.T.);
#7676=ORIENTED_EDGE('',*,*,#5596,.T.);
#7677=ORIENTED_EDGE('',*,*,#5597,.F.);
#7678=ORIENTED_EDGE('',*,*,#5341,.F.);
#7679=ORIENTED_EDGE('',*,*,#5598,.T.);
#7680=ORIENTED_EDGE('',*,*,#5599,.T.);
#7681=ORIENTED_EDGE('',*,*,#5600,.T.);
#7682=ORIENTED_EDGE('',*,*,#5342,.F.);
#7683=ORIENTED_EDGE('',*,*,#5597,.T.);
#7684=ORIENTED_EDGE('',*,*,#5601,.T.);
#7685=ORIENTED_EDGE('',*,*,#5602,.F.);
#7686=ORIENTED_EDGE('',*,*,#5289,.F.);
#7687=ORIENTED_EDGE('',*,*,#5603,.T.);
#7688=ORIENTED_EDGE('',*,*,#5604,.T.);
#7689=ORIENTED_EDGE('',*,*,#5605,.F.);
#7690=ORIENTED_EDGE('',*,*,#5290,.F.);
#7691=ORIENTED_EDGE('',*,*,#5602,.T.);
#7692=ORIENTED_EDGE('',*,*,#5606,.T.);
#7693=ORIENTED_EDGE('',*,*,#5607,.F.);
#7694=ORIENTED_EDGE('',*,*,#5291,.F.);
#7695=ORIENTED_EDGE('',*,*,#5605,.T.);
#7696=ORIENTED_EDGE('',*,*,#5608,.T.);
#7697=ORIENTED_EDGE('',*,*,#5609,.F.);
#7698=ORIENTED_EDGE('',*,*,#5295,.F.);
#7699=ORIENTED_EDGE('',*,*,#5610,.T.);
#7700=ORIENTED_EDGE('',*,*,#5611,.T.);
#7701=ORIENTED_EDGE('',*,*,#5612,.F.);
#7702=ORIENTED_EDGE('',*,*,#5296,.F.);
#7703=ORIENTED_EDGE('',*,*,#5609,.T.);
#7704=ORIENTED_EDGE('',*,*,#5613,.T.);
#7705=ORIENTED_EDGE('',*,*,#5614,.F.);
#7706=ORIENTED_EDGE('',*,*,#5297,.F.);
#7707=ORIENTED_EDGE('',*,*,#5612,.T.);
#7708=ORIENTED_EDGE('',*,*,#5615,.T.);
#7709=ORIENTED_EDGE('',*,*,#5616,.F.);
#7710=ORIENTED_EDGE('',*,*,#5298,.F.);
#7711=ORIENTED_EDGE('',*,*,#5614,.T.);
#7712=ORIENTED_EDGE('',*,*,#5617,.T.);
#7713=ORIENTED_EDGE('',*,*,#5618,.F.);
#7714=ORIENTED_EDGE('',*,*,#5299,.F.);
#7715=ORIENTED_EDGE('',*,*,#5616,.T.);
#7716=ORIENTED_EDGE('',*,*,#5619,.T.);
#7717=ORIENTED_EDGE('',*,*,#5620,.F.);
#7718=ORIENTED_EDGE('',*,*,#5300,.F.);
#7719=ORIENTED_EDGE('',*,*,#5618,.T.);
#7720=ORIENTED_EDGE('',*,*,#5621,.T.);
#7721=ORIENTED_EDGE('',*,*,#5622,.F.);
#7722=ORIENTED_EDGE('',*,*,#5301,.F.);
#7723=ORIENTED_EDGE('',*,*,#5620,.T.);
#7724=ORIENTED_EDGE('',*,*,#5623,.T.);
#7725=ORIENTED_EDGE('',*,*,#5624,.F.);
#7726=ORIENTED_EDGE('',*,*,#5302,.F.);
#7727=ORIENTED_EDGE('',*,*,#5622,.T.);
#7728=ORIENTED_EDGE('',*,*,#5625,.T.);
#7729=ORIENTED_EDGE('',*,*,#5626,.F.);
#7730=ORIENTED_EDGE('',*,*,#5303,.F.);
#7731=ORIENTED_EDGE('',*,*,#5624,.T.);
#7732=ORIENTED_EDGE('',*,*,#5627,.T.);
#7733=ORIENTED_EDGE('',*,*,#5628,.F.);
#7734=ORIENTED_EDGE('',*,*,#5304,.F.);
#7735=ORIENTED_EDGE('',*,*,#5626,.T.);
#7736=ORIENTED_EDGE('',*,*,#5629,.T.);
#7737=ORIENTED_EDGE('',*,*,#5630,.F.);
#7738=ORIENTED_EDGE('',*,*,#5335,.F.);
#7739=ORIENTED_EDGE('',*,*,#5631,.T.);
#7740=ORIENTED_EDGE('',*,*,#5632,.T.);
#7741=ORIENTED_EDGE('',*,*,#5633,.F.);
#7742=ORIENTED_EDGE('',*,*,#5336,.F.);
#7743=ORIENTED_EDGE('',*,*,#5630,.T.);
#7744=ORIENTED_EDGE('',*,*,#5634,.T.);
#7745=ORIENTED_EDGE('',*,*,#5635,.F.);
#7746=ORIENTED_EDGE('',*,*,#5337,.F.);
#7747=ORIENTED_EDGE('',*,*,#5633,.T.);
#7748=ORIENTED_EDGE('',*,*,#5636,.T.);
#7749=ORIENTED_EDGE('',*,*,#5637,.F.);
#7750=ORIENTED_EDGE('',*,*,#5338,.F.);
#7751=ORIENTED_EDGE('',*,*,#5635,.T.);
#7752=ORIENTED_EDGE('',*,*,#5638,.T.);
#7753=ORIENTED_EDGE('',*,*,#5639,.T.);
#7754=ORIENTED_EDGE('',*,*,#5285,.F.);
#7755=ORIENTED_EDGE('',*,*,#5640,.T.);
#7756=ORIENTED_EDGE('',*,*,#5641,.T.);
#7757=ORIENTED_EDGE('',*,*,#5642,.T.);
#7758=ORIENTED_EDGE('',*,*,#5339,.F.);
#7759=ORIENTED_EDGE('',*,*,#5637,.T.);
#7760=ORIENTED_EDGE('',*,*,#5643,.T.);
#7761=ORIENTED_EDGE('',*,*,#5644,.T.);
#7762=ORIENTED_EDGE('',*,*,#5287,.F.);
#7763=ORIENTED_EDGE('',*,*,#5645,.T.);
#7764=ORIENTED_EDGE('',*,*,#5646,.T.);
#7765=ORIENTED_EDGE('',*,*,#5647,.F.);
#7766=ORIENTED_EDGE('',*,*,#5275,.F.);
#7767=ORIENTED_EDGE('',*,*,#5648,.T.);
#7768=ORIENTED_EDGE('',*,*,#5649,.T.);
#7769=ORIENTED_EDGE('',*,*,#5650,.F.);
#7770=ORIENTED_EDGE('',*,*,#5276,.F.);
#7771=ORIENTED_EDGE('',*,*,#5647,.T.);
#7772=ORIENTED_EDGE('',*,*,#5651,.T.);
#7773=ORIENTED_EDGE('',*,*,#5652,.F.);
#7774=ORIENTED_EDGE('',*,*,#5277,.F.);
#7775=ORIENTED_EDGE('',*,*,#5650,.T.);
#7776=ORIENTED_EDGE('',*,*,#5653,.T.);
#7777=ORIENTED_EDGE('',*,*,#5654,.F.);
#7778=ORIENTED_EDGE('',*,*,#5316,.F.);
#7779=ORIENTED_EDGE('',*,*,#5655,.T.);
#7780=ORIENTED_EDGE('',*,*,#5656,.T.);
#7781=ORIENTED_EDGE('',*,*,#5657,.F.);
#7782=ORIENTED_EDGE('',*,*,#5317,.F.);
#7783=ORIENTED_EDGE('',*,*,#5654,.T.);
#7784=ORIENTED_EDGE('',*,*,#5658,.T.);
#7785=ORIENTED_EDGE('',*,*,#5659,.F.);
#7786=ORIENTED_EDGE('',*,*,#5318,.F.);
#7787=ORIENTED_EDGE('',*,*,#5657,.T.);
#7788=ORIENTED_EDGE('',*,*,#5660,.T.);
#7789=ORIENTED_EDGE('',*,*,#5661,.F.);
#7790=ORIENTED_EDGE('',*,*,#5319,.F.);
#7791=ORIENTED_EDGE('',*,*,#5659,.T.);
#7792=ORIENTED_EDGE('',*,*,#5662,.T.);
#7793=ORIENTED_EDGE('',*,*,#5663,.F.);
#7794=ORIENTED_EDGE('',*,*,#5320,.F.);
#7795=ORIENTED_EDGE('',*,*,#5661,.T.);
#7796=ORIENTED_EDGE('',*,*,#5664,.T.);
#7797=ORIENTED_EDGE('',*,*,#5665,.F.);
#7798=ORIENTED_EDGE('',*,*,#5350,.F.);
#7799=ORIENTED_EDGE('',*,*,#5666,.T.);
#7800=ORIENTED_EDGE('',*,*,#5667,.T.);
#7801=ORIENTED_EDGE('',*,*,#5668,.F.);
#7802=ORIENTED_EDGE('',*,*,#5351,.F.);
#7803=ORIENTED_EDGE('',*,*,#5665,.T.);
#7804=ORIENTED_EDGE('',*,*,#5669,.T.);
#7805=ORIENTED_EDGE('',*,*,#5670,.F.);
#7806=ORIENTED_EDGE('',*,*,#5361,.F.);
#7807=ORIENTED_EDGE('',*,*,#5671,.T.);
#7808=ORIENTED_EDGE('',*,*,#5672,.T.);
#7809=ORIENTED_EDGE('',*,*,#5673,.F.);
#7810=ORIENTED_EDGE('',*,*,#5352,.F.);
#7811=ORIENTED_EDGE('',*,*,#5668,.T.);
#7812=ORIENTED_EDGE('',*,*,#5674,.T.);
#7813=ORIENTED_EDGE('',*,*,#5675,.F.);
#7814=ORIENTED_EDGE('',*,*,#5362,.F.);
#7815=ORIENTED_EDGE('',*,*,#5670,.T.);
#7816=ORIENTED_EDGE('',*,*,#5676,.T.);
#7817=ORIENTED_EDGE('',*,*,#5677,.T.);
#7818=ORIENTED_EDGE('',*,*,#5353,.F.);
#7819=ORIENTED_EDGE('',*,*,#5673,.T.);
#7820=ORIENTED_EDGE('',*,*,#5678,.T.);
#7821=ORIENTED_EDGE('',*,*,#5679,.F.);
#7822=ORIENTED_EDGE('',*,*,#5363,.F.);
#7823=ORIENTED_EDGE('',*,*,#5675,.T.);
#7824=ORIENTED_EDGE('',*,*,#5680,.T.);
#7825=ORIENTED_EDGE('',*,*,#5681,.F.);
#7826=ORIENTED_EDGE('',*,*,#5364,.F.);
#7827=ORIENTED_EDGE('',*,*,#5679,.T.);
#7828=ORIENTED_EDGE('',*,*,#5682,.T.);
#7829=ORIENTED_EDGE('',*,*,#5683,.F.);
#7830=ORIENTED_EDGE('',*,*,#5365,.F.);
#7831=ORIENTED_EDGE('',*,*,#5681,.T.);
#7832=ORIENTED_EDGE('',*,*,#5684,.T.);
#7833=ORIENTED_EDGE('',*,*,#5685,.T.);
#7834=ORIENTED_EDGE('',*,*,#5366,.F.);
#7835=ORIENTED_EDGE('',*,*,#5683,.T.);
#7836=ORIENTED_EDGE('',*,*,#5582,.F.);
#7837=ORIENTED_EDGE('',*,*,#5686,.F.);
#7838=ORIENTED_EDGE('',*,*,#5687,.F.);
#7839=ORIENTED_EDGE('',*,*,#5263,.F.);
#7840=ORIENTED_EDGE('',*,*,#5688,.F.);
#7841=ORIENTED_EDGE('',*,*,#5262,.F.);
#7842=ORIENTED_EDGE('',*,*,#5570,.F.);
#7843=ORIENTED_EDGE('',*,*,#5689,.F.);
#7844=ORIENTED_EDGE('',*,*,#5690,.F.);
#7845=ORIENTED_EDGE('',*,*,#5256,.F.);
#7846=ORIENTED_EDGE('',*,*,#5588,.F.);
#7847=ORIENTED_EDGE('',*,*,#5691,.F.);
#7848=ORIENTED_EDGE('',*,*,#5562,.F.);
#7849=ORIENTED_EDGE('',*,*,#5564,.F.);
#7850=ORIENTED_EDGE('',*,*,#5565,.F.);
#7851=ORIENTED_EDGE('',*,*,#5527,.F.);
#7852=ORIENTED_EDGE('',*,*,#5686,.T.);
#7853=ORIENTED_EDGE('',*,*,#5581,.F.);
#7854=ORIENTED_EDGE('',*,*,#5574,.F.);
#7855=ORIENTED_EDGE('',*,*,#5571,.F.);
#7856=ORIENTED_EDGE('',*,*,#5692,.F.);
#7857=ORIENTED_EDGE('',*,*,#5691,.T.);
#7858=ORIENTED_EDGE('',*,*,#5587,.F.);
#7859=ORIENTED_EDGE('',*,*,#5585,.F.);
#7860=ORIENTED_EDGE('',*,*,#5583,.F.);
#7861=ORIENTED_EDGE('',*,*,#5579,.F.);
#7862=ORIENTED_EDGE('',*,*,#5576,.F.);
#7863=ORIENTED_EDGE('',*,*,#5693,.F.);
#7864=ORIENTED_EDGE('',*,*,#5694,.F.);
#7865=ORIENTED_EDGE('',*,*,#5695,.F.);
#7866=ORIENTED_EDGE('',*,*,#5696,.F.);
#7867=ORIENTED_EDGE('',*,*,#5594,.F.);
#7868=ORIENTED_EDGE('',*,*,#5592,.F.);
#7869=ORIENTED_EDGE('',*,*,#5589,.F.);
#7870=ORIENTED_EDGE('',*,*,#5697,.F.);
#7871=ORIENTED_EDGE('',*,*,#5698,.F.);
#7872=ORIENTED_EDGE('',*,*,#5699,.F.);
#7873=ORIENTED_EDGE('',*,*,#5700,.T.);
#7874=ORIENTED_EDGE('',*,*,#5701,.T.);
#7875=ORIENTED_EDGE('',*,*,#5702,.F.);
#7876=ORIENTED_EDGE('',*,*,#5703,.F.);
#7877=ORIENTED_EDGE('',*,*,#5704,.F.);
#7878=ORIENTED_EDGE('',*,*,#5705,.F.);
#7879=ORIENTED_EDGE('',*,*,#5706,.F.);
#7880=ORIENTED_EDGE('',*,*,#5707,.F.);
#7881=ORIENTED_EDGE('',*,*,#5651,.F.);
#7882=ORIENTED_EDGE('',*,*,#5649,.F.);
#7883=ORIENTED_EDGE('',*,*,#5646,.F.);
#7884=ORIENTED_EDGE('',*,*,#5708,.T.);
#7885=ORIENTED_EDGE('',*,*,#5643,.F.);
#7886=ORIENTED_EDGE('',*,*,#5709,.T.);
#7887=ORIENTED_EDGE('',*,*,#5638,.F.);
#7888=ORIENTED_EDGE('',*,*,#5710,.T.);
#7889=ORIENTED_EDGE('',*,*,#5641,.F.);
#7890=ORIENTED_EDGE('',*,*,#5636,.F.);
#7891=ORIENTED_EDGE('',*,*,#5634,.F.);
#7892=ORIENTED_EDGE('',*,*,#5632,.F.);
#7893=ORIENTED_EDGE('',*,*,#5629,.F.);
#7894=ORIENTED_EDGE('',*,*,#5711,.F.);
#7895=ORIENTED_EDGE('',*,*,#5712,.F.);
#7896=ORIENTED_EDGE('',*,*,#5713,.F.);
#7897=ORIENTED_EDGE('',*,*,#5714,.F.);
#7898=ORIENTED_EDGE('',*,*,#5715,.T.);
#7899=ORIENTED_EDGE('',*,*,#5716,.F.);
#7900=ORIENTED_EDGE('',*,*,#5717,.T.);
#7901=ORIENTED_EDGE('',*,*,#5718,.F.);
#7902=ORIENTED_EDGE('',*,*,#5719,.T.);
#7903=ORIENTED_EDGE('',*,*,#5684,.F.);
#7904=ORIENTED_EDGE('',*,*,#5682,.F.);
#7905=ORIENTED_EDGE('',*,*,#5680,.F.);
#7906=ORIENTED_EDGE('',*,*,#5678,.F.);
#7907=ORIENTED_EDGE('',*,*,#5674,.F.);
#7908=ORIENTED_EDGE('',*,*,#5669,.F.);
#7909=ORIENTED_EDGE('',*,*,#5720,.F.);
#7910=ORIENTED_EDGE('',*,*,#5721,.F.);
#7911=ORIENTED_EDGE('',*,*,#5722,.F.);
#7912=ORIENTED_EDGE('',*,*,#5676,.F.);
#7913=ORIENTED_EDGE('',*,*,#5672,.F.);
#7914=ORIENTED_EDGE('',*,*,#5667,.F.);
#7915=ORIENTED_EDGE('',*,*,#5664,.F.);
#7916=ORIENTED_EDGE('',*,*,#5723,.F.);
#7917=ORIENTED_EDGE('',*,*,#5724,.F.);
#7918=ORIENTED_EDGE('',*,*,#5725,.F.);
#7919=ORIENTED_EDGE('',*,*,#5726,.F.);
#7920=ORIENTED_EDGE('',*,*,#5727,.F.);
#7921=ORIENTED_EDGE('',*,*,#5728,.T.);
#7922=ORIENTED_EDGE('',*,*,#5729,.F.);
#7923=ORIENTED_EDGE('',*,*,#5606,.F.);
#7924=ORIENTED_EDGE('',*,*,#5604,.F.);
#7925=ORIENTED_EDGE('',*,*,#5601,.F.);
#7926=ORIENTED_EDGE('',*,*,#5730,.F.);
#7927=ORIENTED_EDGE('',*,*,#5731,.F.);
#7928=ORIENTED_EDGE('',*,*,#5732,.F.);
#7929=ORIENTED_EDGE('',*,*,#5627,.F.);
#7930=ORIENTED_EDGE('',*,*,#5625,.F.);
#7931=ORIENTED_EDGE('',*,*,#5623,.F.);
#7932=ORIENTED_EDGE('',*,*,#5621,.F.);
#7933=ORIENTED_EDGE('',*,*,#5619,.F.);
#7934=ORIENTED_EDGE('',*,*,#5617,.F.);
#7935=ORIENTED_EDGE('',*,*,#5615,.F.);
#7936=ORIENTED_EDGE('',*,*,#5613,.F.);
#7937=ORIENTED_EDGE('',*,*,#5611,.F.);
#7938=ORIENTED_EDGE('',*,*,#5608,.F.);
#7939=ORIENTED_EDGE('',*,*,#5733,.F.);
#7940=ORIENTED_EDGE('',*,*,#5734,.F.);
#7941=ORIENTED_EDGE('',*,*,#5735,.F.);
#7942=ORIENTED_EDGE('',*,*,#5736,.F.);
#7943=ORIENTED_EDGE('',*,*,#5737,.F.);
#7944=ORIENTED_EDGE('',*,*,#5738,.F.);
#7945=ORIENTED_EDGE('',*,*,#5739,.F.);
#7946=ORIENTED_EDGE('',*,*,#5740,.F.);
#7947=ORIENTED_EDGE('',*,*,#5741,.F.);
#7948=ORIENTED_EDGE('',*,*,#5742,.F.);
#7949=ORIENTED_EDGE('',*,*,#5743,.F.);
#7950=ORIENTED_EDGE('',*,*,#5662,.F.);
#7951=ORIENTED_EDGE('',*,*,#5660,.F.);
#7952=ORIENTED_EDGE('',*,*,#5658,.F.);
#7953=ORIENTED_EDGE('',*,*,#5656,.F.);
#7954=ORIENTED_EDGE('',*,*,#5653,.F.);
#7955=ORIENTED_EDGE('',*,*,#5744,.F.);
#7956=ORIENTED_EDGE('',*,*,#5745,.F.);
#7957=ORIENTED_EDGE('',*,*,#5746,.F.);
#7958=ORIENTED_EDGE('',*,*,#5747,.F.);
#7959=ORIENTED_EDGE('',*,*,#5748,.T.);
#7960=ORIENTED_EDGE('',*,*,#5599,.F.);
#7961=ORIENTED_EDGE('',*,*,#5596,.F.);
#7962=ORIENTED_EDGE('',*,*,#5749,.F.);
#7963=ORIENTED_EDGE('',*,*,#5569,.F.);
#7964=ORIENTED_EDGE('',*,*,#5566,.F.);
#7965=ORIENTED_EDGE('',*,*,#5750,.F.);
#7966=ORIENTED_EDGE('',*,*,#5751,.F.);
#7967=ORIENTED_EDGE('',*,*,#5752,.F.);
#7968=ORIENTED_EDGE('',*,*,#5689,.T.);
#7969=ORIENTED_EDGE('',*,*,#5696,.T.);
#7970=ORIENTED_EDGE('',*,*,#5753,.F.);
#7971=ORIENTED_EDGE('',*,*,#5247,.F.);
#7972=ORIENTED_EDGE('',*,*,#5690,.T.);
#7973=ORIENTED_EDGE('',*,*,#5692,.T.);
#7974=ORIENTED_EDGE('',*,*,#5573,.F.);
#7975=ORIENTED_EDGE('',*,*,#5264,.F.);
#7976=ORIENTED_EDGE('',*,*,#5687,.T.);
#7977=ORIENTED_EDGE('',*,*,#5677,.F.);
#7978=ORIENTED_EDGE('',*,*,#5728,.F.);
#7979=ORIENTED_EDGE('',*,*,#5754,.F.);
#7980=ORIENTED_EDGE('',*,*,#5344,.F.);
#7981=ORIENTED_EDGE('',*,*,#5755,.F.);
#7982=ORIENTED_EDGE('',*,*,#5715,.F.);
#7983=ORIENTED_EDGE('',*,*,#5756,.F.);
#7984=ORIENTED_EDGE('',*,*,#5357,.F.);
#7985=ORIENTED_EDGE('',*,*,#5757,.F.);
#7986=ORIENTED_EDGE('',*,*,#5717,.F.);
#7987=ORIENTED_EDGE('',*,*,#5758,.F.);
#7988=ORIENTED_EDGE('',*,*,#5355,.F.);
#7989=ORIENTED_EDGE('',*,*,#5759,.F.);
#7990=ORIENTED_EDGE('',*,*,#5367,.F.);
#7991=ORIENTED_EDGE('',*,*,#5685,.F.);
#7992=ORIENTED_EDGE('',*,*,#5719,.F.);
#7993=ORIENTED_EDGE('',*,*,#5727,.T.);
#7994=ORIENTED_EDGE('',*,*,#5760,.F.);
#7995=ORIENTED_EDGE('',*,*,#5345,.F.);
#7996=ORIENTED_EDGE('',*,*,#5754,.T.);
#7997=ORIENTED_EDGE('',*,*,#5595,.F.);
#7998=ORIENTED_EDGE('',*,*,#5700,.F.);
#7999=ORIENTED_EDGE('',*,*,#5761,.F.);
#8000=ORIENTED_EDGE('',*,*,#5268,.F.);
#8001=ORIENTED_EDGE('',*,*,#5762,.F.);
#8002=ORIENTED_EDGE('',*,*,#5343,.F.);
#8003=ORIENTED_EDGE('',*,*,#5600,.F.);
#8004=ORIENTED_EDGE('',*,*,#5748,.F.);
#8005=ORIENTED_EDGE('',*,*,#5749,.T.);
#8006=ORIENTED_EDGE('',*,*,#5598,.F.);
#8007=ORIENTED_EDGE('',*,*,#5340,.F.);
#8008=ORIENTED_EDGE('',*,*,#5762,.T.);
#8009=ORIENTED_EDGE('',*,*,#5642,.F.);
#8010=ORIENTED_EDGE('',*,*,#5710,.F.);
#8011=ORIENTED_EDGE('',*,*,#5763,.F.);
#8012=ORIENTED_EDGE('',*,*,#5330,.F.);
#8013=ORIENTED_EDGE('',*,*,#5639,.F.);
#8014=ORIENTED_EDGE('',*,*,#5709,.F.);
#8015=ORIENTED_EDGE('',*,*,#5645,.F.);
#8016=ORIENTED_EDGE('',*,*,#5286,.F.);
#8017=ORIENTED_EDGE('',*,*,#5764,.F.);
#8018=ORIENTED_EDGE('',*,*,#5701,.F.);
#8019=ORIENTED_EDGE('',*,*,#5640,.F.);
#8020=ORIENTED_EDGE('',*,*,#5284,.F.);
#8021=ORIENTED_EDGE('',*,*,#5648,.F.);
#8022=ORIENTED_EDGE('',*,*,#5288,.F.);
#8023=ORIENTED_EDGE('',*,*,#5644,.F.);
#8024=ORIENTED_EDGE('',*,*,#5708,.F.);
#8025=ORIENTED_EDGE('',*,*,#5729,.T.);
#8026=ORIENTED_EDGE('',*,*,#5765,.F.);
#8027=ORIENTED_EDGE('',*,*,#5292,.F.);
#8028=ORIENTED_EDGE('',*,*,#5607,.T.);
#8029=ORIENTED_EDGE('',*,*,#5730,.T.);
#8030=ORIENTED_EDGE('',*,*,#5603,.F.);
#8031=ORIENTED_EDGE('',*,*,#5294,.F.);
#8032=ORIENTED_EDGE('',*,*,#5766,.T.);
#8033=ORIENTED_EDGE('',*,*,#5731,.T.);
#8034=ORIENTED_EDGE('',*,*,#5766,.F.);
#8035=ORIENTED_EDGE('',*,*,#5293,.F.);
#8036=ORIENTED_EDGE('',*,*,#5765,.T.);
#8037=ORIENTED_EDGE('',*,*,#5732,.T.);
#8038=ORIENTED_EDGE('',*,*,#5767,.F.);
#8039=ORIENTED_EDGE('',*,*,#5305,.F.);
#8040=ORIENTED_EDGE('',*,*,#5628,.T.);
#8041=ORIENTED_EDGE('',*,*,#5733,.T.);
#8042=ORIENTED_EDGE('',*,*,#5610,.F.);
#8043=ORIENTED_EDGE('',*,*,#5315,.F.);
#8044=ORIENTED_EDGE('',*,*,#5768,.T.);
#8045=ORIENTED_EDGE('',*,*,#5734,.T.);
#8046=ORIENTED_EDGE('',*,*,#5768,.F.);
#8047=ORIENTED_EDGE('',*,*,#5314,.F.);
#8048=ORIENTED_EDGE('',*,*,#5769,.T.);
#8049=ORIENTED_EDGE('',*,*,#5735,.T.);
#8050=ORIENTED_EDGE('',*,*,#5769,.F.);
#8051=ORIENTED_EDGE('',*,*,#5313,.F.);
#8052=ORIENTED_EDGE('',*,*,#5770,.T.);
#8053=ORIENTED_EDGE('',*,*,#5736,.T.);
#8054=ORIENTED_EDGE('',*,*,#5770,.F.);
#8055=ORIENTED_EDGE('',*,*,#5312,.F.);
#8056=ORIENTED_EDGE('',*,*,#5771,.T.);
#8057=ORIENTED_EDGE('',*,*,#5737,.T.);
#8058=ORIENTED_EDGE('',*,*,#5771,.F.);
#8059=ORIENTED_EDGE('',*,*,#5311,.F.);
#8060=ORIENTED_EDGE('',*,*,#5772,.T.);
#8061=ORIENTED_EDGE('',*,*,#5738,.T.);
#8062=ORIENTED_EDGE('',*,*,#5772,.F.);
#8063=ORIENTED_EDGE('',*,*,#5310,.F.);
#8064=ORIENTED_EDGE('',*,*,#5773,.T.);
#8065=ORIENTED_EDGE('',*,*,#5739,.T.);
#8066=ORIENTED_EDGE('',*,*,#5773,.F.);
#8067=ORIENTED_EDGE('',*,*,#5309,.F.);
#8068=ORIENTED_EDGE('',*,*,#5774,.T.);
#8069=ORIENTED_EDGE('',*,*,#5740,.T.);
#8070=ORIENTED_EDGE('',*,*,#5774,.F.);
#8071=ORIENTED_EDGE('',*,*,#5308,.F.);
#8072=ORIENTED_EDGE('',*,*,#5775,.T.);
#8073=ORIENTED_EDGE('',*,*,#5741,.T.);
#8074=ORIENTED_EDGE('',*,*,#5775,.F.);
#8075=ORIENTED_EDGE('',*,*,#5307,.F.);
#8076=ORIENTED_EDGE('',*,*,#5776,.T.);
#8077=ORIENTED_EDGE('',*,*,#5742,.T.);
#8078=ORIENTED_EDGE('',*,*,#5776,.F.);
#8079=ORIENTED_EDGE('',*,*,#5306,.F.);
#8080=ORIENTED_EDGE('',*,*,#5767,.T.);
#8081=ORIENTED_EDGE('',*,*,#5697,.T.);
#8082=ORIENTED_EDGE('',*,*,#5591,.F.);
#8083=ORIENTED_EDGE('',*,*,#5271,.F.);
#8084=ORIENTED_EDGE('',*,*,#5777,.T.);
#8085=ORIENTED_EDGE('',*,*,#5698,.T.);
#8086=ORIENTED_EDGE('',*,*,#5777,.F.);
#8087=ORIENTED_EDGE('',*,*,#5270,.F.);
#8088=ORIENTED_EDGE('',*,*,#5778,.T.);
#8089=ORIENTED_EDGE('',*,*,#5699,.T.);
#8090=ORIENTED_EDGE('',*,*,#5778,.F.);
#8091=ORIENTED_EDGE('',*,*,#5269,.F.);
#8092=ORIENTED_EDGE('',*,*,#5761,.T.);
#8093=ORIENTED_EDGE('',*,*,#5750,.T.);
#8094=ORIENTED_EDGE('',*,*,#5568,.F.);
#8095=ORIENTED_EDGE('',*,*,#5259,.F.);
#8096=ORIENTED_EDGE('',*,*,#5779,.T.);
#8097=ORIENTED_EDGE('',*,*,#5751,.T.);
#8098=ORIENTED_EDGE('',*,*,#5779,.F.);
#8099=ORIENTED_EDGE('',*,*,#5258,.F.);
#8100=ORIENTED_EDGE('',*,*,#5780,.T.);
#8101=ORIENTED_EDGE('',*,*,#5752,.T.);
#8102=ORIENTED_EDGE('',*,*,#5780,.F.);
#8103=ORIENTED_EDGE('',*,*,#5257,.F.);
#8104=ORIENTED_EDGE('',*,*,#5688,.T.);
#8105=ORIENTED_EDGE('',*,*,#5693,.T.);
#8106=ORIENTED_EDGE('',*,*,#5578,.F.);
#8107=ORIENTED_EDGE('',*,*,#5250,.F.);
#8108=ORIENTED_EDGE('',*,*,#5781,.T.);
#8109=ORIENTED_EDGE('',*,*,#5694,.T.);
#8110=ORIENTED_EDGE('',*,*,#5781,.F.);
#8111=ORIENTED_EDGE('',*,*,#5249,.F.);
#8112=ORIENTED_EDGE('',*,*,#5782,.T.);
#8113=ORIENTED_EDGE('',*,*,#5695,.T.);
#8114=ORIENTED_EDGE('',*,*,#5782,.F.);
#8115=ORIENTED_EDGE('',*,*,#5248,.F.);
#8116=ORIENTED_EDGE('',*,*,#5753,.T.);
#8117=ORIENTED_EDGE('',*,*,#5707,.T.);
#8118=ORIENTED_EDGE('',*,*,#5783,.F.);
#8119=ORIENTED_EDGE('',*,*,#5278,.F.);
#8120=ORIENTED_EDGE('',*,*,#5652,.T.);
#8121=ORIENTED_EDGE('',*,*,#5711,.T.);
#8122=ORIENTED_EDGE('',*,*,#5631,.F.);
#8123=ORIENTED_EDGE('',*,*,#5334,.F.);
#8124=ORIENTED_EDGE('',*,*,#5784,.T.);
#8125=ORIENTED_EDGE('',*,*,#5712,.T.);
#8126=ORIENTED_EDGE('',*,*,#5784,.F.);
#8127=ORIENTED_EDGE('',*,*,#5333,.F.);
#8128=ORIENTED_EDGE('',*,*,#5785,.T.);
#8129=ORIENTED_EDGE('',*,*,#5713,.T.);
#8130=ORIENTED_EDGE('',*,*,#5785,.F.);
#8131=ORIENTED_EDGE('',*,*,#5332,.F.);
#8132=ORIENTED_EDGE('',*,*,#5786,.T.);
#8133=ORIENTED_EDGE('',*,*,#5714,.T.);
#8134=ORIENTED_EDGE('',*,*,#5786,.F.);
#8135=ORIENTED_EDGE('',*,*,#5331,.F.);
#8136=ORIENTED_EDGE('',*,*,#5763,.T.);
#8137=ORIENTED_EDGE('',*,*,#5702,.T.);
#8138=ORIENTED_EDGE('',*,*,#5764,.T.);
#8139=ORIENTED_EDGE('',*,*,#5283,.F.);
#8140=ORIENTED_EDGE('',*,*,#5787,.T.);
#8141=ORIENTED_EDGE('',*,*,#5703,.T.);
#8142=ORIENTED_EDGE('',*,*,#5787,.F.);
#8143=ORIENTED_EDGE('',*,*,#5282,.F.);
#8144=ORIENTED_EDGE('',*,*,#5788,.T.);
#8145=ORIENTED_EDGE('',*,*,#5704,.T.);
#8146=ORIENTED_EDGE('',*,*,#5788,.F.);
#8147=ORIENTED_EDGE('',*,*,#5281,.F.);
#8148=ORIENTED_EDGE('',*,*,#5789,.T.);
#8149=ORIENTED_EDGE('',*,*,#5705,.T.);
#8150=ORIENTED_EDGE('',*,*,#5789,.F.);
#8151=ORIENTED_EDGE('',*,*,#5280,.F.);
#8152=ORIENTED_EDGE('',*,*,#5790,.T.);
#8153=ORIENTED_EDGE('',*,*,#5706,.T.);
#8154=ORIENTED_EDGE('',*,*,#5790,.F.);
#8155=ORIENTED_EDGE('',*,*,#5279,.F.);
#8156=ORIENTED_EDGE('',*,*,#5783,.T.);
#8157=ORIENTED_EDGE('',*,*,#5720,.T.);
#8158=ORIENTED_EDGE('',*,*,#5671,.F.);
#8159=ORIENTED_EDGE('',*,*,#5360,.F.);
#8160=ORIENTED_EDGE('',*,*,#5791,.T.);
#8161=ORIENTED_EDGE('',*,*,#5721,.T.);
#8162=ORIENTED_EDGE('',*,*,#5791,.F.);
#8163=ORIENTED_EDGE('',*,*,#5359,.F.);
#8164=ORIENTED_EDGE('',*,*,#5792,.T.);
#8165=ORIENTED_EDGE('',*,*,#5722,.T.);
#8166=ORIENTED_EDGE('',*,*,#5792,.F.);
#8167=ORIENTED_EDGE('',*,*,#5358,.F.);
#8168=ORIENTED_EDGE('',*,*,#5756,.T.);
#8169=ORIENTED_EDGE('',*,*,#5723,.T.);
#8170=ORIENTED_EDGE('',*,*,#5666,.F.);
#8171=ORIENTED_EDGE('',*,*,#5349,.F.);
#8172=ORIENTED_EDGE('',*,*,#5793,.T.);
#8173=ORIENTED_EDGE('',*,*,#5724,.T.);
#8174=ORIENTED_EDGE('',*,*,#5793,.F.);
#8175=ORIENTED_EDGE('',*,*,#5348,.F.);
#8176=ORIENTED_EDGE('',*,*,#5794,.T.);
#8177=ORIENTED_EDGE('',*,*,#5725,.T.);
#8178=ORIENTED_EDGE('',*,*,#5794,.F.);
#8179=ORIENTED_EDGE('',*,*,#5347,.F.);
#8180=ORIENTED_EDGE('',*,*,#5795,.T.);
#8181=ORIENTED_EDGE('',*,*,#5726,.T.);
#8182=ORIENTED_EDGE('',*,*,#5795,.F.);
#8183=ORIENTED_EDGE('',*,*,#5346,.F.);
#8184=ORIENTED_EDGE('',*,*,#5760,.T.);
#8185=ORIENTED_EDGE('',*,*,#5743,.T.);
#8186=ORIENTED_EDGE('',*,*,#5796,.F.);
#8187=ORIENTED_EDGE('',*,*,#5321,.F.);
#8188=ORIENTED_EDGE('',*,*,#5663,.T.);
#8189=ORIENTED_EDGE('',*,*,#5744,.T.);
#8190=ORIENTED_EDGE('',*,*,#5655,.F.);
#8191=ORIENTED_EDGE('',*,*,#5325,.F.);
#8192=ORIENTED_EDGE('',*,*,#5797,.T.);
#8193=ORIENTED_EDGE('',*,*,#5745,.T.);
#8194=ORIENTED_EDGE('',*,*,#5797,.F.);
#8195=ORIENTED_EDGE('',*,*,#5324,.F.);
#8196=ORIENTED_EDGE('',*,*,#5798,.T.);
#8197=ORIENTED_EDGE('',*,*,#5746,.T.);
#8198=ORIENTED_EDGE('',*,*,#5798,.F.);
#8199=ORIENTED_EDGE('',*,*,#5323,.F.);
#8200=ORIENTED_EDGE('',*,*,#5799,.T.);
#8201=ORIENTED_EDGE('',*,*,#5747,.T.);
#8202=ORIENTED_EDGE('',*,*,#5799,.F.);
#8203=ORIENTED_EDGE('',*,*,#5322,.F.);
#8204=ORIENTED_EDGE('',*,*,#5796,.T.);
#8205=ORIENTED_EDGE('',*,*,#5542,.T.);
#8206=ORIENTED_EDGE('',*,*,#5388,.T.);
#8207=ORIENTED_EDGE('',*,*,#5800,.T.);
#8208=ORIENTED_EDGE('',*,*,#5801,.T.);
#8209=ORIENTED_EDGE('',*,*,#5530,.T.);
#8210=ORIENTED_EDGE('',*,*,#5488,.T.);
#8211=ORIENTED_EDGE('',*,*,#5532,.T.);
#8212=ORIENTED_EDGE('',*,*,#5423,.T.);
#8213=ORIENTED_EDGE('',*,*,#5516,.F.);
#8214=ORIENTED_EDGE('',*,*,#5511,.F.);
#8215=ORIENTED_EDGE('',*,*,#5517,.F.);
#8216=ORIENTED_EDGE('',*,*,#5454,.F.);
#8217=ORIENTED_EDGE('',*,*,#5801,.F.);
#8218=ORIENTED_EDGE('',*,*,#5802,.T.);
#8219=ORIENTED_EDGE('',*,*,#5329,.F.);
#8220=ORIENTED_EDGE('',*,*,#5531,.F.);
#8221=ORIENTED_EDGE('',*,*,#5483,.T.);
#8222=ORIENTED_EDGE('',*,*,#5443,.F.);
#8223=ORIENTED_EDGE('',*,*,#5521,.F.);
#8224=ORIENTED_EDGE('',*,*,#5326,.F.);
#8225=ORIENTED_EDGE('',*,*,#5802,.F.);
#8226=ORIENTED_EDGE('',*,*,#5800,.F.);
#8227=ORIENTED_EDGE('',*,*,#5387,.T.);
#8228=ORIENTED_EDGE('',*,*,#5451,.F.);
#8229=ORIENTED_EDGE('',*,*,#5490,.T.);
#8230=ORIENTED_EDGE('',*,*,#5485,.T.);
#8231=ORIENTED_EDGE('',*,*,#5497,.T.);
#8232=ORIENTED_EDGE('',*,*,#5498,.T.);
#8233=ORIENTED_EDGE('',*,*,#5447,.F.);
#8234=ORIENTED_EDGE('',*,*,#5473,.T.);
#8235=ORIENTED_EDGE('',*,*,#5482,.T.);
#8236=ORIENTED_EDGE('',*,*,#5390,.F.);
#8237=ORIENTED_EDGE('',*,*,#5241,.F.);
#8238=ORIENTED_EDGE('',*,*,#5471,.F.);
#8239=ORIENTED_EDGE('',*,*,#5457,.F.);
#8240=ORIENTED_EDGE('',*,*,#5519,.F.);
#8241=ORIENTED_EDGE('',*,*,#5508,.T.);
#8242=ORIENTED_EDGE('',*,*,#5409,.T.);
#8243=ORIENTED_EDGE('',*,*,#5382,.F.);
#8244=ORIENTED_EDGE('',*,*,#5402,.F.);
#8245=ORIENTED_EDGE('',*,*,#5514,.F.);
#8246=ORIENTED_EDGE('',*,*,#5383,.T.);
#8247=ORIENTED_EDGE('',*,*,#5718,.T.);
#8248=ORIENTED_EDGE('',*,*,#5757,.T.);
#8249=ORIENTED_EDGE('',*,*,#5354,.F.);
#8250=ORIENTED_EDGE('',*,*,#5759,.T.);
#8251=ORIENTED_EDGE('',*,*,#5716,.T.);
#8252=ORIENTED_EDGE('',*,*,#5755,.T.);
#8253=ORIENTED_EDGE('',*,*,#5356,.F.);
#8254=ORIENTED_EDGE('',*,*,#5758,.T.);
#8255=ORIENTED_EDGE('',*,*,#5803,.F.);
#8256=ORIENTED_EDGE('',*,*,#5804,.T.);
#8257=ORIENTED_EDGE('',*,*,#5805,.F.);
#8258=ORIENTED_EDGE('',*,*,#5806,.F.);
#8259=ORIENTED_EDGE('',*,*,#5807,.F.);
#8260=ORIENTED_EDGE('',*,*,#5806,.T.);
#8261=ORIENTED_EDGE('',*,*,#5808,.F.);
#8262=ORIENTED_EDGE('',*,*,#5809,.F.);
#8263=ORIENTED_EDGE('',*,*,#5810,.F.);
#8264=ORIENTED_EDGE('',*,*,#5809,.T.);
#8265=ORIENTED_EDGE('',*,*,#5811,.F.);
#8266=ORIENTED_EDGE('',*,*,#5812,.F.);
#8267=ORIENTED_EDGE('',*,*,#5813,.F.);
#8268=ORIENTED_EDGE('',*,*,#5812,.T.);
#8269=ORIENTED_EDGE('',*,*,#5814,.F.);
#8270=ORIENTED_EDGE('',*,*,#5804,.F.);
#8271=ORIENTED_EDGE('',*,*,#5814,.T.);
#8272=ORIENTED_EDGE('',*,*,#5811,.T.);
#8273=ORIENTED_EDGE('',*,*,#5808,.T.);
#8274=ORIENTED_EDGE('',*,*,#5805,.T.);
#8275=ORIENTED_EDGE('',*,*,#5813,.T.);
#8276=ORIENTED_EDGE('',*,*,#5803,.T.);
#8277=ORIENTED_EDGE('',*,*,#5807,.T.);
#8278=ORIENTED_EDGE('',*,*,#5810,.T.);
#8279=ORIENTED_EDGE('',*,*,#5815,.T.);
#8280=ORIENTED_EDGE('',*,*,#5816,.T.);
#8281=ORIENTED_EDGE('',*,*,#5817,.T.);
#8282=ORIENTED_EDGE('',*,*,#5818,.T.);
#8283=ORIENTED_EDGE('',*,*,#5819,.T.);
#8284=ORIENTED_EDGE('',*,*,#5820,.T.);
#8285=ORIENTED_EDGE('',*,*,#5821,.T.);
#8286=ORIENTED_EDGE('',*,*,#5822,.T.);
#8287=ORIENTED_EDGE('',*,*,#5819,.F.);
#8288=ORIENTED_EDGE('',*,*,#5823,.F.);
#8289=ORIENTED_EDGE('',*,*,#5824,.T.);
#8290=ORIENTED_EDGE('',*,*,#5825,.T.);
#8291=ORIENTED_EDGE('',*,*,#5826,.T.);
#8292=ORIENTED_EDGE('',*,*,#5827,.T.);
#8293=ORIENTED_EDGE('',*,*,#5828,.F.);
#8294=ORIENTED_EDGE('',*,*,#5822,.F.);
#8295=ORIENTED_EDGE('',*,*,#5829,.F.);
#8296=ORIENTED_EDGE('',*,*,#5830,.T.);
#8297=ORIENTED_EDGE('',*,*,#5823,.T.);
#8298=ORIENTED_EDGE('',*,*,#5831,.T.);
#8299=ORIENTED_EDGE('',*,*,#5832,.T.);
#8300=ORIENTED_EDGE('',*,*,#5833,.T.);
#8301=ORIENTED_EDGE('',*,*,#5834,.T.);
#8302=ORIENTED_EDGE('',*,*,#5834,.F.);
#8303=ORIENTED_EDGE('',*,*,#5835,.F.);
#8304=ORIENTED_EDGE('',*,*,#5836,.T.);
#8305=ORIENTED_EDGE('',*,*,#5837,.T.);
#8306=ORIENTED_EDGE('',*,*,#5833,.F.);
#8307=ORIENTED_EDGE('',*,*,#5838,.F.);
#8308=ORIENTED_EDGE('',*,*,#5839,.F.);
#8309=ORIENTED_EDGE('',*,*,#5840,.T.);
#8310=ORIENTED_EDGE('',*,*,#5841,.T.);
#8311=ORIENTED_EDGE('',*,*,#5842,.T.);
#8312=ORIENTED_EDGE('',*,*,#5835,.T.);
#8313=ORIENTED_EDGE('',*,*,#5843,.F.);
#8314=ORIENTED_EDGE('',*,*,#5844,.T.);
#8315=ORIENTED_EDGE('',*,*,#5845,.T.);
#8316=ORIENTED_EDGE('',*,*,#5846,.T.);
#8317=ORIENTED_EDGE('',*,*,#5847,.T.);
#8318=ORIENTED_EDGE('',*,*,#5840,.F.);
#8319=ORIENTED_EDGE('',*,*,#5848,.F.);
#8320=ORIENTED_EDGE('',*,*,#5849,.F.);
#8321=ORIENTED_EDGE('',*,*,#5850,.F.);
#8322=ORIENTED_EDGE('',*,*,#5826,.F.);
#8323=ORIENTED_EDGE('',*,*,#5851,.T.);
#8324=ORIENTED_EDGE('',*,*,#5852,.F.);
#8325=ORIENTED_EDGE('',*,*,#5844,.F.);
#8326=ORIENTED_EDGE('',*,*,#5853,.T.);
#8327=ORIENTED_EDGE('',*,*,#5818,.F.);
#8328=ORIENTED_EDGE('',*,*,#5854,.F.);
#8329=ORIENTED_EDGE('',*,*,#5845,.F.);
#8330=ORIENTED_EDGE('',*,*,#5854,.T.);
#8331=ORIENTED_EDGE('',*,*,#5817,.F.);
#8332=ORIENTED_EDGE('',*,*,#5855,.F.);
#8333=ORIENTED_EDGE('',*,*,#5846,.F.);
#8334=ORIENTED_EDGE('',*,*,#5855,.T.);
#8335=ORIENTED_EDGE('',*,*,#5816,.F.);
#8336=ORIENTED_EDGE('',*,*,#5856,.F.);
#8337=ORIENTED_EDGE('',*,*,#5843,.T.);
#8338=ORIENTED_EDGE('',*,*,#5856,.T.);
#8339=ORIENTED_EDGE('',*,*,#5815,.F.);
#8340=ORIENTED_EDGE('',*,*,#5853,.F.);
#8341=ORIENTED_EDGE('',*,*,#5830,.F.);
#8342=ORIENTED_EDGE('',*,*,#5857,.F.);
#8343=ORIENTED_EDGE('',*,*,#5858,.F.);
#8344=ORIENTED_EDGE('',*,*,#5824,.F.);
#8345=ORIENTED_EDGE('',*,*,#5851,.F.);
#8346=ORIENTED_EDGE('',*,*,#5825,.F.);
#8347=ORIENTED_EDGE('',*,*,#5858,.T.);
#8348=ORIENTED_EDGE('',*,*,#5859,.F.);
#8349=ORIENTED_EDGE('',*,*,#5850,.T.);
#8350=ORIENTED_EDGE('',*,*,#5860,.T.);
#8351=ORIENTED_EDGE('',*,*,#5861,.F.);
#8352=ORIENTED_EDGE('',*,*,#5827,.F.);
#8353=ORIENTED_EDGE('',*,*,#5821,.F.);
#8354=ORIENTED_EDGE('',*,*,#5862,.F.);
#8355=ORIENTED_EDGE('',*,*,#5860,.F.);
#8356=ORIENTED_EDGE('',*,*,#5852,.T.);
#8357=ORIENTED_EDGE('',*,*,#5859,.T.);
#8358=ORIENTED_EDGE('',*,*,#5857,.T.);
#8359=ORIENTED_EDGE('',*,*,#5829,.T.);
#8360=ORIENTED_EDGE('',*,*,#5820,.F.);
#8361=ORIENTED_EDGE('',*,*,#5828,.T.);
#8362=ORIENTED_EDGE('',*,*,#5861,.T.);
#8363=ORIENTED_EDGE('',*,*,#5862,.T.);
#8364=ORIENTED_EDGE('',*,*,#5836,.F.);
#8365=ORIENTED_EDGE('',*,*,#5842,.F.);
#8366=ORIENTED_EDGE('',*,*,#5863,.F.);
#8367=ORIENTED_EDGE('',*,*,#5864,.F.);
#8368=ORIENTED_EDGE('',*,*,#5847,.F.);
#8369=ORIENTED_EDGE('',*,*,#5865,.F.);
#8370=ORIENTED_EDGE('',*,*,#5863,.T.);
#8371=ORIENTED_EDGE('',*,*,#5841,.F.);
#8372=ORIENTED_EDGE('',*,*,#5848,.T.);
#8373=ORIENTED_EDGE('',*,*,#5839,.T.);
#8374=ORIENTED_EDGE('',*,*,#5866,.F.);
#8375=ORIENTED_EDGE('',*,*,#5867,.F.);
#8376=ORIENTED_EDGE('',*,*,#5831,.F.);
#8377=ORIENTED_EDGE('',*,*,#5837,.F.);
#8378=ORIENTED_EDGE('',*,*,#5864,.T.);
#8379=ORIENTED_EDGE('',*,*,#5865,.T.);
#8380=ORIENTED_EDGE('',*,*,#5849,.T.);
#8381=ORIENTED_EDGE('',*,*,#5867,.T.);
#8382=ORIENTED_EDGE('',*,*,#5868,.F.);
#8383=ORIENTED_EDGE('',*,*,#5832,.F.);
#8384=ORIENTED_EDGE('',*,*,#5868,.T.);
#8385=ORIENTED_EDGE('',*,*,#5866,.T.);
#8386=ORIENTED_EDGE('',*,*,#5838,.T.);
#8387=ORIENTED_EDGE('',*,*,#5869,.T.);
#8388=ORIENTED_EDGE('',*,*,#5870,.T.);
#8389=ORIENTED_EDGE('',*,*,#5871,.T.);
#8390=ORIENTED_EDGE('',*,*,#5872,.T.);
#8391=ORIENTED_EDGE('',*,*,#5869,.F.);
#8392=ORIENTED_EDGE('',*,*,#5873,.T.);
#8393=ORIENTED_EDGE('',*,*,#5874,.T.);
#8394=ORIENTED_EDGE('',*,*,#5875,.F.);
#8395=ORIENTED_EDGE('',*,*,#5876,.T.);
#8396=ORIENTED_EDGE('',*,*,#5877,.F.);
#8397=ORIENTED_EDGE('',*,*,#5878,.T.);
#8398=ORIENTED_EDGE('',*,*,#5879,.T.);
#8399=ORIENTED_EDGE('',*,*,#5880,.T.);
#8400=ORIENTED_EDGE('',*,*,#5881,.T.);
#8401=ORIENTED_EDGE('',*,*,#5878,.F.);
#8402=ORIENTED_EDGE('',*,*,#5882,.T.);
#8403=ORIENTED_EDGE('',*,*,#5883,.T.);
#8404=ORIENTED_EDGE('',*,*,#5884,.F.);
#8405=ORIENTED_EDGE('',*,*,#5885,.T.);
#8406=ORIENTED_EDGE('',*,*,#5886,.F.);
#8407=ORIENTED_EDGE('',*,*,#5887,.F.);
#8408=ORIENTED_EDGE('',*,*,#5888,.T.);
#8409=ORIENTED_EDGE('',*,*,#5889,.T.);
#8410=ORIENTED_EDGE('',*,*,#5890,.F.);
#8411=ORIENTED_EDGE('',*,*,#5891,.T.);
#8412=ORIENTED_EDGE('',*,*,#5892,.F.);
#8413=ORIENTED_EDGE('',*,*,#5893,.F.);
#8414=ORIENTED_EDGE('',*,*,#5875,.T.);
#8415=ORIENTED_EDGE('',*,*,#5894,.T.);
#8416=ORIENTED_EDGE('',*,*,#5895,.F.);
#8417=ORIENTED_EDGE('',*,*,#5896,.F.);
#8418=ORIENTED_EDGE('',*,*,#5884,.T.);
#8419=ORIENTED_EDGE('',*,*,#5888,.F.);
#8420=ORIENTED_EDGE('',*,*,#5897,.T.);
#8421=ORIENTED_EDGE('',*,*,#5898,.F.);
#8422=ORIENTED_EDGE('',*,*,#5899,.F.);
#8423=ORIENTED_EDGE('',*,*,#5889,.F.);
#8424=ORIENTED_EDGE('',*,*,#5899,.T.);
#8425=ORIENTED_EDGE('',*,*,#5900,.F.);
#8426=ORIENTED_EDGE('',*,*,#5901,.F.);
#8427=ORIENTED_EDGE('',*,*,#5890,.T.);
#8428=ORIENTED_EDGE('',*,*,#5901,.T.);
#8429=ORIENTED_EDGE('',*,*,#5902,.F.);
#8430=ORIENTED_EDGE('',*,*,#5903,.F.);
#8431=ORIENTED_EDGE('',*,*,#5887,.T.);
#8432=ORIENTED_EDGE('',*,*,#5903,.T.);
#8433=ORIENTED_EDGE('',*,*,#5904,.F.);
#8434=ORIENTED_EDGE('',*,*,#5897,.F.);
#8435=ORIENTED_EDGE('',*,*,#5904,.T.);
#8436=ORIENTED_EDGE('',*,*,#5902,.T.);
#8437=ORIENTED_EDGE('',*,*,#5900,.T.);
#8438=ORIENTED_EDGE('',*,*,#5898,.T.);
#8439=ORIENTED_EDGE('',*,*,#5881,.F.);
#8440=ORIENTED_EDGE('',*,*,#5905,.F.);
#8441=ORIENTED_EDGE('',*,*,#5906,.F.);
#8442=ORIENTED_EDGE('',*,*,#5882,.F.);
#8443=ORIENTED_EDGE('',*,*,#5894,.F.);
#8444=ORIENTED_EDGE('',*,*,#5883,.F.);
#8445=ORIENTED_EDGE('',*,*,#5906,.T.);
#8446=ORIENTED_EDGE('',*,*,#5907,.F.);
#8447=ORIENTED_EDGE('',*,*,#5880,.F.);
#8448=ORIENTED_EDGE('',*,*,#5908,.F.);
#8449=ORIENTED_EDGE('',*,*,#5909,.F.);
#8450=ORIENTED_EDGE('',*,*,#5895,.T.);
#8451=ORIENTED_EDGE('',*,*,#5907,.T.);
#8452=ORIENTED_EDGE('',*,*,#5905,.T.);
#8453=ORIENTED_EDGE('',*,*,#5896,.T.);
#8454=ORIENTED_EDGE('',*,*,#5909,.T.);
#8455=ORIENTED_EDGE('',*,*,#5910,.F.);
#8456=ORIENTED_EDGE('',*,*,#5885,.F.);
#8457=ORIENTED_EDGE('',*,*,#5879,.F.);
#8458=ORIENTED_EDGE('',*,*,#5886,.T.);
#8459=ORIENTED_EDGE('',*,*,#5910,.T.);
#8460=ORIENTED_EDGE('',*,*,#5908,.T.);
#8461=ORIENTED_EDGE('',*,*,#5891,.F.);
#8462=ORIENTED_EDGE('',*,*,#5874,.F.);
#8463=ORIENTED_EDGE('',*,*,#5911,.T.);
#8464=ORIENTED_EDGE('',*,*,#5912,.F.);
#8465=ORIENTED_EDGE('',*,*,#5872,.F.);
#8466=ORIENTED_EDGE('',*,*,#5913,.F.);
#8467=ORIENTED_EDGE('',*,*,#5911,.F.);
#8468=ORIENTED_EDGE('',*,*,#5873,.F.);
#8469=ORIENTED_EDGE('',*,*,#5871,.F.);
#8470=ORIENTED_EDGE('',*,*,#5914,.F.);
#8471=ORIENTED_EDGE('',*,*,#5915,.F.);
#8472=ORIENTED_EDGE('',*,*,#5892,.T.);
#8473=ORIENTED_EDGE('',*,*,#5912,.T.);
#8474=ORIENTED_EDGE('',*,*,#5913,.T.);
#8475=ORIENTED_EDGE('',*,*,#5893,.T.);
#8476=ORIENTED_EDGE('',*,*,#5915,.T.);
#8477=ORIENTED_EDGE('',*,*,#5916,.F.);
#8478=ORIENTED_EDGE('',*,*,#5876,.F.);
#8479=ORIENTED_EDGE('',*,*,#5870,.F.);
#8480=ORIENTED_EDGE('',*,*,#5877,.T.);
#8481=ORIENTED_EDGE('',*,*,#5916,.T.);
#8482=ORIENTED_EDGE('',*,*,#5914,.T.);
#8483=ORIENTED_EDGE('',*,*,#5917,.T.);
#8484=ORIENTED_EDGE('',*,*,#5918,.T.);
#8485=ORIENTED_EDGE('',*,*,#5919,.F.);
#8486=ORIENTED_EDGE('',*,*,#5920,.F.);
#8487=ORIENTED_EDGE('',*,*,#5921,.T.);
#8488=ORIENTED_EDGE('',*,*,#5920,.T.);
#8489=ORIENTED_EDGE('',*,*,#5922,.F.);
#8490=ORIENTED_EDGE('',*,*,#5923,.F.);
#8491=ORIENTED_EDGE('',*,*,#5924,.T.);
#8492=ORIENTED_EDGE('',*,*,#5923,.T.);
#8493=ORIENTED_EDGE('',*,*,#5925,.F.);
#8494=ORIENTED_EDGE('',*,*,#5926,.F.);
#8495=ORIENTED_EDGE('',*,*,#5927,.T.);
#8496=ORIENTED_EDGE('',*,*,#5926,.T.);
#8497=ORIENTED_EDGE('',*,*,#5928,.F.);
#8498=ORIENTED_EDGE('',*,*,#5918,.F.);
#8499=ORIENTED_EDGE('',*,*,#5927,.F.);
#8500=ORIENTED_EDGE('',*,*,#5917,.F.);
#8501=ORIENTED_EDGE('',*,*,#5921,.F.);
#8502=ORIENTED_EDGE('',*,*,#5924,.F.);
#8503=ORIENTED_EDGE('',*,*,#5928,.T.);
#8504=ORIENTED_EDGE('',*,*,#5925,.T.);
#8505=ORIENTED_EDGE('',*,*,#5922,.T.);
#8506=ORIENTED_EDGE('',*,*,#5919,.T.);
#8507=CONICAL_SURFACE('',#9004,2.2,0.785398163397447);
#8508=CONICAL_SURFACE('',#9013,2.20000000000001,0.785398163397449);
#8509=CONICAL_SURFACE('',#9017,2.20000000000001,0.785398163397448);
#8510=CONICAL_SURFACE('',#9026,2.2,0.785398163397446);
#8511=CONICAL_SURFACE('',#9354,26.,0.785398163397449);
#8512=CONICAL_SURFACE('',#9545,6.6,0.785398163397446);
#8513=CONICAL_SURFACE('',#9551,6.6,0.785398163397444);
#8514=CONICAL_SURFACE('',#9582,5.,0.785398163397451);
#8515=CONICAL_SURFACE('',#9586,5.,0.785398163397448);
#8516=ADVANCED_FACE('',(#757),#8507,.F.);
#8517=ADVANCED_FACE('',(#758,#376,#377,#378,#379,#380),#467,.T.);
#8518=ADVANCED_FACE('',(#759),#274,.F.);
#8519=ADVANCED_FACE('',(#760),#8508,.F.);
#8520=ADVANCED_FACE('',(#761),#275,.F.);
#8521=ADVANCED_FACE('',(#762),#8509,.F.);
#8522=ADVANCED_FACE('',(#763,#381,#382,#383,#384,#385),#468,.T.);
#8523=ADVANCED_FACE('',(#764),#276,.F.);
#8524=ADVANCED_FACE('',(#765),#8510,.F.);
#8525=ADVANCED_FACE('',(#766),#277,.F.);
#8526=ADVANCED_FACE('',(#767),#469,.T.);
#8527=ADVANCED_FACE('',(#768),#470,.T.);
#8528=ADVANCED_FACE('',(#769),#471,.T.);
#8529=ADVANCED_FACE('',(#770),#472,.T.);
#8530=ADVANCED_FACE('',(#771),#473,.T.);
#8531=ADVANCED_FACE('',(#772),#474,.T.);
#8532=ADVANCED_FACE('',(#773),#278,.T.);
#8533=ADVANCED_FACE('',(#774),#279,.T.);
#8534=ADVANCED_FACE('',(#775),#280,.T.);
#8535=ADVANCED_FACE('',(#776),#475,.T.);
#8536=ADVANCED_FACE('',(#777),#476,.T.);
#8537=ADVANCED_FACE('',(#778,#386),#477,.T.);
#8538=ADVANCED_FACE('',(#779,#387),#478,.T.);
#8539=ADVANCED_FACE('',(#780,#388,#389),#479,.T.);
#8540=ADVANCED_FACE('',(#781),#480,.T.);
#8541=ADVANCED_FACE('',(#782),#481,.T.);
#8542=ADVANCED_FACE('',(#783),#482,.T.);
#8543=ADVANCED_FACE('',(#784),#483,.T.);
#8544=ADVANCED_FACE('',(#785),#484,.T.);
#8545=ADVANCED_FACE('',(#786),#485,.F.);
#8546=ADVANCED_FACE('',(#787),#486,.T.);
#8547=ADVANCED_FACE('',(#788,#390),#487,.T.);
#8548=ADVANCED_FACE('',(#789),#281,.F.);
#8549=ADVANCED_FACE('',(#790),#488,.T.);
#8550=ADVANCED_FACE('',(#791),#489,.T.);
#8551=ADVANCED_FACE('',(#792),#36,.T.);
#8552=ADVANCED_FACE('',(#793),#490,.T.);
#8553=ADVANCED_FACE('',(#794),#491,.T.);
#8554=ADVANCED_FACE('',(#795),#492,.T.);
#8555=ADVANCED_FACE('',(#796),#493,.T.);
#8556=ADVANCED_FACE('',(#797),#494,.F.);
#8557=ADVANCED_FACE('',(#798),#495,.F.);
#8558=ADVANCED_FACE('',(#799),#496,.F.);
#8559=ADVANCED_FACE('',(#800),#497,.T.);
#8560=ADVANCED_FACE('',(#801),#498,.T.);
#8561=ADVANCED_FACE('',(#802),#499,.F.);
#8562=ADVANCED_FACE('',(#803),#500,.F.);
#8563=ADVANCED_FACE('',(#804),#501,.F.);
#8564=ADVANCED_FACE('',(#805),#502,.T.);
#8565=ADVANCED_FACE('',(#806,#391,#392,#393),#503,.T.);
#8566=ADVANCED_FACE('',(#807),#504,.F.);
#8567=ADVANCED_FACE('',(#808,#394),#505,.T.);
#8568=ADVANCED_FACE('',(#809),#506,.T.);
#8569=ADVANCED_FACE('',(#810),#507,.F.);
#8570=ADVANCED_FACE('',(#811),#508,.F.);
#8571=ADVANCED_FACE('',(#812,#395),#509,.T.);
#8572=ADVANCED_FACE('',(#813),#282,.F.);
#8573=ADVANCED_FACE('',(#814),#510,.T.);
#8574=ADVANCED_FACE('',(#815),#511,.F.);
#8575=ADVANCED_FACE('',(#816),#512,.F.);
#8576=ADVANCED_FACE('',(#817),#513,.F.);
#8577=ADVANCED_FACE('',(#818),#514,.F.);
#8578=ADVANCED_FACE('',(#819),#515,.F.);
#8579=ADVANCED_FACE('',(#820),#516,.F.);
#8580=ADVANCED_FACE('',(#821),#517,.F.);
#8581=ADVANCED_FACE('',(#822),#518,.T.);
#8582=ADVANCED_FACE('',(#823),#519,.T.);
#8583=ADVANCED_FACE('',(#824),#520,.T.);
#8584=ADVANCED_FACE('',(#825),#521,.T.);
#8585=ADVANCED_FACE('',(#826),#283,.T.);
#8586=ADVANCED_FACE('',(#827),#522,.T.);
#8587=ADVANCED_FACE('',(#828),#523,.T.);
#8588=ADVANCED_FACE('',(#829),#284,.T.);
#8589=ADVANCED_FACE('',(#830),#285,.F.);
#8590=ADVANCED_FACE('',(#831),#524,.F.);
#8591=ADVANCED_FACE('',(#832),#286,.F.);
#8592=ADVANCED_FACE('',(#833,#396,#397),#525,.F.);
#8593=ADVANCED_FACE('',(#834),#287,.F.);
#8594=ADVANCED_FACE('',(#835),#288,.F.);
#8595=ADVANCED_FACE('',(#836,#398,#399),#526,.T.);
#8596=ADVANCED_FACE('',(#837),#527,.F.);
#8597=ADVANCED_FACE('',(#838),#289,.F.);
#8598=ADVANCED_FACE('',(#839),#290,.F.);
#8599=ADVANCED_FACE('',(#840),#528,.T.);
#8600=ADVANCED_FACE('',(#841),#291,.F.);
#8601=ADVANCED_FACE('',(#842),#292,.F.);
#8602=ADVANCED_FACE('',(#843),#529,.F.);
#8603=ADVANCED_FACE('',(#844),#530,.T.);
#8604=ADVANCED_FACE('',(#845),#293,.F.);
#8605=ADVANCED_FACE('',(#846),#531,.F.);
#8606=ADVANCED_FACE('',(#847),#294,.F.);
#8607=ADVANCED_FACE('',(#848),#295,.F.);
#8608=ADVANCED_FACE('',(#849),#532,.T.);
#8609=ADVANCED_FACE('',(#850),#296,.F.);
#8610=ADVANCED_FACE('',(#851),#533,.F.);
#8611=ADVANCED_FACE('',(#852),#297,.F.);
#8612=ADVANCED_FACE('',(#853),#298,.F.);
#8613=ADVANCED_FACE('',(#854),#534,.F.);
#8614=ADVANCED_FACE('',(#855),#299,.F.);
#8615=ADVANCED_FACE('',(#856),#535,.T.);
#8616=ADVANCED_FACE('',(#857),#536,.F.);
#8617=ADVANCED_FACE('',(#858),#300,.F.);
#8618=ADVANCED_FACE('',(#859),#301,.F.);
#8619=ADVANCED_FACE('',(#860),#537,.F.);
#8620=ADVANCED_FACE('',(#861),#302,.F.);
#8621=ADVANCED_FACE('',(#862),#303,.F.);
#8622=ADVANCED_FACE('',(#863),#538,.T.);
#8623=ADVANCED_FACE('',(#864),#304,.F.);
#8624=ADVANCED_FACE('',(#865),#539,.F.);
#8625=ADVANCED_FACE('',(#866),#305,.F.);
#8626=ADVANCED_FACE('',(#867),#306,.F.);
#8627=ADVANCED_FACE('',(#868),#540,.F.);
#8628=ADVANCED_FACE('',(#869),#307,.F.);
#8629=ADVANCED_FACE('',(#870),#541,.T.);
#8630=ADVANCED_FACE('',(#871),#308,.F.);
#8631=ADVANCED_FACE('',(#872),#542,.T.);
#8632=ADVANCED_FACE('',(#873),#309,.F.);
#8633=ADVANCED_FACE('',(#874),#543,.T.);
#8634=ADVANCED_FACE('',(#875),#310,.F.);
#8635=ADVANCED_FACE('',(#876),#311,.F.);
#8636=ADVANCED_FACE('',(#877),#544,.T.);
#8637=ADVANCED_FACE('',(#878),#312,.F.);
#8638=ADVANCED_FACE('',(#879),#545,.F.);
#8639=ADVANCED_FACE('',(#880),#313,.F.);
#8640=ADVANCED_FACE('',(#881),#314,.F.);
#8641=ADVANCED_FACE('',(#882),#546,.T.);
#8642=ADVANCED_FACE('',(#883),#315,.F.);
#8643=ADVANCED_FACE('',(#884),#547,.F.);
#8644=ADVANCED_FACE('',(#885),#316,.F.);
#8645=ADVANCED_FACE('',(#886),#317,.F.);
#8646=ADVANCED_FACE('',(#887),#548,.T.);
#8647=ADVANCED_FACE('',(#888),#318,.F.);
#8648=ADVANCED_FACE('',(#889),#549,.F.);
#8649=ADVANCED_FACE('',(#890),#319,.F.);
#8650=ADVANCED_FACE('',(#891),#320,.F.);
#8651=ADVANCED_FACE('',(#892),#550,.T.);
#8652=ADVANCED_FACE('',(#893),#321,.F.);
#8653=ADVANCED_FACE('',(#894),#551,.F.);
#8654=ADVANCED_FACE('',(#895),#322,.F.);
#8655=ADVANCED_FACE('',(#896),#323,.F.);
#8656=ADVANCED_FACE('',(#897),#552,.F.);
#8657=ADVANCED_FACE('',(#898),#553,.T.);
#8658=ADVANCED_FACE('',(#899),#554,.T.);
#8659=ADVANCED_FACE('',(#900,#400,#401,#402,#403,#404,#405,#406),#555,.T.);
#8660=ADVANCED_FACE('',(#901),#556,.F.);
#8661=ADVANCED_FACE('',(#902),#557,.T.);
#8662=ADVANCED_FACE('',(#903),#558,.T.);
#8663=ADVANCED_FACE('',(#904),#559,.T.);
#8664=ADVANCED_FACE('',(#905),#560,.T.);
#8665=ADVANCED_FACE('',(#906),#561,.T.);
#8666=ADVANCED_FACE('',(#907),#562,.T.);
#8667=ADVANCED_FACE('',(#908),#563,.F.);
#8668=ADVANCED_FACE('',(#909),#564,.F.);
#8669=ADVANCED_FACE('',(#910),#565,.F.);
#8670=ADVANCED_FACE('',(#911),#566,.T.);
#8671=ADVANCED_FACE('',(#912),#567,.T.);
#8672=ADVANCED_FACE('',(#913),#568,.F.);
#8673=ADVANCED_FACE('',(#914,#407),#569,.F.);
#8674=ADVANCED_FACE('',(#915,#408,#409),#570,.F.);
#8675=ADVANCED_FACE('',(#916,#410),#571,.F.);
#8676=ADVANCED_FACE('',(#917),#572,.F.);
#8677=ADVANCED_FACE('',(#918),#573,.F.);
#8678=ADVANCED_FACE('',(#919),#37,.T.);
#8679=ADVANCED_FACE('',(#920,#411),#574,.T.);
#8680=ADVANCED_FACE('',(#921),#575,.T.);
#8681=ADVANCED_FACE('',(#922),#324,.F.);
#8682=ADVANCED_FACE('',(#923),#325,.F.);
#8683=ADVANCED_FACE('',(#924),#326,.F.);
#8684=ADVANCED_FACE('',(#925),#576,.F.);
#8685=ADVANCED_FACE('',(#926),#327,.F.);
#8686=ADVANCED_FACE('',(#927),#328,.F.);
#8687=ADVANCED_FACE('',(#928),#577,.F.);
#8688=ADVANCED_FACE('',(#929),#329,.F.);
#8689=ADVANCED_FACE('',(#930),#578,.F.);
#8690=ADVANCED_FACE('',(#931),#579,.F.);
#8691=ADVANCED_FACE('',(#932),#580,.F.);
#8692=ADVANCED_FACE('',(#933),#581,.F.);
#8693=ADVANCED_FACE('',(#934),#582,.T.);
#8694=ADVANCED_FACE('',(#935),#583,.T.);
#8695=ADVANCED_FACE('',(#936),#584,.T.);
#8696=ADVANCED_FACE('',(#937),#585,.T.);
#8697=ADVANCED_FACE('',(#938),#586,.F.);
#8698=ADVANCED_FACE('',(#939,#412,#413),#587,.F.);
#8699=ADVANCED_FACE('',(#940),#588,.F.);
#8700=ADVANCED_FACE('',(#941),#589,.T.);
#8701=ADVANCED_FACE('',(#942),#590,.T.);
#8702=ADVANCED_FACE('',(#943),#591,.T.);
#8703=ADVANCED_FACE('',(#944),#592,.T.);
#8704=ADVANCED_FACE('',(#945,#414),#593,.T.);
#8705=ADVANCED_FACE('',(#946),#330,.F.);
#8706=ADVANCED_FACE('',(#947,#415),#594,.F.);
#8707=ADVANCED_FACE('',(#948),#595,.T.);
#8708=ADVANCED_FACE('',(#949),#596,.T.);
#8709=ADVANCED_FACE('',(#950),#597,.T.);
#8710=ADVANCED_FACE('',(#951,#416,#417,#418),#598,.T.);
#8711=ADVANCED_FACE('',(#952),#331,.F.);
#8712=ADVANCED_FACE('',(#953,#419),#599,.F.);
#8713=ADVANCED_FACE('',(#954),#600,.T.);
#8714=ADVANCED_FACE('',(#955),#601,.T.);
#8715=ADVANCED_FACE('',(#956),#602,.T.);
#8716=ADVANCED_FACE('',(#957),#603,.T.);
#8717=ADVANCED_FACE('',(#958),#604,.T.);
#8718=ADVANCED_FACE('',(#959),#605,.T.);
#8719=ADVANCED_FACE('',(#960),#606,.T.);
#8720=ADVANCED_FACE('',(#961),#332,.F.);
#8721=ADVANCED_FACE('',(#962),#607,.T.);
#8722=ADVANCED_FACE('',(#963),#333,.T.);
#8723=ADVANCED_FACE('',(#964,#420),#608,.T.);
#8724=ADVANCED_FACE('',(#965),#334,.T.);
#8725=ADVANCED_FACE('',(#966),#609,.T.);
#8726=ADVANCED_FACE('',(#967),#610,.T.);
#8727=ADVANCED_FACE('',(#968),#611,.T.);
#8728=ADVANCED_FACE('',(#969),#612,.T.);
#8729=ADVANCED_FACE('',(#970),#613,.T.);
#8730=ADVANCED_FACE('',(#971),#614,.T.);
#8731=ADVANCED_FACE('',(#972),#335,.T.);
#8732=ADVANCED_FACE('',(#973,#421),#615,.T.);
#8733=ADVANCED_FACE('',(#974),#336,.F.);
#8734=ADVANCED_FACE('',(#975),#616,.T.);
#8735=ADVANCED_FACE('',(#976),#337,.F.);
#8736=ADVANCED_FACE('',(#977),#617,.T.);
#8737=ADVANCED_FACE('',(#978,#422),#618,.T.);
#8738=ADVANCED_FACE('',(#979),#8511,.F.);
#8739=ADVANCED_FACE('',(#980,#423,#424,#425,#426,#427,#428,#429,#430,#431,
#432,#433,#434,#435,#436),#619,.T.);
#8740=ADVANCED_FACE('',(#981),#620,.T.);
#8741=ADVANCED_FACE('',(#982),#621,.F.);
#8742=ADVANCED_FACE('',(#983),#622,.T.);
#8743=ADVANCED_FACE('',(#984),#623,.T.);
#8744=ADVANCED_FACE('',(#985),#624,.T.);
#8745=ADVANCED_FACE('',(#986),#338,.T.);
#8746=ADVANCED_FACE('',(#987),#625,.T.);
#8747=ADVANCED_FACE('',(#988),#339,.T.);
#8748=ADVANCED_FACE('',(#989),#13,.T.);
#8749=ADVANCED_FACE('',(#990),#340,.T.);
#8750=ADVANCED_FACE('',(#991),#14,.T.);
#8751=ADVANCED_FACE('',(#992),#341,.T.);
#8752=ADVANCED_FACE('',(#993),#626,.T.);
#8753=ADVANCED_FACE('',(#994),#342,.T.);
#8754=ADVANCED_FACE('',(#995),#627,.T.);
#8755=ADVANCED_FACE('',(#996),#343,.T.);
#8756=ADVANCED_FACE('',(#997),#628,.T.);
#8757=ADVANCED_FACE('',(#998),#344,.F.);
#8758=ADVANCED_FACE('',(#999),#629,.F.);
#8759=ADVANCED_FACE('',(#1000),#345,.F.);
#8760=ADVANCED_FACE('',(#1001),#630,.F.);
#8761=ADVANCED_FACE('',(#1002),#346,.T.);
#8762=ADVANCED_FACE('',(#1003),#631,.T.);
#8763=ADVANCED_FACE('',(#1004),#632,.T.);
#8764=ADVANCED_FACE('',(#1005),#347,.T.);
#8765=ADVANCED_FACE('',(#1006,#437),#633,.T.);
#8766=ADVANCED_FACE('',(#1007),#634,.T.);
#8767=ADVANCED_FACE('',(#1008),#348,.T.);
#8768=ADVANCED_FACE('',(#1009),#349,.T.);
#8769=ADVANCED_FACE('',(#1010),#635,.T.);
#8770=ADVANCED_FACE('',(#1011,#438),#636,.T.);
#8771=ADVANCED_FACE('',(#1012),#637,.T.);
#8772=ADVANCED_FACE('',(#1013),#350,.T.);
#8773=ADVANCED_FACE('',(#1014,#439),#638,.F.);
#8774=ADVANCED_FACE('',(#1015),#639,.T.);
#8775=ADVANCED_FACE('',(#1016),#351,.T.);
#8776=ADVANCED_FACE('',(#1017),#640,.T.);
#8777=ADVANCED_FACE('',(#1018),#352,.T.);
#8778=ADVANCED_FACE('',(#1019,#440),#641,.F.);
#8779=ADVANCED_FACE('',(#1020),#642,.T.);
#8780=ADVANCED_FACE('',(#1021),#353,.T.);
#8781=ADVANCED_FACE('',(#1022),#354,.F.);
#8782=ADVANCED_FACE('',(#1023),#355,.F.);
#8783=ADVANCED_FACE('',(#1024),#356,.F.);
#8784=ADVANCED_FACE('',(#1025),#357,.F.);
#8785=ADVANCED_FACE('',(#1026),#643,.F.);
#8786=ADVANCED_FACE('',(#1027),#358,.T.);
#8787=ADVANCED_FACE('',(#1028,#441,#442),#644,.T.);
#8788=ADVANCED_FACE('',(#1029),#359,.T.);
#8789=ADVANCED_FACE('',(#1030,#443,#444),#645,.T.);
#8790=ADVANCED_FACE('',(#1031),#360,.F.);
#8791=ADVANCED_FACE('',(#1032),#646,.T.);
#8792=ADVANCED_FACE('',(#1033,#445,#446,#447,#448),#647,.F.);
#8793=ADVANCED_FACE('',(#1034),#648,.T.);
#8794=ADVANCED_FACE('',(#1035),#361,.F.);
#8795=ADVANCED_FACE('',(#1036),#649,.T.);
#8796=ADVANCED_FACE('',(#1037),#650,.F.);
#8797=ADVANCED_FACE('',(#1038),#651,.F.);
#8798=ADVANCED_FACE('',(#1039),#652,.T.);
#8799=ADVANCED_FACE('',(#1040),#653,.T.);
#8800=ADVANCED_FACE('',(#1041),#654,.T.);
#8801=ADVANCED_FACE('',(#1042),#655,.T.);
#8802=ADVANCED_FACE('',(#1043),#656,.T.);
#8803=ADVANCED_FACE('',(#1044),#657,.T.);
#8804=ADVANCED_FACE('',(#1045,#449),#658,.F.);
#8805=ADVANCED_FACE('',(#1046),#659,.F.);
#8806=ADVANCED_FACE('',(#1047,#450),#660,.F.);
#8807=ADVANCED_FACE('',(#1048),#661,.F.);
#8808=ADVANCED_FACE('',(#1049),#662,.F.);
#8809=ADVANCED_FACE('',(#1050),#663,.F.);
#8810=ADVANCED_FACE('',(#1051),#38,.F.);
#8811=ADVANCED_FACE('',(#1052),#39,.F.);
#8812=ADVANCED_FACE('',(#1053),#40,.F.);
#8813=ADVANCED_FACE('',(#1054),#41,.F.);
#8814=ADVANCED_FACE('',(#1055),#42,.F.);
#8815=ADVANCED_FACE('',(#1056),#43,.F.);
#8816=ADVANCED_FACE('',(#1057),#44,.F.);
#8817=ADVANCED_FACE('',(#1058),#664,.F.);
#8818=ADVANCED_FACE('',(#1059),#665,.F.);
#8819=ADVANCED_FACE('',(#1060),#666,.F.);
#8820=ADVANCED_FACE('',(#1061),#667,.F.);
#8821=ADVANCED_FACE('',(#1062),#668,.F.);
#8822=ADVANCED_FACE('',(#1063),#669,.F.);
#8823=ADVANCED_FACE('',(#1064),#670,.F.);
#8824=ADVANCED_FACE('',(#1065),#671,.F.);
#8825=ADVANCED_FACE('',(#1066),#45,.F.);
#8826=ADVANCED_FACE('',(#1067),#672,.F.);
#8827=ADVANCED_FACE('',(#1068),#673,.F.);
#8828=ADVANCED_FACE('',(#1069),#674,.F.);
#8829=ADVANCED_FACE('',(#1070),#675,.F.);
#8830=ADVANCED_FACE('',(#1071),#46,.F.);
#8831=ADVANCED_FACE('',(#1072),#47,.F.);
#8832=ADVANCED_FACE('',(#1073),#48,.F.);
#8833=ADVANCED_FACE('',(#1074),#49,.F.);
#8834=ADVANCED_FACE('',(#1075),#50,.F.);
#8835=ADVANCED_FACE('',(#1076),#676,.F.);
#8836=ADVANCED_FACE('',(#1077),#51,.F.);
#8837=ADVANCED_FACE('',(#1078),#52,.F.);
#8838=ADVANCED_FACE('',(#1079),#53,.F.);
#8839=ADVANCED_FACE('',(#1080),#54,.F.);
#8840=ADVANCED_FACE('',(#1081),#55,.F.);
#8841=ADVANCED_FACE('',(#1082),#56,.F.);
#8842=ADVANCED_FACE('',(#1083),#57,.F.);
#8843=ADVANCED_FACE('',(#1084),#58,.F.);
#8844=ADVANCED_FACE('',(#1085),#59,.F.);
#8845=ADVANCED_FACE('',(#1086),#677,.F.);
#8846=ADVANCED_FACE('',(#1087),#678,.F.);
#8847=ADVANCED_FACE('',(#1088),#679,.F.);
#8848=ADVANCED_FACE('',(#1089),#680,.F.);
#8849=ADVANCED_FACE('',(#1090),#681,.F.);
#8850=ADVANCED_FACE('',(#1091),#60,.F.);
#8851=ADVANCED_FACE('',(#1092),#61,.F.);
#8852=ADVANCED_FACE('',(#1093),#62,.F.);
#8853=ADVANCED_FACE('',(#1094),#63,.F.);
#8854=ADVANCED_FACE('',(#1095),#682,.F.);
#8855=ADVANCED_FACE('',(#1096),#64,.F.);
#8856=ADVANCED_FACE('',(#1097),#65,.F.);
#8857=ADVANCED_FACE('',(#1098),#66,.F.);
#8858=ADVANCED_FACE('',(#1099),#67,.F.);
#8859=ADVANCED_FACE('',(#1100),#68,.F.);
#8860=ADVANCED_FACE('',(#1101),#683,.T.);
#8861=ADVANCED_FACE('',(#1102),#684,.T.);
#8862=ADVANCED_FACE('',(#1103),#685,.T.);
#8863=ADVANCED_FACE('',(#1104,#451,#452,#453,#454,#455,#456,#457,#458,#459,
#460,#461,#462),#686,.T.);
#8864=ADVANCED_FACE('',(#1105),#69,.F.);
#8865=ADVANCED_FACE('',(#1106),#687,.F.);
#8866=ADVANCED_FACE('',(#1107),#688,.T.);
#8867=ADVANCED_FACE('',(#1108),#689,.T.);
#8868=ADVANCED_FACE('',(#1109),#690,.T.);
#8869=ADVANCED_FACE('',(#1110),#691,.T.);
#8870=ADVANCED_FACE('',(#1111),#70,.F.);
#8871=ADVANCED_FACE('',(#1112),#692,.T.);
#8872=ADVANCED_FACE('',(#1113),#693,.T.);
#8873=ADVANCED_FACE('',(#1114),#694,.F.);
#8874=ADVANCED_FACE('',(#1115),#695,.T.);
#8875=ADVANCED_FACE('',(#1116),#696,.T.);
#8876=ADVANCED_FACE('',(#1117),#697,.T.);
#8877=ADVANCED_FACE('',(#1118),#698,.T.);
#8878=ADVANCED_FACE('',(#1119),#699,.F.);
#8879=ADVANCED_FACE('',(#1120),#700,.F.);
#8880=ADVANCED_FACE('',(#1121),#701,.F.);
#8881=ADVANCED_FACE('',(#1122),#71,.F.);
#8882=ADVANCED_FACE('',(#1123),#72,.F.);
#8883=ADVANCED_FACE('',(#1124),#73,.F.);
#8884=ADVANCED_FACE('',(#1125),#74,.F.);
#8885=ADVANCED_FACE('',(#1126),#75,.F.);
#8886=ADVANCED_FACE('',(#1127),#76,.F.);
#8887=ADVANCED_FACE('',(#1128),#77,.F.);
#8888=ADVANCED_FACE('',(#1129),#78,.F.);
#8889=ADVANCED_FACE('',(#1130),#702,.F.);
#8890=ADVANCED_FACE('',(#1131),#703,.F.);
#8891=ADVANCED_FACE('',(#1132),#704,.F.);
#8892=ADVANCED_FACE('',(#1133),#705,.F.);
#8893=ADVANCED_FACE('',(#1134),#706,.F.);
#8894=ADVANCED_FACE('',(#1135),#707,.F.);
#8895=ADVANCED_FACE('',(#1136),#79,.F.);
#8896=ADVANCED_FACE('',(#1137),#80,.F.);
#8897=ADVANCED_FACE('',(#1138),#81,.F.);
#8898=ADVANCED_FACE('',(#1139),#82,.F.);
#8899=ADVANCED_FACE('',(#1140),#83,.F.);
#8900=ADVANCED_FACE('',(#1141),#84,.F.);
#8901=ADVANCED_FACE('',(#1142),#85,.F.);
#8902=ADVANCED_FACE('',(#1143),#86,.F.);
#8903=ADVANCED_FACE('',(#1144),#87,.F.);
#8904=ADVANCED_FACE('',(#1145),#88,.F.);
#8905=ADVANCED_FACE('',(#1146),#89,.F.);
#8906=ADVANCED_FACE('',(#1147),#90,.F.);
#8907=ADVANCED_FACE('',(#1148),#91,.F.);
#8908=ADVANCED_FACE('',(#1149),#92,.F.);
#8909=ADVANCED_FACE('',(#1150),#93,.F.);
#8910=ADVANCED_FACE('',(#1151),#708,.F.);
#8911=ADVANCED_FACE('',(#1152),#94,.F.);
#8912=ADVANCED_FACE('',(#1153),#95,.F.);
#8913=ADVANCED_FACE('',(#1154),#96,.F.);
#8914=ADVANCED_FACE('',(#1155),#709,.F.);
#8915=ADVANCED_FACE('',(#1156),#97,.F.);
#8916=ADVANCED_FACE('',(#1157),#98,.F.);
#8917=ADVANCED_FACE('',(#1158),#99,.F.);
#8918=ADVANCED_FACE('',(#1159),#710,.F.);
#8919=ADVANCED_FACE('',(#1160),#711,.F.);
#8920=ADVANCED_FACE('',(#1161),#712,.F.);
#8921=ADVANCED_FACE('',(#1162),#713,.F.);
#8922=ADVANCED_FACE('',(#1163),#714,.F.);
#8923=ADVANCED_FACE('',(#1164),#715,.T.);
#8924=ADVANCED_FACE('',(#1165),#716,.T.);
#8925=ADVANCED_FACE('',(#1166),#717,.T.);
#8926=ADVANCED_FACE('',(#1167),#718,.T.);
#8927=ADVANCED_FACE('',(#1168),#719,.T.);
#8928=ADVANCED_FACE('',(#1169),#720,.T.);
#8929=ADVANCED_FACE('',(#1170),#100,.F.);
#8930=ADVANCED_FACE('',(#1171),#101,.F.);
#8931=ADVANCED_FACE('',(#1172),#721,.T.);
#8932=ADVANCED_FACE('',(#1173),#722,.T.);
#8933=ADVANCED_FACE('',(#1174),#723,.T.);
#8934=ADVANCED_FACE('',(#1175),#724,.T.);
#8935=ADVANCED_FACE('',(#1176),#725,.T.);
#8936=ADVANCED_FACE('',(#1177),#726,.F.);
#8937=ADVANCED_FACE('',(#1178),#727,.T.);
#8938=ADVANCED_FACE('',(#1179),#8512,.T.);
#8939=ADVANCED_FACE('',(#1180),#728,.T.);
#8940=ADVANCED_FACE('',(#1181),#362,.T.);
#8941=ADVANCED_FACE('',(#1182),#8513,.T.);
#8942=ADVANCED_FACE('',(#1183),#363,.T.);
#8943=ADVANCED_FACE('',(#1184),#729,.T.);
#8944=ADVANCED_FACE('',(#1185,#463,#464),#730,.F.);
#8945=ADVANCED_FACE('',(#1186),#731,.T.);
#8946=ADVANCED_FACE('',(#1187),#364,.F.);
#8947=ADVANCED_FACE('',(#1188),#732,.T.);
#8948=ADVANCED_FACE('',(#1189),#365,.T.);
#8949=ADVANCED_FACE('',(#1190),#733,.T.);
#8950=ADVANCED_FACE('',(#1191),#366,.T.);
#8951=ADVANCED_FACE('',(#1192),#367,.F.);
#8952=ADVANCED_FACE('',(#1193),#734,.T.);
#8953=ADVANCED_FACE('',(#1194),#735,.F.);
#8954=ADVANCED_FACE('',(#1195),#736,.T.);
#8955=ADVANCED_FACE('',(#1196),#368,.T.);
#8956=ADVANCED_FACE('',(#1197),#369,.F.);
#8957=ADVANCED_FACE('',(#1198),#737,.T.);
#8958=ADVANCED_FACE('',(#1199),#738,.F.);
#8959=ADVANCED_FACE('',(#1200),#8514,.T.);
#8960=ADVANCED_FACE('',(#1201),#739,.T.);
#8961=ADVANCED_FACE('',(#1202),#8515,.T.);
#8962=ADVANCED_FACE('',(#1203),#740,.T.);
#8963=ADVANCED_FACE('',(#1204,#465,#466),#741,.F.);
#8964=ADVANCED_FACE('',(#1205),#370,.F.);
#8965=ADVANCED_FACE('',(#1206),#742,.T.);
#8966=ADVANCED_FACE('',(#1207),#371,.T.);
#8967=ADVANCED_FACE('',(#1208),#743,.T.);
#8968=ADVANCED_FACE('',(#1209),#744,.T.);
#8969=ADVANCED_FACE('',(#1210),#745,.T.);
#8970=ADVANCED_FACE('',(#1211),#372,.T.);
#8971=ADVANCED_FACE('',(#1212),#746,.T.);
#8972=ADVANCED_FACE('',(#1213),#373,.F.);
#8973=ADVANCED_FACE('',(#1214),#747,.F.);
#8974=ADVANCED_FACE('',(#1215),#374,.T.);
#8975=ADVANCED_FACE('',(#1216),#748,.T.);
#8976=ADVANCED_FACE('',(#1217),#749,.T.);
#8977=ADVANCED_FACE('',(#1218),#375,.F.);
#8978=ADVANCED_FACE('',(#1219),#750,.F.);
#8979=ADVANCED_FACE('',(#1220),#751,.T.);
#8980=ADVANCED_FACE('',(#1221),#752,.T.);
#8981=ADVANCED_FACE('',(#1222),#753,.T.);
#8982=ADVANCED_FACE('',(#1223),#754,.T.);
#8983=ADVANCED_FACE('',(#1224),#755,.T.);
#8984=ADVANCED_FACE('',(#1225),#756,.T.);
#8985=CLOSED_SHELL('',(#8516,#8517,#8518,#8519,#8520,#8521,#8522,#8523,
#8524,#8525,#8526,#8527,#8528,#8529,#8530,#8531,#8532,#8533,#8534,#8535,
#8536,#8537,#8538,#8539,#8540,#8541,#8542,#8543,#8544,#8545,#8546,#8547,
#8548,#8549,#8550,#8551,#8552,#8553,#8554,#8555,#8556,#8557,#8558,#8559,
#8560,#8561,#8562,#8563,#8564,#8565,#8566,#8567,#8568,#8569,#8570,#8571,
#8572,#8573,#8574,#8575,#8576,#8577,#8578,#8579,#8580,#8581,#8582,#8583,
#8584,#8585,#8586,#8587,#8588,#8589,#8590,#8591,#8592,#8593,#8594,#8595,
#8596,#8597,#8598,#8599,#8600,#8601,#8602,#8603,#8604,#8605,#8606,#8607,
#8608,#8609,#8610,#8611,#8612,#8613,#8614,#8615,#8616,#8617,#8618,#8619,
#8620,#8621,#8622,#8623,#8624,#8625,#8626,#8627,#8628,#8629,#8630,#8631,
#8632,#8633,#8634,#8635,#8636,#8637,#8638,#8639,#8640,#8641,#8642,#8643,
#8644,#8645,#8646,#8647,#8648,#8649,#8650,#8651,#8652,#8653,#8654,#8655,
#8656,#8657,#8658,#8659,#8660,#8661,#8662,#8663,#8664,#8665,#8666,#8667,
#8668,#8669,#8670,#8671,#8672,#8673,#8674,#8675,#8676,#8677,#8678,#8679,
#8680,#8681,#8682,#8683,#8684,#8685,#8686,#8687,#8688,#8689,#8690,#8691,
#8692,#8693,#8694,#8695,#8696,#8697,#8698,#8699,#8700,#8701,#8702,#8703,
#8704,#8705,#8706,#8707,#8708,#8709,#8710,#8711,#8712,#8713,#8714,#8715,
#8716,#8717,#8718,#8719,#8720,#8721,#8722,#8723,#8724,#8725,#8726,#8727,
#8728,#8729,#8730,#8731,#8732,#8733,#8734,#8735,#8736,#8737));
#8986=CLOSED_SHELL('',(#8738,#8739,#8740,#8741,#8742,#8743,#8744,#8745,
#8746,#8747,#8748,#8749,#8750,#8751,#8752,#8753,#8754,#8755,#8756,#8757,
#8758,#8759,#8760,#8761,#8762,#8763,#8764,#8765,#8766,#8767,#8768,#8769,
#8770,#8771,#8772,#8773,#8774,#8775,#8776,#8777,#8778,#8779,#8780,#8781,
#8782,#8783,#8784,#8785,#8786,#8787,#8788,#8789,#8790,#8791,#8792,#8793,
#8794,#8795,#8796,#8797,#8798,#8799,#8800,#8801,#8802,#8803,#8804,#8805,
#8806,#8807,#8808,#8809,#8810,#8811,#8812,#8813,#8814,#8815,#8816,#8817,
#8818,#8819,#8820,#8821,#8822,#8823,#8824,#8825,#8826,#8827,#8828,#8829,
#8830,#8831,#8832,#8833,#8834,#8835,#8836,#8837,#8838,#8839,#8840,#8841,
#8842,#8843,#8844,#8845,#8846,#8847,#8848,#8849,#8850,#8851,#8852,#8853,
#8854,#8855,#8856,#8857,#8858,#8859,#8860,#8861,#8862,#8863,#8864,#8865,
#8866,#8867,#8868,#8869,#8870,#8871,#8872,#8873,#8874,#8875,#8876,#8877,
#8878,#8879,#8880,#8881,#8882,#8883,#8884,#8885,#8886,#8887,#8888,#8889,
#8890,#8891,#8892,#8893,#8894,#8895,#8896,#8897,#8898,#8899,#8900,#8901,
#8902,#8903,#8904,#8905,#8906,#8907,#8908,#8909,#8910,#8911,#8912,#8913,
#8914,#8915,#8916,#8917,#8918,#8919,#8920,#8921,#8922,#8923,#8924,#8925,
#8926,#8927,#8928,#8929,#8930));
#8987=CLOSED_SHELL('',(#8931,#8932,#8933,#8934,#8935,#8936));
#8988=CLOSED_SHELL('',(#8937,#8938,#8939,#8940,#8941,#8942,#8943,#8944,
#8945,#8946,#8947,#8948,#8949,#8950,#8951,#8952,#8953,#8954,#8955,#8956,
#8957,#8958));
#8989=CLOSED_SHELL('',(#8959,#8960,#8961,#8962,#8963,#8964,#8965,#8966,
#8967,#8968,#8969,#8970,#8971,#8972,#8973,#8974,#8975,#8976,#8977,#8978));
#8990=CLOSED_SHELL('',(#8979,#8980,#8981,#8982,#8983,#8984));
#8991=DERIVED_UNIT_ELEMENT(#8993,1.);
#8992=DERIVED_UNIT_ELEMENT(#15846,-3.);
#8993=(
MASS_UNIT()
NAMED_UNIT(*)
SI_UNIT(.KILO.,.GRAM.)
);
#8994=DERIVED_UNIT((#8991,#8992));
#8995=MEASURE_REPRESENTATION_ITEM('density measure',
POSITIVE_RATIO_MEASURE(7850.),#8994);
#8996=PROPERTY_DEFINITION_REPRESENTATION(#9001,#8998);
#8997=PROPERTY_DEFINITION_REPRESENTATION(#9002,#8999);
#8998=REPRESENTATION('material name',(#9000),#15843);
#8999=REPRESENTATION('density',(#8995),#15843);
#9000=DESCRIPTIVE_REPRESENTATION_ITEM('Steel','Steel');
#9001=PROPERTY_DEFINITION('material property','material name',#15853);
#9002=PROPERTY_DEFINITION('material property','density of part',#15853);
#9003=AXIS2_PLACEMENT_3D('',#11763,#9624,#9625);
#9004=AXIS2_PLACEMENT_3D('',#11764,#9626,#9627);
#9005=AXIS2_PLACEMENT_3D('',#11766,#9628,#9629);
#9006=AXIS2_PLACEMENT_3D('',#11769,#9631,#9632);
#9007=AXIS2_PLACEMENT_3D('',#11770,#9633,#9634);
#9008=AXIS2_PLACEMENT_3D('',#11784,#9641,#9642);
#9009=AXIS2_PLACEMENT_3D('',#11786,#9643,#9644);
#9010=AXIS2_PLACEMENT_3D('',#11788,#9645,#9646);
#9011=AXIS2_PLACEMENT_3D('',#11797,#9651,#9652);
#9012=AXIS2_PLACEMENT_3D('',#11799,#9653,#9654);
#9013=AXIS2_PLACEMENT_3D('',#11801,#9656,#9657);
#9014=AXIS2_PLACEMENT_3D('',#11804,#9659,#9660);
#9015=AXIS2_PLACEMENT_3D('',#11805,#9661,#9662);
#9016=AXIS2_PLACEMENT_3D('',#11807,#9663,#9664);
#9017=AXIS2_PLACEMENT_3D('',#11809,#9666,#9667);
#9018=AXIS2_PLACEMENT_3D('',#11811,#9668,#9669);
#9019=AXIS2_PLACEMENT_3D('',#11814,#9671,#9672);
#9020=AXIS2_PLACEMENT_3D('',#11815,#9673,#9674);
#9021=AXIS2_PLACEMENT_3D('',#11829,#9681,#9682);
#9022=AXIS2_PLACEMENT_3D('',#11831,#9683,#9684);
#9023=AXIS2_PLACEMENT_3D('',#11833,#9685,#9686);
#9024=AXIS2_PLACEMENT_3D('',#11842,#9691,#9692);
#9025=AXIS2_PLACEMENT_3D('',#11845,#9694,#9695);
#9026=AXIS2_PLACEMENT_3D('',#11846,#9696,#9697);
#9027=AXIS2_PLACEMENT_3D('',#11849,#9699,#9700);
#9028=AXIS2_PLACEMENT_3D('',#11850,#9701,#9702);
#9029=AXIS2_PLACEMENT_3D('',#11853,#9704,#9705);
#9030=AXIS2_PLACEMENT_3D('',#11854,#9706,#9707);
#9031=AXIS2_PLACEMENT_3D('',#11863,#9712,#9713);
#9032=AXIS2_PLACEMENT_3D('',#11871,#9718,#9719);
#9033=AXIS2_PLACEMENT_3D('',#11877,#9722,#9723);
#9034=AXIS2_PLACEMENT_3D('',#11881,#9725,#9726);
#9035=AXIS2_PLACEMENT_3D('',#11893,#9733,#9734);
#9036=AXIS2_PLACEMENT_3D('',#11902,#9739,#9740);
#9037=AXIS2_PLACEMENT_3D('',#11906,#9742,#9743);
#9038=AXIS2_PLACEMENT_3D('',#11910,#9746,#9747);
#9039=AXIS2_PLACEMENT_3D('',#11916,#9750,#9751);
#9040=AXIS2_PLACEMENT_3D('',#11920,#9753,#9754);
#9041=AXIS2_PLACEMENT_3D('',#11932,#9761,#9762);
#9042=AXIS2_PLACEMENT_3D('',#11934,#9763,#9764);
#9043=AXIS2_PLACEMENT_3D('',#11937,#9766,#9767);
#9044=AXIS2_PLACEMENT_3D('',#11938,#9768,#9769);
#9045=AXIS2_PLACEMENT_3D('',#11941,#9771,#9772);
#9046=AXIS2_PLACEMENT_3D('',#11943,#9774,#9775);
#9047=AXIS2_PLACEMENT_3D('',#11946,#9777,#9778);
#9048=AXIS2_PLACEMENT_3D('',#11947,#9779,#9780);
#9049=AXIS2_PLACEMENT_3D('',#11949,#9782,#9783);
#9050=AXIS2_PLACEMENT_3D('',#11957,#9788,#9789);
#9051=AXIS2_PLACEMENT_3D('',#11967,#9794,#9795);
#9052=AXIS2_PLACEMENT_3D('',#11968,#9796,#9797);
#9053=AXIS2_PLACEMENT_3D('',#11989,#9805,#9806);
#9054=AXIS2_PLACEMENT_3D('',#11990,#9807,#9808);
#9055=AXIS2_PLACEMENT_3D('',#12014,#9820,#9821);
#9056=AXIS2_PLACEMENT_3D('',#12015,#9822,#9823);
#9057=AXIS2_PLACEMENT_3D('',#12018,#9826,#9827);
#9058=AXIS2_PLACEMENT_3D('',#12027,#9832,#9833);
#9059=AXIS2_PLACEMENT_3D('',#12033,#9837,#9838);
#9060=AXIS2_PLACEMENT_3D('',#12039,#9842,#9843);
#9061=AXIS2_PLACEMENT_3D('',#12042,#9846,#9847);
#9062=AXIS2_PLACEMENT_3D('',#12048,#9851,#9852);
#9063=AXIS2_PLACEMENT_3D('',#12063,#9858,#9859);
#9064=AXIS2_PLACEMENT_3D('',#12072,#9864,#9865);
#9065=AXIS2_PLACEMENT_3D('',#12074,#9866,#9867);
#9066=AXIS2_PLACEMENT_3D('',#12076,#9869,#9870);
#9067=AXIS2_PLACEMENT_3D('',#12089,#9877,#9878);
#9068=AXIS2_PLACEMENT_3D('',#12178,#9885,#9886);
#9069=AXIS2_PLACEMENT_3D('',#12187,#9892,#9893);
#9070=AXIS2_PLACEMENT_3D('',#12191,#9896,#9897);
#9071=AXIS2_PLACEMENT_3D('',#12197,#9901,#9902);
#9072=AXIS2_PLACEMENT_3D('',#12209,#9910,#9911);
#9073=AXIS2_PLACEMENT_3D('',#12211,#9913,#9914);
#9074=AXIS2_PLACEMENT_3D('',#12213,#9916,#9917);
#9075=AXIS2_PLACEMENT_3D('',#12215,#9919,#9920);
#9076=AXIS2_PLACEMENT_3D('',#12216,#9921,#9922);
#9077=AXIS2_PLACEMENT_3D('',#12217,#9923,#9924);
#9078=AXIS2_PLACEMENT_3D('',#12223,#9928,#9929);
#9079=AXIS2_PLACEMENT_3D('',#12227,#9932,#9933);
#9080=AXIS2_PLACEMENT_3D('',#12231,#9936,#9937);
#9081=AXIS2_PLACEMENT_3D('',#12236,#9941,#9942);
#9082=AXIS2_PLACEMENT_3D('',#12246,#9948,#9949);
#9083=AXIS2_PLACEMENT_3D('',#12265,#9958,#9959);
#9084=AXIS2_PLACEMENT_3D('',#12267,#9960,#9961);
#9085=AXIS2_PLACEMENT_3D('',#12271,#9963,#9964);
#9086=AXIS2_PLACEMENT_3D('',#12273,#9965,#9966);
#9087=AXIS2_PLACEMENT_3D('',#12275,#9968,#9969);
#9088=AXIS2_PLACEMENT_3D('',#12281,#9973,#9974);
#9089=AXIS2_PLACEMENT_3D('',#12291,#9980,#9981);
#9090=AXIS2_PLACEMENT_3D('',#12297,#9985,#9986);
#9091=AXIS2_PLACEMENT_3D('',#12299,#9988,#9989);
#9092=AXIS2_PLACEMENT_3D('',#12305,#9993,#9994);
#9093=AXIS2_PLACEMENT_3D('',#12316,#10000,#10001);
#9094=AXIS2_PLACEMENT_3D('',#12317,#10002,#10003);
#9095=AXIS2_PLACEMENT_3D('',#12319,#10005,#10006);
#9096=AXIS2_PLACEMENT_3D('',#12322,#10009,#10010);
#9097=AXIS2_PLACEMENT_3D('',#12324,#10011,#10012);
#9098=AXIS2_PLACEMENT_3D('',#12328,#10014,#10015);
#9099=AXIS2_PLACEMENT_3D('',#12341,#10022,#10023);
#9100=AXIS2_PLACEMENT_3D('',#12345,#10025,#10026);
#9101=AXIS2_PLACEMENT_3D('',#12351,#10030,#10031);
#9102=AXIS2_PLACEMENT_3D('',#12355,#10034,#10035);
#9103=AXIS2_PLACEMENT_3D('',#12359,#10038,#10039);
#9104=AXIS2_PLACEMENT_3D('',#12363,#10042,#10043);
#9105=AXIS2_PLACEMENT_3D('',#12367,#10046,#10047);
#9106=AXIS2_PLACEMENT_3D('',#12371,#10050,#10051);
#9107=AXIS2_PLACEMENT_3D('',#12373,#10053,#10054);
#9108=AXIS2_PLACEMENT_3D('',#12379,#10058,#10059);
#9109=AXIS2_PLACEMENT_3D('',#12383,#10062,#10063);
#9110=AXIS2_PLACEMENT_3D('',#12389,#10067,#10068);
#9111=AXIS2_PLACEMENT_3D('',#12393,#10071,#10072);
#9112=AXIS2_PLACEMENT_3D('',#12395,#10073,#10074);
#9113=AXIS2_PLACEMENT_3D('',#12397,#10075,#10076);
#9114=AXIS2_PLACEMENT_3D('',#12399,#10078,#10079);
#9115=AXIS2_PLACEMENT_3D('',#12402,#10081,#10082);
#9116=AXIS2_PLACEMENT_3D('',#12406,#10084,#10085);
#9117=AXIS2_PLACEMENT_3D('',#12410,#10087,#10088);
#9118=AXIS2_PLACEMENT_3D('',#12414,#10091,#10092);
#9119=AXIS2_PLACEMENT_3D('',#12418,#10095,#10096);
#9120=AXIS2_PLACEMENT_3D('',#12419,#10097,#10098);
#9121=AXIS2_PLACEMENT_3D('',#12420,#10099,#10100);
#9122=AXIS2_PLACEMENT_3D('',#12423,#10103,#10104);
#9123=AXIS2_PLACEMENT_3D('',#12425,#10106,#10107);
#9124=AXIS2_PLACEMENT_3D('',#12427,#10109,#10110);
#9125=AXIS2_PLACEMENT_3D('',#12431,#10113,#10114);
#9126=AXIS2_PLACEMENT_3D('',#12448,#10116,#10117);
#9127=AXIS2_PLACEMENT_3D('',#12462,#10120,#10121);
#9128=AXIS2_PLACEMENT_3D('',#12464,#10122,#10123);
#9129=AXIS2_PLACEMENT_3D('',#12486,#10126,#10127);
#9130=AXIS2_PLACEMENT_3D('',#12488,#10128,#10129);
#9131=AXIS2_PLACEMENT_3D('',#12490,#10130,#10131);
#9132=AXIS2_PLACEMENT_3D('',#12491,#10132,#10133);
#9133=AXIS2_PLACEMENT_3D('',#12493,#10134,#10135);
#9134=AXIS2_PLACEMENT_3D('',#12497,#10137,#10138);
#9135=AXIS2_PLACEMENT_3D('',#12498,#10139,#10140);
#9136=AXIS2_PLACEMENT_3D('',#12502,#10142,#10143);
#9137=AXIS2_PLACEMENT_3D('',#12506,#10145,#10146);
#9138=AXIS2_PLACEMENT_3D('',#12507,#10147,#10148);
#9139=AXIS2_PLACEMENT_3D('',#12510,#10149,#10150);
#9140=AXIS2_PLACEMENT_3D('',#12514,#10152,#10153);
#9141=AXIS2_PLACEMENT_3D('',#12515,#10154,#10155);
#9142=AXIS2_PLACEMENT_3D('',#12516,#10156,#10157);
#9143=AXIS2_PLACEMENT_3D('',#12525,#10162,#10163);
#9144=AXIS2_PLACEMENT_3D('',#12527,#10164,#10165);
#9145=AXIS2_PLACEMENT_3D('',#12530,#10167,#10168);
#9146=AXIS2_PLACEMENT_3D('',#12531,#10169,#10170);
#9147=AXIS2_PLACEMENT_3D('',#12532,#10171,#10172);
#9148=AXIS2_PLACEMENT_3D('',#12533,#10173,#10174);
#9149=AXIS2_PLACEMENT_3D('',#12534,#10175,#10176);
#9150=AXIS2_PLACEMENT_3D('',#12535,#10177,#10178);
#9151=AXIS2_PLACEMENT_3D('',#12538,#10179,#10180);
#9152=AXIS2_PLACEMENT_3D('',#12542,#10182,#10183);
#9153=AXIS2_PLACEMENT_3D('',#12544,#10185,#10186);
#9154=AXIS2_PLACEMENT_3D('',#12546,#10187,#10188);
#9155=AXIS2_PLACEMENT_3D('',#12549,#10190,#10191);
#9156=AXIS2_PLACEMENT_3D('',#12550,#10192,#10193);
#9157=AXIS2_PLACEMENT_3D('',#12553,#10196,#10197);
#9158=AXIS2_PLACEMENT_3D('',#12554,#10198,#10199);
#9159=AXIS2_PLACEMENT_3D('',#12557,#10200,#10201);
#9160=AXIS2_PLACEMENT_3D('',#12561,#10203,#10204);
#9161=AXIS2_PLACEMENT_3D('',#12563,#10206,#10207);
#9162=AXIS2_PLACEMENT_3D('',#12569,#10211,#10212);
#9163=AXIS2_PLACEMENT_3D('',#12571,#10213,#10214);
#9164=AXIS2_PLACEMENT_3D('',#12574,#10216,#10217);
#9165=AXIS2_PLACEMENT_3D('',#12575,#10218,#10219);
#9166=AXIS2_PLACEMENT_3D('',#12576,#10220,#10221);
#9167=AXIS2_PLACEMENT_3D('',#12577,#10222,#10223);
#9168=AXIS2_PLACEMENT_3D('',#12578,#10224,#10225);
#9169=AXIS2_PLACEMENT_3D('',#12579,#10226,#10227);
#9170=AXIS2_PLACEMENT_3D('',#12583,#10229,#10230);
#9171=AXIS2_PLACEMENT_3D('',#12585,#10232,#10233);
#9172=AXIS2_PLACEMENT_3D('',#12589,#10236,#10237);
#9173=AXIS2_PLACEMENT_3D('',#12592,#10239,#10240);
#9174=AXIS2_PLACEMENT_3D('',#12593,#10241,#10242);
#9175=AXIS2_PLACEMENT_3D('',#12596,#10244,#10245);
#9176=AXIS2_PLACEMENT_3D('',#12597,#10246,#10247);
#9177=AXIS2_PLACEMENT_3D('',#12601,#10250,#10251);
#9178=AXIS2_PLACEMENT_3D('',#12602,#10252,#10253);
#9179=AXIS2_PLACEMENT_3D('',#12603,#10254,#10255);
#9180=AXIS2_PLACEMENT_3D('',#12604,#10256,#10257);
#9181=AXIS2_PLACEMENT_3D('',#12613,#10262,#10263);
#9182=AXIS2_PLACEMENT_3D('',#12615,#10264,#10265);
#9183=AXIS2_PLACEMENT_3D('',#12618,#10267,#10268);
#9184=AXIS2_PLACEMENT_3D('',#12619,#10269,#10270);
#9185=AXIS2_PLACEMENT_3D('',#12621,#10271,#10272);
#9186=AXIS2_PLACEMENT_3D('',#12624,#10274,#10275);
#9187=AXIS2_PLACEMENT_3D('',#12625,#10276,#10277);
#9188=AXIS2_PLACEMENT_3D('',#12631,#10281,#10282);
#9189=AXIS2_PLACEMENT_3D('',#12633,#10283,#10284);
#9190=AXIS2_PLACEMENT_3D('',#12636,#10286,#10287);
#9191=AXIS2_PLACEMENT_3D('',#12637,#10288,#10289);
#9192=AXIS2_PLACEMENT_3D('',#12638,#10290,#10291);
#9193=AXIS2_PLACEMENT_3D('',#12639,#10292,#10293);
#9194=AXIS2_PLACEMENT_3D('',#12640,#10294,#10295);
#9195=AXIS2_PLACEMENT_3D('',#12641,#10296,#10297);
#9196=AXIS2_PLACEMENT_3D('',#12644,#10298,#10299);
#9197=AXIS2_PLACEMENT_3D('',#12648,#10301,#10302);
#9198=AXIS2_PLACEMENT_3D('',#12650,#10304,#10305);
#9199=AXIS2_PLACEMENT_3D('',#12656,#10309,#10310);
#9200=AXIS2_PLACEMENT_3D('',#12658,#10311,#10312);
#9201=AXIS2_PLACEMENT_3D('',#12661,#10314,#10315);
#9202=AXIS2_PLACEMENT_3D('',#12662,#10316,#10317);
#9203=AXIS2_PLACEMENT_3D('',#12664,#10318,#10319);
#9204=AXIS2_PLACEMENT_3D('',#12667,#10321,#10322);
#9205=AXIS2_PLACEMENT_3D('',#12668,#10323,#10324);
#9206=AXIS2_PLACEMENT_3D('',#12674,#10328,#10329);
#9207=AXIS2_PLACEMENT_3D('',#12675,#10330,#10331);
#9208=AXIS2_PLACEMENT_3D('',#12676,#10332,#10333);
#9209=AXIS2_PLACEMENT_3D('',#12677,#10334,#10335);
#9210=AXIS2_PLACEMENT_3D('',#12678,#10336,#10337);
#9211=AXIS2_PLACEMENT_3D('',#12680,#10338,#10339);
#9212=AXIS2_PLACEMENT_3D('',#12683,#10341,#10342);
#9213=AXIS2_PLACEMENT_3D('',#12684,#10343,#10344);
#9214=AXIS2_PLACEMENT_3D('',#12685,#10345,#10346);
#9215=AXIS2_PLACEMENT_3D('',#12687,#10347,#10348);
#9216=AXIS2_PLACEMENT_3D('',#12690,#10350,#10351);
#9217=AXIS2_PLACEMENT_3D('',#12691,#10352,#10353);
#9218=AXIS2_PLACEMENT_3D('',#12692,#10354,#10355);
#9219=AXIS2_PLACEMENT_3D('',#12696,#10357,#10358);
#9220=AXIS2_PLACEMENT_3D('',#12698,#10360,#10361);
#9221=AXIS2_PLACEMENT_3D('',#12700,#10362,#10363);
#9222=AXIS2_PLACEMENT_3D('',#12702,#10365,#10366);
#9223=AXIS2_PLACEMENT_3D('',#12705,#10368,#10369);
#9224=AXIS2_PLACEMENT_3D('',#12706,#10370,#10371);
#9225=AXIS2_PLACEMENT_3D('',#12708,#10373,#10374);
#9226=AXIS2_PLACEMENT_3D('',#12709,#10375,#10376);
#9227=AXIS2_PLACEMENT_3D('',#12713,#10378,#10379);
#9228=AXIS2_PLACEMENT_3D('',#12715,#10381,#10382);
#9229=AXIS2_PLACEMENT_3D('',#12717,#10383,#10384);
#9230=AXIS2_PLACEMENT_3D('',#12719,#10386,#10387);
#9231=AXIS2_PLACEMENT_3D('',#12722,#10389,#10390);
#9232=AXIS2_PLACEMENT_3D('',#12723,#10391,#10392);
#9233=AXIS2_PLACEMENT_3D('',#12725,#10394,#10395);
#9234=AXIS2_PLACEMENT_3D('',#12726,#10396,#10397);
#9235=AXIS2_PLACEMENT_3D('',#12731,#10399,#10400);
#9236=AXIS2_PLACEMENT_3D('',#12734,#10403,#10404);
#9237=AXIS2_PLACEMENT_3D('',#12736,#10405,#10406);
#9238=AXIS2_PLACEMENT_3D('',#12738,#10408,#10409);
#9239=AXIS2_PLACEMENT_3D('',#12741,#10411,#10412);
#9240=AXIS2_PLACEMENT_3D('',#12742,#10413,#10414);
#9241=AXIS2_PLACEMENT_3D('',#12744,#10416,#10417);
#9242=AXIS2_PLACEMENT_3D('',#12745,#10418,#10419);
#9243=AXIS2_PLACEMENT_3D('',#12749,#10421,#10422);
#9244=AXIS2_PLACEMENT_3D('',#12751,#10424,#10425);
#9245=AXIS2_PLACEMENT_3D('',#12753,#10426,#10427);
#9246=AXIS2_PLACEMENT_3D('',#12755,#10429,#10430);
#9247=AXIS2_PLACEMENT_3D('',#12758,#10432,#10433);
#9248=AXIS2_PLACEMENT_3D('',#12759,#10434,#10435);
#9249=AXIS2_PLACEMENT_3D('',#12761,#10437,#10438);
#9250=AXIS2_PLACEMENT_3D('',#12762,#10439,#10440);
#9251=AXIS2_PLACEMENT_3D('',#12764,#10441,#10442);
#9252=AXIS2_PLACEMENT_3D('',#12766,#10444,#10445);
#9253=AXIS2_PLACEMENT_3D('',#12768,#10446,#10447);
#9254=AXIS2_PLACEMENT_3D('',#12770,#10449,#10450);
#9255=AXIS2_PLACEMENT_3D('',#12772,#10452,#10453);
#9256=AXIS2_PLACEMENT_3D('',#12774,#10455,#10456);
#9257=AXIS2_PLACEMENT_3D('',#12776,#10458,#10459);
#9258=AXIS2_PLACEMENT_3D('',#12803,#10472,#10473);
#9259=AXIS2_PLACEMENT_3D('',#12805,#10474,#10475);
#9260=AXIS2_PLACEMENT_3D('',#12807,#10476,#10477);
#9261=AXIS2_PLACEMENT_3D('',#12809,#10478,#10479);
#9262=AXIS2_PLACEMENT_3D('',#12810,#10480,#10481);
#9263=AXIS2_PLACEMENT_3D('',#12819,#10486,#10487);
#9264=AXIS2_PLACEMENT_3D('',#12825,#10491,#10492);
#9265=AXIS2_PLACEMENT_3D('',#12829,#10495,#10496);
#9266=AXIS2_PLACEMENT_3D('',#12833,#10499,#10500);
#9267=AXIS2_PLACEMENT_3D('',#12837,#10503,#10504);
#9268=AXIS2_PLACEMENT_3D('',#12842,#10508,#10509);
#9269=AXIS2_PLACEMENT_3D('',#12844,#10511,#10512);
#9270=AXIS2_PLACEMENT_3D('',#12850,#10516,#10517);
#9271=AXIS2_PLACEMENT_3D('',#12859,#10522,#10523);
#9272=AXIS2_PLACEMENT_3D('',#12862,#10526,#10527);
#9273=AXIS2_PLACEMENT_3D('',#12864,#10529,#10530);
#9274=AXIS2_PLACEMENT_3D('',#12866,#10532,#10533);
#9275=AXIS2_PLACEMENT_3D('',#12867,#10534,#10535);
#9276=AXIS2_PLACEMENT_3D('',#12876,#10540,#10541);
#9277=AXIS2_PLACEMENT_3D('',#12882,#10545,#10546);
#9278=AXIS2_PLACEMENT_3D('',#12888,#10550,#10551);
#9279=AXIS2_PLACEMENT_3D('',#12891,#10554,#10555);
#9280=AXIS2_PLACEMENT_3D('',#12984,#10557,#10558);
#9281=AXIS2_PLACEMENT_3D('',#12990,#10562,#10563);
#9282=AXIS2_PLACEMENT_3D('',#12991,#10564,#10565);
#9283=AXIS2_PLACEMENT_3D('',#12993,#10567,#10568);
#9284=AXIS2_PLACEMENT_3D('',#12995,#10570,#10571);
#9285=AXIS2_PLACEMENT_3D('',#12997,#10573,#10574);
#9286=AXIS2_PLACEMENT_3D('',#13000,#10575,#10576);
#9287=AXIS2_PLACEMENT_3D('',#13003,#10579,#10580);
#9288=AXIS2_PLACEMENT_3D('',#13007,#10583,#10584);
#9289=AXIS2_PLACEMENT_3D('',#13009,#10585,#10586);
#9290=AXIS2_PLACEMENT_3D('',#13011,#10588,#10589);
#9291=AXIS2_PLACEMENT_3D('',#13014,#10590,#10591);
#9292=AXIS2_PLACEMENT_3D('',#13017,#10594,#10595);
#9293=AXIS2_PLACEMENT_3D('',#13021,#10598,#10599);
#9294=AXIS2_PLACEMENT_3D('',#13023,#10600,#10601);
#9295=AXIS2_PLACEMENT_3D('',#13025,#10603,#10604);
#9296=AXIS2_PLACEMENT_3D('',#13029,#10607,#10608);
#9297=AXIS2_PLACEMENT_3D('',#13033,#10611,#10612);
#9298=AXIS2_PLACEMENT_3D('',#13037,#10615,#10616);
#9299=AXIS2_PLACEMENT_3D('',#13041,#10619,#10620);
#9300=AXIS2_PLACEMENT_3D('',#13043,#10622,#10623);
#9301=AXIS2_PLACEMENT_3D('',#13045,#10625,#10626);
#9302=AXIS2_PLACEMENT_3D('',#13047,#10628,#10629);
#9303=AXIS2_PLACEMENT_3D('',#13049,#10631,#10632);
#9304=AXIS2_PLACEMENT_3D('',#13051,#10634,#10635);
#9305=AXIS2_PLACEMENT_3D('',#13053,#10637,#10638);
#9306=AXIS2_PLACEMENT_3D('',#13054,#10639,#10640);
#9307=AXIS2_PLACEMENT_3D('',#13059,#10644,#10645);
#9308=AXIS2_PLACEMENT_3D('',#13061,#10647,#10648);
#9309=AXIS2_PLACEMENT_3D('',#13062,#10649,#10650);
#9310=AXIS2_PLACEMENT_3D('',#13064,#10652,#10653);
#9311=AXIS2_PLACEMENT_3D('',#13066,#10654,#10655);
#9312=AXIS2_PLACEMENT_3D('',#13067,#10656,#10657);
#9313=AXIS2_PLACEMENT_3D('',#13069,#10658,#10659);
#9314=AXIS2_PLACEMENT_3D('',#13071,#10661,#10662);
#9315=AXIS2_PLACEMENT_3D('',#13077,#10666,#10667);
#9316=AXIS2_PLACEMENT_3D('',#13079,#10669,#10670);
#9317=AXIS2_PLACEMENT_3D('',#13081,#10672,#10673);
#9318=AXIS2_PLACEMENT_3D('',#13082,#10674,#10675);
#9319=AXIS2_PLACEMENT_3D('',#13083,#10676,#10677);
#9320=AXIS2_PLACEMENT_3D('',#13085,#10678,#10679);
#9321=AXIS2_PLACEMENT_3D('',#13087,#10681,#10682);
#9322=AXIS2_PLACEMENT_3D('',#13088,#10683,#10684);
#9323=AXIS2_PLACEMENT_3D('',#13090,#10686,#10687);
#9324=AXIS2_PLACEMENT_3D('',#13092,#10689,#10690);
#9325=AXIS2_PLACEMENT_3D('',#13093,#10691,#10692);
#9326=AXIS2_PLACEMENT_3D('',#13095,#10694,#10695);
#9327=AXIS2_PLACEMENT_3D('',#13099,#10698,#10699);
#9328=AXIS2_PLACEMENT_3D('',#13103,#10702,#10703);
#9329=AXIS2_PLACEMENT_3D('',#13110,#10708,#10709);
#9330=AXIS2_PLACEMENT_3D('',#13112,#10711,#10712);
#9331=AXIS2_PLACEMENT_3D('',#13113,#10713,#10714);
#9332=AXIS2_PLACEMENT_3D('',#13115,#10715,#10716);
#9333=AXIS2_PLACEMENT_3D('',#13117,#10718,#10719);
#9334=AXIS2_PLACEMENT_3D('',#13119,#10720,#10721);
#9335=AXIS2_PLACEMENT_3D('',#13120,#10722,#10723);
#9336=AXIS2_PLACEMENT_3D('',#13122,#10724,#10725);
#9337=AXIS2_PLACEMENT_3D('',#13124,#10727,#10728);
#9338=AXIS2_PLACEMENT_3D('',#13125,#10729,#10730);
#9339=AXIS2_PLACEMENT_3D('',#13129,#10733,#10734);
#9340=AXIS2_PLACEMENT_3D('',#13133,#10737,#10738);
#9341=AXIS2_PLACEMENT_3D('',#13135,#10740,#10741);
#9342=AXIS2_PLACEMENT_3D('',#13137,#10743,#10744);
#9343=AXIS2_PLACEMENT_3D('',#13138,#10745,#10746);
#9344=AXIS2_PLACEMENT_3D('',#13140,#10747,#10748);
#9345=AXIS2_PLACEMENT_3D('',#13142,#10750,#10751);
#9346=AXIS2_PLACEMENT_3D('',#13144,#10752,#10753);
#9347=AXIS2_PLACEMENT_3D('',#13145,#10754,#10755);
#9348=AXIS2_PLACEMENT_3D('',#13148,#10757,#10758);
#9349=AXIS2_PLACEMENT_3D('',#13149,#10759,#10760);
#9350=AXIS2_PLACEMENT_3D('',#13150,#10761,#10762);
#9351=AXIS2_PLACEMENT_3D('',#13153,#10764,#10765);
#9352=AXIS2_PLACEMENT_3D('',#13154,#10766,#10767);
#9353=AXIS2_PLACEMENT_3D('',#13155,#10768,#10769);
#9354=AXIS2_PLACEMENT_3D('',#13156,#10770,#10771);
#9355=AXIS2_PLACEMENT_3D('',#13158,#10772,#10773);
#9356=AXIS2_PLACEMENT_3D('',#13161,#10775,#10776);
#9357=AXIS2_PLACEMENT_3D('',#13162,#10777,#10778);
#9358=AXIS2_PLACEMENT_3D('',#13171,#10782,#10783);
#9359=AXIS2_PLACEMENT_3D('',#13179,#10787,#10788);
#9360=AXIS2_PLACEMENT_3D('',#13183,#10790,#10791);
#9361=AXIS2_PLACEMENT_3D('',#13497,#10835,#10836);
#9362=AXIS2_PLACEMENT_3D('',#13679,#10851,#10852);
#9363=AXIS2_PLACEMENT_3D('',#13688,#10857,#10858);
#9364=AXIS2_PLACEMENT_3D('',#13694,#10862,#10863);
#9365=AXIS2_PLACEMENT_3D('',#13700,#10867,#10868);
#9366=AXIS2_PLACEMENT_3D('',#13702,#10870,#10871);
#9367=AXIS2_PLACEMENT_3D('',#13704,#10873,#10874);
#9368=AXIS2_PLACEMENT_3D('',#13706,#10875,#10876);
#9369=AXIS2_PLACEMENT_3D('',#13708,#10877,#10878);
#9370=AXIS2_PLACEMENT_3D('',#13710,#10880,#10881);
#9371=AXIS2_PLACEMENT_3D('',#13724,#10889,#10890);
#9372=AXIS2_PLACEMENT_3D('',#13726,#10891,#10892);
#9373=AXIS2_PLACEMENT_3D('',#13729,#10894,#10895);
#9374=AXIS2_PLACEMENT_3D('',#13730,#10896,#10897);
#9375=AXIS2_PLACEMENT_3D('',#13732,#10898,#10899);
#9376=AXIS2_PLACEMENT_3D('',#13733,#10900,#10901);
#9377=AXIS2_PLACEMENT_3D('',#13734,#10902,#10903);
#9378=AXIS2_PLACEMENT_3D('',#13736,#10904,#10905);
#9379=AXIS2_PLACEMENT_3D('',#13738,#10907,#10908);
#9380=AXIS2_PLACEMENT_3D('',#13740,#10909,#10910);
#9381=AXIS2_PLACEMENT_3D('',#13741,#10911,#10912);
#9382=AXIS2_PLACEMENT_3D('',#13742,#10913,#10914);
#9383=AXIS2_PLACEMENT_3D('',#13744,#10916,#10917);
#9384=AXIS2_PLACEMENT_3D('',#13750,#10921,#10922);
#9385=AXIS2_PLACEMENT_3D('',#13753,#10924,#10925);
#9386=AXIS2_PLACEMENT_3D('',#13754,#10926,#10927);
#9387=AXIS2_PLACEMENT_3D('',#13758,#10930,#10931);
#9388=AXIS2_PLACEMENT_3D('',#13761,#10933,#10934);
#9389=AXIS2_PLACEMENT_3D('',#13762,#10935,#10936);
#9390=AXIS2_PLACEMENT_3D('',#13766,#10939,#10940);
#9391=AXIS2_PLACEMENT_3D('',#13768,#10941,#10942);
#9392=AXIS2_PLACEMENT_3D('',#13771,#10944,#10945);
#9393=AXIS2_PLACEMENT_3D('',#13772,#10946,#10947);
#9394=AXIS2_PLACEMENT_3D('',#13773,#10948,#10949);
#9395=AXIS2_PLACEMENT_3D('',#13775,#10950,#10951);
#9396=AXIS2_PLACEMENT_3D('',#13778,#10953,#10954);
#9397=AXIS2_PLACEMENT_3D('',#13779,#10955,#10956);
#9398=AXIS2_PLACEMENT_3D('',#13780,#10957,#10958);
#9399=AXIS2_PLACEMENT_3D('',#13783,#10959,#10960);
#9400=AXIS2_PLACEMENT_3D('',#13787,#10962,#10963);
#9401=AXIS2_PLACEMENT_3D('',#13789,#10965,#10966);
#9402=AXIS2_PLACEMENT_3D('',#13797,#10971,#10972);
#9403=AXIS2_PLACEMENT_3D('',#13803,#10976,#10977);
#9404=AXIS2_PLACEMENT_3D('',#13805,#10978,#10979);
#9405=AXIS2_PLACEMENT_3D('',#13809,#10981,#10982);
#9406=AXIS2_PLACEMENT_3D('',#13811,#10984,#10985);
#9407=AXIS2_PLACEMENT_3D('',#13815,#10988,#10989);
#9408=AXIS2_PLACEMENT_3D('',#13816,#10990,#10991);
#9409=AXIS2_PLACEMENT_3D('',#13828,#10997,#10998);
#9410=AXIS2_PLACEMENT_3D('',#13832,#11000,#11001);
#9411=AXIS2_PLACEMENT_3D('',#13853,#11012,#11013);
#9412=AXIS2_PLACEMENT_3D('',#13857,#11015,#11016);
#9413=AXIS2_PLACEMENT_3D('',#13863,#11020,#11021);
#9414=AXIS2_PLACEMENT_3D('',#13865,#11022,#11023);
#9415=AXIS2_PLACEMENT_3D('',#13870,#11026,#11027);
#9416=AXIS2_PLACEMENT_3D('',#13871,#11028,#11029);
#9417=AXIS2_PLACEMENT_3D('',#13873,#11030,#11031);
#9418=AXIS2_PLACEMENT_3D('',#13875,#11032,#11033);
#9419=AXIS2_PLACEMENT_3D('',#13879,#11036,#11037);
#9420=AXIS2_PLACEMENT_3D('',#13882,#11040,#11041);
#9421=AXIS2_PLACEMENT_3D('',#13885,#11043,#11044);
#9422=AXIS2_PLACEMENT_3D('',#13886,#11045,#11046);
#9423=AXIS2_PLACEMENT_3D('',#13889,#11049,#11050);
#9424=AXIS2_PLACEMENT_3D('',#13891,#11051,#11052);
#9425=AXIS2_PLACEMENT_3D('',#13893,#11053,#11054);
#9426=AXIS2_PLACEMENT_3D('',#13897,#11057,#11058);
#9427=AXIS2_PLACEMENT_3D('',#13900,#11060,#11061);
#9428=AXIS2_PLACEMENT_3D('',#13902,#11062,#11063);
#9429=AXIS2_PLACEMENT_3D('',#13903,#11064,#11065);
#9430=AXIS2_PLACEMENT_3D('',#13909,#11069,#11070);
#9431=AXIS2_PLACEMENT_3D('',#13910,#11071,#11072);
#9432=AXIS2_PLACEMENT_3D('',#13912,#11074,#11075);
#9433=AXIS2_PLACEMENT_3D('',#13923,#11081,#11082);
#9434=AXIS2_PLACEMENT_3D('',#13924,#11083,#11084);
#9435=AXIS2_PLACEMENT_3D('',#13925,#11085,#11086);
#9436=AXIS2_PLACEMENT_3D('',#13926,#11087,#11088);
#9437=AXIS2_PLACEMENT_3D('',#13928,#11089,#11090);
#9438=AXIS2_PLACEMENT_3D('',#13931,#11092,#11093);
#9439=AXIS2_PLACEMENT_3D('',#13932,#11094,#11095);
#9440=AXIS2_PLACEMENT_3D('',#13938,#11099,#11100);
#9441=AXIS2_PLACEMENT_3D('',#13939,#11101,#11102);
#9442=AXIS2_PLACEMENT_3D('',#13941,#11104,#11105);
#9443=AXIS2_PLACEMENT_3D('',#13943,#11106,#11107);
#9444=AXIS2_PLACEMENT_3D('',#13945,#11109,#11110);
#9445=AXIS2_PLACEMENT_3D('',#13948,#11112,#11113);
#9446=AXIS2_PLACEMENT_3D('',#13949,#11114,#11115);
#9447=AXIS2_PLACEMENT_3D('',#13951,#11116,#11117);
#9448=AXIS2_PLACEMENT_3D('',#13953,#11119,#11120);
#9449=AXIS2_PLACEMENT_3D('',#13956,#11122,#11123);
#9450=AXIS2_PLACEMENT_3D('',#13957,#11124,#11125);
#9451=AXIS2_PLACEMENT_3D('',#13963,#11128,#11129);
#9452=AXIS2_PLACEMENT_3D('',#13967,#11131,#11132);
#9453=AXIS2_PLACEMENT_3D('',#13970,#11135,#11136);
#9454=AXIS2_PLACEMENT_3D('',#13973,#11139,#11140);
#9455=AXIS2_PLACEMENT_3D('',#13974,#11141,#11142);
#9456=AXIS2_PLACEMENT_3D('',#13977,#11145,#11146);
#9457=AXIS2_PLACEMENT_3D('',#13979,#11148,#11149);
#9458=AXIS2_PLACEMENT_3D('',#13985,#11153,#11154);
#9459=AXIS2_PLACEMENT_3D('',#13986,#11155,#11156);
#9460=AXIS2_PLACEMENT_3D('',#14000,#11165,#11166);
#9461=AXIS2_PLACEMENT_3D('',#14010,#11172,#11173);
#9462=AXIS2_PLACEMENT_3D('',#14013,#11176,#11177);
#9463=AXIS2_PLACEMENT_3D('',#14015,#11179,#11180);
#9464=AXIS2_PLACEMENT_3D('',#14017,#11182,#11183);
#9465=AXIS2_PLACEMENT_3D('',#14019,#11185,#11186);
#9466=AXIS2_PLACEMENT_3D('',#14028,#11191,#11192);
#9467=AXIS2_PLACEMENT_3D('',#14037,#11197,#11198);
#9468=AXIS2_PLACEMENT_3D('',#14041,#11201,#11202);
#9469=AXIS2_PLACEMENT_3D('',#14045,#11205,#11206);
#9470=AXIS2_PLACEMENT_3D('',#14049,#11209,#11210);
#9471=AXIS2_PLACEMENT_3D('',#14053,#11213,#11214);
#9472=AXIS2_PLACEMENT_3D('',#14055,#11216,#11217);
#9473=AXIS2_PLACEMENT_3D('',#14057,#11219,#11220);
#9474=AXIS2_PLACEMENT_3D('',#14061,#11223,#11224);
#9475=AXIS2_PLACEMENT_3D('',#14065,#11227,#11228);
#9476=AXIS2_PLACEMENT_3D('',#14067,#11230,#11231);
#9477=AXIS2_PLACEMENT_3D('',#14073,#11235,#11236);
#9478=AXIS2_PLACEMENT_3D('',#14077,#11239,#11240);
#9479=AXIS2_PLACEMENT_3D('',#14224,#11250,#11251);
#9480=AXIS2_PLACEMENT_3D('',#14230,#11255,#11256);
#9481=AXIS2_PLACEMENT_3D('',#14234,#11259,#11260);
#9482=AXIS2_PLACEMENT_3D('',#14238,#11263,#11264);
#9483=AXIS2_PLACEMENT_3D('',#14244,#11268,#11269);
#9484=AXIS2_PLACEMENT_3D('',#14248,#11272,#11273);
#9485=AXIS2_PLACEMENT_3D('',#14254,#11277,#11278);
#9486=AXIS2_PLACEMENT_3D('',#14258,#11281,#11282);
#9487=AXIS2_PLACEMENT_3D('',#14283,#11287,#11288);
#9488=AXIS2_PLACEMENT_3D('',#14287,#11291,#11292);
#9489=AXIS2_PLACEMENT_3D('',#14291,#11295,#11296);
#9490=AXIS2_PLACEMENT_3D('',#14295,#11299,#11300);
#9491=AXIS2_PLACEMENT_3D('',#14394,#11308,#11309);
#9492=AXIS2_PLACEMENT_3D('',#14593,#11319,#11320);
#9493=AXIS2_PLACEMENT_3D('',#14599,#11324,#11325);
#9494=AXIS2_PLACEMENT_3D('',#14603,#11328,#11329);
#9495=AXIS2_PLACEMENT_3D('',#14607,#11332,#11333);
#9496=AXIS2_PLACEMENT_3D('',#14611,#11336,#11337);
#9497=AXIS2_PLACEMENT_3D('',#14695,#11346,#11347);
#9498=AXIS2_PLACEMENT_3D('',#14799,#11353,#11354);
#9499=AXIS2_PLACEMENT_3D('',#14803,#11357,#11358);
#9500=AXIS2_PLACEMENT_3D('',#14810,#11360,#11361);
#9501=AXIS2_PLACEMENT_3D('',#14817,#11363,#11364);
#9502=AXIS2_PLACEMENT_3D('',#15129,#11394,#11395);
#9503=AXIS2_PLACEMENT_3D('',#15130,#11396,#11397);
#9504=AXIS2_PLACEMENT_3D('',#15135,#11398,#11399);
#9505=AXIS2_PLACEMENT_3D('',#15144,#11400,#11401);
#9506=AXIS2_PLACEMENT_3D('',#15155,#11402,#11403);
#9507=AXIS2_PLACEMENT_3D('',#15173,#11405,#11406);
#9508=AXIS2_PLACEMENT_3D('',#15175,#11408,#11409);
#9509=AXIS2_PLACEMENT_3D('',#15177,#11411,#11412);
#9510=AXIS2_PLACEMENT_3D('',#15178,#11413,#11414);
#9511=AXIS2_PLACEMENT_3D('',#15183,#11415,#11416);
#9512=AXIS2_PLACEMENT_3D('',#15184,#11417,#11418);
#9513=AXIS2_PLACEMENT_3D('',#15189,#11419,#11420);
#9514=AXIS2_PLACEMENT_3D('',#15190,#11421,#11422);
#9515=AXIS2_PLACEMENT_3D('',#15192,#11424,#11425);
#9516=AXIS2_PLACEMENT_3D('',#15194,#11427,#11428);
#9517=AXIS2_PLACEMENT_3D('',#15283,#11437,#11438);
#9518=AXIS2_PLACEMENT_3D('',#15285,#11440,#11441);
#9519=AXIS2_PLACEMENT_3D('',#15287,#11443,#11444);
#9520=AXIS2_PLACEMENT_3D('',#15288,#11445,#11446);
#9521=AXIS2_PLACEMENT_3D('',#15290,#11448,#11449);
#9522=AXIS2_PLACEMENT_3D('',#15292,#11451,#11452);
#9523=AXIS2_PLACEMENT_3D('',#15455,#11465,#11466);
#9524=AXIS2_PLACEMENT_3D('',#15488,#11469,#11470);
#9525=AXIS2_PLACEMENT_3D('',#15522,#11474,#11475);
#9526=AXIS2_PLACEMENT_3D('',#15524,#11477,#11478);
#9527=AXIS2_PLACEMENT_3D('',#15526,#11480,#11481);
#9528=AXIS2_PLACEMENT_3D('',#15528,#11483,#11484);
#9529=AXIS2_PLACEMENT_3D('',#15530,#11486,#11487);
#9530=AXIS2_PLACEMENT_3D('',#15531,#11488,#11489);
#9531=AXIS2_PLACEMENT_3D('',#15535,#11492,#11493);
#9532=AXIS2_PLACEMENT_3D('',#15536,#11494,#11495);
#9533=AXIS2_PLACEMENT_3D('',#15538,#11497,#11498);
#9534=AXIS2_PLACEMENT_3D('',#15539,#11499,#11500);
#9535=AXIS2_PLACEMENT_3D('',#15540,#11501,#11502);
#9536=AXIS2_PLACEMENT_3D('',#15561,#11503,#11504);
#9537=AXIS2_PLACEMENT_3D('',#15570,#11509,#11510);
#9538=AXIS2_PLACEMENT_3D('',#15576,#11514,#11515);
#9539=AXIS2_PLACEMENT_3D('',#15582,#11519,#11520);
#9540=AXIS2_PLACEMENT_3D('',#15585,#11523,#11524);
#9541=AXIS2_PLACEMENT_3D('',#15586,#11525,#11526);
#9542=AXIS2_PLACEMENT_3D('',#15587,#11527,#11528);
#9543=AXIS2_PLACEMENT_3D('',#15590,#11529,#11530);
#9544=AXIS2_PLACEMENT_3D('',#15594,#11532,#11533);
#9545=AXIS2_PLACEMENT_3D('',#15596,#11535,#11536);
#9546=AXIS2_PLACEMENT_3D('',#15603,#11537,#11538);
#9547=AXIS2_PLACEMENT_3D('',#15608,#11539,#11540);
#9548=AXIS2_PLACEMENT_3D('',#15609,#11541,#11542);
#9549=AXIS2_PLACEMENT_3D('',#15621,#11549,#11550);
#9550=AXIS2_PLACEMENT_3D('',#15624,#11552,#11553);
#9551=AXIS2_PLACEMENT_3D('',#15625,#11554,#11555);
#9552=AXIS2_PLACEMENT_3D('',#15632,#11556,#11557);
#9553=AXIS2_PLACEMENT_3D('',#15637,#11558,#11559);
#9554=AXIS2_PLACEMENT_3D('',#15638,#11560,#11561);
#9555=AXIS2_PLACEMENT_3D('',#15642,#11563,#11564);
#9556=AXIS2_PLACEMENT_3D('',#15644,#11566,#11567);
#9557=AXIS2_PLACEMENT_3D('',#15654,#11573,#11574);
#9558=AXIS2_PLACEMENT_3D('',#15657,#11575,#11576);
#9559=AXIS2_PLACEMENT_3D('',#15661,#11578,#11579);
#9560=AXIS2_PLACEMENT_3D('',#15664,#11581,#11582);
#9561=AXIS2_PLACEMENT_3D('',#15666,#11583,#11584);
#9562=AXIS2_PLACEMENT_3D('',#15669,#11586,#11587);
#9563=AXIS2_PLACEMENT_3D('',#15671,#11588,#11589);
#9564=AXIS2_PLACEMENT_3D('',#15673,#11591,#11592);
#9565=AXIS2_PLACEMENT_3D('',#15676,#11595,#11596);
#9566=AXIS2_PLACEMENT_3D('',#15678,#11598,#11599);
#9567=AXIS2_PLACEMENT_3D('',#15680,#11601,#11602);
#9568=AXIS2_PLACEMENT_3D('',#15681,#11603,#11604);
#9569=AXIS2_PLACEMENT_3D('',#15684,#11606,#11607);
#9570=AXIS2_PLACEMENT_3D('',#15685,#11608,#11609);
#9571=AXIS2_PLACEMENT_3D('',#15687,#11611,#11612);
#9572=AXIS2_PLACEMENT_3D('',#15690,#11614,#11615);
#9573=AXIS2_PLACEMENT_3D('',#15691,#11616,#11617);
#9574=AXIS2_PLACEMENT_3D('',#15693,#11619,#11620);
#9575=AXIS2_PLACEMENT_3D('',#15694,#11621,#11622);
#9576=AXIS2_PLACEMENT_3D('',#15696,#11623,#11624);
#9577=AXIS2_PLACEMENT_3D('',#15698,#11626,#11627);
#9578=AXIS2_PLACEMENT_3D('',#15700,#11629,#11630);
#9579=AXIS2_PLACEMENT_3D('',#15702,#11631,#11632);
#9580=AXIS2_PLACEMENT_3D('',#15704,#11634,#11635);
#9581=AXIS2_PLACEMENT_3D('',#15706,#11637,#11638);
#9582=AXIS2_PLACEMENT_3D('',#15707,#11639,#11640);
#9583=AXIS2_PLACEMENT_3D('',#15714,#11641,#11642);
#9584=AXIS2_PLACEMENT_3D('',#15719,#11643,#11644);
#9585=AXIS2_PLACEMENT_3D('',#15720,#11645,#11646);
#9586=AXIS2_PLACEMENT_3D('',#15730,#11652,#11653);
#9587=AXIS2_PLACEMENT_3D('',#15737,#11654,#11655);
#9588=AXIS2_PLACEMENT_3D('',#15742,#11656,#11657);
#9589=AXIS2_PLACEMENT_3D('',#15743,#11658,#11659);
#9590=AXIS2_PLACEMENT_3D('',#15753,#11665,#11666);
#9591=AXIS2_PLACEMENT_3D('',#15758,#11668,#11669);
#9592=AXIS2_PLACEMENT_3D('',#15761,#11671,#11672);
#9593=AXIS2_PLACEMENT_3D('',#15763,#11673,#11674);
#9594=AXIS2_PLACEMENT_3D('',#15766,#11676,#11677);
#9595=AXIS2_PLACEMENT_3D('',#15768,#11678,#11679);
#9596=AXIS2_PLACEMENT_3D('',#15771,#11681,#11682);
#9597=AXIS2_PLACEMENT_3D('',#15772,#11683,#11684);
#9598=AXIS2_PLACEMENT_3D('',#15776,#11686,#11687);
#9599=AXIS2_PLACEMENT_3D('',#15778,#11689,#11690);
#9600=AXIS2_PLACEMENT_3D('',#15782,#11693,#11694);
#9601=AXIS2_PLACEMENT_3D('',#15784,#11695,#11696);
#9602=AXIS2_PLACEMENT_3D('',#15786,#11698,#11699);
#9603=AXIS2_PLACEMENT_3D('',#15788,#11701,#11702);
#9604=AXIS2_PLACEMENT_3D('',#15789,#11703,#11704);
#9605=AXIS2_PLACEMENT_3D('',#15792,#11706,#11707);
#9606=AXIS2_PLACEMENT_3D('',#15793,#11708,#11709);
#9607=AXIS2_PLACEMENT_3D('',#15795,#11711,#11712);
#9608=AXIS2_PLACEMENT_3D('',#15799,#11715,#11716);
#9609=AXIS2_PLACEMENT_3D('',#15800,#11717,#11718);
#9610=AXIS2_PLACEMENT_3D('',#15801,#11719,#11720);
#9611=AXIS2_PLACEMENT_3D('',#15802,#11721,#11722);
#9612=AXIS2_PLACEMENT_3D('',#15804,#11723,#11724);
#9613=AXIS2_PLACEMENT_3D('',#15806,#11726,#11727);
#9614=AXIS2_PLACEMENT_3D('',#15808,#11729,#11730);
#9615=AXIS2_PLACEMENT_3D('',#15812,#11733,#11734);
#9616=AXIS2_PLACEMENT_3D('',#15813,#11735,#11736);
#9617=AXIS2_PLACEMENT_3D('',#15814,#11737,#11738);
#9618=AXIS2_PLACEMENT_3D('',#15815,#11739,#11740);
#9619=AXIS2_PLACEMENT_3D('',#15824,#11745,#11746);
#9620=AXIS2_PLACEMENT_3D('',#15830,#11750,#11751);
#9621=AXIS2_PLACEMENT_3D('',#15836,#11755,#11756);
#9622=AXIS2_PLACEMENT_3D('',#15839,#11759,#11760);
#9623=AXIS2_PLACEMENT_3D('',#15840,#11761,#11762);
#9624=DIRECTION('axis',(0.,0.,1.));
#9625=DIRECTION('refdir',(1.,0.,0.));
#9626=DIRECTION('center_axis',(-1.,0.,0.));
#9627=DIRECTION('ref_axis',(0.,-1.,0.));
#9628=DIRECTION('center_axis',(-1.,0.,0.));
#9629=DIRECTION('ref_axis',(0.,-1.,0.));
#9630=DIRECTION('',(0.707106781186549,-0.707106781186546,8.65956056235492E-17));
#9631=DIRECTION('center_axis',(1.,0.,0.));
#9632=DIRECTION('ref_axis',(0.,-1.,0.));
#9633=DIRECTION('center_axis',(-1.,0.,0.));
#9634=DIRECTION('ref_axis',(0.,1.,0.));
#9635=DIRECTION('',(0.,-1.,0.));
#9636=DIRECTION('',(0.,0.,1.));
#9637=DIRECTION('',(0.,-1.,0.));
#9638=DIRECTION('',(0.,0.,1.));
#9639=DIRECTION('',(0.,1.,0.));
#9640=DIRECTION('',(0.,0.,1.));
#9641=DIRECTION('center_axis',(-1.,0.,0.));
#9642=DIRECTION('ref_axis',(0.,-1.,0.));
#9643=DIRECTION('center_axis',(1.,0.,0.));
#9644=DIRECTION('ref_axis',(0.,-1.,0.));
#9645=DIRECTION('center_axis',(1.,0.,0.));
#9646=DIRECTION('ref_axis',(0.,-1.,0.));
#9647=DIRECTION('',(0.,0.939692620785911,-0.342020143325662));
#9648=DIRECTION('',(0.,-0.342020143325669,-0.939692620785908));
#9649=DIRECTION('',(0.,-0.939692620785911,0.342020143325662));
#9650=DIRECTION('',(0.,-0.342020143325662,-0.939692620785911));
#9651=DIRECTION('center_axis',(-1.,0.,0.));
#9652=DIRECTION('ref_axis',(0.,-1.,0.));
#9653=DIRECTION('center_axis',(-1.,0.,0.));
#9654=DIRECTION('ref_axis',(0.,-1.,0.));
#9655=DIRECTION('',(-1.,0.,0.));
#9656=DIRECTION('center_axis',(-1.,0.,0.));
#9657=DIRECTION('ref_axis',(0.,-1.,0.));
#9658=DIRECTION('',(0.707106781186547,-0.707106781186548,8.65956056235494E-17));
#9659=DIRECTION('center_axis',(1.,0.,0.));
#9660=DIRECTION('ref_axis',(0.,-1.,0.));
#9661=DIRECTION('center_axis',(-1.,0.,0.));
#9662=DIRECTION('ref_axis',(0.,-1.,0.));
#9663=DIRECTION('center_axis',(-1.,0.,0.));
#9664=DIRECTION('ref_axis',(0.,-1.,0.));
#9665=DIRECTION('',(-1.,0.,0.));
#9666=DIRECTION('center_axis',(1.,0.,0.));
#9667=DIRECTION('ref_axis',(0.,-1.,0.));
#9668=DIRECTION('center_axis',(1.,0.,0.));
#9669=DIRECTION('ref_axis',(0.,-1.,0.));
#9670=DIRECTION('',(-0.707106781186547,-0.707106781186547,-8.65956056235493E-17));
#9671=DIRECTION('center_axis',(-1.,0.,0.));
#9672=DIRECTION('ref_axis',(0.,-1.,0.));
#9673=DIRECTION('center_axis',(1.,0.,0.));
#9674=DIRECTION('ref_axis',(0.,-1.,0.));
#9675=DIRECTION('',(0.,1.,0.));
#9676=DIRECTION('',(0.,0.,1.));
#9677=DIRECTION('',(0.,-1.,0.));
#9678=DIRECTION('',(0.,0.,-1.));
#9679=DIRECTION('',(0.,1.,0.));
#9680=DIRECTION('',(0.,0.,1.));
#9681=DIRECTION('center_axis',(1.,0.,0.));
#9682=DIRECTION('ref_axis',(0.,-1.,0.));
#9683=DIRECTION('center_axis',(-1.,0.,0.));
#9684=DIRECTION('ref_axis',(0.,-1.,0.));
#9685=DIRECTION('center_axis',(-1.,0.,0.));
#9686=DIRECTION('ref_axis',(0.,-1.,0.));
#9687=DIRECTION('',(0.,0.939692620785909,-0.342020143325668));
#9688=DIRECTION('',(0.,0.342020143325668,0.939692620785909));
#9689=DIRECTION('',(0.,-0.939692620785909,0.342020143325668));
#9690=DIRECTION('',(0.,0.342020143325674,0.939692620785907));
#9691=DIRECTION('center_axis',(-1.,0.,0.));
#9692=DIRECTION('ref_axis',(0.,-1.,0.));
#9693=DIRECTION('',(-1.,0.,0.));
#9694=DIRECTION('center_axis',(1.,0.,0.));
#9695=DIRECTION('ref_axis',(0.,-1.,0.));
#9696=DIRECTION('center_axis',(1.,0.,0.));
#9697=DIRECTION('ref_axis',(0.,-1.,0.));
#9698=DIRECTION('',(-0.707106781186549,-0.707106781186546,-8.65956056235491E-17));
#9699=DIRECTION('center_axis',(-1.,0.,0.));
#9700=DIRECTION('ref_axis',(0.,-1.,0.));
#9701=DIRECTION('center_axis',(-1.,0.,0.));
#9702=DIRECTION('ref_axis',(0.,-1.,0.));
#9703=DIRECTION('',(-1.,0.,0.));
#9704=DIRECTION('center_axis',(1.,0.,0.));
#9705=DIRECTION('ref_axis',(0.,-1.,0.));
#9706=DIRECTION('center_axis',(0.,-0.573576308333087,0.819152133928117));
#9707=DIRECTION('ref_axis',(1.,0.,0.));
#9708=DIRECTION('',(0.,-0.819152133928117,-0.573576308333087));
#9709=DIRECTION('',(1.,0.,0.));
#9710=DIRECTION('',(0.,0.819152133928117,0.573576308333087));
#9711=DIRECTION('',(-1.,0.,0.));
#9712=DIRECTION('center_axis',(0.,0.,1.));
#9713=DIRECTION('ref_axis',(1.,0.,0.));
#9714=DIRECTION('',(0.,1.,0.));
#9715=DIRECTION('',(-0.269928682958935,0.962880317649112,0.));
#9716=DIRECTION('',(-1.,0.,0.));
#9717=DIRECTION('',(0.,-1.,0.));
#9718=DIRECTION('center_axis',(1.,0.,0.));
#9719=DIRECTION('ref_axis',(0.,1.,0.));
#9720=DIRECTION('',(0.,0.342020437037977,0.939692513883319));
#9721=DIRECTION('',(0.,0.939692620785909,-0.342020143325667));
#9722=DIRECTION('center_axis',(1.,0.,0.));
#9723=DIRECTION('ref_axis',(0.,0.906307787036652,0.422618261740694));
#9724=DIRECTION('',(0.,-0.342020143325667,-0.939692620785909));
#9725=DIRECTION('center_axis',(1.,0.,0.));
#9726=DIRECTION('ref_axis',(0.,0.422618261740696,-0.906307787036651));
#9727=DIRECTION('',(0.,-0.939692620785909,0.342020143325667));
#9728=DIRECTION('',(0.,0.342020437037977,0.939692513883319));
#9729=DIRECTION('',(0.,0.,1.));
#9730=DIRECTION('',(0.,0.351123441588391,0.936329177569045));
#9731=DIRECTION('',(0.,-1.,0.));
#9732=DIRECTION('',(0.,0.,1.));
#9733=DIRECTION('center_axis',(0.,-0.573576308333087,0.819152133928117));
#9734=DIRECTION('ref_axis',(1.,0.,0.));
#9735=DIRECTION('',(0.354553764794852,-0.765936430956404,-0.536314284355323));
#9736=DIRECTION('',(1.,0.,0.));
#9737=DIRECTION('',(-0.356276711904292,0.765399774240183,0.535938513402184));
#9738=DIRECTION('',(-1.,0.,0.));
#9739=DIRECTION('center_axis',(0.,0.,1.));
#9740=DIRECTION('ref_axis',(1.,0.,0.));
#9741=DIRECTION('',(-0.422000297250232,0.906595692202823,0.));
#9742=DIRECTION('center_axis',(0.,0.,-1.));
#9743=DIRECTION('ref_axis',(1.,0.,0.));
#9744=DIRECTION('',(0.258819045102523,-0.965925826289068,0.));
#9745=DIRECTION('',(0.420078261918228,-0.90748788083575,0.));
#9746=DIRECTION('center_axis',(0.906595692202823,0.422000297250231,0.));
#9747=DIRECTION('ref_axis',(-0.422000297250231,0.906595692202823,0.));
#9748=DIRECTION('',(-0.157222982447674,0.337766772988364,0.928005679322754));
#9749=DIRECTION('',(-0.400746691132801,0.860935942967121,-0.313355056849935));
#9750=DIRECTION('center_axis',(0.906595692202823,0.422000297250231,0.));
#9751=DIRECTION('ref_axis',(-0.422000297250231,0.906595692202823,1.88723139658042E-16));
#9752=DIRECTION('',(0.157222850768871,-0.337766490098907,-0.928005804595194));
#9753=DIRECTION('center_axis',(0.906595692202823,0.422000297250231,0.));
#9754=DIRECTION('ref_axis',(-0.422000297250232,0.906595692202823,1.25815426438694E-16));
#9755=DIRECTION('',(0.400746691132801,-0.860935942967121,0.313355056849935));
#9756=DIRECTION('',(-0.157222982447674,0.337766772988364,0.928005679322754));
#9757=DIRECTION('',(0.,0.,1.));
#9758=DIRECTION('',(-0.161300035286169,0.346525625918913,0.92406833578377));
#9759=DIRECTION('',(0.422000297250231,-0.906595692202823,0.));
#9760=DIRECTION('',(0.,0.,1.));
#9761=DIRECTION('center_axis',(0.,1.,0.));
#9762=DIRECTION('ref_axis',(0.707106781186554,0.,0.707106781186541));
#9763=DIRECTION('center_axis',(0.,-1.,0.));
#9764=DIRECTION('ref_axis',(0.707106781186554,0.,0.707106781186541));
#9765=DIRECTION('',(0.,-1.,0.));
#9766=DIRECTION('center_axis',(0.707106781186548,0.707106781186548,0.));
#9767=DIRECTION('ref_axis',(0.707106781186548,-0.707106781186548,0.));
#9768=DIRECTION('center_axis',(1.,0.,0.));
#9769=DIRECTION('ref_axis',(0.,-0.707106781186554,0.707106781186541));
#9770=DIRECTION('',(-1.,0.,0.));
#9771=DIRECTION('center_axis',(0.707106781186555,-0.70710678118654,-3.1401849173676E-15));
#9772=DIRECTION('ref_axis',(-0.70710678118654,-0.707106781186555,-3.14018491736767E-15));
#9773=DIRECTION('',(1.,0.,0.));
#9774=DIRECTION('center_axis',(0.,-1.,0.));
#9775=DIRECTION('ref_axis',(-0.707106781186548,0.,0.707106781186548));
#9776=DIRECTION('',(0.,1.,0.));
#9777=DIRECTION('center_axis',(0.,-1.,0.));
#9778=DIRECTION('ref_axis',(-0.707106781186548,0.,0.707106781186548));
#9779=DIRECTION('center_axis',(0.,-1.,0.));
#9780=DIRECTION('ref_axis',(-1.,0.,0.));
#9781=DIRECTION('',(-1.,0.,0.));
#9782=DIRECTION('center_axis',(0.,1.,0.));
#9783=DIRECTION('ref_axis',(-1.,0.,0.));
#9784=DIRECTION('',(-1.,0.,0.));
#9785=DIRECTION('',(0.,0.,1.));
#9786=DIRECTION('',(1.,0.,0.));
#9787=DIRECTION('',(1.,0.,0.));
#9788=DIRECTION('center_axis',(0.,0.939692620785909,-0.342020143325668));
#9789=DIRECTION('ref_axis',(0.,0.342020143325668,0.939692620785909));
#9790=DIRECTION('',(1.,0.,0.));
#9791=DIRECTION('',(0.,0.342020143325668,0.939692620785909));
#9792=DIRECTION('',(1.,0.,0.));
#9793=DIRECTION('',(0.,0.342020143325668,0.939692620785909));
#9794=DIRECTION('center_axis',(0.,-0.939692620785909,0.342020143325668));
#9795=DIRECTION('ref_axis',(1.,0.,0.));
#9796=DIRECTION('center_axis',(0.,-0.939692620785909,0.342020143325668));
#9797=DIRECTION('ref_axis',(0.,-0.342020143325668,-0.939692620785909));
#9798=DIRECTION('',(-1.,0.,0.));
#9799=DIRECTION('',(-2.97818539612355E-17,0.342020143325668,0.939692620785909));
#9800=DIRECTION('',(0.,-0.342020143325669,-0.939692620785908));
#9801=DIRECTION('',(1.,0.,0.));
#9802=DIRECTION('',(0.,-0.342020143325669,-0.939692620785908));
#9803=DIRECTION('',(1.,0.,0.));
#9804=DIRECTION('',(0.,-0.342020143325668,-0.939692620785909));
#9805=DIRECTION('center_axis',(0.,0.939692620785909,-0.342020143325668));
#9806=DIRECTION('ref_axis',(1.,0.,0.));
#9807=DIRECTION('center_axis',(0.,0.939692620785908,-0.342020143325669));
#9808=DIRECTION('ref_axis',(0.,0.342020143325669,0.939692620785908));
#9809=DIRECTION('',(1.,0.,0.));
#9810=DIRECTION('',(0.,-0.342020143325669,-0.939692620785908));
#9811=DIRECTION('',(1.,0.,0.));
#9812=DIRECTION('',(0.,-0.342020143325669,-0.939692620785908));
#9813=DIRECTION('',(-1.,0.,0.));
#9814=DIRECTION('',(0.,-0.34202014332567,-0.939692620785908));
#9815=DIRECTION('',(1.,0.,0.));
#9816=DIRECTION('',(2.97818539612356E-17,-0.342020143325669,-0.939692620785908));
#9817=DIRECTION('',(-0.999991082918708,-0.00144436540324733,-0.00396836133084702));
#9818=DIRECTION('',(-0.999996751512425,-0.000871780066974266,-0.00239519604874243));
#9819=DIRECTION('',(-0.497790951137384,-0.296633060563557,-0.814992635762088));
#9820=DIRECTION('center_axis',(2.39539790303517E-15,-0.939692620785908,
0.342020143325671));
#9821=DIRECTION('ref_axis',(1.,0.,0.));
#9822=DIRECTION('center_axis',(1.,0.,0.));
#9823=DIRECTION('ref_axis',(0.,0.,-1.));
#9824=DIRECTION('',(0.,-1.,0.));
#9825=DIRECTION('',(0.,0.939692620785908,-0.342020143325669));
#9826=DIRECTION('center_axis',(0.707106781186548,0.,0.707106781186548));
#9827=DIRECTION('ref_axis',(0.707106781186548,0.,-0.707106781186548));
#9828=DIRECTION('',(0.,-1.,0.));
#9829=DIRECTION('',(0.577350269189627,0.577350269189627,-0.577350269189624));
#9830=DIRECTION('',(0.,1.,0.));
#9831=DIRECTION('',(0.577350269189627,-0.577350269189627,-0.577350269189624));
#9832=DIRECTION('center_axis',(0.,0.707106781186546,0.707106781186549));
#9833=DIRECTION('ref_axis',(1.,0.,0.));
#9834=DIRECTION('',(1.,0.,0.));
#9835=DIRECTION('',(-0.577350269189625,0.577350269189627,-0.577350269189625));
#9836=DIRECTION('',(-1.,0.,0.));
#9837=DIRECTION('center_axis',(0.,-0.707106781186546,0.707106781186549));
#9838=DIRECTION('ref_axis',(1.,0.,0.));
#9839=DIRECTION('',(1.,0.,0.));
#9840=DIRECTION('',(0.577350269189626,0.577350269189627,0.577350269189625));
#9841=DIRECTION('',(-1.,0.,0.));
#9842=DIRECTION('center_axis',(-0.707106781186549,2.09345661157837E-16,
0.707106781186546));
#9843=DIRECTION('ref_axis',(0.707106781186546,0.,0.707106781186549));
#9844=DIRECTION('',(2.96059473233375E-16,1.,0.));
#9845=DIRECTION('',(-2.96059473233375E-16,-1.,0.));
#9846=DIRECTION('center_axis',(0.,1.,0.));
#9847=DIRECTION('ref_axis',(1.,0.,0.));
#9848=DIRECTION('',(0.,0.,-1.));
#9849=DIRECTION('',(1.,0.,0.));
#9850=DIRECTION('',(0.,0.,-1.));
#9851=DIRECTION('center_axis',(1.,0.,0.));
#9852=DIRECTION('ref_axis',(0.,1.,0.));
#9853=DIRECTION('',(0.,0.,-1.));
#9854=DIRECTION('',(0.,1.,0.));
#9855=DIRECTION('',(0.,0.,-1.));
#9856=DIRECTION('',(0.,0.,1.));
#9857=DIRECTION('',(0.,1.,0.));
#9858=DIRECTION('center_axis',(0.,0.,1.));
#9859=DIRECTION('ref_axis',(1.,0.,0.));
#9860=DIRECTION('',(-8.7076315656875E-17,1.,0.));
#9861=DIRECTION('',(-1.,0.,0.));
#9862=DIRECTION('',(3.96508223080413E-17,1.,0.));
#9863=DIRECTION('',(-1.,1.22002530178589E-16,0.));
#9864=DIRECTION('center_axis',(0.,0.939692620785909,-0.342020143325668));
#9865=DIRECTION('ref_axis',(1.,0.,0.));
#9866=DIRECTION('center_axis',(4.5547611266673E-15,0.939692620785914,-0.342020143325653));
#9867=DIRECTION('ref_axis',(1.,0.,0.));
#9868=DIRECTION('',(0.,0.939692620785909,-0.342020143325668));
#9869=DIRECTION('center_axis',(0.514495755427526,0.857492925712544,0.));
#9870=DIRECTION('ref_axis',(0.,0.,-1.));
#9871=DIRECTION('',(-0.857492925712544,0.514495755427526,0.));
#9872=DIRECTION('',(0.,0.,-1.));
#9873=DIRECTION('',(0.857492925712544,-0.514495755427526,0.));
#9874=DIRECTION('',(0.,0.,1.));
#9875=DIRECTION('',(-0.762492851663024,0.457495710997814,0.457495710997814));
#9876=DIRECTION('',(0.,0.,1.));
#9877=DIRECTION('center_axis',(1.,-3.96508223080413E-17,0.));
#9878=DIRECTION('ref_axis',(3.96508223080413E-17,1.,0.));
#9879=DIRECTION('',(-3.96508223080413E-17,-1.,0.));
#9880=DIRECTION('',(0.,0.,-1.));
#9881=DIRECTION('',(-3.96508223080413E-17,-1.,0.));
#9882=DIRECTION('',(0.,0.,1.));
#9883=DIRECTION('',(0.,0.,1.));
#9884=DIRECTION('',(-3.96508223080413E-17,-1.,0.));
#9885=DIRECTION('center_axis',(0.,1.,0.));
#9886=DIRECTION('ref_axis',(-1.,0.,0.));
#9887=DIRECTION('',(1.,0.,0.));
#9888=DIRECTION('',(0.,0.,1.));
#9889=DIRECTION('',(-1.,0.,0.));
#9890=DIRECTION('',(0.,0.,-1.));
#9891=DIRECTION('',(-1.,0.,0.));
#9892=DIRECTION('center_axis',(0.,0.707106781186548,-0.707106781186548));
#9893=DIRECTION('ref_axis',(-1.,0.,0.));
#9894=DIRECTION('',(1.,-3.64007549057428E-16,0.));
#9895=DIRECTION('',(2.09345661157837E-16,0.707106781186548,0.707106781186548));
#9896=DIRECTION('center_axis',(0.,-0.707106781186548,-0.707106781186548));
#9897=DIRECTION('ref_axis',(-1.,0.,0.));
#9898=DIRECTION('',(1.,0.,0.));
#9899=DIRECTION('',(2.09345661157837E-16,0.707106781186547,-0.707106781186547));
#9900=DIRECTION('',(-1.,0.,0.));
#9901=DIRECTION('center_axis',(-1.,2.96059473233375E-16,0.));
#9902=DIRECTION('ref_axis',(-2.96059473233375E-16,-1.,0.));
#9903=DIRECTION('',(0.,-1.,0.));
#9904=DIRECTION('',(0.,0.,-1.));
#9905=DIRECTION('',(0.,0.,1.));
#9906=DIRECTION('',(2.96059473233375E-16,1.,0.));
#9907=DIRECTION('',(0.,0.,1.));
#9908=DIRECTION('',(0.,-1.,0.));
#9909=DIRECTION('',(0.,0.,-1.));
#9910=DIRECTION('center_axis',(0.,0.,-1.));
#9911=DIRECTION('ref_axis',(-1.,0.,0.));
#9912=DIRECTION('',(-1.,0.,0.));
#9913=DIRECTION('center_axis',(0.,-1.,0.));
#9914=DIRECTION('ref_axis',(-1.,0.,0.));
#9915=DIRECTION('',(-1.,0.,0.));
#9916=DIRECTION('center_axis',(0.,0.,-1.));
#9917=DIRECTION('ref_axis',(-1.,0.,0.));
#9918=DIRECTION('',(1.,-3.64007549057428E-16,0.));
#9919=DIRECTION('center_axis',(0.,-1.,0.));
#9920=DIRECTION('ref_axis',(-1.,0.,0.));
#9921=DIRECTION('center_axis',(3.64007549057428E-16,1.,0.));
#9922=DIRECTION('ref_axis',(1.,-3.64007549057428E-16,0.));
#9923=DIRECTION('center_axis',(0.,0.,1.));
#9924=DIRECTION('ref_axis',(1.,0.,0.));
#9925=DIRECTION('',(0.,1.,0.));
#9926=DIRECTION('',(-1.,0.,0.));
#9927=DIRECTION('',(0.,1.,0.));
#9928=DIRECTION('center_axis',(-1.,0.,0.));
#9929=DIRECTION('ref_axis',(0.,0.,1.));
#9930=DIRECTION('',(0.,0.,-1.));
#9931=DIRECTION('',(0.,1.,0.));
#9932=DIRECTION('center_axis',(1.,0.,0.));
#9933=DIRECTION('ref_axis',(0.,0.,-1.));
#9934=DIRECTION('',(0.,1.,0.));
#9935=DIRECTION('',(0.,0.,1.));
#9936=DIRECTION('center_axis',(0.,-1.,0.));
#9937=DIRECTION('ref_axis',(1.,0.,0.));
#9938=DIRECTION('',(-1.,0.,0.));
#9939=DIRECTION('',(0.,0.,1.));
#9940=DIRECTION('',(-1.,0.,0.));
#9941=DIRECTION('center_axis',(1.,8.7076315656875E-17,0.));
#9942=DIRECTION('ref_axis',(-8.7076315656875E-17,1.,0.));
#9943=DIRECTION('',(0.,0.,-1.));
#9944=DIRECTION('',(8.7076315656875E-17,-1.,0.));
#9945=DIRECTION('',(0.,0.,-1.));
#9946=DIRECTION('',(8.7076315656875E-17,-1.,0.));
#9947=DIRECTION('',(8.7076315656875E-17,-1.,0.));
#9948=DIRECTION('center_axis',(-1.,-8.7076315656875E-17,0.));
#9949=DIRECTION('ref_axis',(0.,-1.,0.));
#9950=DIRECTION('',(0.,1.,0.));
#9951=DIRECTION('',(0.,0.,-1.));
#9952=DIRECTION('',(-8.7076315656875E-17,1.,0.));
#9953=DIRECTION('',(0.,0.,1.));
#9954=DIRECTION('',(8.7076315656875E-17,-1.,0.));
#9955=DIRECTION('',(0.,0.,-1.));
#9956=DIRECTION('',(-8.7076315656875E-17,1.,0.));
#9957=DIRECTION('',(0.,0.,1.));
#9958=DIRECTION('center_axis',(-1.,-8.7076315656875E-17,0.));
#9959=DIRECTION('ref_axis',(0.,-0.999262155743478,0.0384076047013688));
#9960=DIRECTION('center_axis',(-1.,-8.7076315656875E-17,0.));
#9961=DIRECTION('ref_axis',(0.,1.,0.));
#9962=DIRECTION('',(7.3912403848251E-20,-0.000848823279794054,-0.999999639749455));
#9963=DIRECTION('center_axis',(-1.,-8.7076315656875E-17,0.));
#9964=DIRECTION('ref_axis',(0.,0.999262286482168,-0.0384042030828722));
#9965=DIRECTION('center_axis',(-1.,-8.7076315656875E-17,0.));
#9966=DIRECTION('ref_axis',(0.,-0.999262155743478,0.0384076047013688));
#9967=DIRECTION('',(7.3912403848251E-20,-0.000848823279794054,-0.999999639749455));
#9968=DIRECTION('center_axis',(0.0167660843025003,-0.341972068745145,-0.939560536961471));
#9969=DIRECTION('ref_axis',(8.24164202536981E-18,0.939692620785909,-0.342020143325668));
#9970=DIRECTION('',(-0.99985943932993,-0.00573433855615141,-0.015754965698534));
#9971=DIRECTION('',(0.,0.939692620785909,-0.342020143325668));
#9972=DIRECTION('',(-0.99985943932993,-0.00573433855615139,-0.015754965698534));
#9973=DIRECTION('center_axis',(-4.5547611266673E-15,-0.939692620785914,
0.342020143325653));
#9974=DIRECTION('ref_axis',(0.,-0.342020143325653,-0.939692620785914));
#9975=DIRECTION('',(0.99985943932993,0.00573433855615141,0.015754965698534));
#9976=DIRECTION('',(0.99985943932993,0.00573433855614758,0.0157549656985377));
#9977=DIRECTION('',(0.485409864737002,0.299023668196075,0.821560776251258));
#9978=DIRECTION('',(-0.514449574592924,0.293289329639927,0.805805810552718));
#9979=DIRECTION('',(-0.99985943932993,-0.00573433855614782,-0.0157549656985383));
#9980=DIRECTION('center_axis',(0.0167660843025024,-0.341972068745145,-0.939560536961471));
#9981=DIRECTION('ref_axis',(-0.99985943932993,-0.00573433855615211,-0.015754965698536));
#9982=DIRECTION('',(0.,0.939692620785909,-0.342020143325668));
#9983=DIRECTION('',(0.99985943932993,0.00573433855615211,0.015754965698536));
#9984=DIRECTION('',(0.,0.939692620785909,-0.342020143325668));
#9985=DIRECTION('center_axis',(-0.0167660843025003,0.341972068745145,0.939560536961471));
#9986=DIRECTION('ref_axis',(1.60246890531963E-17,-0.939692620785909,0.342020143325668));
#9987=DIRECTION('',(0.99985943932993,0.00573433855615139,0.015754965698534));
#9988=DIRECTION('center_axis',(-0.00254891439579646,0.342019032277476,0.939689568206108));
#9989=DIRECTION('ref_axis',(-8.04763973571836E-18,0.939692620785911,-0.342020143325661));
#9990=DIRECTION('',(0.999996751512425,0.000871780066975162,0.0023951960487449));
#9991=DIRECTION('',(3.20493781063928E-17,-0.939692620785911,0.342020143325661));
#9992=DIRECTION('',(0.999996751512425,0.000871780066975162,0.0023951960487449));
#9993=DIRECTION('center_axis',(2.2204460492503E-15,-0.939692620785908,0.342020143325669));
#9994=DIRECTION('ref_axis',(0.,-0.342020143325669,-0.939692620785908));
#9995=DIRECTION('',(-0.999996751512425,-0.000871780066976353,-0.00239519604874167));
#9996=DIRECTION('',(-0.497790951137384,-0.296633060563558,-0.814992635762087));
#9997=DIRECTION('',(0.502205800375041,-0.295761280496582,-0.812597439713347));
#9998=DIRECTION('',(-0.999991082918708,-0.00144436540324733,-0.00396836133084702));
#9999=DIRECTION('',(-0.999996751512425,-0.000871780066975162,-0.0023951960487449));
#10000=DIRECTION('center_axis',(-2.2204460492503E-15,0.939692620785908,
-0.342020143325669));
#10001=DIRECTION('ref_axis',(1.,0.,0.));
#10002=DIRECTION('center_axis',(0.,0.939692620785909,-0.342020143325667));
#10003=DIRECTION('ref_axis',(1.,0.,0.));
#10004=DIRECTION('',(0.,0.939692620785909,-0.342020143325667));
#10005=DIRECTION('center_axis',(-0.00422304192144238,0.342017093504247,
0.939684241470419));
#10006=DIRECTION('ref_axis',(-0.999991082918708,-0.00144436540324733,-0.00396836133084702));
#10007=DIRECTION('',(3.20493781063928E-17,-0.939692620785911,0.342020143325661));
#10008=DIRECTION('',(0.,0.939692620785908,-0.342020143325669));
#10009=DIRECTION('center_axis',(0.,0.,-1.));
#10010=DIRECTION('ref_axis',(-1.,0.,0.));
#10011=DIRECTION('center_axis',(0.,0.,1.));
#10012=DIRECTION('ref_axis',(-0.707106781186547,0.707106781186547,0.));
#10013=DIRECTION('',(-1.,0.,0.));
#10014=DIRECTION('center_axis',(0.,0.,1.));
#10015=DIRECTION('ref_axis',(0.707106781186547,0.707106781186547,0.));
#10016=DIRECTION('',(0.,1.,0.));
#10017=DIRECTION('',(0.,1.,0.));
#10018=DIRECTION('',(-1.,0.,0.));
#10019=DIRECTION('',(0.,1.,0.));
#10020=DIRECTION('',(-1.,0.,0.));
#10021=DIRECTION('',(0.,-1.,0.));
#10022=DIRECTION('center_axis',(0.,0.,1.));
#10023=DIRECTION('ref_axis',(0.707106781186547,0.707106781186547,0.));
#10024=DIRECTION('',(1.,0.,0.));
#10025=DIRECTION('center_axis',(0.,0.,1.));
#10026=DIRECTION('ref_axis',(-0.707106781186547,0.707106781186547,0.));
#10027=DIRECTION('',(0.,1.,0.));
#10028=DIRECTION('',(-1.,0.,0.));
#10029=DIRECTION('',(8.7076315656875E-17,-1.,0.));
#10030=DIRECTION('center_axis',(-0.867297047709572,0.170254532454225,0.4677704834778));
#10031=DIRECTION('ref_axis',(0.497790951137384,0.296633060563556,0.814992635762089));
#10032=DIRECTION('',(0.,0.939692620785908,-0.342020143325669));
#10033=DIRECTION('',(-0.497790951137384,-0.296633060563551,-0.814992635762091));
#10034=DIRECTION('center_axis',(-0.00254891439579383,0.342019032277476,
0.939689568206108));
#10035=DIRECTION('ref_axis',(0.999996751512425,0.000871780066974262,0.00239519604874243));
#10036=DIRECTION('',(0.,0.939692620785908,-0.342020143325669));
#10037=DIRECTION('',(-0.999996751512425,-0.000871780066974262,-0.00239519604874243));
#10038=DIRECTION('center_axis',(0.864748133313778,0.17176449982325,0.471919084728309));
#10039=DIRECTION('ref_axis',(0.502205800375041,-0.295761280496577,-0.812597439713349));
#10040=DIRECTION('',(0.,0.939692620785911,-0.342020143325661));
#10041=DIRECTION('',(-0.502205800375041,0.295761280496577,0.812597439713349));
#10042=DIRECTION('center_axis',(0.867297047709571,-0.170254532454226,-0.4677704834778));
#10043=DIRECTION('ref_axis',(-0.497790951137384,-0.296633060563566,-0.814992635762085));
#10044=DIRECTION('',(0.,0.939692620785908,-0.342020143325669));
#10045=DIRECTION('',(0.497790951137384,0.296633060563551,0.81499263576209));
#10046=DIRECTION('center_axis',(0.00254891439579383,-0.342019032277476,
-0.939689568206108));
#10047=DIRECTION('ref_axis',(-0.999996751512425,-0.000871780066974263,-0.00239519604874243));
#10048=DIRECTION('',(0.,0.939692620785908,-0.342020143325669));
#10049=DIRECTION('',(0.999996751512425,0.000871780066974263,0.00239519604874243));
#10050=DIRECTION('center_axis',(0.00254891439579646,-0.342019032277476,
-0.939689568206108));
#10051=DIRECTION('ref_axis',(-4.00262712558609E-17,-0.939692620785911,0.342020143325661));
#10052=DIRECTION('',(-0.999996751512425,-0.000871780066975162,-0.0023951960487449));
#10053=DIRECTION('center_axis',(0.,-0.936329177569045,0.351123441588391));
#10054=DIRECTION('ref_axis',(0.,-0.351123441588391,-0.936329177569045));
#10055=DIRECTION('',(-1.,0.,0.));
#10056=DIRECTION('',(0.160430556195835,-0.346575385259519,-0.924201027358719));
#10057=DIRECTION('',(1.,0.,0.));
#10058=DIRECTION('center_axis',(0.,-1.,0.));
#10059=DIRECTION('ref_axis',(1.,0.,0.));
#10060=DIRECTION('',(1.,0.,0.));
#10061=DIRECTION('',(0.,0.,1.));
#10062=DIRECTION('center_axis',(0.,-0.936329177569045,0.351123441588391));
#10063=DIRECTION('ref_axis',(0.,-0.351123441588391,-0.936329177569045));
#10064=DIRECTION('',(-1.,0.,0.));
#10065=DIRECTION('',(0.,-0.351123441588391,-0.936329177569045));
#10066=DIRECTION('',(1.,0.,0.));
#10067=DIRECTION('center_axis',(0.,-1.,0.));
#10068=DIRECTION('ref_axis',(1.,0.,0.));
#10069=DIRECTION('',(1.,0.,0.));
#10070=DIRECTION('',(0.,0.,1.));
#10071=DIRECTION('center_axis',(0.,0.,1.));
#10072=DIRECTION('ref_axis',(0.707106781186547,0.707106781186548,0.));
#10073=DIRECTION('center_axis',(0.,0.,-1.));
#10074=DIRECTION('ref_axis',(0.707106781186547,0.707106781186548,0.));
#10075=DIRECTION('center_axis',(0.,0.,1.));
#10076=DIRECTION('ref_axis',(0.707106781186547,0.707106781186548,0.));
#10077=DIRECTION('',(0.,0.,1.));
#10078=DIRECTION('center_axis',(0.,0.,1.));
#10079=DIRECTION('ref_axis',(1.,0.,0.));
#10080=DIRECTION('',(-1.,-4.48574959444508E-17,0.));
#10081=DIRECTION('center_axis',(0.,0.,-1.));
#10082=DIRECTION('ref_axis',(-0.707106781186548,0.707106781186547,0.));
#10083=DIRECTION('',(0.,1.,0.));
#10084=DIRECTION('center_axis',(0.,0.,1.));
#10085=DIRECTION('ref_axis',(-0.707106781186547,0.707106781186547,0.));
#10086=DIRECTION('',(1.,0.,0.));
#10087=DIRECTION('center_axis',(0.,0.,1.));
#10088=DIRECTION('ref_axis',(0.707106781186547,0.707106781186547,0.));
#10089=DIRECTION('',(0.,-1.,0.));
#10090=DIRECTION('',(1.,0.,0.));
#10091=DIRECTION('center_axis',(-4.48574959444508E-17,1.,0.));
#10092=DIRECTION('ref_axis',(1.,4.48574959444508E-17,0.));
#10093=DIRECTION('',(1.,4.48574959444508E-17,0.));
#10094=DIRECTION('',(0.,0.,-1.));
#10095=DIRECTION('center_axis',(0.,0.,1.));
#10096=DIRECTION('ref_axis',(-0.707106781186548,0.707106781186547,0.));
#10097=DIRECTION('center_axis',(0.,0.,1.));
#10098=DIRECTION('ref_axis',(-0.707106781186548,0.707106781186547,0.));
#10099=DIRECTION('center_axis',(0.,0.,-1.));
#10100=DIRECTION('ref_axis',(0.707106781186547,0.707106781186547,0.));
#10101=DIRECTION('',(0.,0.,1.));
#10102=DIRECTION('',(0.,0.,-1.));
#10103=DIRECTION('center_axis',(0.,1.,0.));
#10104=DIRECTION('ref_axis',(1.,0.,0.));
#10105=DIRECTION('',(0.,0.,1.));
#10106=DIRECTION('center_axis',(0.,0.,-1.));
#10107=DIRECTION('ref_axis',(-0.707106781186547,0.707106781186547,0.));
#10108=DIRECTION('',(0.,0.,-1.));
#10109=DIRECTION('center_axis',(-1.,0.,0.));
#10110=DIRECTION('ref_axis',(0.,1.,0.));
#10111=DIRECTION('',(0.,1.,0.));
#10112=DIRECTION('',(0.,0.,-1.));
#10113=DIRECTION('center_axis',(0.,0.,1.));
#10114=DIRECTION('ref_axis',(0.707106781186547,0.707106781186547,0.));
#10115=DIRECTION('',(0.,0.,-1.));
#10116=DIRECTION('center_axis',(0.,0.,1.));
#10117=DIRECTION('ref_axis',(0.707106781186547,0.707106781186547,0.));
#10118=DIRECTION('',(0.,0.,1.));
#10119=DIRECTION('',(0.,0.,-1.));
#10120=DIRECTION('center_axis',(0.,0.,1.));
#10121=DIRECTION('ref_axis',(-0.707106781186547,0.707106781186547,0.));
#10122=DIRECTION('center_axis',(0.,0.,1.));
#10123=DIRECTION('ref_axis',(-0.707106781186547,0.707106781186547,0.));
#10124=DIRECTION('',(0.,0.,1.));
#10125=DIRECTION('',(0.,0.,1.));
#10126=DIRECTION('center_axis',(0.,-1.,0.));
#10127=DIRECTION('ref_axis',(1.,0.,0.));
#10128=DIRECTION('center_axis',(0.,1.,0.));
#10129=DIRECTION('ref_axis',(-1.,0.,-2.23517391539921E-8));
#10130=DIRECTION('center_axis',(0.,1.,0.));
#10131=DIRECTION('ref_axis',(-0.999262155743478,0.,0.0384076047013691));
#10132=DIRECTION('center_axis',(0.,1.,0.));
#10133=DIRECTION('ref_axis',(0.999262286482168,0.,-0.0384042030828722));
#10134=DIRECTION('center_axis',(0.,1.,0.));
#10135=DIRECTION('ref_axis',(0.999262286482168,0.,-0.0384042030828722));
#10136=DIRECTION('',(-0.000848823279798109,0.,-0.999999639749455));
#10137=DIRECTION('center_axis',(0.,1.,0.));
#10138=DIRECTION('ref_axis',(-1.,0.,-2.23517391539921E-8));
#10139=DIRECTION('center_axis',(0.,1.,0.));
#10140=DIRECTION('ref_axis',(-0.999262155743478,0.,0.0384076047013691));
#10141=DIRECTION('',(-1.,0.,0.));
#10142=DIRECTION('center_axis',(0.,1.,0.));
#10143=DIRECTION('ref_axis',(0.999262286482168,0.,-0.0384042030828722));
#10144=DIRECTION('',(-0.000848823279794055,0.,-0.999999639749455));
#10145=DIRECTION('center_axis',(0.,1.,0.));
#10146=DIRECTION('ref_axis',(-1.,0.,-2.23517391539921E-8));
#10147=DIRECTION('center_axis',(0.,1.,0.));
#10148=DIRECTION('ref_axis',(-0.999262155743478,0.,0.0384076047013691));
#10149=DIRECTION('center_axis',(0.,1.,0.));
#10150=DIRECTION('ref_axis',(0.999262286482168,0.,-0.0384042030828722));
#10151=DIRECTION('',(-0.000848823279802164,0.,-0.999999639749455));
#10152=DIRECTION('center_axis',(0.,1.,0.));
#10153=DIRECTION('ref_axis',(-1.,0.,-2.23517391539921E-8));
#10154=DIRECTION('center_axis',(0.,1.,0.));
#10155=DIRECTION('ref_axis',(-0.999262155743478,0.,0.0384076047013691));
#10156=DIRECTION('center_axis',(-0.999999639749455,0.,-0.000848823279794054));
#10157=DIRECTION('ref_axis',(0.000848823279794054,0.,-0.999999639749455));
#10158=DIRECTION('',(0.000848823279794054,0.,-0.999999639749455));
#10159=DIRECTION('',(0.,-1.,0.));
#10160=DIRECTION('',(0.000848823279794054,0.,-0.999999639749455));
#10161=DIRECTION('',(0.,-1.,0.));
#10162=DIRECTION('center_axis',(0.,-1.,0.));
#10163=DIRECTION('ref_axis',(0.0285337314786123,0.,0.999592830190326));
#10164=DIRECTION('center_axis',(0.,-1.,0.));
#10165=DIRECTION('ref_axis',(-0.999262286482168,0.,-0.0384042030828722));
#10166=DIRECTION('',(0.,-1.,0.));
#10167=DIRECTION('center_axis',(0.,-1.,0.));
#10168=DIRECTION('ref_axis',(-0.999262286482168,0.,-0.0384042030828722));
#10169=DIRECTION('center_axis',(0.,-1.,0.));
#10170=DIRECTION('ref_axis',(0.028856131806482,0.,-0.999583575123745));
#10171=DIRECTION('center_axis',(0.,-1.,0.));
#10172=DIRECTION('ref_axis',(0.999262155743478,0.,0.0384076047013691));
#10173=DIRECTION('center_axis',(0.,-1.,0.));
#10174=DIRECTION('ref_axis',(0.999262155743478,0.,0.0384076047013691));
#10175=DIRECTION('center_axis',(0.,1.,0.));
#10176=DIRECTION('ref_axis',(-1.,0.,0.));
#10177=DIRECTION('center_axis',(0.,-1.,0.));
#10178=DIRECTION('ref_axis',(0.0299274554301028,0.,0.999552073386614));
#10179=DIRECTION('center_axis',(0.,-1.,0.));
#10180=DIRECTION('ref_axis',(-0.999262286482168,0.,-0.0384042030828722));
#10181=DIRECTION('',(0.,-1.,0.));
#10182=DIRECTION('center_axis',(0.,-1.,0.));
#10183=DIRECTION('ref_axis',(-0.999262286482168,0.,-0.0384042030828722));
#10184=DIRECTION('',(0.,-1.,0.));
#10185=DIRECTION('center_axis',(0.,-1.,0.));
#10186=DIRECTION('ref_axis',(0.00668996645519338,0.,-0.999977621924025));
#10187=DIRECTION('center_axis',(0.,-1.,0.));
#10188=DIRECTION('ref_axis',(0.999262155743478,0.,0.0384076047013691));
#10189=DIRECTION('',(0.,-1.,0.));
#10190=DIRECTION('center_axis',(0.,-1.,0.));
#10191=DIRECTION('ref_axis',(0.999262155743478,0.,0.0384076047013691));
#10192=DIRECTION('center_axis',(-0.999998394890552,0.,-0.00179170765447264));
#10193=DIRECTION('ref_axis',(0.00179170765447264,0.,-0.999998394890552));
#10194=DIRECTION('',(0.00179170765447264,0.,-0.999998394890552));
#10195=DIRECTION('',(0.00179170765447264,0.,-0.999998394890552));
#10196=DIRECTION('center_axis',(0.,1.,0.));
#10197=DIRECTION('ref_axis',(-1.,0.,0.));
#10198=DIRECTION('center_axis',(-1.,0.,0.));
#10199=DIRECTION('ref_axis',(0.,0.999262286482168,-0.0384042030828722));
#10200=DIRECTION('center_axis',(-1.,0.,0.));
#10201=DIRECTION('ref_axis',(0.,0.999262286482168,-0.0384042030828722));
#10202=DIRECTION('',(-1.,0.,0.));
#10203=DIRECTION('center_axis',(-1.,0.,0.));
#10204=DIRECTION('ref_axis',(0.,0.999262286482168,-0.0384042030828722));
#10205=DIRECTION('',(-1.,0.,0.));
#10206=DIRECTION('center_axis',(0.,0.999999639749455,-0.000848823279802163));
#10207=DIRECTION('ref_axis',(0.,-0.000848823279802163,-0.999999639749455));
#10208=DIRECTION('',(0.,-0.000848823279802163,-0.999999639749455));
#10209=DIRECTION('',(-1.,0.,0.));
#10210=DIRECTION('',(0.,-0.000848823279802163,-0.999999639749455));
#10211=DIRECTION('center_axis',(-1.,0.,0.));
#10212=DIRECTION('ref_axis',(0.,-0.0285337314785403,0.999592830190328));
#10213=DIRECTION('center_axis',(-1.,0.,0.));
#10214=DIRECTION('ref_axis',(0.,0.999262286482168,-0.0384042030828722));
#10215=DIRECTION('',(-1.,0.,0.));
#10216=DIRECTION('center_axis',(-1.,0.,0.));
#10217=DIRECTION('ref_axis',(0.,0.999262286482168,-0.0384042030828722));
#10218=DIRECTION('center_axis',(-1.,0.,0.));
#10219=DIRECTION('ref_axis',(0.,-0.00668996645519258,-0.999977621924025));
#10220=DIRECTION('center_axis',(-1.,0.,0.));
#10221=DIRECTION('ref_axis',(0.,-0.999262155743478,0.0384076047013692));
#10222=DIRECTION('center_axis',(-1.,0.,0.));
#10223=DIRECTION('ref_axis',(0.,-0.999262155743478,0.0384076047013692));
#10224=DIRECTION('center_axis',(1.,0.,0.));
#10225=DIRECTION('ref_axis',(0.,1.,0.));
#10226=DIRECTION('center_axis',(-1.,0.,0.));
#10227=DIRECTION('ref_axis',(0.,-0.0206541832063918,-0.999786679605243));
#10228=DIRECTION('',(-1.,0.,0.));
#10229=DIRECTION('center_axis',(-1.,0.,0.));
#10230=DIRECTION('ref_axis',(0.,-0.999262155743478,0.0384076047013688));
#10231=DIRECTION('',(-1.,0.,0.));
#10232=DIRECTION('center_axis',(0.,0.999999639749455,-0.000848823279794054));
#10233=DIRECTION('ref_axis',(0.,-0.000848823279794054,-0.999999639749455));
#10234=DIRECTION('',(-1.,0.,0.));
#10235=DIRECTION('',(0.,-0.000848823279794054,-0.999999639749455));
#10236=DIRECTION('center_axis',(-1.,0.,0.));
#10237=DIRECTION('ref_axis',(0.,-0.999262155743478,0.0384076047013688));
#10238=DIRECTION('',(-1.,0.,0.));
#10239=DIRECTION('center_axis',(-1.,0.,0.));
#10240=DIRECTION('ref_axis',(0.,-0.999262155743478,0.0384076047013688));
#10241=DIRECTION('center_axis',(-1.,0.,0.));
#10242=DIRECTION('ref_axis',(0.,0.999262286482168,-0.0384042030828722));
#10243=DIRECTION('',(-1.,0.,0.));
#10244=DIRECTION('center_axis',(-1.,0.,0.));
#10245=DIRECTION('ref_axis',(0.,0.999262286482168,-0.0384042030828722));
#10246=DIRECTION('center_axis',(0.,0.999999639749455,-0.000848823279794054));
#10247=DIRECTION('ref_axis',(0.,-0.000848823279794054,-0.999999639749455));
#10248=DIRECTION('',(-1.,0.,0.));
#10249=DIRECTION('',(0.,-0.000848823279794054,-0.999999639749455));
#10250=DIRECTION('center_axis',(-1.,0.,0.));
#10251=DIRECTION('ref_axis',(0.,-0.0147275648761155,0.999891543535007));
#10252=DIRECTION('center_axis',(-1.,0.,0.));
#10253=DIRECTION('ref_axis',(0.,1.,0.));
#10254=DIRECTION('center_axis',(1.,0.,0.));
#10255=DIRECTION('ref_axis',(0.,1.,0.));
#10256=DIRECTION('center_axis',(0.,-0.999999639749455,-0.000848823279802163));
#10257=DIRECTION('ref_axis',(0.,0.000848823279802163,-0.999999639749455));
#10258=DIRECTION('',(0.,0.000848823279802163,-0.999999639749455));
#10259=DIRECTION('',(1.,0.,0.));
#10260=DIRECTION('',(0.,0.000848823279802163,-0.999999639749455));
#10261=DIRECTION('',(1.,0.,0.));
#10262=DIRECTION('center_axis',(1.,0.,0.));
#10263=DIRECTION('ref_axis',(0.,0.999262155743478,0.0384076047013692));
#10264=DIRECTION('center_axis',(1.,0.,0.));
#10265=DIRECTION('ref_axis',(0.,0.999262155743478,0.0384076047013692));
#10266=DIRECTION('',(1.,0.,0.));
#10267=DIRECTION('center_axis',(1.,0.,0.));
#10268=DIRECTION('ref_axis',(0.,0.999262155743478,0.0384076047013692));
#10269=DIRECTION('center_axis',(1.,0.,0.));
#10270=DIRECTION('ref_axis',(0.,-0.999262286482168,-0.0384042030828722));
#10271=DIRECTION('center_axis',(1.,0.,0.));
#10272=DIRECTION('ref_axis',(0.,-0.999262286482168,-0.0384042030828722));
#10273=DIRECTION('',(1.,0.,0.));
#10274=DIRECTION('center_axis',(1.,0.,0.));
#10275=DIRECTION('ref_axis',(0.,-0.999262286482168,-0.0384042030828722));
#10276=DIRECTION('center_axis',(0.,-0.999999639749455,-0.000848823279802163));
#10277=DIRECTION('ref_axis',(0.,0.000848823279802163,-0.999999639749455));
#10278=DIRECTION('',(0.,0.000848823279802163,-0.999999639749455));
#10279=DIRECTION('',(1.,0.,0.));
#10280=DIRECTION('',(0.,0.000848823279802163,-0.999999639749455));
#10281=DIRECTION('center_axis',(1.,0.,0.));
#10282=DIRECTION('ref_axis',(0.,0.0285337314785403,0.999592830190328));
#10283=DIRECTION('center_axis',(1.,0.,0.));
#10284=DIRECTION('ref_axis',(0.,-0.999262286482168,-0.0384042030828722));
#10285=DIRECTION('',(1.,0.,0.));
#10286=DIRECTION('center_axis',(1.,0.,0.));
#10287=DIRECTION('ref_axis',(0.,-0.999262286482168,-0.0384042030828722));
#10288=DIRECTION('center_axis',(1.,0.,0.));
#10289=DIRECTION('ref_axis',(0.,0.0288561318064821,-0.999583575123745));
#10290=DIRECTION('center_axis',(1.,0.,0.));
#10291=DIRECTION('ref_axis',(0.,0.999262155743478,0.0384076047013692));
#10292=DIRECTION('center_axis',(1.,0.,0.));
#10293=DIRECTION('ref_axis',(0.,0.999262155743478,0.0384076047013692));
#10294=DIRECTION('center_axis',(-1.,0.,0.));
#10295=DIRECTION('ref_axis',(0.,-1.,0.));
#10296=DIRECTION('center_axis',(1.,0.,0.));
#10297=DIRECTION('ref_axis',(0.,0.020653291685775,-0.999786698022404));
#10298=DIRECTION('center_axis',(1.,0.,0.));
#10299=DIRECTION('ref_axis',(0.,0.999262155743478,0.0384076047013689));
#10300=DIRECTION('',(1.,0.,0.));
#10301=DIRECTION('center_axis',(1.,0.,0.));
#10302=DIRECTION('ref_axis',(0.,0.999262155743478,0.0384076047013689));
#10303=DIRECTION('',(1.,0.,0.));
#10304=DIRECTION('center_axis',(0.,-0.999999639749455,-0.000848823279794054));
#10305=DIRECTION('ref_axis',(0.,0.000848823279794054,-0.999999639749455));
#10306=DIRECTION('',(0.,0.000848823279794054,-0.999999639749455));
#10307=DIRECTION('',(1.,0.,0.));
#10308=DIRECTION('',(0.,0.000848823279794054,-0.999999639749455));
#10309=DIRECTION('center_axis',(1.,0.,0.));
#10310=DIRECTION('ref_axis',(0.,0.999262155743478,0.0384076047013689));
#10311=DIRECTION('center_axis',(1.,0.,0.));
#10312=DIRECTION('ref_axis',(0.,0.999262155743478,0.0384076047013689));
#10313=DIRECTION('',(1.,0.,0.));
#10314=DIRECTION('center_axis',(1.,0.,0.));
#10315=DIRECTION('ref_axis',(0.,0.999262155743478,0.0384076047013689));
#10316=DIRECTION('center_axis',(1.,0.,0.));
#10317=DIRECTION('ref_axis',(0.,-0.999262286482168,-0.0384042030828722));
#10318=DIRECTION('center_axis',(1.,0.,0.));
#10319=DIRECTION('ref_axis',(0.,-0.999262286482168,-0.0384042030828722));
#10320=DIRECTION('',(1.,0.,0.));
#10321=DIRECTION('center_axis',(1.,0.,0.));
#10322=DIRECTION('ref_axis',(0.,-0.999262286482168,-0.0384042030828722));
#10323=DIRECTION('center_axis',(0.,-0.999999639749455,-0.000848823279794054));
#10324=DIRECTION('ref_axis',(0.,0.000848823279794054,-0.999999639749455));
#10325=DIRECTION('',(0.,0.000848823279794054,-0.999999639749455));
#10326=DIRECTION('',(1.,0.,0.));
#10327=DIRECTION('',(0.,0.000848823279794054,-0.999999639749455));
#10328=DIRECTION('center_axis',(1.,0.,0.));
#10329=DIRECTION('ref_axis',(0.,0.0147284548527089,0.999891530426002));
#10330=DIRECTION('center_axis',(1.,0.,0.));
#10331=DIRECTION('ref_axis',(0.,-1.,0.));
#10332=DIRECTION('center_axis',(1.,0.,0.));
#10333=DIRECTION('ref_axis',(0.,-1.,0.));
#10334=DIRECTION('center_axis',(-1.,0.,0.));
#10335=DIRECTION('ref_axis',(0.,-1.,0.));
#10336=DIRECTION('center_axis',(0.,0.,-1.));
#10337=DIRECTION('ref_axis',(-1.,0.,0.));
#10338=DIRECTION('center_axis',(0.,0.,-1.));
#10339=DIRECTION('ref_axis',(-1.,0.,0.));
#10340=DIRECTION('',(0.,0.,-1.));
#10341=DIRECTION('center_axis',(0.,0.,-1.));
#10342=DIRECTION('ref_axis',(-1.,0.,0.));
#10343=DIRECTION('center_axis',(0.,0.,1.));
#10344=DIRECTION('ref_axis',(-1.,0.,0.));
#10345=DIRECTION('center_axis',(0.,0.,-1.));
#10346=DIRECTION('ref_axis',(-1.,0.,0.));
#10347=DIRECTION('center_axis',(0.,0.,-1.));
#10348=DIRECTION('ref_axis',(-1.,0.,0.));
#10349=DIRECTION('',(0.,0.,-1.));
#10350=DIRECTION('center_axis',(0.,0.,-1.));
#10351=DIRECTION('ref_axis',(-1.,0.,0.));
#10352=DIRECTION('center_axis',(0.,0.,1.));
#10353=DIRECTION('ref_axis',(-1.,0.,0.));
#10354=DIRECTION('center_axis',(0.,-1.,0.));
#10355=DIRECTION('ref_axis',(-1.,0.,-2.23517391539921E-8));
#10356=DIRECTION('',(0.,-1.,0.));
#10357=DIRECTION('center_axis',(0.,1.,0.));
#10358=DIRECTION('ref_axis',(-1.,0.,-2.23517391539921E-8));
#10359=DIRECTION('',(0.,-1.,0.));
#10360=DIRECTION('center_axis',(0.,-1.,0.));
#10361=DIRECTION('ref_axis',(-0.999262155743478,0.,0.0384076047013691));
#10362=DIRECTION('center_axis',(0.,1.,0.));
#10363=DIRECTION('ref_axis',(-0.999262155743478,0.,0.0384076047013691));
#10364=DIRECTION('',(0.,1.,0.));
#10365=DIRECTION('center_axis',(0.,-1.,0.));
#10366=DIRECTION('ref_axis',(1.,0.,0.));
#10367=DIRECTION('',(-0.000848823279802164,0.,-0.999999639749455));
#10368=DIRECTION('center_axis',(0.,1.,0.));
#10369=DIRECTION('ref_axis',(0.999262286482168,0.,-0.0384042030828722));
#10370=DIRECTION('center_axis',(0.,-1.,0.));
#10371=DIRECTION('ref_axis',(-0.0720971686073583,0.,0.99739761293017));
#10372=DIRECTION('',(0.,-1.,0.));
#10373=DIRECTION('center_axis',(0.999999639749455,0.,-0.000848823279802164));
#10374=DIRECTION('ref_axis',(0.000848823279802164,0.,0.999999639749455));
#10375=DIRECTION('center_axis',(0.,-1.,0.));
#10376=DIRECTION('ref_axis',(-1.,0.,-2.23517391539921E-8));
#10377=DIRECTION('',(0.,-1.,0.));
#10378=DIRECTION('center_axis',(0.,1.,0.));
#10379=DIRECTION('ref_axis',(-1.,0.,-2.23517391539921E-8));
#10380=DIRECTION('',(0.,-1.,0.));
#10381=DIRECTION('center_axis',(0.,-1.,0.));
#10382=DIRECTION('ref_axis',(-0.999262155743478,0.,0.0384076047013691));
#10383=DIRECTION('center_axis',(0.,1.,0.));
#10384=DIRECTION('ref_axis',(-0.999262155743478,0.,0.0384076047013691));
#10385=DIRECTION('',(0.,1.,0.));
#10386=DIRECTION('center_axis',(0.,-1.,0.));
#10387=DIRECTION('ref_axis',(1.,0.,0.));
#10388=DIRECTION('',(-0.000848823279794055,0.,-0.999999639749455));
#10389=DIRECTION('center_axis',(0.,1.,0.));
#10390=DIRECTION('ref_axis',(0.999262286482168,0.,-0.0384042030828722));
#10391=DIRECTION('center_axis',(0.,-1.,0.));
#10392=DIRECTION('ref_axis',(-0.0720971686073672,0.,0.99739761293017));
#10393=DIRECTION('',(0.,-1.,0.));
#10394=DIRECTION('center_axis',(0.999999639749455,0.,-0.000848823279794055));
#10395=DIRECTION('ref_axis',(0.000848823279794055,0.,0.999999639749455));
#10396=DIRECTION('center_axis',(0.,-1.,0.));
#10397=DIRECTION('ref_axis',(-1.,0.,-2.23517391539921E-8));
#10398=DIRECTION('',(0.,-1.,0.));
#10399=DIRECTION('center_axis',(0.,1.,0.));
#10400=DIRECTION('ref_axis',(-1.,0.,-2.23517391539921E-8));
#10401=DIRECTION('',(0.,-1.,0.));
#10402=DIRECTION('',(0.,1.,0.));
#10403=DIRECTION('center_axis',(0.,-1.,0.));
#10404=DIRECTION('ref_axis',(-0.999262155743478,0.,0.0384076047013691));
#10405=DIRECTION('center_axis',(0.,1.,0.));
#10406=DIRECTION('ref_axis',(-0.999262155743478,0.,0.0384076047013691));
#10407=DIRECTION('',(0.,1.,0.));
#10408=DIRECTION('center_axis',(0.,-1.,0.));
#10409=DIRECTION('ref_axis',(1.,0.,0.));
#10410=DIRECTION('',(-0.000848823279794055,0.,-0.999999639749455));
#10411=DIRECTION('center_axis',(0.,1.,0.));
#10412=DIRECTION('ref_axis',(0.999262286482168,0.,-0.0384042030828722));
#10413=DIRECTION('center_axis',(0.,-1.,0.));
#10414=DIRECTION('ref_axis',(-0.0720971686073648,0.,0.99739761293017));
#10415=DIRECTION('',(0.,1.,0.));
#10416=DIRECTION('center_axis',(0.999999639749455,0.,-0.000848823279794055));
#10417=DIRECTION('ref_axis',(0.000848823279794055,0.,0.999999639749455));
#10418=DIRECTION('center_axis',(0.,-1.,0.));
#10419=DIRECTION('ref_axis',(-1.,0.,-2.23517391539921E-8));
#10420=DIRECTION('',(0.,-1.,0.));
#10421=DIRECTION('center_axis',(0.,1.,0.));
#10422=DIRECTION('ref_axis',(-1.,0.,-2.23517391539921E-8));
#10423=DIRECTION('',(0.,-1.,0.));
#10424=DIRECTION('center_axis',(0.,-1.,0.));
#10425=DIRECTION('ref_axis',(-0.999262155743478,0.,0.0384076047013691));
#10426=DIRECTION('center_axis',(0.,1.,0.));
#10427=DIRECTION('ref_axis',(-0.999262155743478,0.,0.0384076047013691));
#10428=DIRECTION('',(0.,1.,0.));
#10429=DIRECTION('center_axis',(0.,-1.,0.));
#10430=DIRECTION('ref_axis',(1.,0.,0.));
#10431=DIRECTION('',(-0.000848823279798109,0.,-0.999999639749455));
#10432=DIRECTION('center_axis',(0.,1.,0.));
#10433=DIRECTION('ref_axis',(0.999262286482168,0.,-0.0384042030828722));
#10434=DIRECTION('center_axis',(0.,-1.,0.));
#10435=DIRECTION('ref_axis',(-0.0720971686073677,0.,0.99739761293017));
#10436=DIRECTION('',(0.,-1.,0.));
#10437=DIRECTION('center_axis',(0.999999639749455,0.,-0.000848823279798109));
#10438=DIRECTION('ref_axis',(0.000848823279798109,0.,0.999999639749455));
#10439=DIRECTION('center_axis',(1.,0.,0.));
#10440=DIRECTION('ref_axis',(0.,-1.,0.));
#10441=DIRECTION('center_axis',(1.,0.,0.));
#10442=DIRECTION('ref_axis',(0.,-1.,0.));
#10443=DIRECTION('',(1.,0.,0.));
#10444=DIRECTION('center_axis',(1.,0.,0.));
#10445=DIRECTION('ref_axis',(0.,-1.,0.));
#10446=DIRECTION('center_axis',(1.,0.,0.));
#10447=DIRECTION('ref_axis',(0.,-1.,0.));
#10448=DIRECTION('',(1.,0.,0.));
#10449=DIRECTION('center_axis',(0.,0.,1.));
#10450=DIRECTION('ref_axis',(1.,0.,0.));
#10451=DIRECTION('',(-1.,0.,0.));
#10452=DIRECTION('center_axis',(0.,-1.,0.));
#10453=DIRECTION('ref_axis',(1.,0.,0.));
#10454=DIRECTION('',(-1.,0.,0.));
#10455=DIRECTION('center_axis',(1.22002530178589E-16,1.,0.));
#10456=DIRECTION('ref_axis',(-1.,1.22002530178589E-16,0.));
#10457=DIRECTION('',(1.,-1.22002530178589E-16,0.));
#10458=DIRECTION('center_axis',(0.,0.,1.));
#10459=DIRECTION('ref_axis',(1.,0.,0.));
#10460=DIRECTION('',(0.,-1.,0.));
#10461=DIRECTION('',(0.,1.,0.));
#10462=DIRECTION('',(0.,1.,0.));
#10463=DIRECTION('',(-0.420078261918228,0.90748788083575,0.));
#10464=DIRECTION('',(-0.258819045102523,0.965925826289068,0.));
#10465=DIRECTION('',(-0.965925826289068,-0.258819045102521,0.));
#10466=DIRECTION('',(0.269928682958935,-0.962880317649112,0.));
#10467=DIRECTION('',(0.,1.,0.));
#10468=DIRECTION('',(1.,0.,0.));
#10469=DIRECTION('',(-0.269928682958934,0.962880317649112,0.));
#10470=DIRECTION('',(0.965925826289068,0.258819045102521,0.));
#10471=DIRECTION('',(0.258819045102523,-0.965925826289068,0.));
#10472=DIRECTION('center_axis',(0.,0.,1.));
#10473=DIRECTION('ref_axis',(1.,0.,0.));
#10474=DIRECTION('center_axis',(0.,0.,-1.));
#10475=DIRECTION('ref_axis',(0.965925826289068,0.258819045102521,0.));
#10476=DIRECTION('center_axis',(0.,0.,-1.));
#10477=DIRECTION('ref_axis',(1.,0.,0.));
#10478=DIRECTION('center_axis',(0.,0.,-1.));
#10479=DIRECTION('ref_axis',(1.,0.,0.));
#10480=DIRECTION('center_axis',(0.,0.,-1.));
#10481=DIRECTION('ref_axis',(-1.,0.,0.));
#10482=DIRECTION('',(0.,-1.,0.));
#10483=DIRECTION('',(-1.,0.,0.));
#10484=DIRECTION('',(0.,-1.,0.));
#10485=DIRECTION('',(1.,0.,0.));
#10486=DIRECTION('center_axis',(1.,0.,0.));
#10487=DIRECTION('ref_axis',(0.,-1.,0.));
#10488=DIRECTION('',(0.,0.,-1.));
#10489=DIRECTION('',(0.,-1.,0.));
#10490=DIRECTION('',(0.,0.,-1.));
#10491=DIRECTION('center_axis',(-0.00141349625700901,-0.999999001013667,
0.));
#10492=DIRECTION('ref_axis',(-0.999999001013667,0.00141349625700901,0.));
#10493=DIRECTION('',(-0.999999001013667,0.00141349625700901,0.));
#10494=DIRECTION('',(-0.707106427991278,0.000999493287752813,-0.707106427991278));
#10495=DIRECTION('center_axis',(0.,1.,0.));
#10496=DIRECTION('ref_axis',(1.,0.,0.));
#10497=DIRECTION('',(1.,0.,0.));
#10498=DIRECTION('',(0.707106781186548,0.,0.707106781186547));
#10499=DIRECTION('center_axis',(0.707106781186548,6.15722532817167E-17,
-0.707106781186547));
#10500=DIRECTION('ref_axis',(-0.707106781186547,0.,-0.707106781186548));
#10501=DIRECTION('',(0.707106781186547,0.,0.707106781186548));
#10502=DIRECTION('',(8.7076315656875E-17,-1.,0.));
#10503=DIRECTION('center_axis',(0.,0.,-1.));
#10504=DIRECTION('ref_axis',(-1.,0.,0.));
#10505=DIRECTION('',(1.,0.,0.));
#10506=DIRECTION('',(-1.,0.,0.));
#10507=DIRECTION('',(8.7076315656875E-17,-1.,0.));
#10508=DIRECTION('center_axis',(0.707106781186547,6.15722532817167E-17,
-0.707106781186548));
#10509=DIRECTION('ref_axis',(-0.707106781186548,0.,-0.707106781186547));
#10510=DIRECTION('',(-0.707106781186548,0.,-0.707106781186547));
#10511=DIRECTION('center_axis',(1.,0.,0.));
#10512=DIRECTION('ref_axis',(0.,-1.,0.));
#10513=DIRECTION('',(0.,0.,1.));
#10514=DIRECTION('',(0.,-1.,0.));
#10515=DIRECTION('',(0.,0.,-1.));
#10516=DIRECTION('center_axis',(-1.,0.,0.));
#10517=DIRECTION('ref_axis',(0.,1.,0.));
#10518=DIRECTION('',(0.,1.,0.));
#10519=DIRECTION('',(0.,0.,1.));
#10520=DIRECTION('',(0.,1.,0.));
#10521=DIRECTION('',(0.,0.,-1.));
#10522=DIRECTION('center_axis',(0.,0.,-1.));
#10523=DIRECTION('ref_axis',(-1.,0.,0.));
#10524=DIRECTION('',(-1.,0.,0.));
#10525=DIRECTION('',(1.,0.,0.));
#10526=DIRECTION('center_axis',(0.,1.,0.));
#10527=DIRECTION('ref_axis',(1.,0.,0.));
#10528=DIRECTION('',(1.,0.,0.));
#10529=DIRECTION('center_axis',(0.,-1.,0.));
#10530=DIRECTION('ref_axis',(-1.,0.,0.));
#10531=DIRECTION('',(-1.,0.,0.));
#10532=DIRECTION('center_axis',(0.,0.,-1.));
#10533=DIRECTION('ref_axis',(-1.,0.,0.));
#10534=DIRECTION('center_axis',(1.,0.,0.));
#10535=DIRECTION('ref_axis',(0.,1.,0.));
#10536=DIRECTION('',(0.,1.,0.));
#10537=DIRECTION('',(0.,0.,1.));
#10538=DIRECTION('',(0.,0.707106781186548,-0.707106781186548));
#10539=DIRECTION('',(0.,0.,1.));
#10540=DIRECTION('center_axis',(0.,-1.,0.));
#10541=DIRECTION('ref_axis',(1.,0.,0.));
#10542=DIRECTION('',(1.,0.,0.));
#10543=DIRECTION('',(0.,0.,1.));
#10544=DIRECTION('',(1.,0.,0.));
#10545=DIRECTION('center_axis',(-1.,0.,0.));
#10546=DIRECTION('ref_axis',(0.,-1.,0.));
#10547=DIRECTION('',(0.,-1.,0.));
#10548=DIRECTION('',(0.,0.,1.));
#10549=DIRECTION('',(0.,-0.707106781186548,0.707106781186548));
#10550=DIRECTION('center_axis',(0.,1.,0.));
#10551=DIRECTION('ref_axis',(-1.,0.,0.));
#10552=DIRECTION('',(-1.,0.,0.));
#10553=DIRECTION('',(-1.,0.,0.));
#10554=DIRECTION('center_axis',(0.,0.707106781186548,0.707106781186548));
#10555=DIRECTION('ref_axis',(1.,0.,0.));
#10556=DIRECTION('',(-1.,0.,0.));
#10557=DIRECTION('center_axis',(1.,8.7076315656875E-17,0.));
#10558=DIRECTION('ref_axis',(-8.7076315656875E-17,1.,0.));
#10559=DIRECTION('',(0.,0.,1.));
#10560=DIRECTION('',(-8.7076315656875E-17,1.,0.));
#10561=DIRECTION('',(-8.7076315656875E-17,1.,0.));
#10562=DIRECTION('center_axis',(-1.,-8.7076315656875E-17,0.));
#10563=DIRECTION('ref_axis',(0.,-1.,0.));
#10564=DIRECTION('center_axis',(1.,0.,0.));
#10565=DIRECTION('ref_axis',(0.,0.,-1.));
#10566=DIRECTION('',(0.,-0.939692620785908,0.342020143325669));
#10567=DIRECTION('center_axis',(-1.,0.,0.));
#10568=DIRECTION('ref_axis',(0.,-1.,0.));
#10569=DIRECTION('',(-1.,0.,0.));
#10570=DIRECTION('center_axis',(-1.,0.,0.));
#10571=DIRECTION('ref_axis',(0.,-1.,0.));
#10572=DIRECTION('',(-1.,0.,0.));
#10573=DIRECTION('center_axis',(1.,0.,0.));
#10574=DIRECTION('ref_axis',(0.,0.906307787036652,0.422618261740694));
#10575=DIRECTION('center_axis',(-1.,0.,0.));
#10576=DIRECTION('ref_axis',(0.,0.906307787036652,0.422618261740694));
#10577=DIRECTION('',(1.,0.,0.));
#10578=DIRECTION('',(-1.,0.,0.));
#10579=DIRECTION('center_axis',(0.,0.939692620785909,-0.342020143325667));
#10580=DIRECTION('ref_axis',(0.,0.342020143325667,0.939692620785909));
#10581=DIRECTION('',(0.,0.342020143325667,0.939692620785909));
#10582=DIRECTION('',(-1.,0.,0.));
#10583=DIRECTION('center_axis',(-1.,0.,0.));
#10584=DIRECTION('ref_axis',(0.,0.422618261740696,-0.906307787036651));
#10585=DIRECTION('center_axis',(-1.,0.,0.));
#10586=DIRECTION('ref_axis',(0.,0.422618261740696,-0.906307787036651));
#10587=DIRECTION('',(1.,0.,0.));
#10588=DIRECTION('center_axis',(1.,0.,0.));
#10589=DIRECTION('ref_axis',(0.,0.906307787036652,0.422618261740694));
#10590=DIRECTION('center_axis',(-0.90748788083575,-0.420078261918228,0.));
#10591=DIRECTION('ref_axis',(-0.420078261918228,0.90748788083575,1.25939242484018E-16));
#10592=DIRECTION('',(1.,0.,0.));
#10593=DIRECTION('',(-1.,0.,0.));
#10594=DIRECTION('center_axis',(0.,0.939692620785909,-0.342020143325667));
#10595=DIRECTION('ref_axis',(0.,0.342020143325667,0.939692620785909));
#10596=DIRECTION('',(-0.15637422862237,0.337812570214507,0.928132408672291));
#10597=DIRECTION('',(-1.,0.,0.));
#10598=DIRECTION('center_axis',(-1.,0.,0.));
#10599=DIRECTION('ref_axis',(0.,0.422618261740696,-0.906307787036651));
#10600=DIRECTION('center_axis',(-0.90748788083575,-0.420078261918228,0.));
#10601=DIRECTION('ref_axis',(-0.420078261918228,0.90748788083575,-3.14848106210044E-16));
#10602=DIRECTION('',(1.,0.,0.));
#10603=DIRECTION('center_axis',(0.,0.342020143325667,0.939692620785909));
#10604=DIRECTION('ref_axis',(1.,0.,0.));
#10605=DIRECTION('',(1.,0.,0.));
#10606=DIRECTION('',(0.398882895558536,-0.861699893584369,0.313633112135063));
#10607=DIRECTION('center_axis',(0.,-0.342020143325667,-0.939692620785909));
#10608=DIRECTION('ref_axis',(-1.,0.,0.));
#10609=DIRECTION('',(-0.398882895558536,0.861699893584369,-0.313633112135063));
#10610=DIRECTION('',(-1.,0.,0.));
#10611=DIRECTION('center_axis',(0.,0.342020143325667,0.939692620785909));
#10612=DIRECTION('ref_axis',(1.,0.,0.));
#10613=DIRECTION('',(1.,0.,0.));
#10614=DIRECTION('',(0.,-0.939692620785909,0.342020143325667));
#10615=DIRECTION('center_axis',(0.,-0.342020143325667,-0.939692620785909));
#10616=DIRECTION('ref_axis',(-1.,0.,0.));
#10617=DIRECTION('',(0.,0.939692620785909,-0.342020143325667));
#10618=DIRECTION('',(-1.,0.,0.));
#10619=DIRECTION('center_axis',(0.,-0.939692513883319,0.342020437037977));
#10620=DIRECTION('ref_axis',(0.,-0.342020437037977,-0.939692513883319));
#10621=DIRECTION('',(0.156374359626163,-0.33781285321976,-0.928132283594872));
#10622=DIRECTION('center_axis',(0.,-0.939692513883319,0.342020437037977));
#10623=DIRECTION('ref_axis',(0.,-0.342020437037977,-0.939692513883319));
#10624=DIRECTION('',(0.156374359626163,-0.33781285321976,-0.928132283594872));
#10625=DIRECTION('center_axis',(0.,-0.939692513883319,0.342020437037977));
#10626=DIRECTION('ref_axis',(0.,-0.342020437037977,-0.939692513883319));
#10627=DIRECTION('',(0.,-0.342020437037977,-0.939692513883319));
#10628=DIRECTION('center_axis',(0.,-0.939692513883319,0.342020437037977));
#10629=DIRECTION('ref_axis',(0.,-0.342020437037977,-0.939692513883319));
#10630=DIRECTION('',(0.,-0.342020437037977,-0.939692513883319));
#10631=DIRECTION('center_axis',(0.,0.,1.));
#10632=DIRECTION('ref_axis',(-1.,0.,0.));
#10633=DIRECTION('',(1.,0.,0.));
#10634=DIRECTION('center_axis',(1.,0.,0.));
#10635=DIRECTION('ref_axis',(0.,-1.,0.));
#10636=DIRECTION('',(0.,0.,-1.));
#10637=DIRECTION('center_axis',(0.,-1.,0.));
#10638=DIRECTION('ref_axis',(-1.,0.,0.));
#10639=DIRECTION('center_axis',(-1.,0.,0.));
#10640=DIRECTION('ref_axis',(0.,-1.,0.));
#10641=DIRECTION('',(0.,-1.,0.));
#10642=DIRECTION('',(0.,0.,-1.));
#10643=DIRECTION('',(0.,-0.342020143325668,-0.939692620785909));
#10644=DIRECTION('center_axis',(0.,1.,0.));
#10645=DIRECTION('ref_axis',(-1.,0.,0.));
#10646=DIRECTION('',(-1.,0.,0.));
#10647=DIRECTION('center_axis',(0.,0.,1.));
#10648=DIRECTION('ref_axis',(1.,0.,0.));
#10649=DIRECTION('center_axis',(-1.,0.,0.));
#10650=DIRECTION('ref_axis',(0.,0.342020143325668,0.939692620785909));
#10651=DIRECTION('',(0.,-0.342020143325668,-0.939692620785909));
#10652=DIRECTION('center_axis',(0.,-0.939692620785909,0.342020143325668));
#10653=DIRECTION('ref_axis',(1.,0.,0.));
#10654=DIRECTION('center_axis',(0.,0.939692620785909,-0.342020143325668));
#10655=DIRECTION('ref_axis',(1.,0.,0.));
#10656=DIRECTION('center_axis',(0.,0.939692620785911,-0.342020143325661));
#10657=DIRECTION('ref_axis',(1.,0.,0.));
#10658=DIRECTION('center_axis',(1.08300176438955E-16,0.939692620785907,
-0.342020143325674));
#10659=DIRECTION('ref_axis',(1.,0.,0.));
#10660=DIRECTION('',(0.,-0.939692620785911,0.342020143325661));
#10661=DIRECTION('center_axis',(-1.08300176438955E-16,-0.939692620785907,
0.342020143325674));
#10662=DIRECTION('ref_axis',(1.,-1.01768876629498E-16,3.70408418678465E-17));
#10663=DIRECTION('',(-0.99985943932993,-0.00573433855615235,-0.0157549656985367));
#10664=DIRECTION('',(-0.514449574592924,0.293289329639943,0.805805810552712));
#10665=DIRECTION('',(0.485409864737002,0.299023668196095,0.82156077625125));
#10666=DIRECTION('center_axis',(-0.0167660843025032,0.341972068745145,0.939560536961471));
#10667=DIRECTION('ref_axis',(0.99985943932993,0.00573433855615235,0.0157549656985367));
#10668=DIRECTION('',(0.,0.939692620785909,-0.342020143325668));
#10669=DIRECTION('center_axis',(0.857520632522134,0.175952117236101,0.48342446901142));
#10670=DIRECTION('ref_axis',(0.514449574592924,-0.293289329639943,-0.805805810552712));
#10671=DIRECTION('',(0.,0.939692620785909,-0.342020143325668));
#10672=DIRECTION('center_axis',(0.874286716824638,-0.166019951509043,-0.456136067950047));
#10673=DIRECTION('ref_axis',(-0.485409864737002,-0.29902366819609,-0.821560776251252));
#10674=DIRECTION('center_axis',(-1.,0.,0.));
#10675=DIRECTION('ref_axis',(0.,-1.,0.));
#10676=DIRECTION('center_axis',(0.,0.939692620785911,-0.342020143325661));
#10677=DIRECTION('ref_axis',(1.,0.,0.));
#10678=DIRECTION('center_axis',(0.,-0.939692620785909,0.342020143325668));
#10679=DIRECTION('ref_axis',(1.,0.,0.));
#10680=DIRECTION('',(0.,-0.939692620785911,0.342020143325661));
#10681=DIRECTION('center_axis',(1.64646600727786E-17,-0.939692620785911,
0.342020143325662));
#10682=DIRECTION('ref_axis',(1.,1.54717195741384E-17,-5.63124539790013E-18));
#10683=DIRECTION('center_axis',(0.,0.342020143325669,0.939692620785908));
#10684=DIRECTION('ref_axis',(0.,-0.939692620785908,0.342020143325669));
#10685=DIRECTION('',(0.,0.939692620785908,-0.342020143325669));
#10686=DIRECTION('center_axis',(0.,-0.342020143325669,-0.939692620785908));
#10687=DIRECTION('ref_axis',(0.,0.939692620785908,-0.342020143325669));
#10688=DIRECTION('',(0.,0.939692620785908,-0.342020143325669));
#10689=DIRECTION('center_axis',(1.,0.,0.));
#10690=DIRECTION('ref_axis',(0.,0.,-1.));
#10691=DIRECTION('center_axis',(-1.,0.,0.));
#10692=DIRECTION('ref_axis',(0.,-1.,0.));
#10693=DIRECTION('',(0.,0.,1.));
#10694=DIRECTION('center_axis',(0.,1.,0.));
#10695=DIRECTION('ref_axis',(-1.,0.,0.));
#10696=DIRECTION('',(0.,0.,1.));
#10697=DIRECTION('',(0.,0.,1.));
#10698=DIRECTION('center_axis',(0.962880317649112,0.269928682958935,0.));
#10699=DIRECTION('ref_axis',(-0.269928682958935,0.962880317649112,0.));
#10700=DIRECTION('',(0.269928682958934,-0.962880317649112,0.));
#10701=DIRECTION('',(0.,0.,1.));
#10702=DIRECTION('center_axis',(-0.965925826289068,-0.258819045102523,0.));
#10703=DIRECTION('ref_axis',(0.258819045102523,-0.965925826289068,0.));
#10704=DIRECTION('',(-0.258819045102523,0.965925826289068,0.));
#10705=DIRECTION('',(0.,0.,1.));
#10706=DIRECTION('',(0.,0.,1.));
#10707=DIRECTION('',(0.,0.,1.));
#10708=DIRECTION('center_axis',(0.,0.,1.));
#10709=DIRECTION('ref_axis',(1.,0.,0.));
#10710=DIRECTION('',(0.,0.,-1.));
#10711=DIRECTION('center_axis',(-0.90748788083575,-0.420078261918228,0.));
#10712=DIRECTION('ref_axis',(0.420078261918228,-0.90748788083575,0.));
#10713=DIRECTION('center_axis',(0.,0.,1.));
#10714=DIRECTION('ref_axis',(1.,0.,0.));
#10715=DIRECTION('center_axis',(0.,0.,1.));
#10716=DIRECTION('ref_axis',(1.,0.,0.));
#10717=DIRECTION('',(0.,0.,-1.));
#10718=DIRECTION('center_axis',(0.,0.,1.));
#10719=DIRECTION('ref_axis',(1.,0.,0.));
#10720=DIRECTION('center_axis',(0.,0.,-1.));
#10721=DIRECTION('ref_axis',(1.,0.,0.));
#10722=DIRECTION('center_axis',(0.,0.,1.));
#10723=DIRECTION('ref_axis',(1.,0.,0.));
#10724=DIRECTION('center_axis',(0.,0.,1.));
#10725=DIRECTION('ref_axis',(1.,0.,0.));
#10726=DIRECTION('',(0.,0.,-1.));
#10727=DIRECTION('center_axis',(0.,0.,1.));
#10728=DIRECTION('ref_axis',(1.,0.,0.));
#10729=DIRECTION('center_axis',(-0.962880317649112,-0.269928682958934,0.));
#10730=DIRECTION('ref_axis',(0.269928682958934,-0.962880317649112,0.));
#10731=DIRECTION('',(0.269928682958934,-0.962880317649112,0.));
#10732=DIRECTION('',(0.,0.,1.));
#10733=DIRECTION('center_axis',(-0.258819045102521,0.965925826289068,0.));
#10734=DIRECTION('ref_axis',(-0.965925826289068,-0.258819045102521,0.));
#10735=DIRECTION('',(-0.965925826289068,-0.258819045102521,0.));
#10736=DIRECTION('',(0.,0.,1.));
#10737=DIRECTION('center_axis',(0.965925826289068,0.258819045102523,0.));
#10738=DIRECTION('ref_axis',(-0.258819045102523,0.965925826289068,0.));
#10739=DIRECTION('',(-0.258819045102523,0.965925826289068,0.));
#10740=DIRECTION('center_axis',(0.258819045102521,-0.965925826289068,0.));
#10741=DIRECTION('ref_axis',(0.965925826289068,0.258819045102521,0.));
#10742=DIRECTION('',(0.965925826289068,0.258819045102521,0.));
#10743=DIRECTION('center_axis',(0.,0.,1.));
#10744=DIRECTION('ref_axis',(1.,0.,0.));
#10745=DIRECTION('center_axis',(0.,0.,1.));
#10746=DIRECTION('ref_axis',(0.965925826289068,0.258819045102521,0.));
#10747=DIRECTION('center_axis',(0.,0.,1.));
#10748=DIRECTION('ref_axis',(0.965925826289068,0.258819045102521,0.));
#10749=DIRECTION('',(0.,0.,-1.));
#10750=DIRECTION('center_axis',(0.,0.,1.));
#10751=DIRECTION('ref_axis',(1.,0.,0.));
#10752=DIRECTION('center_axis',(0.,0.,-1.));
#10753=DIRECTION('ref_axis',(0.965925826289068,0.258819045102522,0.));
#10754=DIRECTION('center_axis',(0.,0.,-1.));
#10755=DIRECTION('ref_axis',(0.965925826289068,0.258819045102522,0.));
#10756=DIRECTION('',(0.,0.,-1.));
#10757=DIRECTION('center_axis',(0.,0.,-1.));
#10758=DIRECTION('ref_axis',(0.965925826289068,0.258819045102522,0.));
#10759=DIRECTION('center_axis',(0.,0.,1.));
#10760=DIRECTION('ref_axis',(1.,0.,0.));
#10761=DIRECTION('center_axis',(0.,0.,-1.));
#10762=DIRECTION('ref_axis',(1.,0.,0.));
#10763=DIRECTION('',(0.,0.,-1.));
#10764=DIRECTION('center_axis',(0.,0.,-1.));
#10765=DIRECTION('ref_axis',(1.,0.,0.));
#10766=DIRECTION('center_axis',(0.,0.,1.));
#10767=DIRECTION('ref_axis',(1.,0.,0.));
#10768=DIRECTION('center_axis',(0.,0.,-1.));
#10769=DIRECTION('ref_axis',(-1.,0.,0.));
#10770=DIRECTION('center_axis',(0.,0.,1.));
#10771=DIRECTION('ref_axis',(1.,-9.25185853854297E-17,0.));
#10772=DIRECTION('center_axis',(0.,0.,1.));
#10773=DIRECTION('ref_axis',(1.,-9.25185853854297E-17,0.));
#10774=DIRECTION('',(0.707106781186548,2.11750865117254E-17,-0.707106781186547));
#10775=DIRECTION('center_axis',(0.,0.,-1.));
#10776=DIRECTION('ref_axis',(1.,-9.25185853854297E-17,0.));
#10777=DIRECTION('center_axis',(0.,0.,1.));
#10778=DIRECTION('ref_axis',(-1.,0.,0.));
#10779=DIRECTION('',(0.,1.,0.));
#10780=DIRECTION('',(1.,0.,0.));
#10781=DIRECTION('',(0.,1.,0.));
#10782=DIRECTION('center_axis',(0.,0.,1.));
#10783=DIRECTION('ref_axis',(0.707106781186547,0.707106781186547,0.));
#10784=DIRECTION('',(0.,-1.,0.));
#10785=DIRECTION('',(1.,0.,0.));
#10786=DIRECTION('',(0.,-1.,0.));
#10787=DIRECTION('center_axis',(0.,0.,-1.));
#10788=DIRECTION('ref_axis',(0.707106781186547,0.707106781186547,0.));
#10789=DIRECTION('',(1.,4.48574959444508E-17,0.));
#10790=DIRECTION('center_axis',(0.,0.,-1.));
#10791=DIRECTION('ref_axis',(-0.707106781186548,0.707106781186548,0.));
#10792=DIRECTION('',(-1.71463015386125E-17,1.,0.));
#10793=DIRECTION('',(-1.,0.,0.));
#10794=DIRECTION('',(-1.,0.,0.));
#10795=DIRECTION('',(0.,1.,0.));
#10796=DIRECTION('',(1.,0.,0.));
#10797=DIRECTION('',(1.,0.,0.));
#10798=DIRECTION('',(0.,-1.,0.));
#10799=DIRECTION('',(-1.,0.,0.));
#10800=DIRECTION('',(-1.,0.,0.));
#10801=DIRECTION('',(-0.95832810837237,0.285669803625506,0.));
#10802=DIRECTION('',(0.,1.,0.));
#10803=DIRECTION('',(0.94952411884636,-0.313694035214322,0.));
#10804=DIRECTION('',(0.95838874184474,0.285466319388569,0.));
#10805=DIRECTION('',(0.,-1.,0.));
#10806=DIRECTION('',(-0.971122228468077,-0.23858251691018,0.));
#10807=DIRECTION('',(-1.,0.,0.));
#10808=DIRECTION('',(1.,0.,0.));
#10809=DIRECTION('',(1.,0.,0.));
#10810=DIRECTION('',(1.,0.,0.));
#10811=DIRECTION('',(-1.,0.,0.));
#10812=DIRECTION('',(0.,1.,0.));
#10813=DIRECTION('',(1.,0.,0.));
#10814=DIRECTION('',(0.,1.,0.));
#10815=DIRECTION('',(1.,0.,0.));
#10816=DIRECTION('',(0.,-1.,0.));
#10817=DIRECTION('',(0.,1.,0.));
#10818=DIRECTION('',(1.,0.,0.));
#10819=DIRECTION('',(0.,-1.,0.));
#10820=DIRECTION('',(-0.999999416177973,0.00108057563934668,0.));
#10821=DIRECTION('',(1.,0.,0.));
#10822=DIRECTION('',(0.,-1.,0.));
#10823=DIRECTION('',(-1.,0.,0.));
#10824=DIRECTION('',(0.,-1.,0.));
#10825=DIRECTION('',(-1.,0.,0.));
#10826=DIRECTION('',(0.,1.,0.));
#10827=DIRECTION('',(1.,0.,0.));
#10828=DIRECTION('',(0.,-1.,0.));
#10829=DIRECTION('',(1.,0.,0.));
#10830=DIRECTION('',(0.,1.,0.));
#10831=DIRECTION('',(1.,0.,0.));
#10832=DIRECTION('',(0.,-1.,0.));
#10833=DIRECTION('',(1.,0.,0.));
#10834=DIRECTION('',(0.,1.,0.));
#10835=DIRECTION('center_axis',(0.,0.,1.));
#10836=DIRECTION('ref_axis',(-0.707106781186547,0.707106781186547,0.));
#10837=DIRECTION('',(-2.6329399793482E-17,-1.,0.));
#10838=DIRECTION('',(-1.,0.,0.));
#10839=DIRECTION('',(-1.,0.,0.));
#10840=DIRECTION('',(1.,0.,0.));
#10841=DIRECTION('',(0.,-1.,0.));
#10842=DIRECTION('',(-1.,0.,0.));
#10843=DIRECTION('',(0.,1.,0.));
#10844=DIRECTION('',(1.,0.,0.));
#10845=DIRECTION('',(-1.,0.,0.));
#10846=DIRECTION('',(1.,0.,0.));
#10847=DIRECTION('',(1.,0.,0.));
#10848=DIRECTION('',(1.,0.,0.));
#10849=DIRECTION('',(-1.,0.,0.));
#10850=DIRECTION('',(1.,0.,0.));
#10851=DIRECTION('center_axis',(-1.,0.,0.));
#10852=DIRECTION('ref_axis',(0.,1.,0.));
#10853=DIRECTION('',(0.,0.,1.));
#10854=DIRECTION('',(0.,-1.,0.));
#10855=DIRECTION('',(0.,0.821028058208841,0.57088784155368));
#10856=DIRECTION('',(0.,0.886252514622652,-0.463202418306539));
#10857=DIRECTION('center_axis',(0.,1.,0.));
#10858=DIRECTION('ref_axis',(0.,0.,1.));
#10859=DIRECTION('',(0.,0.,-1.));
#10860=DIRECTION('',(1.,0.,0.));
#10861=DIRECTION('',(-1.,0.,-1.16298515115301E-16));
#10862=DIRECTION('center_axis',(0.906598323936178,0.42199464337372,0.));
#10863=DIRECTION('ref_axis',(0.42199464337372,-0.906598323936178,0.));
#10864=DIRECTION('',(0.381350098135773,-0.81927902458375,0.428198531675361));
#10865=DIRECTION('',(0.356983660978577,-0.766931035257624,-0.533272400329326));
#10866=DIRECTION('',(-0.42199464337372,0.906598323936178,0.));
#10867=DIRECTION('center_axis',(1.03069851467816E-16,-0.463202418306539,
-0.886252514622652));
#10868=DIRECTION('ref_axis',(-1.,0.,-1.16298515115301E-16));
#10869=DIRECTION('',(1.,0.,1.16298515115301E-16));
#10870=DIRECTION('center_axis',(9.54843440376869E-17,0.57088784155368,-0.821028058208841));
#10871=DIRECTION('ref_axis',(-1.,0.,-1.16298515115301E-16));
#10872=DIRECTION('',(-1.,1.67255872498221E-16,0.));
#10873=DIRECTION('center_axis',(0.,-1.,0.));
#10874=DIRECTION('ref_axis',(-0.707106781186541,0.,0.707106781186554));
#10875=DIRECTION('center_axis',(0.,1.,0.));
#10876=DIRECTION('ref_axis',(-0.707106781186541,0.,0.707106781186554));
#10877=DIRECTION('center_axis',(-0.000530486488658713,-0.999999859292033,
0.));
#10878=DIRECTION('ref_axis',(-0.999999859292033,0.000530486488658713,8.88178294726345E-15));
#10879=DIRECTION('',(0.,-1.,0.));
#10880=DIRECTION('center_axis',(0.,-1.,0.));
#10881=DIRECTION('ref_axis',(1.,0.,0.));
#10882=DIRECTION('',(0.,0.,1.));
#10883=DIRECTION('',(1.,0.,0.));
#10884=DIRECTION('',(0.,0.,-1.));
#10885=DIRECTION('',(-1.,0.,0.));
#10886=DIRECTION('',(0.,0.,-1.));
#10887=DIRECTION('',(-1.,0.,0.));
#10888=DIRECTION('',(0.,0.,1.));
#10889=DIRECTION('center_axis',(0.,1.,0.));
#10890=DIRECTION('ref_axis',(0.707106781186548,0.,0.707106781186548));
#10891=DIRECTION('center_axis',(0.,1.,0.));
#10892=DIRECTION('ref_axis',(0.707106781186548,0.,0.707106781186548));
#10893=DIRECTION('',(0.,1.,0.));
#10894=DIRECTION('center_axis',(0.,-1.,0.));
#10895=DIRECTION('ref_axis',(1.,0.,0.));
#10896=DIRECTION('center_axis',(0.,0.,-1.));
#10897=DIRECTION('ref_axis',(-1.,0.,0.));
#10898=DIRECTION('center_axis',(1.,0.,0.));
#10899=DIRECTION('ref_axis',(0.,1.,0.));
#10900=DIRECTION('center_axis',(0.,0.,1.));
#10901=DIRECTION('ref_axis',(0.707106781186548,0.707106781186548,0.));
#10902=DIRECTION('center_axis',(-1.,-4.48574959444508E-17,0.));
#10903=DIRECTION('ref_axis',(0.,0.707106781186541,0.707106781186554));
#10904=DIRECTION('center_axis',(1.,4.44089209850068E-15,0.));
#10905=DIRECTION('ref_axis',(-4.44089209850068E-15,1.,0.));
#10906=DIRECTION('',(-1.,-4.48574959444508E-17,0.));
#10907=DIRECTION('center_axis',(0.,0.,-1.));
#10908=DIRECTION('ref_axis',(-1.,0.,0.));
#10909=DIRECTION('center_axis',(0.,1.,0.));
#10910=DIRECTION('ref_axis',(-1.,0.,0.));
#10911=DIRECTION('center_axis',(0.,0.,1.));
#10912=DIRECTION('ref_axis',(-0.707106781186547,0.707106781186547,0.));
#10913=DIRECTION('center_axis',(1.71463015386125E-17,-1.,0.));
#10914=DIRECTION('ref_axis',(-0.707106781186541,0.,0.707106781186554));
#10915=DIRECTION('',(1.71463015386125E-17,-1.,0.));
#10916=DIRECTION('center_axis',(-1.,-1.71463015386125E-17,0.));
#10917=DIRECTION('ref_axis',(1.71463015386125E-17,-1.,0.));
#10918=DIRECTION('',(0.,0.,1.));
#10919=DIRECTION('',(1.71463015386125E-17,-1.,0.));
#10920=DIRECTION('',(0.,0.,1.));
#10921=DIRECTION('center_axis',(0.,0.,1.));
#10922=DIRECTION('ref_axis',(-0.707106781186547,0.707106781186547,0.));
#10923=DIRECTION('',(0.,0.,-1.));
#10924=DIRECTION('center_axis',(0.,0.,1.));
#10925=DIRECTION('ref_axis',(-0.707106781186547,0.707106781186547,0.));
#10926=DIRECTION('center_axis',(-4.48574959444508E-17,1.,0.));
#10927=DIRECTION('ref_axis',(-1.,-4.48574959444508E-17,0.));
#10928=DIRECTION('',(0.,0.,1.));
#10929=DIRECTION('',(-1.,-4.48574959444508E-17,0.));
#10930=DIRECTION('center_axis',(0.,0.,1.));
#10931=DIRECTION('ref_axis',(0.707106781186548,0.707106781186547,0.));
#10932=DIRECTION('',(0.,0.,-1.));
#10933=DIRECTION('center_axis',(0.,0.,1.));
#10934=DIRECTION('ref_axis',(0.707106781186548,0.707106781186547,0.));
#10935=DIRECTION('center_axis',(1.,0.,0.));
#10936=DIRECTION('ref_axis',(0.,1.,0.));
#10937=DIRECTION('',(0.,0.,1.));
#10938=DIRECTION('',(0.,1.,0.));
#10939=DIRECTION('center_axis',(0.,0.,1.));
#10940=DIRECTION('ref_axis',(1.,0.,0.));
#10941=DIRECTION('center_axis',(0.,0.,1.));
#10942=DIRECTION('ref_axis',(1.,0.,0.));
#10943=DIRECTION('',(0.,0.,1.));
#10944=DIRECTION('center_axis',(0.,0.,1.));
#10945=DIRECTION('ref_axis',(1.,0.,0.));
#10946=DIRECTION('center_axis',(0.,0.,1.));
#10947=DIRECTION('ref_axis',(1.,0.,0.));
#10948=DIRECTION('center_axis',(0.,0.,1.));
#10949=DIRECTION('ref_axis',(0.965925826289068,0.258819045102521,0.));
#10950=DIRECTION('center_axis',(0.,0.,1.));
#10951=DIRECTION('ref_axis',(0.965925826289068,0.258819045102521,0.));
#10952=DIRECTION('',(0.,0.,1.));
#10953=DIRECTION('center_axis',(0.,0.,1.));
#10954=DIRECTION('ref_axis',(0.965925826289068,0.258819045102521,0.));
#10955=DIRECTION('center_axis',(0.,0.,1.));
#10956=DIRECTION('ref_axis',(1.,0.,0.));
#10957=DIRECTION('center_axis',(-1.,0.,0.));
#10958=DIRECTION('ref_axis',(0.,-1.,0.));
#10959=DIRECTION('center_axis',(1.,0.,0.));
#10960=DIRECTION('ref_axis',(0.,-1.,0.));
#10961=DIRECTION('',(-1.,0.,0.));
#10962=DIRECTION('center_axis',(-1.,0.,0.));
#10963=DIRECTION('ref_axis',(0.,-1.,0.));
#10964=DIRECTION('',(-1.,0.,0.));
#10965=DIRECTION('center_axis',(0.,0.35106941854235,0.936349434433714));
#10966=DIRECTION('ref_axis',(0.,0.936349434433714,-0.35106941854235));
#10967=DIRECTION('',(0.,-0.936349434433714,0.35106941854235));
#10968=DIRECTION('',(-1.,0.,0.));
#10969=DIRECTION('',(1.,0.,0.));
#10970=DIRECTION('',(0.,0.936349434433714,-0.35106941854235));
#10971=DIRECTION('center_axis',(0.,0.,1.));
#10972=DIRECTION('ref_axis',(0.,1.,0.));
#10973=DIRECTION('',(0.,-1.,0.));
#10974=DIRECTION('',(-1.,0.,0.));
#10975=DIRECTION('',(0.,1.,0.));
#10976=DIRECTION('center_axis',(-1.,0.,0.));
#10977=DIRECTION('ref_axis',(0.,0.999999999999983,-1.81758282968506E-7));
#10978=DIRECTION('center_axis',(1.,0.,0.));
#10979=DIRECTION('ref_axis',(0.,-1.,0.));
#10980=DIRECTION('',(-1.,0.,0.));
#10981=DIRECTION('center_axis',(-1.,0.,0.));
#10982=DIRECTION('ref_axis',(0.,-1.,0.));
#10983=DIRECTION('',(-1.,0.,0.));
#10984=DIRECTION('center_axis',(-1.,0.,0.));
#10985=DIRECTION('ref_axis',(0.,-1.,0.));
#10986=DIRECTION('',(0.,-1.,0.));
#10987=DIRECTION('',(0.,-1.,0.));
#10988=DIRECTION('center_axis',(1.,0.,0.));
#10989=DIRECTION('ref_axis',(0.,-1.,0.));
#10990=DIRECTION('center_axis',(0.,0.,-1.));
#10991=DIRECTION('ref_axis',(-1.,0.,0.));
#10992=DIRECTION('',(0.,1.,0.));
#10993=DIRECTION('',(-1.,0.,0.));
#10994=DIRECTION('',(0.,-1.,0.));
#10995=DIRECTION('',(-1.,0.,0.));
#10996=DIRECTION('',(0.,1.,0.));
#10997=DIRECTION('center_axis',(0.,0.,-1.));
#10998=DIRECTION('ref_axis',(0.707106781186547,0.707106781186547,0.));
#10999=DIRECTION('',(-1.,0.,0.));
#11000=DIRECTION('center_axis',(0.,0.,-1.));
#11001=DIRECTION('ref_axis',(-0.707106781186547,0.707106781186547,0.));
#11002=DIRECTION('',(0.,-1.,0.));
#11003=DIRECTION('',(-1.,0.,0.));
#11004=DIRECTION('',(0.,-1.,0.));
#11005=DIRECTION('',(-1.,0.,0.));
#11006=DIRECTION('',(0.,-1.,0.));
#11007=DIRECTION('',(-1.,0.,0.));
#11008=DIRECTION('',(0.,-1.,0.));
#11009=DIRECTION('',(-1.,0.,0.));
#11010=DIRECTION('',(0.,-1.,0.));
#11011=DIRECTION('',(0.,1.,0.));
#11012=DIRECTION('center_axis',(0.,0.,1.));
#11013=DIRECTION('ref_axis',(-0.707106781186547,0.707106781186547,0.));
#11014=DIRECTION('',(1.,0.,0.));
#11015=DIRECTION('center_axis',(0.,0.,1.));
#11016=DIRECTION('ref_axis',(0.707106781186547,0.707106781186547,0.));
#11017=DIRECTION('',(0.,-1.,0.));
#11018=DIRECTION('',(-1.,0.,0.));
#11019=DIRECTION('',(0.,1.,0.));
#11020=DIRECTION('center_axis',(-1.,0.,0.));
#11021=DIRECTION('ref_axis',(0.,-1.,0.));
#11022=DIRECTION('center_axis',(1.,0.,0.));
#11023=DIRECTION('ref_axis',(0.,-1.,0.));
#11024=DIRECTION('',(-1.,0.,0.));
#11025=DIRECTION('',(1.,0.,0.));
#11026=DIRECTION('center_axis',(-1.,0.,0.));
#11027=DIRECTION('ref_axis',(0.,-1.,0.));
#11028=DIRECTION('center_axis',(-1.,0.,0.));
#11029=DIRECTION('ref_axis',(0.,1.,1.22464679914735E-16));
#11030=DIRECTION('center_axis',(1.,0.,0.));
#11031=DIRECTION('ref_axis',(0.,-1.,0.));
#11032=DIRECTION('center_axis',(-1.,0.,0.));
#11033=DIRECTION('ref_axis',(0.,-1.,0.));
#11034=DIRECTION('',(-1.,0.,0.));
#11035=DIRECTION('',(-1.,0.,0.));
#11036=DIRECTION('center_axis',(0.,0.,1.));
#11037=DIRECTION('ref_axis',(0.,1.,0.));
#11038=DIRECTION('',(0.,1.,0.));
#11039=DIRECTION('',(0.,-1.,0.));
#11040=DIRECTION('center_axis',(-1.,0.,0.));
#11041=DIRECTION('ref_axis',(0.,-1.,0.));
#11042=DIRECTION('',(0.,-1.,0.));
#11043=DIRECTION('center_axis',(1.,0.,0.));
#11044=DIRECTION('ref_axis',(0.,-1.,0.));
#11045=DIRECTION('center_axis',(-1.,0.,0.));
#11046=DIRECTION('ref_axis',(0.,-1.,0.));
#11047=DIRECTION('',(0.,0.,1.));
#11048=DIRECTION('',(0.,0.,1.));
#11049=DIRECTION('center_axis',(-1.,0.,0.));
#11050=DIRECTION('ref_axis',(0.,-1.,0.));
#11051=DIRECTION('center_axis',(-1.,0.,0.));
#11052=DIRECTION('ref_axis',(0.,-1.,0.));
#11053=DIRECTION('center_axis',(-1.,0.,0.));
#11054=DIRECTION('ref_axis',(0.,-1.,0.));
#11055=DIRECTION('',(1.,0.,0.));
#11056=DIRECTION('',(-1.,0.,0.));
#11057=DIRECTION('center_axis',(-1.,0.,0.));
#11058=DIRECTION('ref_axis',(0.,-1.,0.));
#11059=DIRECTION('',(0.,1.,0.));
#11060=DIRECTION('center_axis',(-1.,0.,0.));
#11061=DIRECTION('ref_axis',(0.,-1.,0.));
#11062=DIRECTION('center_axis',(1.,0.,0.));
#11063=DIRECTION('ref_axis',(0.,-1.,0.));
#11064=DIRECTION('center_axis',(0.,0.,1.));
#11065=DIRECTION('ref_axis',(0.,1.,0.));
#11066=DIRECTION('',(2.6329399793482E-17,1.,0.));
#11067=DIRECTION('',(-1.,0.,0.));
#11068=DIRECTION('',(0.,1.,0.));
#11069=DIRECTION('center_axis',(-1.,0.,0.));
#11070=DIRECTION('ref_axis',(0.,1.,1.22464679914735E-16));
#11071=DIRECTION('center_axis',(-1.,0.,0.));
#11072=DIRECTION('ref_axis',(0.,-1.,0.));
#11073=DIRECTION('',(-1.,0.,0.));
#11074=DIRECTION('center_axis',(0.,0.35106941854235,0.936349434433714));
#11075=DIRECTION('ref_axis',(0.,0.936349434433714,-0.35106941854235));
#11076=DIRECTION('',(0.,0.936349434433714,-0.35106941854235));
#11077=DIRECTION('',(-1.,0.,0.));
#11078=DIRECTION('',(0.,0.936349434433714,-0.35106941854235));
#11079=DIRECTION('',(1.,0.,0.));
#11080=DIRECTION('',(-1.,0.,0.));
#11081=DIRECTION('center_axis',(-1.,0.,0.));
#11082=DIRECTION('ref_axis',(0.,-1.,0.));
#11083=DIRECTION('center_axis',(-1.,0.,0.));
#11084=DIRECTION('ref_axis',(0.,-1.,0.));
#11085=DIRECTION('center_axis',(-1.,0.,0.));
#11086=DIRECTION('ref_axis',(0.,-1.,0.));
#11087=DIRECTION('center_axis',(-1.,0.,0.));
#11088=DIRECTION('ref_axis',(0.,-1.,0.));
#11089=DIRECTION('center_axis',(-1.,0.,0.));
#11090=DIRECTION('ref_axis',(0.,-1.,0.));
#11091=DIRECTION('',(0.,1.,0.));
#11092=DIRECTION('center_axis',(1.,0.,0.));
#11093=DIRECTION('ref_axis',(0.,-1.,0.));
#11094=DIRECTION('center_axis',(0.,0.,1.));
#11095=DIRECTION('ref_axis',(0.,1.,0.));
#11096=DIRECTION('',(2.6329399793482E-17,1.,0.));
#11097=DIRECTION('',(-1.,0.,0.));
#11098=DIRECTION('',(0.,1.,0.));
#11099=DIRECTION('center_axis',(-1.,0.,0.));
#11100=DIRECTION('ref_axis',(0.,0.999999999999983,-1.81758282968506E-7));
#11101=DIRECTION('center_axis',(-1.,0.,0.));
#11102=DIRECTION('ref_axis',(0.,-1.,0.));
#11103=DIRECTION('',(-1.,0.,0.));
#11104=DIRECTION('center_axis',(-1.,0.,0.));
#11105=DIRECTION('ref_axis',(0.,-1.,0.));
#11106=DIRECTION('center_axis',(-1.,0.,0.));
#11107=DIRECTION('ref_axis',(0.,-1.,0.));
#11108=DIRECTION('',(-1.,0.,0.));
#11109=DIRECTION('center_axis',(-1.,0.,0.));
#11110=DIRECTION('ref_axis',(0.,-1.,0.));
#11111=DIRECTION('',(-1.,0.,0.));
#11112=DIRECTION('center_axis',(1.,0.,0.));
#11113=DIRECTION('ref_axis',(0.,-1.,0.));
#11114=DIRECTION('center_axis',(-1.,0.,0.));
#11115=DIRECTION('ref_axis',(0.,-1.,0.));
#11116=DIRECTION('center_axis',(-1.,0.,0.));
#11117=DIRECTION('ref_axis',(0.,-1.,0.));
#11118=DIRECTION('',(-1.,0.,0.));
#11119=DIRECTION('center_axis',(-1.,0.,0.));
#11120=DIRECTION('ref_axis',(0.,-1.,0.));
#11121=DIRECTION('',(-1.,0.,0.));
#11122=DIRECTION('center_axis',(1.,0.,0.));
#11123=DIRECTION('ref_axis',(0.,-1.,0.));
#11124=DIRECTION('center_axis',(0.,0.,1.));
#11125=DIRECTION('ref_axis',(-1.,0.,0.));
#11126=DIRECTION('',(1.,0.,0.));
#11127=DIRECTION('',(0.,1.,0.));
#11128=DIRECTION('center_axis',(0.,0.,1.));
#11129=DIRECTION('ref_axis',(0.707106781186547,0.707106781186547,0.));
#11130=DIRECTION('',(-1.,0.,0.));
#11131=DIRECTION('center_axis',(0.,0.,1.));
#11132=DIRECTION('ref_axis',(-0.707106781186547,0.707106781186547,0.));
#11133=DIRECTION('',(0.,-1.,0.));
#11134=DIRECTION('',(0.,1.,0.));
#11135=DIRECTION('center_axis',(0.,0.,-1.));
#11136=DIRECTION('ref_axis',(-0.707106781186547,0.707106781186547,0.));
#11137=DIRECTION('',(0.,0.,1.));
#11138=DIRECTION('',(0.,0.,-1.));
#11139=DIRECTION('center_axis',(-1.,0.,0.));
#11140=DIRECTION('ref_axis',(0.,1.,0.));
#11141=DIRECTION('center_axis',(0.,0.,-1.));
#11142=DIRECTION('ref_axis',(0.707106781186547,0.707106781186547,0.));
#11143=DIRECTION('',(0.,0.,1.));
#11144=DIRECTION('',(0.,0.,-1.));
#11145=DIRECTION('center_axis',(1.,0.,0.));
#11146=DIRECTION('ref_axis',(0.,-1.,0.));
#11147=DIRECTION('',(0.,0.,-1.));
#11148=DIRECTION('center_axis',(0.,0.,1.));
#11149=DIRECTION('ref_axis',(-0.707106781186547,0.707106781186547,0.));
#11150=DIRECTION('',(0.,0.,-1.));
#11151=DIRECTION('',(0.,0.,-1.));
#11152=DIRECTION('',(0.,0.,1.));
#11153=DIRECTION('center_axis',(0.,0.,-1.));
#11154=DIRECTION('ref_axis',(-0.707106781186547,0.707106781186547,0.));
#11155=DIRECTION('center_axis',(-1.,2.6329399793482E-17,0.));
#11156=DIRECTION('ref_axis',(-2.6329399793482E-17,-1.,0.));
#11157=DIRECTION('',(2.6329399793482E-17,1.,0.));
#11158=DIRECTION('',(2.6329399793482E-17,1.,0.));
#11159=DIRECTION('',(0.,0.,1.));
#11160=DIRECTION('',(-2.6329399793482E-17,-1.,0.));
#11161=DIRECTION('',(0.,0.,-1.));
#11162=DIRECTION('',(2.6329399793482E-17,1.,0.));
#11163=DIRECTION('',(2.46529852545176E-17,0.936329177569045,-0.351123441588391));
#11164=DIRECTION('',(0.,0.,1.));
#11165=DIRECTION('center_axis',(0.,0.,1.));
#11166=DIRECTION('ref_axis',(-1.,0.,0.));
#11167=DIRECTION('',(1.,0.,0.));
#11168=DIRECTION('',(1.,0.,0.));
#11169=DIRECTION('',(0.,1.,0.));
#11170=DIRECTION('',(-1.,0.,0.));
#11171=DIRECTION('',(1.,0.,0.));
#11172=DIRECTION('center_axis',(0.,0.,-1.));
#11173=DIRECTION('ref_axis',(0.707106781186547,0.707106781186547,0.));
#11174=DIRECTION('',(0.,1.,0.));
#11175=DIRECTION('',(0.,1.,0.));
#11176=DIRECTION('center_axis',(0.,-1.,0.));
#11177=DIRECTION('ref_axis',(1.,0.,0.));
#11178=DIRECTION('',(0.,0.,-1.));
#11179=DIRECTION('center_axis',(0.,0.,-1.));
#11180=DIRECTION('ref_axis',(0.707106781186547,0.707106781186547,0.));
#11181=DIRECTION('',(0.,0.,1.));
#11182=DIRECTION('center_axis',(1.,0.,0.));
#11183=DIRECTION('ref_axis',(0.,1.,0.));
#11184=DIRECTION('',(0.,-0.936329177569045,0.351123441588391));
#11185=DIRECTION('center_axis',(0.,0.,1.));
#11186=DIRECTION('ref_axis',(1.,0.,0.));
#11187=DIRECTION('',(0.,-1.,0.));
#11188=DIRECTION('',(-1.,0.,0.));
#11189=DIRECTION('',(0.,1.,0.));
#11190=DIRECTION('',(1.,0.,0.));
#11191=DIRECTION('center_axis',(0.,0.,1.));
#11192=DIRECTION('ref_axis',(1.,0.,0.));
#11193=DIRECTION('',(0.,-1.,0.));
#11194=DIRECTION('',(-1.,0.,0.));
#11195=DIRECTION('',(0.,1.,0.));
#11196=DIRECTION('',(1.,0.,0.));
#11197=DIRECTION('center_axis',(-1.,0.,0.));
#11198=DIRECTION('ref_axis',(0.,-1.,0.));
#11199=DIRECTION('',(0.,-0.707106781186548,-0.707106781186548));
#11200=DIRECTION('',(0.,0.,1.));
#11201=DIRECTION('center_axis',(1.,0.,0.));
#11202=DIRECTION('ref_axis',(0.,1.,0.));
#11203=DIRECTION('',(0.,0.707106781186548,-0.707106781186548));
#11204=DIRECTION('',(0.,0.,1.));
#11205=DIRECTION('center_axis',(-1.,0.,0.));
#11206=DIRECTION('ref_axis',(0.,-1.,0.));
#11207=DIRECTION('',(0.,0.,-1.));
#11208=DIRECTION('',(0.,-0.707106781186548,0.707106781186548));
#11209=DIRECTION('center_axis',(0.,-0.707106781186548,0.707106781186548));
#11210=DIRECTION('ref_axis',(1.,0.,0.));
#11211=DIRECTION('',(0.,0.707106781186548,0.707106781186548));
#11212=DIRECTION('',(-1.,0.,0.));
#11213=DIRECTION('center_axis',(0.,0.707106781186548,0.707106781186548));
#11214=DIRECTION('ref_axis',(1.,0.,0.));
#11215=DIRECTION('',(1.,0.,0.));
#11216=DIRECTION('center_axis',(1.,0.,0.));
#11217=DIRECTION('ref_axis',(0.,1.,0.));
#11218=DIRECTION('',(0.,0.,-1.));
#11219=DIRECTION('center_axis',(0.,1.,0.));
#11220=DIRECTION('ref_axis',(-1.,0.,0.));
#11221=DIRECTION('',(0.,0.,1.));
#11222=DIRECTION('',(-1.,0.,0.));
#11223=DIRECTION('center_axis',(1.,0.,0.));
#11224=DIRECTION('ref_axis',(0.,1.,0.));
#11225=DIRECTION('',(0.,0.,1.));
#11226=DIRECTION('',(0.,1.,0.));
#11227=DIRECTION('center_axis',(0.,-1.,0.));
#11228=DIRECTION('ref_axis',(1.,0.,0.));
#11229=DIRECTION('',(1.,0.,0.));
#11230=DIRECTION('center_axis',(0.,-1.,0.));
#11231=DIRECTION('ref_axis',(-1.,0.,0.));
#11232=DIRECTION('',(-1.,0.,0.));
#11233=DIRECTION('',(0.,0.,-1.));
#11234=DIRECTION('',(0.,0.,-1.));
#11235=DIRECTION('center_axis',(-1.,0.,0.));
#11236=DIRECTION('ref_axis',(0.,1.,0.));
#11237=DIRECTION('',(0.,1.,0.));
#11238=DIRECTION('',(0.,0.,1.));
#11239=DIRECTION('center_axis',(0.,-1.,0.));
#11240=DIRECTION('ref_axis',(-1.,0.,0.));
#11241=DIRECTION('',(-1.,0.,0.));
#11242=DIRECTION('',(0.,0.,-1.));
#11243=DIRECTION('',(0.,0.,-1.));
#11244=DIRECTION('',(0.,0.,-1.));
#11245=DIRECTION('',(0.,0.,-1.));
#11246=DIRECTION('',(0.,0.,-1.));
#11247=DIRECTION('',(0.,0.,-1.));
#11248=DIRECTION('',(0.,0.,-1.));
#11249=DIRECTION('',(0.,0.,-1.));
#11250=DIRECTION('center_axis',(-0.285466319388569,0.95838874184474,0.));
#11251=DIRECTION('ref_axis',(0.95838874184474,0.285466319388569,0.));
#11252=DIRECTION('',(0.95838874184474,0.285466319388569,0.));
#11253=DIRECTION('',(0.,0.,-1.));
#11254=DIRECTION('',(0.,0.,-1.));
#11255=DIRECTION('center_axis',(1.,0.,0.));
#11256=DIRECTION('ref_axis',(0.,-1.,0.));
#11257=DIRECTION('',(0.,-1.,0.));
#11258=DIRECTION('',(0.,0.,-1.));
#11259=DIRECTION('center_axis',(0.23858251691018,-0.971122228468077,0.));
#11260=DIRECTION('ref_axis',(-0.971122228468077,-0.23858251691018,0.));
#11261=DIRECTION('',(-0.971122228468077,-0.23858251691018,0.));
#11262=DIRECTION('',(0.,0.,1.));
#11263=DIRECTION('center_axis',(0.,-1.,0.));
#11264=DIRECTION('ref_axis',(-1.,0.,0.));
#11265=DIRECTION('',(-1.,0.,0.));
#11266=DIRECTION('',(0.,0.,-1.));
#11267=DIRECTION('',(0.,0.,-1.));
#11268=DIRECTION('center_axis',(-1.,0.,0.));
#11269=DIRECTION('ref_axis',(0.,1.,0.));
#11270=DIRECTION('',(0.,1.,0.));
#11271=DIRECTION('',(0.,0.,1.));
#11272=DIRECTION('center_axis',(0.,-1.,0.));
#11273=DIRECTION('ref_axis',(-1.,0.,0.));
#11274=DIRECTION('',(-1.,0.,0.));
#11275=DIRECTION('',(0.,0.,-1.));
#11276=DIRECTION('',(0.,0.,-1.));
#11277=DIRECTION('center_axis',(-1.,0.,0.));
#11278=DIRECTION('ref_axis',(0.,1.,0.));
#11279=DIRECTION('',(0.,1.,0.));
#11280=DIRECTION('',(0.,0.,-1.));
#11281=DIRECTION('center_axis',(0.,1.,0.));
#11282=DIRECTION('ref_axis',(1.,0.,0.));
#11283=DIRECTION('',(1.,0.,0.));
#11284=DIRECTION('',(0.,0.,-1.));
#11285=DIRECTION('',(0.,0.,-1.));
#11286=DIRECTION('',(0.,0.,-1.));
#11287=DIRECTION('center_axis',(-1.,0.,0.));
#11288=DIRECTION('ref_axis',(0.,1.,0.));
#11289=DIRECTION('',(0.,1.,0.));
#11290=DIRECTION('',(0.,0.,-1.));
#11291=DIRECTION('center_axis',(0.,1.,0.));
#11292=DIRECTION('ref_axis',(1.,0.,0.));
#11293=DIRECTION('',(1.,0.,0.));
#11294=DIRECTION('',(0.,0.,-1.));
#11295=DIRECTION('center_axis',(1.,0.,0.));
#11296=DIRECTION('ref_axis',(0.,-1.,0.));
#11297=DIRECTION('',(0.,-1.,0.));
#11298=DIRECTION('',(0.,0.,-1.));
#11299=DIRECTION('center_axis',(-0.00108057563934668,-0.999999416177973,
0.));
#11300=DIRECTION('ref_axis',(-0.999999416177973,0.00108057563934668,0.));
#11301=DIRECTION('',(-0.999999416177973,0.00108057563934668,0.));
#11302=DIRECTION('',(0.,0.,-1.));
#11303=DIRECTION('',(0.,0.,-1.));
#11304=DIRECTION('',(0.,0.,-1.));
#11305=DIRECTION('',(0.,0.,-1.));
#11306=DIRECTION('',(0.,0.,-1.));
#11307=DIRECTION('',(0.,0.,-1.));
#11308=DIRECTION('center_axis',(0.,1.,0.));
#11309=DIRECTION('ref_axis',(1.,0.,0.));
#11310=DIRECTION('',(1.,0.,0.));
#11311=DIRECTION('',(0.,0.,-1.));
#11312=DIRECTION('',(0.,0.,-1.));
#11313=DIRECTION('',(0.,0.,-1.));
#11314=DIRECTION('',(0.,0.,-1.));
#11315=DIRECTION('',(0.,0.,-1.));
#11316=DIRECTION('',(0.,0.,-1.));
#11317=DIRECTION('',(0.,0.,-1.));
#11318=DIRECTION('',(0.,0.,-1.));
#11319=DIRECTION('center_axis',(1.,0.,0.));
#11320=DIRECTION('ref_axis',(0.,-1.,0.));
#11321=DIRECTION('',(0.,-1.,0.));
#11322=DIRECTION('',(0.,0.,-1.));
#11323=DIRECTION('',(0.,0.,-1.));
#11324=DIRECTION('center_axis',(0.,-1.,0.));
#11325=DIRECTION('ref_axis',(-1.,0.,0.));
#11326=DIRECTION('',(-1.,0.,0.));
#11327=DIRECTION('',(0.,0.,-1.));
#11328=DIRECTION('center_axis',(-1.,0.,0.));
#11329=DIRECTION('ref_axis',(0.,1.,0.));
#11330=DIRECTION('',(0.,1.,0.));
#11331=DIRECTION('',(0.,0.,-1.));
#11332=DIRECTION('center_axis',(0.,1.,0.));
#11333=DIRECTION('ref_axis',(1.,0.,0.));
#11334=DIRECTION('',(1.,0.,0.));
#11335=DIRECTION('',(0.,0.,-1.));
#11336=DIRECTION('center_axis',(1.,0.,0.));
#11337=DIRECTION('ref_axis',(0.,-1.,0.));
#11338=DIRECTION('',(0.,-1.,0.));
#11339=DIRECTION('',(0.,0.,-1.));
#11340=DIRECTION('',(0.,0.,-1.));
#11341=DIRECTION('',(0.,0.,-1.));
#11342=DIRECTION('',(0.,0.,-1.));
#11343=DIRECTION('',(0.,0.,-1.));
#11344=DIRECTION('',(0.,0.,-1.));
#11345=DIRECTION('',(0.,0.,-1.));
#11346=DIRECTION('center_axis',(0.,-1.,0.));
#11347=DIRECTION('ref_axis',(-1.,0.,0.));
#11348=DIRECTION('',(-1.,0.,0.));
#11349=DIRECTION('',(0.,0.,-1.));
#11350=DIRECTION('',(0.,0.,-1.));
#11351=DIRECTION('',(0.,0.,-1.));
#11352=DIRECTION('',(0.,0.,-1.));
#11353=DIRECTION('center_axis',(0.,-1.,0.));
#11354=DIRECTION('ref_axis',(-1.,0.,0.));
#11355=DIRECTION('',(-1.,0.,0.));
#11356=DIRECTION('',(0.,0.,-1.));
#11357=DIRECTION('center_axis',(0.,-1.,0.));
#11358=DIRECTION('ref_axis',(-1.,0.,0.));
#11359=DIRECTION('',(-1.,0.,0.));
#11360=DIRECTION('center_axis',(0.,1.,0.));
#11361=DIRECTION('ref_axis',(1.,0.,0.));
#11362=DIRECTION('',(1.,0.,0.));
#11363=DIRECTION('center_axis',(0.,0.,-1.));
#11364=DIRECTION('ref_axis',(-1.,0.,0.));
#11365=DIRECTION('',(0.,-1.,0.));
#11366=DIRECTION('',(0.94952411884636,-0.313694035214322,0.));
#11367=DIRECTION('',(0.,1.,0.));
#11368=DIRECTION('',(-0.95832810837237,0.285669803625506,0.));
#11369=DIRECTION('',(1.,0.,0.));
#11370=DIRECTION('',(-1.,0.,0.));
#11371=DIRECTION('',(-1.,0.,0.));
#11372=DIRECTION('',(-1.,0.,0.));
#11373=DIRECTION('',(-1.,0.,0.));
#11374=DIRECTION('',(1.,0.,0.));
#11375=DIRECTION('',(-1.,0.,0.));
#11376=DIRECTION('',(-1.,0.,0.));
#11377=DIRECTION('',(-1.,0.,0.));
#11378=DIRECTION('',(1.,0.,0.));
#11379=DIRECTION('',(1.,0.,0.));
#11380=DIRECTION('',(0.,1.,0.));
#11381=DIRECTION('',(0.,-1.,0.));
#11382=DIRECTION('',(1.,0.,0.));
#11383=DIRECTION('',(-1.,0.,0.));
#11384=DIRECTION('',(0.,-1.,0.));
#11385=DIRECTION('',(1.,0.,0.));
#11386=DIRECTION('',(1.,0.,0.));
#11387=DIRECTION('',(1.,0.,0.));
#11388=DIRECTION('',(0.,-1.,0.));
#11389=DIRECTION('',(1.,0.,0.));
#11390=DIRECTION('',(0.,1.,0.));
#11391=DIRECTION('',(-1.,0.,0.));
#11392=DIRECTION('',(0.,-1.,0.));
#11393=DIRECTION('',(0.,0.,-1.));
#11394=DIRECTION('center_axis',(1.,0.,0.));
#11395=DIRECTION('ref_axis',(0.,-1.,0.));
#11396=DIRECTION('center_axis',(0.,1.,0.));
#11397=DIRECTION('ref_axis',(1.,0.,0.));
#11398=DIRECTION('center_axis',(0.,-1.,0.));
#11399=DIRECTION('ref_axis',(-1.,0.,0.));
#11400=DIRECTION('center_axis',(0.,-1.,0.));
#11401=DIRECTION('ref_axis',(-1.,0.,0.));
#11402=DIRECTION('center_axis',(0.,-1.,0.));
#11403=DIRECTION('ref_axis',(-1.,0.,0.));
#11404=DIRECTION('',(0.,0.,-1.));
#11405=DIRECTION('center_axis',(0.,1.,0.));
#11406=DIRECTION('ref_axis',(1.,0.,0.));
#11407=DIRECTION('',(0.,0.,-1.));
#11408=DIRECTION('center_axis',(0.,-1.,0.));
#11409=DIRECTION('ref_axis',(-1.,0.,0.));
#11410=DIRECTION('',(0.,0.,-1.));
#11411=DIRECTION('center_axis',(1.,0.,0.));
#11412=DIRECTION('ref_axis',(0.,-1.,0.));
#11413=DIRECTION('center_axis',(0.,1.,0.));
#11414=DIRECTION('ref_axis',(1.,0.,0.));
#11415=DIRECTION('center_axis',(0.,-1.,0.));
#11416=DIRECTION('ref_axis',(-1.,0.,0.));
#11417=DIRECTION('center_axis',(0.,-1.,0.));
#11418=DIRECTION('ref_axis',(-1.,0.,0.));
#11419=DIRECTION('center_axis',(0.,-1.,0.));
#11420=DIRECTION('ref_axis',(-1.,0.,0.));
#11421=DIRECTION('center_axis',(-1.,0.,0.));
#11422=DIRECTION('ref_axis',(0.,1.,0.));
#11423=DIRECTION('',(0.,0.,-1.));
#11424=DIRECTION('center_axis',(1.,0.,0.));
#11425=DIRECTION('ref_axis',(0.,-1.,0.));
#11426=DIRECTION('',(0.,0.,-1.));
#11427=DIRECTION('center_axis',(0.,1.,0.));
#11428=DIRECTION('ref_axis',(1.,0.,0.));
#11429=DIRECTION('',(0.,0.,-1.));
#11430=DIRECTION('',(0.,0.,-1.));
#11431=DIRECTION('',(0.,0.,-1.));
#11432=DIRECTION('',(0.,0.,-1.));
#11433=DIRECTION('',(0.,0.,-1.));
#11434=DIRECTION('',(0.,0.,-1.));
#11435=DIRECTION('',(0.,0.,-1.));
#11436=DIRECTION('',(0.,0.,-1.));
#11437=DIRECTION('center_axis',(0.,-1.,0.));
#11438=DIRECTION('ref_axis',(-1.,0.,0.));
#11439=DIRECTION('',(0.,0.,-1.));
#11440=DIRECTION('center_axis',(1.,0.,0.));
#11441=DIRECTION('ref_axis',(0.,-1.,0.));
#11442=DIRECTION('',(0.,0.,-1.));
#11443=DIRECTION('center_axis',(0.,1.,0.));
#11444=DIRECTION('ref_axis',(1.,0.,0.));
#11445=DIRECTION('center_axis',(0.313694035214322,0.94952411884636,0.));
#11446=DIRECTION('ref_axis',(0.94952411884636,-0.313694035214322,0.));
#11447=DIRECTION('',(0.,0.,-1.));
#11448=DIRECTION('center_axis',(-1.,0.,0.));
#11449=DIRECTION('ref_axis',(0.,1.,0.));
#11450=DIRECTION('',(0.,0.,-1.));
#11451=DIRECTION('center_axis',(-0.285669803625506,-0.95832810837237,0.));
#11452=DIRECTION('ref_axis',(-0.95832810837237,0.285669803625506,0.));
#11453=DIRECTION('',(0.,0.,-1.));
#11454=DIRECTION('',(0.,0.,-1.));
#11455=DIRECTION('',(0.,0.,-1.));
#11456=DIRECTION('',(0.,0.,-1.));
#11457=DIRECTION('',(0.,0.,-1.));
#11458=DIRECTION('',(0.,0.,-1.));
#11459=DIRECTION('',(0.,0.,-1.));
#11460=DIRECTION('',(0.,0.,-1.));
#11461=DIRECTION('',(0.,0.,-1.));
#11462=DIRECTION('',(0.,0.,-1.));
#11463=DIRECTION('',(0.,0.,-1.));
#11464=DIRECTION('',(0.,0.,-1.));
#11465=DIRECTION('center_axis',(0.,-1.,0.));
#11466=DIRECTION('ref_axis',(-1.,0.,0.));
#11467=DIRECTION('',(0.,0.,-1.));
#11468=DIRECTION('',(0.,0.,-1.));
#11469=DIRECTION('center_axis',(0.,1.,0.));
#11470=DIRECTION('ref_axis',(1.,0.,0.));
#11471=DIRECTION('',(0.,0.,-1.));
#11472=DIRECTION('',(0.,0.,-1.));
#11473=DIRECTION('',(0.,0.,-1.));
#11474=DIRECTION('center_axis',(0.,1.,0.));
#11475=DIRECTION('ref_axis',(1.,0.,0.));
#11476=DIRECTION('',(0.,0.,-1.));
#11477=DIRECTION('center_axis',(0.,1.,0.));
#11478=DIRECTION('ref_axis',(1.,0.,0.));
#11479=DIRECTION('',(0.,0.,-1.));
#11480=DIRECTION('center_axis',(1.,0.,0.));
#11481=DIRECTION('ref_axis',(0.,-1.,0.));
#11482=DIRECTION('',(0.,0.,-1.));
#11483=DIRECTION('center_axis',(0.,1.,0.));
#11484=DIRECTION('ref_axis',(1.,0.,0.));
#11485=DIRECTION('',(0.,0.,-1.));
#11486=DIRECTION('center_axis',(-1.,0.,0.));
#11487=DIRECTION('ref_axis',(0.,1.,0.));
#11488=DIRECTION('center_axis',(0.,-0.351123441588391,-0.936329177569045));
#11489=DIRECTION('ref_axis',(-1.,0.,0.));
#11490=DIRECTION('',(0.,-0.936329177569045,0.351123441588391));
#11491=DIRECTION('',(1.,0.,0.));
#11492=DIRECTION('center_axis',(0.,1.,0.));
#11493=DIRECTION('ref_axis',(1.,0.,0.));
#11494=DIRECTION('center_axis',(0.,1.,0.));
#11495=DIRECTION('ref_axis',(-1.,0.,0.));
#11496=DIRECTION('',(0.,0.,1.));
#11497=DIRECTION('center_axis',(1.,0.,0.));
#11498=DIRECTION('ref_axis',(0.,1.,0.));
#11499=DIRECTION('center_axis',(0.,-1.,0.));
#11500=DIRECTION('ref_axis',(1.,0.,0.));
#11501=DIRECTION('center_axis',(-1.,0.,0.));
#11502=DIRECTION('ref_axis',(0.,-1.,0.));
#11503=DIRECTION('center_axis',(-1.,0.,0.));
#11504=DIRECTION('ref_axis',(0.,1.,0.));
#11505=DIRECTION('',(0.,-1.,0.));
#11506=DIRECTION('',(0.,0.,-1.));
#11507=DIRECTION('',(0.,1.,0.));
#11508=DIRECTION('',(0.,0.,-1.));
#11509=DIRECTION('center_axis',(0.,-1.,0.));
#11510=DIRECTION('ref_axis',(-1.,0.,0.));
#11511=DIRECTION('',(1.,0.,0.));
#11512=DIRECTION('',(-1.,0.,0.));
#11513=DIRECTION('',(0.,0.,-1.));
#11514=DIRECTION('center_axis',(1.,0.,0.));
#11515=DIRECTION('ref_axis',(0.,-1.,0.));
#11516=DIRECTION('',(0.,1.,0.));
#11517=DIRECTION('',(0.,-1.,0.));
#11518=DIRECTION('',(0.,0.,-1.));
#11519=DIRECTION('center_axis',(0.,1.,0.));
#11520=DIRECTION('ref_axis',(1.,0.,0.));
#11521=DIRECTION('',(-1.,0.,0.));
#11522=DIRECTION('',(1.,0.,0.));
#11523=DIRECTION('center_axis',(0.,0.,-1.));
#11524=DIRECTION('ref_axis',(-1.,0.,0.));
#11525=DIRECTION('center_axis',(0.,0.,-1.));
#11526=DIRECTION('ref_axis',(1.,0.,0.));
#11527=DIRECTION('center_axis',(1.,0.,0.));
#11528=DIRECTION('ref_axis',(0.,1.,0.));
#11529=DIRECTION('center_axis',(1.,0.,0.));
#11530=DIRECTION('ref_axis',(0.,1.,0.));
#11531=DIRECTION('',(0.,-0.707106781186547,0.707106781186548));
#11532=DIRECTION('center_axis',(-1.,0.,0.));
#11533=DIRECTION('ref_axis',(0.,1.,0.));
#11534=DIRECTION('',(0.,0.707106781186544,-0.707106781186551));
#11535=DIRECTION('center_axis',(1.,0.,0.));
#11536=DIRECTION('ref_axis',(0.,1.,0.));
#11537=DIRECTION('center_axis',(1.,0.,0.));
#11538=DIRECTION('ref_axis',(0.,1.,0.));
#11539=DIRECTION('center_axis',(-1.,0.,0.));
#11540=DIRECTION('ref_axis',(0.,1.,0.));
#11541=DIRECTION('center_axis',(0.,-5.24159775785535E-15,-1.));
#11542=DIRECTION('ref_axis',(0.,-1.,5.24159775785535E-15));
#11543=DIRECTION('',(-1.,0.,0.));
#11544=DIRECTION('',(0.,-1.,5.24159775785535E-15));
#11545=DIRECTION('',(1.,0.,0.));
#11546=DIRECTION('',(0.,-1.,5.24159775785535E-15));
#11547=DIRECTION('',(-1.,0.,0.));
#11548=DIRECTION('',(0.,-1.,5.24159775785535E-15));
#11549=DIRECTION('center_axis',(-1.,0.,0.));
#11550=DIRECTION('ref_axis',(0.,1.,0.));
#11551=DIRECTION('',(-1.,0.,0.));
#11552=DIRECTION('center_axis',(-1.,0.,0.));
#11553=DIRECTION('ref_axis',(0.,1.,0.));
#11554=DIRECTION('center_axis',(1.,0.,0.));
#11555=DIRECTION('ref_axis',(0.,-1.,0.));
#11556=DIRECTION('center_axis',(1.,0.,0.));
#11557=DIRECTION('ref_axis',(0.,-1.,0.));
#11558=DIRECTION('center_axis',(-1.,0.,0.));
#11559=DIRECTION('ref_axis',(0.,-1.,0.));
#11560=DIRECTION('center_axis',(-1.,0.,0.));
#11561=DIRECTION('ref_axis',(0.,-0.710966646532216,-0.703225730131325));
#11562=DIRECTION('',(-1.,0.,0.));
#11563=DIRECTION('center_axis',(-1.,0.,0.));
#11564=DIRECTION('ref_axis',(0.,1.,0.));
#11565=DIRECTION('',(-1.,0.,0.));
#11566=DIRECTION('center_axis',(0.,1.,0.));
#11567=DIRECTION('ref_axis',(0.,0.,-1.));
#11568=DIRECTION('',(0.,0.,-1.));
#11569=DIRECTION('',(-1.,0.,0.));
#11570=DIRECTION('',(0.,0.,-1.));
#11571=DIRECTION('',(-1.,0.,0.));
#11572=DIRECTION('',(0.,0.,-1.));
#11573=DIRECTION('center_axis',(1.,0.,0.));
#11574=DIRECTION('ref_axis',(0.,1.,0.));
#11575=DIRECTION('center_axis',(1.,0.,0.));
#11576=DIRECTION('ref_axis',(0.,1.,0.));
#11577=DIRECTION('',(0.,-0.707106781186544,0.707106781186551));
#11578=DIRECTION('center_axis',(1.,0.,0.));
#11579=DIRECTION('ref_axis',(0.,1.,0.));
#11580=DIRECTION('',(0.,0.707106781186547,-0.707106781186548));
#11581=DIRECTION('center_axis',(1.,0.,0.));
#11582=DIRECTION('ref_axis',(0.,1.,0.));
#11583=DIRECTION('center_axis',(1.,0.,0.));
#11584=DIRECTION('ref_axis',(0.,1.,0.));
#11585=DIRECTION('',(0.,1.,-5.24159775797179E-15));
#11586=DIRECTION('center_axis',(1.,0.,0.));
#11587=DIRECTION('ref_axis',(0.,1.,0.));
#11588=DIRECTION('center_axis',(1.,0.,0.));
#11589=DIRECTION('ref_axis',(0.,1.,0.));
#11590=DIRECTION('',(0.,0.,1.));
#11591=DIRECTION('center_axis',(0.,-0.707106781186551,-0.707106781186544));
#11592=DIRECTION('ref_axis',(0.,0.707106781186544,-0.707106781186551));
#11593=DIRECTION('',(1.,0.,0.));
#11594=DIRECTION('',(1.,0.,0.));
#11595=DIRECTION('center_axis',(1.,0.,0.));
#11596=DIRECTION('ref_axis',(0.,-0.707106781186547,0.707106781186548));
#11597=DIRECTION('',(1.,0.,0.));
#11598=DIRECTION('center_axis',(0.,0.707106781186548,0.707106781186547));
#11599=DIRECTION('ref_axis',(0.,-0.707106781186547,0.707106781186548));
#11600=DIRECTION('',(1.,0.,0.));
#11601=DIRECTION('center_axis',(1.,0.,0.));
#11602=DIRECTION('ref_axis',(0.,-0.7071067819216,0.707106780451495));
#11603=DIRECTION('center_axis',(1.,0.,0.));
#11604=DIRECTION('ref_axis',(0.,1.,0.));
#11605=DIRECTION('',(0.,0.,1.));
#11606=DIRECTION('center_axis',(1.,0.,0.));
#11607=DIRECTION('ref_axis',(0.,1.,0.));
#11608=DIRECTION('center_axis',(-1.,0.,0.));
#11609=DIRECTION('ref_axis',(0.,1.,0.));
#11610=DIRECTION('',(-1.,0.,0.));
#11611=DIRECTION('center_axis',(-1.,0.,0.));
#11612=DIRECTION('ref_axis',(0.,1.,0.));
#11613=DIRECTION('',(-1.,0.,0.));
#11614=DIRECTION('center_axis',(1.,0.,0.));
#11615=DIRECTION('ref_axis',(0.,1.,0.));
#11616=DIRECTION('center_axis',(0.,-1.,0.));
#11617=DIRECTION('ref_axis',(0.,0.,1.));
#11618=DIRECTION('',(0.,0.,1.));
#11619=DIRECTION('center_axis',(1.,0.,0.));
#11620=DIRECTION('ref_axis',(0.,1.,0.));
#11621=DIRECTION('center_axis',(1.,0.,0.));
#11622=DIRECTION('ref_axis',(0.,1.,0.));
#11623=DIRECTION('center_axis',(1.,0.,0.));
#11624=DIRECTION('ref_axis',(0.,1.,0.));
#11625=DIRECTION('',(0.,1.,-5.24159775797179E-15));
#11626=DIRECTION('center_axis',(-1.,0.,0.));
#11627=DIRECTION('ref_axis',(0.,-0.711797815844622,-0.702384417081434));
#11628=DIRECTION('',(1.,0.,0.));
#11629=DIRECTION('center_axis',(-1.,0.,0.));
#11630=DIRECTION('ref_axis',(0.,-0.712970855682443,-0.701193667218583));
#11631=DIRECTION('center_axis',(1.,0.,0.));
#11632=DIRECTION('ref_axis',(0.,1.,0.));
#11633=DIRECTION('',(-1.,0.,0.));
#11634=DIRECTION('center_axis',(0.,5.24159775797179E-15,1.));
#11635=DIRECTION('ref_axis',(0.,1.,-5.24159775797179E-15));
#11636=DIRECTION('',(0.,1.,-5.24159775797179E-15));
#11637=DIRECTION('center_axis',(1.,0.,0.));
#11638=DIRECTION('ref_axis',(0.,1.,0.));
#11639=DIRECTION('center_axis',(1.,0.,0.));
#11640=DIRECTION('ref_axis',(0.,-1.,0.));
#11641=DIRECTION('center_axis',(1.,0.,0.));
#11642=DIRECTION('ref_axis',(0.,-1.,0.));
#11643=DIRECTION('center_axis',(-1.,0.,0.));
#11644=DIRECTION('ref_axis',(0.,1.,0.));
#11645=DIRECTION('center_axis',(0.,1.,2.61332297861085E-14));
#11646=DIRECTION('ref_axis',(0.,2.61332297861085E-14,-1.));
#11647=DIRECTION('',(0.,2.61332297861085E-14,-1.));
#11648=DIRECTION('',(1.,0.,0.));
#11649=DIRECTION('',(0.,-2.61332297861085E-14,1.));
#11650=DIRECTION('',(-1.,0.,0.));
#11651=DIRECTION('',(0.,2.61332297861085E-14,-1.));
#11652=DIRECTION('center_axis',(1.,0.,0.));
#11653=DIRECTION('ref_axis',(0.,1.,0.));
#11654=DIRECTION('center_axis',(1.,0.,0.));
#11655=DIRECTION('ref_axis',(0.,1.,0.));
#11656=DIRECTION('center_axis',(-1.,0.,0.));
#11657=DIRECTION('ref_axis',(0.,1.,0.));
#11658=DIRECTION('center_axis',(0.,-1.,-2.6133229786108E-14));
#11659=DIRECTION('ref_axis',(0.,-2.6133229786108E-14,1.));
#11660=DIRECTION('',(0.,-2.6133229786108E-14,1.));
#11661=DIRECTION('',(1.,0.,0.));
#11662=DIRECTION('',(0.,2.6133229786108E-14,-1.));
#11663=DIRECTION('',(-1.,0.,0.));
#11664=DIRECTION('',(0.,-2.6133229786108E-14,1.));
#11665=DIRECTION('center_axis',(1.,0.,0.));
#11666=DIRECTION('ref_axis',(0.,1.,0.));
#11667=DIRECTION('',(0.,0.707106363180655,0.707107199192193));
#11668=DIRECTION('center_axis',(1.,0.,0.));
#11669=DIRECTION('ref_axis',(0.,1.,0.));
#11670=DIRECTION('',(0.,0.707106363180655,0.707107199192193));
#11671=DIRECTION('center_axis',(1.,0.,0.));
#11672=DIRECTION('ref_axis',(0.,1.,0.));
#11673=DIRECTION('center_axis',(1.,0.,0.));
#11674=DIRECTION('ref_axis',(0.,1.,0.));
#11675=DIRECTION('',(0.,-1.,0.));
#11676=DIRECTION('center_axis',(1.,0.,0.));
#11677=DIRECTION('ref_axis',(0.,1.,0.));
#11678=DIRECTION('center_axis',(1.,0.,0.));
#11679=DIRECTION('ref_axis',(0.,1.,0.));
#11680=DIRECTION('',(0.,1.,-1.66193419745474E-14));
#11681=DIRECTION('center_axis',(1.,0.,0.));
#11682=DIRECTION('ref_axis',(0.,1.,0.));
#11683=DIRECTION('center_axis',(1.,0.,0.));
#11684=DIRECTION('ref_axis',(0.,-0.707107545725509,-0.70710601664676));
#11685=DIRECTION('',(1.,0.,0.));
#11686=DIRECTION('center_axis',(-1.,0.,0.));
#11687=DIRECTION('ref_axis',(0.,1.,0.));
#11688=DIRECTION('',(1.,0.,0.));
#11689=DIRECTION('center_axis',(0.,-0.707107199192193,0.707106363180655));
#11690=DIRECTION('ref_axis',(0.,-0.707106363180655,-0.707107199192193));
#11691=DIRECTION('',(0.,-0.707106363180655,-0.707107199192193));
#11692=DIRECTION('',(1.,0.,0.));
#11693=DIRECTION('center_axis',(1.,0.,0.));
#11694=DIRECTION('ref_axis',(0.,-0.707106715434644,-0.707106846938445));
#11695=DIRECTION('center_axis',(1.,0.,0.));
#11696=DIRECTION('ref_axis',(0.,1.,0.));
#11697=DIRECTION('',(1.,0.,0.));
#11698=DIRECTION('center_axis',(0.,0.707107199192193,-0.707106363180655));
#11699=DIRECTION('ref_axis',(0.,0.707106363180655,0.707107199192193));
#11700=DIRECTION('',(0.,0.707106363180655,0.707107199192193));
#11701=DIRECTION('center_axis',(1.,0.,0.));
#11702=DIRECTION('ref_axis',(0.,1.,0.));
#11703=DIRECTION('center_axis',(1.,0.,0.));
#11704=DIRECTION('ref_axis',(0.,1.,0.));
#11705=DIRECTION('',(0.,1.,-1.66193419745474E-14));
#11706=DIRECTION('center_axis',(1.,0.,0.));
#11707=DIRECTION('ref_axis',(0.,1.,0.));
#11708=DIRECTION('center_axis',(-1.,0.,0.));
#11709=DIRECTION('ref_axis',(0.,1.,0.));
#11710=DIRECTION('',(-1.,0.,0.));
#11711=DIRECTION('center_axis',(0.,1.66193419745474E-14,1.));
#11712=DIRECTION('ref_axis',(0.,1.,-1.66193419745474E-14));
#11713=DIRECTION('',(0.,1.,-1.66193419745474E-14));
#11714=DIRECTION('',(-1.,0.,0.));
#11715=DIRECTION('center_axis',(-1.,0.,0.));
#11716=DIRECTION('ref_axis',(0.,1.,0.));
#11717=DIRECTION('center_axis',(1.,0.,0.));
#11718=DIRECTION('ref_axis',(0.,1.,0.));
#11719=DIRECTION('center_axis',(1.,0.,0.));
#11720=DIRECTION('ref_axis',(0.,1.,0.));
#11721=DIRECTION('center_axis',(-1.,0.,0.));
#11722=DIRECTION('ref_axis',(0.,-0.707548443735576,0.706664842600341));
#11723=DIRECTION('center_axis',(1.,0.,0.));
#11724=DIRECTION('ref_axis',(0.,1.,0.));
#11725=DIRECTION('',(-1.,0.,0.));
#11726=DIRECTION('center_axis',(1.,0.,0.));
#11727=DIRECTION('ref_axis',(0.,1.,0.));
#11728=DIRECTION('',(0.,-1.,0.));
#11729=DIRECTION('center_axis',(0.,0.,-1.));
#11730=DIRECTION('ref_axis',(0.,-1.,0.));
#11731=DIRECTION('',(0.,-1.,0.));
#11732=DIRECTION('',(-1.,0.,0.));
#11733=DIRECTION('center_axis',(-1.,0.,0.));
#11734=DIRECTION('ref_axis',(0.,-0.707712725020744,0.706500317652946));
#11735=DIRECTION('center_axis',(1.,0.,0.));
#11736=DIRECTION('ref_axis',(0.,1.,0.));
#11737=DIRECTION('center_axis',(1.,0.,0.));
#11738=DIRECTION('ref_axis',(0.,1.,0.));
#11739=DIRECTION('center_axis',(0.,-0.939692620785906,0.342020143325675));
#11740=DIRECTION('ref_axis',(0.,0.342020143325675,0.939692620785906));
#11741=DIRECTION('',(0.,0.342020143325675,0.939692620785906));
#11742=DIRECTION('',(-1.,0.,0.));
#11743=DIRECTION('',(0.,0.342020143325675,0.939692620785906));
#11744=DIRECTION('',(-1.,0.,0.));
#11745=DIRECTION('center_axis',(0.,-0.342020143325668,-0.939692620785909));
#11746=DIRECTION('ref_axis',(0.,-0.939692620785909,0.342020143325668));
#11747=DIRECTION('',(0.,-0.939692620785909,0.342020143325668));
#11748=DIRECTION('',(0.,-0.939692620785909,0.342020143325668));
#11749=DIRECTION('',(-1.,0.,0.));
#11750=DIRECTION('center_axis',(0.,0.939692620785909,-0.342020143325668));
#11751=DIRECTION('ref_axis',(0.,-0.342020143325668,-0.939692620785909));
#11752=DIRECTION('',(0.,-0.342020143325668,-0.939692620785909));
#11753=DIRECTION('',(0.,-0.342020143325668,-0.939692620785909));
#11754=DIRECTION('',(-1.,0.,0.));
#11755=DIRECTION('center_axis',(0.,0.342020143325668,0.939692620785909));
#11756=DIRECTION('ref_axis',(0.,0.939692620785909,-0.342020143325668));
#11757=DIRECTION('',(0.,0.939692620785909,-0.342020143325668));
#11758=DIRECTION('',(0.,0.939692620785909,-0.342020143325668));
#11759=DIRECTION('center_axis',(1.,0.,0.));
#11760=DIRECTION('ref_axis',(0.,1.,0.));
#11761=DIRECTION('center_axis',(-1.,0.,0.));
#11762=DIRECTION('ref_axis',(0.,0.,1.));
#11763=CARTESIAN_POINT('',(0.,0.,0.));
#11764=CARTESIAN_POINT('Origin',(-12.2789686702687,-10.0000001490116,30.5000000521541));
#11765=CARTESIAN_POINT('',(-12.9789686702687,-7.10000014901161,30.5000000521541));
#11766=CARTESIAN_POINT('Origin',(-12.9789686702687,-10.0000001490116,30.5000000521541));
#11767=CARTESIAN_POINT('',(-11.5789686702687,-8.50000014901161,30.5000000521541));
#11768=CARTESIAN_POINT('',(-12.2789686702687,-7.80000014901161,30.5000000521541));
#11769=CARTESIAN_POINT('Origin',(-11.5789686702687,-10.0000001490116,30.5000000521541));
#11770=CARTESIAN_POINT('Origin',(-12.9789686702687,-140.471602318541,0.));
#11771=CARTESIAN_POINT('',(-12.9789686702687,-102.471602318541,37.5));
#11772=CARTESIAN_POINT('',(-12.9789686702687,-140.471602318541,37.5));
#11773=CARTESIAN_POINT('',(-12.9789686702687,-130.971602318541,37.5));
#11774=CARTESIAN_POINT('',(-12.9789686702687,-102.471602318541,34.));
#11775=CARTESIAN_POINT('',(-12.9789686702687,-102.471602318541,0.));
#11776=CARTESIAN_POINT('',(-12.9789686702687,2.02839768145896,34.));
#11777=CARTESIAN_POINT('',(-12.9789686702687,27.028397681459,34.));
#11778=CARTESIAN_POINT('',(-12.9789686702687,2.02839768145896,-3.));
#11779=CARTESIAN_POINT('',(-12.9789686702687,2.02839768145896,0.));
#11780=CARTESIAN_POINT('',(-12.9789686702687,-140.471602318541,-3.));
#11781=CARTESIAN_POINT('',(-12.9789686702687,27.028397681459,-3.));
#11782=CARTESIAN_POINT('',(-12.9789686702687,-140.471602318541,0.));
#11783=CARTESIAN_POINT('',(-12.9789686702687,-93.6000014603138,30.5000005140901));
#11784=CARTESIAN_POINT('Origin',(-12.9789686702687,-96.5000014603138,30.5000005140901));
#11785=CARTESIAN_POINT('',(-12.9789686702687,-51.9051826148097,13.9769435294548));
#11786=CARTESIAN_POINT('Origin',(-12.9789686702687,-57.8051826148097,13.9769435294548));
#11787=CARTESIAN_POINT('',(-12.9789686702687,-106.90518261481,21.9769435294548));
#11788=CARTESIAN_POINT('Origin',(-12.9789686702687,-111.80518261481,21.9769435294548));
#11789=CARTESIAN_POINT('',(-12.9789686702687,-86.8734817471015,11.6194740608955));
#11790=CARTESIAN_POINT('',(-12.9789686702687,-84.5242501951367,10.7644237025814));
#11791=CARTESIAN_POINT('',(-12.9789686702687,-106.791048765378,18.8688755945504));
#11792=CARTESIAN_POINT('',(-12.9789686702687,-82.6450631498039,15.927447676565));
#11793=CARTESIAN_POINT('',(-12.9789686702687,-88.5941189269576,-0.417448738240902));
#11794=CARTESIAN_POINT('',(-12.9789686702687,-84.9942947017687,16.7824980348791));
#11795=CARTESIAN_POINT('',(-12.9789686702687,-106.791246961617,24.7159398551853));
#11796=CARTESIAN_POINT('',(-12.9789686702687,-91.8615617075654,-2.08516299691353));
#11797=CARTESIAN_POINT('Origin',(83.0210313297313,-10.0000001490116,30.5000000521541));
#11798=CARTESIAN_POINT('',(-11.5000001713634,-8.50000014901161,30.5000000521541));
#11799=CARTESIAN_POINT('Origin',(-11.5000001713634,-10.0000001490116,30.5000000521541));
#11800=CARTESIAN_POINT('',(83.0210313297313,-8.50000014901161,30.5000000521541));
#11801=CARTESIAN_POINT('Origin',(-12.2789686702687,-96.5000014603138,30.5000005140901));
#11802=CARTESIAN_POINT('',(-11.5789686702687,-95.0000014603138,30.5000005140901));
#11803=CARTESIAN_POINT('',(-12.2789686702687,-94.3000014603138,30.5000005140901));
#11804=CARTESIAN_POINT('Origin',(-11.5789686702687,-96.5000014603138,30.5000005140901));
#11805=CARTESIAN_POINT('Origin',(83.0210313297313,-96.5000014603138,30.5000005140901));
#11806=CARTESIAN_POINT('',(-11.5000001713634,-95.0000014603138,30.5000005140901));
#11807=CARTESIAN_POINT('Origin',(-11.5000001713634,-96.5000014603138,30.5000005140901));
#11808=CARTESIAN_POINT('',(83.0210313297313,-95.0000014603138,30.5000005140901));
#11809=CARTESIAN_POINT('Origin',(85.3210313297313,-96.5000014603138,30.5000005140901));
#11810=CARTESIAN_POINT('',(86.0210313297313,-93.6000014603138,30.5000005140901));
#11811=CARTESIAN_POINT('Origin',(86.0210313297313,-96.5000014603138,30.5000005140901));
#11812=CARTESIAN_POINT('',(84.6210313297313,-95.0000014603138,30.5000005140901));
#11813=CARTESIAN_POINT('',(85.3210313297313,-94.3000014603138,30.5000005140901));
#11814=CARTESIAN_POINT('Origin',(84.6210313297313,-96.5000014603138,30.5000005140901));
#11815=CARTESIAN_POINT('Origin',(86.0210313297313,27.028397681459,0.));
#11816=CARTESIAN_POINT('',(86.0210313297313,-140.471602318541,37.5));
#11817=CARTESIAN_POINT('',(86.0210313297313,-102.471602318541,37.5));
#11818=CARTESIAN_POINT('',(86.0210313297313,-47.2216023185411,37.5));
#11819=CARTESIAN_POINT('',(86.0210313297313,-140.471602318541,-3.));
#11820=CARTESIAN_POINT('',(86.0210313297313,-140.471602318541,0.));
#11821=CARTESIAN_POINT('',(86.0210313297313,2.02839768145896,-3.));
#11822=CARTESIAN_POINT('',(86.0210313297313,-83.4716023185411,-3.));
#11823=CARTESIAN_POINT('',(86.0210313297313,2.02839768145896,34.));
#11824=CARTESIAN_POINT('',(86.0210313297313,2.02839768145896,0.));
#11825=CARTESIAN_POINT('',(86.0210313297313,-102.471602318541,34.));
#11826=CARTESIAN_POINT('',(86.0210313297313,-83.4716023185411,34.));
#11827=CARTESIAN_POINT('',(86.0210313297313,-102.471602318541,0.));
#11828=CARTESIAN_POINT('',(86.0210313297313,-7.10000014901161,30.5000000521541));
#11829=CARTESIAN_POINT('Origin',(86.0210313297313,-10.0000001490116,30.5000000521541));
#11830=CARTESIAN_POINT('',(86.0210313297313,-65.1000010430813,19.));
#11831=CARTESIAN_POINT('Origin',(86.0210313297313,-70.0000010430813,19.));
#11832=CARTESIAN_POINT('',(86.0210313297313,-30.7000004768372,19.000000141561));
#11833=CARTESIAN_POINT('Origin',(86.0210313297313,-36.6000004768372,19.000000141561));
#11834=CARTESIAN_POINT('',(86.0210313297313,-90.1044935714416,18.8232662324271));
#11835=CARTESIAN_POINT('',(86.0210313297313,-87.6612927573983,17.9340138597803));
#11836=CARTESIAN_POINT('',(86.0210313297313,-32.3101790509675,-2.21214396284446));
#11837=CARTESIAN_POINT('',(86.0210313297313,-89.5424482154036,12.7655817164268));
#11838=CARTESIAN_POINT('',(86.0210313297313,-84.7843494423814,25.8383506548401));
#11839=CARTESIAN_POINT('',(86.0210313297313,-91.985649029447,13.6548340890735));
#11840=CARTESIAN_POINT('',(86.0210313297313,-36.0707197505447,-6.69653581954669));
#11841=CARTESIAN_POINT('',(86.0210313297313,-86.7731680559704,27.976007863037));
#11842=CARTESIAN_POINT('Origin',(83.0210313297313,-96.5000014603138,30.5000005140901));
#11843=CARTESIAN_POINT('',(84.5210313297313,-95.0000014603138,30.5000005140901));
#11844=CARTESIAN_POINT('',(83.0210313297313,-95.0000014603138,30.5000005140901));
#11845=CARTESIAN_POINT('Origin',(84.5210313297313,-96.5000014603138,30.5000005140901));
#11846=CARTESIAN_POINT('Origin',(85.3210313297313,-10.0000001490116,30.5000000521541));
#11847=CARTESIAN_POINT('',(84.6210313297313,-8.50000014901161,30.5000000521541));
#11848=CARTESIAN_POINT('',(85.3210313297313,-7.80000014901161,30.5000000521541));
#11849=CARTESIAN_POINT('Origin',(84.6210313297313,-10.0000001490116,30.5000000521541));
#11850=CARTESIAN_POINT('Origin',(83.0210313297313,-10.0000001490116,30.5000000521541));
#11851=CARTESIAN_POINT('',(84.5210313297313,-8.50000014901161,30.5000000521541));
#11852=CARTESIAN_POINT('',(83.0210313297313,-8.50000014901161,30.5000000521541));
#11853=CARTESIAN_POINT('Origin',(84.5210313297313,-10.0000001490116,30.5000000521541));
#11854=CARTESIAN_POINT('Origin',(10.7585313297313,-75.8922345776189,30.2177376316196));
#11855=CARTESIAN_POINT('',(9.82103132973127,-70.4906023185411,34.));
#11856=CARTESIAN_POINT('',(9.82103132973127,-81.2938668366968,26.4354752632393));
#11857=CARTESIAN_POINT('',(9.82103132973127,-77.1558967675848,29.3329121347672));
#11858=CARTESIAN_POINT('',(12.3210313297313,-81.2938668366968,26.4354752632393));
#11859=CARTESIAN_POINT('',(10.7585313297313,-81.2938668366968,26.4354752632393));
#11860=CARTESIAN_POINT('',(12.3210313297313,-70.4906023185411,34.));
#11861=CARTESIAN_POINT('',(12.3210313297313,-87.7379297021113,21.9232953690279));
#11862=CARTESIAN_POINT('',(10.7585313297313,-70.4906023185411,34.));
#11863=CARTESIAN_POINT('Origin',(11.0710313297313,-74.2703015951295,34.));
#11864=CARTESIAN_POINT('',(12.3210313297313,-61.2835836965193,34.));
#11865=CARTESIAN_POINT('',(12.3210313297313,-60.4716023185411,34.));
#11866=CARTESIAN_POINT('',(11.5406967107412,-58.5000008717179,34.));
#11867=CARTESIAN_POINT('',(11.8210313297313,-59.5000008866191,34.));
#11868=CARTESIAN_POINT('',(9.82103132973127,-58.5000008717179,34.));
#11869=CARTESIAN_POINT('',(9.82103132973127,-58.5000008717179,34.));
#11870=CARTESIAN_POINT('',(9.82103132973127,-59.5000008866191,34.));
#11871=CARTESIAN_POINT('Origin',(12.3210313297313,-90.0406023185411,0.));
#11872=CARTESIAN_POINT('',(12.3210313297313,-85.2176178781391,15.6550683614849));
#11873=CARTESIAN_POINT('',(12.3210313297313,-87.5519244525677,9.24161999536982));
#11874=CARTESIAN_POINT('',(12.3210313297313,-82.5636896008824,14.6891174646861));
#11875=CARTESIAN_POINT('',(12.3210313297313,-85.8535655161413,15.8865343722696));
#11876=CARTESIAN_POINT('',(12.3210313297313,-81.9660171234222,13.4074047005745));
#11877=CARTESIAN_POINT('Origin',(12.3210313297313,-82.9057097442081,13.7494248439002));
#11878=CARTESIAN_POINT('',(12.3210313297313,-82.376441295413,12.2797735556314));
#11879=CARTESIAN_POINT('',(12.3210313297313,-84.6954250902923,5.90841794311932));
#11880=CARTESIAN_POINT('',(12.3210313297313,-83.6581540595245,11.6821010781712));
#11881=CARTESIAN_POINT('Origin',(12.3210313297313,-83.3161339161989,12.6217936989571));
#11882=CARTESIAN_POINT('',(12.3210313297313,-86.3120832766607,12.6480523170581));
#11883=CARTESIAN_POINT('',(12.3210313297313,-86.9480299747834,12.8795179857547));
#11884=CARTESIAN_POINT('',(12.3210313297313,-90.0406023185411,2.404040404));
#11885=CARTESIAN_POINT('',(12.3210313297313,-87.5519244525677,9.24161999536982));
#11886=CARTESIAN_POINT('',(12.3210313297313,-90.0406023185411,2.4));
#11887=CARTESIAN_POINT('',(12.3210313297313,-90.0406023185411,0.));
#11888=CARTESIAN_POINT('',(12.3210313297313,-90.9406023185411,0.));
#11889=CARTESIAN_POINT('',(12.3210313297313,-90.6601228664863,0.747945205479452));
#11890=CARTESIAN_POINT('',(12.3210313297313,-61.2835836965193,0.));
#11891=CARTESIAN_POINT('',(12.3210313297313,-73.3811023185411,0.));
#11892=CARTESIAN_POINT('',(12.3210313297313,-61.2835836965193,0.));
#11893=CARTESIAN_POINT('Origin',(46.5975322132548,-75.8922345776189,30.2177376316196));
#11894=CARTESIAN_POINT('',(60.98307269578,-70.4906023185411,34.));
#11895=CARTESIAN_POINT('',(65.9839291013226,-81.2938668366968,26.4354752632393));
#11896=CARTESIAN_POINT('',(61.1506075457549,-70.8525249880827,33.7465791028312));
#11897=CARTESIAN_POINT('',(67.9525640764992,-81.2938668366968,26.4354752632393));
#11898=CARTESIAN_POINT('',(46.5975322132548,-81.2938668366968,26.4354752632393));
#11899=CARTESIAN_POINT('',(62.9238827391135,-70.4906023185411,34.));
#11900=CARTESIAN_POINT('',(69.4744569477029,-84.5633942043739,24.1461283154954));
#11901=CARTESIAN_POINT('',(46.5975322132548,-70.4906023185411,34.));
#11902=CARTESIAN_POINT('Origin',(38.7857718152063,-28.6610433973198,34.));
#11903=CARTESIAN_POINT('',(52.9535890291779,-49.0711261088722,34.));
#11904=CARTESIAN_POINT('',(73.6210313297313,-93.4716023185411,34.));
#11905=CARTESIAN_POINT('',(51.5418201333538,-49.6142510262715,34.));
#11906=CARTESIAN_POINT('Origin',(38.7857718152063,-14.3504844760987,34.));
#11907=CARTESIAN_POINT('',(51.8475745227534,-50.7553419421483,34.));
#11908=CARTESIAN_POINT('',(51.6172810750974,-49.8958750948456,34.));
#11909=CARTESIAN_POINT('',(71.6210313297313,-93.4716023185411,34.));
#11910=CARTESIAN_POINT('Origin',(72.0239765099058,-90.0406023185411,0.));
#11911=CARTESIAN_POINT('',(69.7789836371319,-85.2176178781391,15.6550683614849));
#11912=CARTESIAN_POINT('',(70.6764777648482,-87.1457309985962,10.3576262527475));
#11913=CARTESIAN_POINT('',(68.5436385637819,-82.5636896008824,14.6891174646861));
#11914=CARTESIAN_POINT('',(69.5924173508026,-84.8168120194737,15.5091869592112));
#11915=CARTESIAN_POINT('',(68.2654352088402,-81.9660171234222,13.4074047005745));
#11916=CARTESIAN_POINT('Origin',(68.7028413963017,-82.9057097442081,13.7494248439002));
#11917=CARTESIAN_POINT('',(68.456478607864,-82.376441295413,12.2797735556314));
#11918=CARTESIAN_POINT('',(69.5416166289189,-84.7076753294746,5.87476068758294));
#11919=CARTESIAN_POINT('',(69.0530876278454,-83.6581540595245,11.6821010781712));
#11920=CARTESIAN_POINT('Origin',(68.8938847953255,-83.3161339161989,12.6217936989571));
#11921=CARTESIAN_POINT('',(70.2884331386886,-86.3120832766607,12.6480523170581));
#11922=CARTESIAN_POINT('',(70.8861625124444,-87.5962029298485,13.1154336480547));
#11923=CARTESIAN_POINT('',(72.0239765099058,-90.0406023185411,2.404040404));
#11924=CARTESIAN_POINT('',(70.6764777648482,-87.1457309985962,10.3576262527475));
#11925=CARTESIAN_POINT('',(72.0239765099058,-90.0406023185411,2.4));
#11926=CARTESIAN_POINT('',(72.0239765099058,-90.0406023185411,0.));
#11927=CARTESIAN_POINT('',(72.4429066579218,-90.9406023185411,0.));
#11928=CARTESIAN_POINT('',(72.0609692250062,-90.1200748600807,2.18807322256089));
#11929=CARTESIAN_POINT('',(52.9535890291779,-49.0711261088722,0.));
#11930=CARTESIAN_POINT('',(62.4890664679429,-69.5564736913538,0.));
#11931=CARTESIAN_POINT('',(52.9535890291779,-49.0711261088722,0.));
#11932=CARTESIAN_POINT('Origin',(85.5210313297313,-47.2216023185411,37.5));
#11933=CARTESIAN_POINT('',(85.5210313297313,-102.471602318541,38.));
#11934=CARTESIAN_POINT('Origin',(85.5210313297313,-102.471602318541,37.5));
#11935=CARTESIAN_POINT('',(85.5210313297313,-139.971602318541,38.));
#11936=CARTESIAN_POINT('',(85.5210313297313,-47.2216023185411,38.));
#11937=CARTESIAN_POINT('Origin',(85.5210313297313,-139.971602318541,37.5));
#11938=CARTESIAN_POINT('Origin',(61.2710313297313,-139.971602318541,37.5));
#11939=CARTESIAN_POINT('',(-12.4789686702687,-139.971602318541,38.));
#11940=CARTESIAN_POINT('',(61.2710313297313,-139.971602318541,38.));
#11941=CARTESIAN_POINT('Origin',(-12.4789686702687,-139.971602318541,37.5));
#11942=CARTESIAN_POINT('',(61.2710313297313,-140.471602318541,37.5));
#11943=CARTESIAN_POINT('Origin',(-12.4789686702687,-130.971602318541,37.5));
#11944=CARTESIAN_POINT('',(-12.4789686702687,-102.471602318541,38.));
#11945=CARTESIAN_POINT('',(-12.4789686702687,-130.971602318541,38.));
#11946=CARTESIAN_POINT('Origin',(-12.4789686702687,-102.471602318541,37.5));
#11947=CARTESIAN_POINT('Origin',(86.0210313297313,-140.471602318541,0.));
#11948=CARTESIAN_POINT('',(86.0210313297313,-140.471602318541,-3.));
#11949=CARTESIAN_POINT('Origin',(-9.97896867026873,-102.471602318541,0.));
#11950=CARTESIAN_POINT('',(-9.97896867026872,-102.471602318541,38.));
#11951=CARTESIAN_POINT('',(-12.9789686702687,-102.471602318541,38.));
#11952=CARTESIAN_POINT('',(-9.97896867026873,-102.471602318541,34.));
#11953=CARTESIAN_POINT('',(-9.97896867026873,-102.471602318541,0.));
#11954=CARTESIAN_POINT('',(-11.5000001713634,-102.471602318541,34.));
#11955=CARTESIAN_POINT('',(-12.9789686702687,-102.471602318541,34.));
#11956=CARTESIAN_POINT('',(-12.9789686702687,-102.471602318541,34.));
#11957=CARTESIAN_POINT('Origin',(78.3379518722942,-84.9861047524519,13.8811953355302));
#11958=CARTESIAN_POINT('',(73.3210313297313,-80.2112503454323,27.));
#11959=CARTESIAN_POINT('',(83.0210313297313,-80.2112503454323,27.));
#11960=CARTESIAN_POINT('',(80.6794916010127,-80.2112503454323,27.));
#11961=CARTESIAN_POINT('',(83.0210313297313,-90.0384466706198,0.));
#11962=CARTESIAN_POINT('',(83.0210313297313,-80.840632688523,25.2707862241549));
#11963=CARTESIAN_POINT('',(73.3210313297313,-90.0384466706198,0.));
#11964=CARTESIAN_POINT('',(57.4294916010127,-90.0384466706198,-2.22044604925031E-15));
#11965=CARTESIAN_POINT('',(73.3210313297313,-79.5603073792141,28.7884511010375));
#11966=CARTESIAN_POINT('',(75.8710313297313,-84.9861047524519,13.8811953355302));
#11967=CARTESIAN_POINT('Origin',(77.4710313297313,-84.9861047524519,13.8811953355302));
#11968=CARTESIAN_POINT('Origin',(-9.97896867026873,-82.3793852415718,29.8145115310145));
#11969=CARTESIAN_POINT('',(-4.67896867026873,-83.4037836628601,27.));
#11970=CARTESIAN_POINT('',(-9.97896867026873,-83.4037836628601,27.));
#11971=CARTESIAN_POINT('',(-9.97900000000002,-83.4037836628601,27.));
#11972=CARTESIAN_POINT('',(-9.97896867026873,-93.2209747944619,0.0274890434537789));
#11973=CARTESIAN_POINT('',(-9.97896867026873,-88.3456563506241,13.4223163805488));
#11974=CARTESIAN_POINT('',(-4.67896867026873,-93.220974794462,0.0274890434537767));
#11975=CARTESIAN_POINT('Ctrl Pts',(-9.97896867026873,-93.2209747944619,
0.0274890434537789));
#11976=CARTESIAN_POINT('Ctrl Pts',(-8.21230200360206,-93.2209747944619,
0.0274890434537789));
#11977=CARTESIAN_POINT('Ctrl Pts',(-6.4456353369354,-93.220974794462,0.0274890434537768));
#11978=CARTESIAN_POINT('Ctrl Pts',(-4.67896867026873,-93.220974794462,0.0274890434537767));
#11979=CARTESIAN_POINT('',(-4.67896867026873,-90.1432424950645,8.48348903917438));
#11980=CARTESIAN_POINT('',(-4.67896867026873,-82.3793852415718,29.8145115310145));
#11981=CARTESIAN_POINT('',(4.02103132973127,-90.1432424950645,8.48348903917438));
#11982=CARTESIAN_POINT('',(-9.97896867026873,-90.1432424950645,8.48348903917438));
#11983=CARTESIAN_POINT('',(4.02103132973127,-85.2181524311749,22.0150627784915));
#11984=CARTESIAN_POINT('',(4.02103132973127,-82.3793852415718,29.8145115310145));
#11985=CARTESIAN_POINT('',(-4.67896867026873,-85.2181524311749,22.0150627784915));
#11986=CARTESIAN_POINT('',(-9.97896867026873,-85.2181524311749,22.0150627784915));
#11987=CARTESIAN_POINT('',(-4.67896867026873,-82.3793852415718,29.8145115310145));
#11988=CARTESIAN_POINT('',(-6.27896867026873,-87.8051826148097,14.9072557655072));
#11989=CARTESIAN_POINT('Origin',(-4.67896867026873,-87.8051826148097,14.9072557655072));
#11990=CARTESIAN_POINT('Origin',(-9.97896867026873,-79.5799967064594,19.9629419185374));
#11991=CARTESIAN_POINT('',(-9.97896867026873,-77.0187170280046,27.));
#11992=CARTESIAN_POINT('',(-4.67896867026873,-77.0187170280046,27.));
#11993=CARTESIAN_POINT('',(-9.97900000000002,-77.0187170280046,27.));
#11994=CARTESIAN_POINT('',(-4.67896867026873,-79.5799967064594,19.9629419185374));
#11995=CARTESIAN_POINT('',(-4.67896867026873,-76.7412295168564,27.7623906710605));
#11996=CARTESIAN_POINT('',(4.02103132973127,-79.5799967064594,19.9629419185374));
#11997=CARTESIAN_POINT('',(-9.97896867026873,-79.5799967064594,19.9629419185374));
#11998=CARTESIAN_POINT('',(4.02103132973127,-84.5050867703491,6.43136817922036));
#11999=CARTESIAN_POINT('',(4.02103132973127,-76.7412295168564,27.7623906710605));
#12000=CARTESIAN_POINT('',(-4.67896867026873,-84.5050867703491,6.43136817922036));
#12001=CARTESIAN_POINT('',(-9.97896867026873,-84.5050867703491,6.43136817922036));
#12002=CARTESIAN_POINT('',(-4.67896867026873,-86.8459133531921,0.));
#12003=CARTESIAN_POINT('',(-4.67896867026873,-87.3438539599521,-1.36808057330268));
#12004=CARTESIAN_POINT('',(-9.97896867026873,-86.8459133531921,0.));
#12005=CARTESIAN_POINT('',(13.2710313297313,-86.845913353192,2.22044604925031E-15));
#12006=CARTESIAN_POINT('',(-9.97896867026873,-84.1268842207102,7.4704711443332));
#12007=CARTESIAN_POINT('',(-3.09827010225242,-81.2250904145762,15.4430841025997));
#12008=CARTESIAN_POINT('',(-6.27674491819558,-81.2296813345731,15.4304706535739));
#12009=CARTESIAN_POINT('',(-3.09827010225242,-81.2250904145762,15.4430841025997));
#12010=CARTESIAN_POINT('',(-6.2736862674619,-81.2278586880861,15.4354783336404));
#12011=CARTESIAN_POINT('',(-8.12017508420889,-81.2294684254596,15.4310556165554));
#12012=CARTESIAN_POINT('',(-6.48306279360308,-81.3526259214348,15.0926831773271));
#12013=CARTESIAN_POINT('',(-6.27896867026873,-82.1670268900942,12.8551349055532));
#12014=CARTESIAN_POINT('Origin',(-4.67896867026873,-82.1670268900942,12.8551349055532));
#12015=CARTESIAN_POINT('Origin',(-4.67896867026873,-82.8590762155874,25.5727670114273));
#12016=CARTESIAN_POINT('',(-4.67896867026873,-83.1314299392238,27.));
#12017=CARTESIAN_POINT('',(-4.67896867026873,-85.2181524311749,22.0150627784915));
#12018=CARTESIAN_POINT('Origin',(-8.72896867026873,-14.5762301614584,18.95));
#12019=CARTESIAN_POINT('',(-8.97896867026873,-8.45123016145837,19.2));
#12020=CARTESIAN_POINT('',(-8.97896867026873,-16.9512301614584,19.2));
#12021=CARTESIAN_POINT('',(-8.97896867026873,-14.5762301614584,19.2));
#12022=CARTESIAN_POINT('',(-8.47896867026873,-16.4512301614584,18.7));
#12023=CARTESIAN_POINT('',(-8.97896867026873,-16.9512301614584,19.2));
#12024=CARTESIAN_POINT('',(-8.47896867026873,-8.95123016145837,18.7));
#12025=CARTESIAN_POINT('',(-8.47896867026873,-14.5762301614584,18.7));
#12026=CARTESIAN_POINT('',(-8.97896867026873,-8.45123016145837,19.2));
#12027=CARTESIAN_POINT('Origin',(-3.90396867026874,-16.7012301614584,18.95));
#12028=CARTESIAN_POINT('',(-1.87896867026874,-16.9512301614584,19.2));
#12029=CARTESIAN_POINT('',(-3.90396867026874,-16.9512301614584,19.2));
#12030=CARTESIAN_POINT('',(-2.37896867026874,-16.4512301614584,18.7));
#12031=CARTESIAN_POINT('',(-1.87896867026874,-16.9512301614584,19.2));
#12032=CARTESIAN_POINT('',(-3.90396867026874,-16.4512301614584,18.7));
#12033=CARTESIAN_POINT('Origin',(-6.95396867026874,-8.70123016145837,18.95));
#12034=CARTESIAN_POINT('',(-2.37896867026873,-8.95123016145837,18.7));
#12035=CARTESIAN_POINT('',(-6.95396867026874,-8.95123016145837,18.7));
#12036=CARTESIAN_POINT('',(-1.87896867026873,-8.45123016145837,19.2));
#12037=CARTESIAN_POINT('',(-2.37896867026873,-8.95123016145837,18.7));
#12038=CARTESIAN_POINT('',(-6.95396867026874,-8.45123016145837,19.2));
#12039=CARTESIAN_POINT('Origin',(-2.12896867026874,-10.8262301614584,18.95));
#12040=CARTESIAN_POINT('',(-1.87896867026874,-10.8262301614584,19.2));
#12041=CARTESIAN_POINT('',(-2.37896867026873,-10.8262301614584,18.7));
#12042=CARTESIAN_POINT('Origin',(-8.47896867026873,-8.95123016145837,19.2));
#12043=CARTESIAN_POINT('',(-8.47896867026873,-8.95123016145837,12.2));
#12044=CARTESIAN_POINT('',(-8.47896867026873,-8.95123016145837,19.2));
#12045=CARTESIAN_POINT('',(-2.37896867026873,-8.95123016145837,12.2));
#12046=CARTESIAN_POINT('',(-2.37896867026873,-8.95123016145837,12.2));
#12047=CARTESIAN_POINT('',(-2.37896867026873,-8.95123016145837,19.2));
#12048=CARTESIAN_POINT('Origin',(-8.47896867026873,-16.4512301614584,0.));
#12049=CARTESIAN_POINT('',(-8.47896867026873,-16.4512301614584,12.2));
#12050=CARTESIAN_POINT('',(-8.47896867026873,-16.4512301614584,19.2));
#12051=CARTESIAN_POINT('',(-8.47896867026873,-15.6512301614584,12.2));
#12052=CARTESIAN_POINT('',(-8.47896867026873,-16.4512301614584,12.2));
#12053=CARTESIAN_POINT('',(-8.47896867026873,-15.6512301614584,11.7));
#12054=CARTESIAN_POINT('',(-8.47896867026873,-15.6512301614584,9.6));
#12055=CARTESIAN_POINT('',(-8.47896867026873,-9.75123016145836,11.7));
#12056=CARTESIAN_POINT('Ctrl Pts',(-8.47896867026873,-9.75123016145837,
11.7));
#12057=CARTESIAN_POINT('Ctrl Pts',(-8.47896867026873,-11.717896828125,11.7));
#12058=CARTESIAN_POINT('Ctrl Pts',(-8.47896867026873,-13.6845634947917,
11.7));
#12059=CARTESIAN_POINT('Ctrl Pts',(-8.47896867026873,-15.6512301614584,
11.7));
#12060=CARTESIAN_POINT('',(-8.47896867026873,-9.75123016145836,12.2));
#12061=CARTESIAN_POINT('',(-8.47896867026873,-9.75123016145837,9.6));
#12062=CARTESIAN_POINT('',(-8.47896867026873,-8.95123016145837,12.2));
#12063=CARTESIAN_POINT('Origin',(-5.42896867026874,-12.7012301614584,19.2));
#12064=CARTESIAN_POINT('',(-9.97896867026873,-19.4512301614584,19.2));
#12065=CARTESIAN_POINT('',(-9.97896867026873,-7.45123016145836,19.2));
#12066=CARTESIAN_POINT('',(-9.97896867026873,-57.5864162399997,19.2));
#12067=CARTESIAN_POINT('',(-0.878968670268736,-19.4512301614584,19.2));
#12068=CARTESIAN_POINT('',(-7.70396867026873,-19.4512301614584,19.2));
#12069=CARTESIAN_POINT('',(-0.878968670268736,-7.45123016145837,19.2));
#12070=CARTESIAN_POINT('',(-0.878968670268736,-17.9512301614584,19.2));
#12071=CARTESIAN_POINT('',(-0.878968670268736,-7.45123016145837,19.2));
#12072=CARTESIAN_POINT('Origin',(77.4710313297313,-87.8051826148097,14.9072557655072));
#12073=CARTESIAN_POINT('',(75.8710313297313,-88.650905973517,15.2150738945004));
#12074=CARTESIAN_POINT('Origin',(77.4710313297313,-88.650905973517,15.2150738945004));
#12075=CARTESIAN_POINT('',(75.8710313297313,-87.8051826148097,14.9072557655072));
#12076=CARTESIAN_POINT('Origin',(-2.12896867026874,-17.2012301614584,0.));
#12077=CARTESIAN_POINT('',(-2.37896867026874,-17.0512301614584,4.5));
#12078=CARTESIAN_POINT('',(-0.878968670268736,-17.9512301614584,4.5));
#12079=CARTESIAN_POINT('',(-2.9377921996805,-16.7159360438113,4.5));
#12080=CARTESIAN_POINT('',(-0.878968670268735,-17.9512301614584,0.));
#12081=CARTESIAN_POINT('',(-0.878968670268736,-17.9512301614584,0.));
#12082=CARTESIAN_POINT('',(-3.37896867026874,-16.4512301614584,0.));
#12083=CARTESIAN_POINT('',(20.7983193055583,-30.9576029469546,0.));
#12084=CARTESIAN_POINT('',(-3.37896867026874,-16.4512301614584,10.9));
#12085=CARTESIAN_POINT('',(-3.37896867026874,-16.4512301614584,0.));
#12086=CARTESIAN_POINT('',(-2.37896867026874,-17.0512301614584,10.3));
#12087=CARTESIAN_POINT('',(-1.27577099585013,-17.7131487661095,9.63808139534884));
#12088=CARTESIAN_POINT('',(-2.37896867026874,-17.0512301614584,0.));
#12089=CARTESIAN_POINT('Origin',(-0.878968670268736,-17.9512301614584,0.));
#12090=CARTESIAN_POINT('',(-0.878968670268736,-8.95123016145837,4.5));
#12091=CARTESIAN_POINT('',(-0.878968670268736,-15.3262301614584,4.5));
#12092=CARTESIAN_POINT('',(-0.878968670268736,-8.95123016145837,0.));
#12093=CARTESIAN_POINT('',(-0.878968670268736,-8.95123016145837,0.));
#12094=CARTESIAN_POINT('',(-0.878968670268736,-7.45123016145837,0.));
#12095=CARTESIAN_POINT('',(-0.878968670268736,-37.3364162399997,0.));
#12096=CARTESIAN_POINT('',(-0.878968670268736,-7.45123016145837,0.));
#12097=CARTESIAN_POINT('',(-0.878968670268735,-19.4512301614584,0.));
#12098=CARTESIAN_POINT('',(-0.878968670268736,-19.4512301614584,0.));
#12099=CARTESIAN_POINT('',(-0.878968670268736,-37.3364162399997,0.));
#12100=CARTESIAN_POINT('Ctrl Pts',(-6.27896867026874,-8.95123016145837,
0.));
#12101=CARTESIAN_POINT('Ctrl Pts',(-6.27896867026874,-11.4512301614584,
0.));
#12102=CARTESIAN_POINT('Ctrl Pts',(-6.27896867026874,-13.9512301614584,
0.));
#12103=CARTESIAN_POINT('Ctrl Pts',(-6.27896867026874,-16.4512301614584,
0.));
#12104=CARTESIAN_POINT('Ctrl Pts',(-6.57528008333739,-8.95123016145837,
0.));
#12105=CARTESIAN_POINT('Ctrl Pts',(-6.57528008333739,-11.4512301614584,
0.));
#12106=CARTESIAN_POINT('Ctrl Pts',(-6.57528008333739,-13.9512301614584,
0.));
#12107=CARTESIAN_POINT('Ctrl Pts',(-6.57528008333739,-16.4512301614584,
0.));
#12108=CARTESIAN_POINT('Ctrl Pts',(-7.22472789870968,-8.95123016145836,
0.654046412298152));
#12109=CARTESIAN_POINT('Ctrl Pts',(-7.22472789870968,-11.4512301614584,
0.654046412298152));
#12110=CARTESIAN_POINT('Ctrl Pts',(-7.22472789870968,-13.9512301614584,
0.654046412298152));
#12111=CARTESIAN_POINT('Ctrl Pts',(-7.22472789870968,-16.4512301614584,
0.654046412298152));
#12112=CARTESIAN_POINT('Ctrl Pts',(-8.07872994602315,-8.95123016145836,
4.19789717319355));
#12113=CARTESIAN_POINT('Ctrl Pts',(-8.07872994602315,-11.4512301614584,
4.19789717319355));
#12114=CARTESIAN_POINT('Ctrl Pts',(-8.07872994602315,-13.9512301614584,
4.19789717319355));
#12115=CARTESIAN_POINT('Ctrl Pts',(-8.07872994602315,-16.4512301614584,
4.19789717319355));
#12116=CARTESIAN_POINT('Ctrl Pts',(-8.43564997460192,-8.95123016145836,
8.45398315002013));
#12117=CARTESIAN_POINT('Ctrl Pts',(-8.43564997460192,-11.4512301614584,
8.45398315002013));
#12118=CARTESIAN_POINT('Ctrl Pts',(-8.43564997460192,-13.9512301614584,
8.45398315002013));
#12119=CARTESIAN_POINT('Ctrl Pts',(-8.43564997460192,-16.4512301614584,
8.45398315002013));
#12120=CARTESIAN_POINT('Ctrl Pts',(-8.47896867026873,-8.95123016145836,
10.9120810152493));
#12121=CARTESIAN_POINT('Ctrl Pts',(-8.47896867026873,-11.4512301614584,
10.9120810152493));
#12122=CARTESIAN_POINT('Ctrl Pts',(-8.47896867026873,-13.9512301614584,
10.9120810152493));
#12123=CARTESIAN_POINT('Ctrl Pts',(-8.47896867026873,-16.4512301614584,
10.9120810152493));
#12124=CARTESIAN_POINT('Ctrl Pts',(-8.47896867026873,-8.95123016145836,
11.7));
#12125=CARTESIAN_POINT('Ctrl Pts',(-8.47896867026873,-11.4512301614584,
11.7));
#12126=CARTESIAN_POINT('Ctrl Pts',(-8.47896867026873,-13.9512301614584,
11.7));
#12127=CARTESIAN_POINT('Ctrl Pts',(-8.47896867026873,-16.4512301614584,
11.7));
#12128=CARTESIAN_POINT('',(-6.27896867026874,-16.4512301614584,0.));
#12129=CARTESIAN_POINT('',(-8.47381982974252,-16.4512301614584,10.9));
#12130=CARTESIAN_POINT('Ctrl Pts',(-6.27896867026874,-16.4512301614584,
0.));
#12131=CARTESIAN_POINT('Ctrl Pts',(-6.3353642575082,-16.4512301614584,0.));
#12132=CARTESIAN_POINT('Ctrl Pts',(-6.3898776764705,-16.4512301614584,0.0115313428233352));
#12133=CARTESIAN_POINT('Ctrl Pts',(-6.51072349410036,-16.4512301614584,
0.0593817082444891));
#12134=CARTESIAN_POINT('Ctrl Pts',(-6.5732819642892,-16.4512301614584,0.101267364702586));
#12135=CARTESIAN_POINT('Ctrl Pts',(-6.73416248405758,-16.4512301614584,
0.239202718803564));
#12136=CARTESIAN_POINT('Ctrl Pts',(-6.82527496693159,-16.4512301614584,
0.358962876110874));
#12137=CARTESIAN_POINT('Ctrl Pts',(-7.10234297110303,-16.4512301614584,
0.792319242269426));
#12138=CARTESIAN_POINT('Ctrl Pts',(-7.26401275832256,-16.4512301614584,
1.21399709930371));
#12139=CARTESIAN_POINT('Ctrl Pts',(-7.64287864147568,-16.4512301614584,
2.37905361610888));
#12140=CARTESIAN_POINT('Ctrl Pts',(-7.87074321676784,-16.4512301614584,
3.46262341109977));
#12141=CARTESIAN_POINT('Ctrl Pts',(-8.3206377922903,-16.4512301614584,6.71599175668654));
#12142=CARTESIAN_POINT('Ctrl Pts',(-8.44769617699594,-16.4512301614584,
8.87289916940554));
#12143=CARTESIAN_POINT('Ctrl Pts',(-8.47381982974252,-16.4512301614584,
10.9));
#12144=CARTESIAN_POINT('',(-6.27896867026874,-8.95123016145837,0.));
#12145=CARTESIAN_POINT('Ctrl Pts',(-6.27896867026874,-16.4512301614584,
0.));
#12146=CARTESIAN_POINT('Ctrl Pts',(-6.27896867026874,-13.9512301614584,
0.));
#12147=CARTESIAN_POINT('Ctrl Pts',(-6.27896867026874,-11.4512301614584,
0.));
#12148=CARTESIAN_POINT('Ctrl Pts',(-6.27896867026874,-8.95123016145837,
0.));
#12149=CARTESIAN_POINT('',(-8.47381982974252,-8.95123016145837,10.9));
#12150=CARTESIAN_POINT('Ctrl Pts',(-8.47381982974252,-8.95123016145837,
10.9));
#12151=CARTESIAN_POINT('Ctrl Pts',(-8.43601298651929,-8.95123016145837,
7.96632590612694));
#12152=CARTESIAN_POINT('Ctrl Pts',(-8.1913666411342,-8.95123016145837,5.20686259933689));
#12153=CARTESIAN_POINT('Ctrl Pts',(-7.65270382923883,-8.95123016145837,
2.50845515785606));
#12154=CARTESIAN_POINT('Ctrl Pts',(-7.40166496824526,-8.95123016145837,
1.42076516560501));
#12155=CARTESIAN_POINT('Ctrl Pts',(-6.92861209903856,-8.95123016145837,
0.507025244177355));
#12156=CARTESIAN_POINT('Ctrl Pts',(-6.80063059017961,-8.95123016145837,
0.304594547497768));
#12157=CARTESIAN_POINT('Ctrl Pts',(-6.59401588908229,-8.95123016145837,
0.116672915974427));
#12158=CARTESIAN_POINT('Ctrl Pts',(-6.53116042970495,-8.95123016145837,
0.0713004599656871));
#12159=CARTESIAN_POINT('Ctrl Pts',(-6.4324641206782,-8.95123016145837,0.0274340655957756));
#12160=CARTESIAN_POINT('Ctrl Pts',(-6.40168537034028,-8.95123016145837,
0.0169921701825873));
#12161=CARTESIAN_POINT('Ctrl Pts',(-6.33996134768921,-8.95123016145837,
0.00341063765962036));
#12162=CARTESIAN_POINT('Ctrl Pts',(-6.30963803033181,-8.95123016145837,
0.));
#12163=CARTESIAN_POINT('Ctrl Pts',(-6.27896867026874,-8.95123016145837,
0.));
#12164=CARTESIAN_POINT('Ctrl Pts',(-8.47896867026873,-9.75123016145837,
11.7));
#12165=CARTESIAN_POINT('Ctrl Pts',(-8.47896867026873,-9.55315588641481,
11.5019257249564));
#12166=CARTESIAN_POINT('Ctrl Pts',(-8.47805630048586,-9.35489809413535,
11.3037657021757));
#12167=CARTESIAN_POINT('Ctrl Pts',(-8.47621096202444,-9.15665122801697,
11.1057050791587));
#12168=CARTESIAN_POINT('Ctrl Pts',(-8.47557355236984,-9.08817356437963,
11.0372917468912));
#12169=CARTESIAN_POINT('Ctrl Pts',(-8.47482480943052,-9.01969720436766,
10.968889806018));
#12170=CARTESIAN_POINT('Ctrl Pts',(-8.47396381319024,-8.95123016145837,
10.9005054789064));
#12171=CARTESIAN_POINT('Ctrl Pts',(-8.47396381319024,-16.4512301614584,
10.9005054789064));
#12172=CARTESIAN_POINT('Ctrl Pts',(-8.47645644797521,-16.2530140429725,
11.0984821302902));
#12173=CARTESIAN_POINT('Ctrl Pts',(-8.47800844729287,-16.0547198344414,
11.2966100600654));
#12174=CARTESIAN_POINT('Ctrl Pts',(-8.47864122453495,-15.8565419792622,
11.4947221034005));
#12175=CARTESIAN_POINT('Ctrl Pts',(-8.47885979599582,-15.7880881531161,
11.5631531970746));
#12176=CARTESIAN_POINT('Ctrl Pts',(-8.47896867026873,-15.7196482093558,
11.6315819521026));
#12177=CARTESIAN_POINT('Ctrl Pts',(-8.47896867026873,-15.6512301614584,
11.7));
#12178=CARTESIAN_POINT('Origin',(-2.37896867026874,-16.4512301614584,0.));
#12179=CARTESIAN_POINT('',(-4.97896867026873,-16.4512301614584,0.));
#12180=CARTESIAN_POINT('',(17.0710313297313,-16.4512301614584,0.));
#12181=CARTESIAN_POINT('',(-4.97896867026873,-16.4512301614584,3.));
#12182=CARTESIAN_POINT('',(-4.97896867026873,-16.4512301614584,1.5));
#12183=CARTESIAN_POINT('',(-6.27896867026874,-16.4512301614584,3.));
#12184=CARTESIAN_POINT('',(-4.32896867026874,-16.4512301614584,3.));
#12185=CARTESIAN_POINT('',(-6.27896867026874,-16.4512301614584,0.));
#12186=CARTESIAN_POINT('',(-3.90396867026874,-16.4512301614584,10.9));
#12187=CARTESIAN_POINT('Origin',(-3.90396867026874,-16.0512301614584,11.3));
#12188=CARTESIAN_POINT('',(-2.37896867026874,-15.6512301614584,11.7));
#12189=CARTESIAN_POINT('',(-8.47896867026873,-15.6512301614584,11.7));
#12190=CARTESIAN_POINT('',(-2.37896867026874,-17.1012301614584,10.25));
#12191=CARTESIAN_POINT('Origin',(-6.95396867026874,-9.35123016145837,11.3));
#12192=CARTESIAN_POINT('',(-2.37896867026873,-8.95123016145837,10.9));
#12193=CARTESIAN_POINT('',(-6.95396867026874,-8.95123016145837,10.9));
#12194=CARTESIAN_POINT('',(-2.37896867026873,-9.75123016145836,11.7));
#12195=CARTESIAN_POINT('',(-2.37896867026873,-6.42623016145837,8.375));
#12196=CARTESIAN_POINT('',(-8.47896867026873,-9.75123016145836,11.7));
#12197=CARTESIAN_POINT('Origin',(-2.37896867026873,-8.95123016145837,0.));
#12198=CARTESIAN_POINT('',(-2.37896867026873,-9.75123016145836,12.2));
#12199=CARTESIAN_POINT('',(-2.37896867026873,-9.75123016145836,12.2));
#12200=CARTESIAN_POINT('',(-2.37896867026873,-9.75123016145837,9.6));
#12201=CARTESIAN_POINT('',(-2.37896867026873,-8.95123016145837,4.5));
#12202=CARTESIAN_POINT('',(-2.37896867026873,-8.95123016145837,0.));
#12203=CARTESIAN_POINT('',(-2.37896867026873,-10.8262301614584,4.5));
#12204=CARTESIAN_POINT('',(-2.37896867026874,-15.6512301614584,12.2));
#12205=CARTESIAN_POINT('',(-2.37896867026874,-15.6512301614584,9.6));
#12206=CARTESIAN_POINT('',(-2.37896867026874,-16.4512301614584,12.2));
#12207=CARTESIAN_POINT('',(-2.37896867026874,-15.6512301614584,12.2));
#12208=CARTESIAN_POINT('',(-2.37896867026874,-16.4512301614584,19.2));
#12209=CARTESIAN_POINT('Origin',(-5.42896867026873,-9.35123016145837,12.2));
#12210=CARTESIAN_POINT('',(-3.90396867026873,-9.75123016145836,12.2));
#12211=CARTESIAN_POINT('Origin',(-2.37896867026874,-16.4512301614584,19.2));
#12212=CARTESIAN_POINT('',(-2.37896867026874,-16.4512301614584,12.2));
#12213=CARTESIAN_POINT('Origin',(-5.42896867026874,-16.0512301614584,12.2));
#12214=CARTESIAN_POINT('',(-6.95396867026874,-15.6512301614584,12.2));
#12215=CARTESIAN_POINT('Origin',(-2.37896867026873,-9.75123016145836,19.2));
#12216=CARTESIAN_POINT('Origin',(-8.47896867026873,-15.6512301614584,19.2));
#12217=CARTESIAN_POINT('Origin',(-6.27896867026874,-17.9512301614584,3.));
#12218=CARTESIAN_POINT('',(-4.97896867026873,-19.4512301614584,3.));
#12219=CARTESIAN_POINT('',(-4.97896867026873,-17.9512301614584,3.));
#12220=CARTESIAN_POINT('',(-6.27896867026874,-19.4512301614584,3.));
#12221=CARTESIAN_POINT('',(-8.12896867026874,-19.4512301614584,3.));
#12222=CARTESIAN_POINT('',(-6.27896867026874,-17.9512301614584,3.));
#12223=CARTESIAN_POINT('Origin',(-6.27896867026874,-17.9512301614584,0.));
#12224=CARTESIAN_POINT('',(-6.27896867026874,-19.4512301614584,0.));
#12225=CARTESIAN_POINT('',(-6.27896867026874,-19.4512301614584,0.));
#12226=CARTESIAN_POINT('',(-6.27896867026874,-17.9512301614584,0.));
#12227=CARTESIAN_POINT('Origin',(-4.97896867026873,-17.9512301614584,3.));
#12228=CARTESIAN_POINT('',(-4.97896867026873,-19.4512301614584,0.));
#12229=CARTESIAN_POINT('',(-4.97896867026873,-17.9512301614584,0.));
#12230=CARTESIAN_POINT('',(-4.97896867026873,-19.4512301614584,1.5));
#12231=CARTESIAN_POINT('Origin',(-9.97896867026873,-19.4512301614584,0.));
#12232=CARTESIAN_POINT('',(13.2710313297313,-19.4512301614584,0.));
#12233=CARTESIAN_POINT('',(-9.97896867026873,-19.4512301614584,0.));
#12234=CARTESIAN_POINT('',(-9.97896867026873,-19.4512301614584,0.));
#12235=CARTESIAN_POINT('',(13.2710313297313,-19.4512301614584,0.));
#12236=CARTESIAN_POINT('Origin',(-9.97896867026873,-102.471602318541,0.));
#12237=CARTESIAN_POINT('',(-9.97896867026873,-7.45123016145836,0.));
#12238=CARTESIAN_POINT('',(-9.97896867026873,-7.45123016145836,0.));
#12239=CARTESIAN_POINT('',(-9.97896867026873,-0.971602318541045,0.));
#12240=CARTESIAN_POINT('',(-9.97896867026873,-79.5966023185411,0.));
#12241=CARTESIAN_POINT('',(-9.97896867026874,-0.971602318541045,27.));
#12242=CARTESIAN_POINT('',(-9.97896867026874,-0.971602318541047,0.));
#12243=CARTESIAN_POINT('',(-9.97896867026873,-102.485801922955,27.));
#12244=CARTESIAN_POINT('',(-9.97896867026873,-79.5966023185411,0.));
#12245=CARTESIAN_POINT('',(-9.97896867026873,-51.9051826148097,13.9769435294548));
#12246=CARTESIAN_POINT('Origin',(-9.97896867026873,-57.8051826148097,13.9769435294548));
#12247=CARTESIAN_POINT('',(-9.97896867026873,-75.0000011175871,24.));
#12248=CARTESIAN_POINT('',(-9.97896867026873,-25.0000003874302,24.));
#12249=CARTESIAN_POINT('',(-9.97896867026873,-75.0000011175871,24.));
#12250=CARTESIAN_POINT('',(-9.97896867026873,-25.0000003874302,11.03));
#12251=CARTESIAN_POINT('',(-9.97896867026873,-25.0000003874302,13.5));
#12252=CARTESIAN_POINT('',(-9.97896867026873,-34.9830682772052,11.03));
#12253=CARTESIAN_POINT('',(-9.97896867026873,-66.2358013865132,11.03));
#12254=CARTESIAN_POINT('',(-9.97896867026873,-34.9830682772052,23.));
#12255=CARTESIAN_POINT('',(-9.97896867026873,-34.9830682772052,13.5));
#12256=CARTESIAN_POINT('',(-9.97896867026873,-67.8226559723949,23.));
#12257=CARTESIAN_POINT('',(-9.97896867026873,-76.9372322216706,23.));
#12258=CARTESIAN_POINT('',(-9.97896867026873,-67.8226559723949,11.03));
#12259=CARTESIAN_POINT('',(-9.97896867026873,-67.8226559723949,13.5));
#12260=CARTESIAN_POINT('',(-9.97896867026873,-75.0000011175871,11.03));
#12261=CARTESIAN_POINT('',(-9.97896867026873,-86.941465431766,11.03));
#12262=CARTESIAN_POINT('',(-9.97896867026873,-75.0000011175871,13.5));
#12263=CARTESIAN_POINT('',(-9.97896867026873,-37.6669685571602,9.64498749226592));
#12264=CARTESIAN_POINT('',(-9.97896867026873,-47.6643706410157,9.85151972403104));
#12265=CARTESIAN_POINT('Origin',(-9.97896867026873,-42.6666664505998,9.7));
#12266=CARTESIAN_POINT('',(-9.97896867026873,-37.6666682518526,9.99877750563798));
#12267=CARTESIAN_POINT('Origin',(-9.97896867026873,-42.6666664505998,10.003021622037));
#12268=CARTESIAN_POINT('',(-9.97896867026873,-37.6667795078146,9.86770673433336));
#12269=CARTESIAN_POINT('',(-9.97896867026873,-37.6709351938905,4.97188839645104));
#12270=CARTESIAN_POINT('',(-9.97896867026873,-37.6682329597981,9.82517204041851));
#12271=CARTESIAN_POINT('Origin',(-9.97896867026873,-42.6645443922089,10.0171930558329));
#12272=CARTESIAN_POINT('',(-9.97896867026873,-37.6668823699737,9.74652471159158));
#12273=CARTESIAN_POINT('Origin',(-9.97896867026873,-42.6666664505998,9.7));
#12274=CARTESIAN_POINT('',(-9.97896867026873,-37.6710422529511,4.84576199942785));
#12275=CARTESIAN_POINT('Origin',(79.1423306849953,-89.6758678209723,12.6913948028307));
#12276=CARTESIAN_POINT('',(79.1047961306511,-89.5821211861493,12.6565811251405));
#12277=CARTESIAN_POINT('',(79.1423306849953,-89.5818985588937,12.6571927884981));
#12278=CARTESIAN_POINT('',(79.1047961306511,-92.0253220001926,13.5458334977872));
#12279=CARTESIAN_POINT('',(79.1048081924261,-89.2062367075034,12.5197934824782));
#12280=CARTESIAN_POINT('',(78.3297316802415,-92.0297597458058,13.5336408919216));
#12281=CARTESIAN_POINT('Origin',(78.6585412594967,-88.6394659196451,15.2465051841909));
#12282=CARTESIAN_POINT('',(79.0124274515062,-87.701385587059,17.8238597156055));
#12283=CARTESIAN_POINT('',(79.0501279934826,-87.7012718966651,17.8241720773954));
#12284=CARTESIAN_POINT('',(75.8374345276648,-87.7195872697177,17.7738510035047));
#12285=CARTESIAN_POINT('',(78.8125380530422,-87.7025246205262,17.8207302468746));
#12286=CARTESIAN_POINT('',(74.2960511892622,-88.6691149440166,15.1650451592211));
#12287=CARTESIAN_POINT('',(75.5990884195165,-87.8664139675999,17.3704479665004));
#12288=CARTESIAN_POINT('',(75.9296479913286,-89.600433647816,12.6062680502166));
#12289=CARTESIAN_POINT('',(74.854214690625,-88.9873257215719,14.290768233261));
#12290=CARTESIAN_POINT('',(77.3172614464714,-89.5924754838742,12.6281329259469));
#12291=CARTESIAN_POINT('Origin',(79.0124146681339,-86.8556549405107,17.5160616097909));
#12292=CARTESIAN_POINT('',(79.0124274515062,-90.1445864011023,18.7131120882522));
#12293=CARTESIAN_POINT('',(79.0124146681339,-86.8556549405107,17.5160616097909));
#12294=CARTESIAN_POINT('',(75.8374345276649,-90.162788083761,18.6631033761515));
#12295=CARTESIAN_POINT('',(78.2186696330167,-90.1491313558863,18.7006249276109));
#12296=CARTESIAN_POINT('',(75.8374345276649,-86.8738639110103,17.4660328745117));
#12297=CARTESIAN_POINT('Origin',(79.0501279934826,-84.0364706756001,16.4902935184253));
#12298=CARTESIAN_POINT('',(78.2375289887288,-90.1491330835773,18.7006201808189));
#12299=CARTESIAN_POINT('Origin',(-6.31138582181607,-84.9884820170641,16.7984682548515));
#12300=CARTESIAN_POINT('',(-6.27674491819558,-82.6392202657519,15.9435008685624));
#12301=CARTESIAN_POINT('',(-6.31138582181607,-82.6392504650993,15.9434178965373));
#12302=CARTESIAN_POINT('',(-6.2767449181956,-84.9884518177167,16.7985512268765));
#12303=CARTESIAN_POINT('',(-6.2767449181956,-85.9281444385026,17.1405713702022));
#12304=CARTESIAN_POINT('',(-5.49867522163346,-84.987773509861,16.8004148623934));
#12305=CARTESIAN_POINT('Origin',(-2.97896867026873,-83.2031103662031,14.3942255505187));
#12306=CARTESIAN_POINT('',(-3.08425107307556,-84.5157340232812,10.7878216924546));
#12307=CARTESIAN_POINT('',(-6.25967971741619,-84.5184949475255,10.7802361154366));
#12308=CARTESIAN_POINT('',(-3.02671904786377,-84.5156838678455,10.7879594933817));
#12309=CARTESIAN_POINT('',(-1.50355250505925,-83.5737975477632,13.375770889501));
#12310=CARTESIAN_POINT('',(-1.45239395516699,-83.5433122261762,13.4595286221862));
#12311=CARTESIAN_POINT('',(-3.09827010225242,-82.6346293457551,15.9561143175882));
#12312=CARTESIAN_POINT('',(-2.72230996136464,-82.8560414692343,15.3477895079354));
#12313=CARTESIAN_POINT('',(-3.09827010225242,-82.6346293457551,15.9561143175882));
#12314=CARTESIAN_POINT('',(-6.29738117487984,-84.5184253014204,10.7804274665377));
#12315=CARTESIAN_POINT('',(-6.27896867026873,-83.5765658212731,13.3681651205417));
#12316=CARTESIAN_POINT('Origin',(-4.67896867026873,-83.5765658212731,13.3681651205417));
#12317=CARTESIAN_POINT('Origin',(-4.67896867026873,-87.8051826148097,14.9072557655072));
#12318=CARTESIAN_POINT('',(-6.27896867026873,-87.8051826148097,14.9072557655072));
#12319=CARTESIAN_POINT('Origin',(-3.09827010225242,-81.2250904145762,15.4430841025997));
#12320=CARTESIAN_POINT('',(-6.2767449181956,-85.9281444385026,17.1405713702022));
#12321=CARTESIAN_POINT('',(-3.09827010225242,-84.9838608977198,16.8111646759024));
#12322=CARTESIAN_POINT('Origin',(-10.7395157505473,-94.236595270929,27.));
#12323=CARTESIAN_POINT('',(15.0210313297313,24.028397681459,27.));
#12324=CARTESIAN_POINT('Origin',(15.0210313297313,-0.971602318541045,27.));
#12325=CARTESIAN_POINT('',(58.0210313297313,24.028397681459,27.));
#12326=CARTESIAN_POINT('',(-10.359242210408,24.028397681459,27.));
#12327=CARTESIAN_POINT('',(83.0210313297313,-0.971602318541045,27.));
#12328=CARTESIAN_POINT('Origin',(58.0210313297313,-0.971602318541045,27.));
#12329=CARTESIAN_POINT('',(83.0210313297313,-35.104098794735,27.));
#12330=CARTESIAN_POINT('',(73.3210313297313,-89.2567614114776,27.));
#12331=CARTESIAN_POINT('',(73.3210313297313,-86.7211151667399,27.));
#12332=CARTESIAN_POINT('',(83.0210313297313,-89.2567614114776,27.));
#12333=CARTESIAN_POINT('',(80.6794916010127,-89.2567614114776,27.));
#12334=CARTESIAN_POINT('',(83.0210313297313,-102.471602318541,27.));
#12335=CARTESIAN_POINT('',(83.0210313297313,-35.104098794735,27.));
#12336=CARTESIAN_POINT('',(84.5210313297313,-102.471602318541,27.));
#12337=CARTESIAN_POINT('',(83.0210313297313,-102.471602318541,27.));
#12338=CARTESIAN_POINT('',(84.5210313297313,0.50000037997961,27.));
#12339=CARTESIAN_POINT('',(84.5210313297313,-107.001142450609,27.));
#12340=CARTESIAN_POINT('',(59.5210313297313,25.5000003799796,27.));
#12341=CARTESIAN_POINT('Origin',(59.5210313297313,0.50000037997961,27.));
#12342=CARTESIAN_POINT('',(13.4999998286366,25.5000003799796,27.));
#12343=CARTESIAN_POINT('',(-11.5000001713634,25.5000003799796,27.));
#12344=CARTESIAN_POINT('',(-11.5000001713634,0.50000037997961,27.));
#12345=CARTESIAN_POINT('Origin',(13.4999998286366,0.50000037997961,27.));
#12346=CARTESIAN_POINT('',(-11.5000001713634,-102.500001527369,27.));
#12347=CARTESIAN_POINT('',(-11.5000001713634,-105.120004992932,27.));
#12348=CARTESIAN_POINT('',(-9.97896867026873,-102.500001527369,27.));
#12349=CARTESIAN_POINT('',(-13.5000002011657,-102.500001527369,27.));
#12350=CARTESIAN_POINT('',(-9.97896867026873,-102.485801922955,27.));
#12351=CARTESIAN_POINT('Origin',(-7.85438483547821,-87.8079508883195,14.899649996548));
#12352=CARTESIAN_POINT('',(-6.2736862674619,-84.9866291712297,16.8035589069431));
#12353=CARTESIAN_POINT('',(-6.2736862674619,-84.9866291712297,16.8035589069431));
#12354=CARTESIAN_POINT('',(-7.45921019347413,-85.6930815278682,14.8625970091583));
#12355=CARTESIAN_POINT('Origin',(-6.2736862674619,-86.8660144128015,17.4875991935944));
#12356=CARTESIAN_POINT('',(-3.09827010225242,-84.9838608977198,16.8111646759024));
#12357=CARTESIAN_POINT('',(-3.09827010225242,-84.9838608977198,16.8111646759024));
#12358=CARTESIAN_POINT('',(-5.47983222615953,-84.9859371028522,16.8054603491829));
#12359=CARTESIAN_POINT('Origin',(-3.09827010225242,-86.8632461392916,17.4952049625537));
#12360=CARTESIAN_POINT('',(-1.50355250505925,-85.9230290997279,14.2308212478152));
#12361=CARTESIAN_POINT('',(-1.50355250505925,-87.8024143412998,14.9148615344665));
#12362=CARTESIAN_POINT('',(-2.69959070295413,-85.2186529482219,16.1660788188806));
#12363=CARTESIAN_POINT('Origin',(-1.50355250505925,-87.8024143412998,14.9148615344665));
#12364=CARTESIAN_POINT('',(-3.08425107307556,-86.864965575246,11.6428720507688));
#12365=CARTESIAN_POINT('',(-3.08425107307556,-86.864965575246,11.6428720507688));
#12366=CARTESIAN_POINT('',(-1.89872714706333,-86.1585132186074,13.5838339485536));
#12367=CARTESIAN_POINT('Origin',(-3.08425107307556,-88.7443508168178,12.3269123374201));
#12368=CARTESIAN_POINT('',(-6.25967971741618,-86.8677264994903,11.6352864737508));
#12369=CARTESIAN_POINT('',(-6.25966723828504,-86.8677338487559,11.6352662818095));
#12370=CARTESIAN_POINT('',(-3.87810511437793,-86.8656576436234,11.6409706085289));
#12371=CARTESIAN_POINT('Origin',(-6.29738117487984,-83.1088863702416,10.2673972515492));
#12372=CARTESIAN_POINT('',(-5.48467057469723,-86.8669483461821,11.6374244323937));
#12373=CARTESIAN_POINT('Origin',(53.2769223685658,-90.4906023185411,1.2));
#12374=CARTESIAN_POINT('',(70.0328134074004,-90.0406023185411,2.4));
#12375=CARTESIAN_POINT('',(53.2769223685658,-90.0406023185411,2.4));
#12376=CARTESIAN_POINT('',(70.4494255117716,-90.9406023185411,0.));
#12377=CARTESIAN_POINT('',(68.7703976708652,-87.3134272053831,9.67246696842124));
#12378=CARTESIAN_POINT('',(53.2769223685658,-90.9406023185411,0.));
#12379=CARTESIAN_POINT('Origin',(70.0328134074004,-90.0406023185411,0.));
#12380=CARTESIAN_POINT('',(70.0328134074004,-90.0406023185411,2.404040404));
#12381=CARTESIAN_POINT('',(54.4092926113033,-90.0406023185411,2.404040404));
#12382=CARTESIAN_POINT('',(70.0328134074004,-90.0406023185411,0.));
#12383=CARTESIAN_POINT('Origin',(23.1710313297313,-90.4906023185411,1.2));
#12384=CARTESIAN_POINT('',(9.82103132973127,-90.0406023185411,2.4));
#12385=CARTESIAN_POINT('',(23.1710313297313,-90.0406023185411,2.4));
#12386=CARTESIAN_POINT('',(9.82103132973127,-90.9406023185411,0.));
#12387=CARTESIAN_POINT('',(9.82103132973127,-88.7158392156547,5.93270160769695));
#12388=CARTESIAN_POINT('',(23.1710313297313,-90.9406023185411,0.));
#12389=CARTESIAN_POINT('Origin',(9.82103132973127,-90.0406023185411,0.));
#12390=CARTESIAN_POINT('',(9.82103132973127,-90.0406023185411,2.404040404));
#12391=CARTESIAN_POINT('',(10.4460313297313,-90.0406023185411,2.404040404));
#12392=CARTESIAN_POINT('',(9.82103132973127,-90.0406023185411,0.));
#12393=CARTESIAN_POINT('Origin',(61.0210313297313,2.02839768145896,0.));
#12394=CARTESIAN_POINT('',(61.0210313297313,27.028397681459,34.));
#12395=CARTESIAN_POINT('Origin',(61.0210313297313,2.02839768145896,34.));
#12396=CARTESIAN_POINT('',(61.0210313297313,27.028397681459,-3.));
#12397=CARTESIAN_POINT('Origin',(61.0210313297313,2.02839768145896,-3.));
#12398=CARTESIAN_POINT('',(61.0210313297313,27.028397681459,0.));
#12399=CARTESIAN_POINT('Origin',(-11.4789686702687,-98.4716023185411,34.));
#12400=CARTESIAN_POINT('',(12.0210313297313,27.028397681459,34.));
#12401=CARTESIAN_POINT('',(86.0210313297313,27.028397681459,34.));
#12402=CARTESIAN_POINT('Origin',(12.0210313297313,2.02839768145896,34.));
#12403=CARTESIAN_POINT('',(-11.5000001713634,0.50000037997961,34.));
#12404=CARTESIAN_POINT('',(-11.5000001713634,-100.485801922955,34.));
#12405=CARTESIAN_POINT('',(13.4999998286366,25.5000003799796,34.));
#12406=CARTESIAN_POINT('Origin',(13.4999998286366,0.50000037997961,34.));
#12407=CARTESIAN_POINT('',(59.5210313297313,25.5000003799796,34.));
#12408=CARTESIAN_POINT('',(-11.489484420816,25.5000003799796,34.));
#12409=CARTESIAN_POINT('',(84.5210313297313,0.50000037997961,34.));
#12410=CARTESIAN_POINT('Origin',(59.5210313297313,0.50000037997961,34.));
#12411=CARTESIAN_POINT('',(84.5210313297313,-102.471602318541,34.));
#12412=CARTESIAN_POINT('',(84.5210313297313,-36.4858009692807,34.));
#12413=CARTESIAN_POINT('',(-12.9789686702687,-102.471602318541,34.));
#12414=CARTESIAN_POINT('Origin',(-12.9789686702687,27.028397681459,0.));
#12415=CARTESIAN_POINT('',(12.0210313297313,27.028397681459,-3.));
#12416=CARTESIAN_POINT('',(86.0210313297313,27.028397681459,-3.));
#12417=CARTESIAN_POINT('',(12.0210313297313,27.028397681459,0.));
#12418=CARTESIAN_POINT('Origin',(12.0210313297313,2.02839768145896,0.));
#12419=CARTESIAN_POINT('Origin',(12.0210313297313,2.02839768145896,-3.));
#12420=CARTESIAN_POINT('Origin',(59.5210313297313,0.50000037997961,34.));
#12421=CARTESIAN_POINT('',(84.5210313297313,0.50000037997961,34.));
#12422=CARTESIAN_POINT('',(59.5210313297313,25.5000003799796,34.));
#12423=CARTESIAN_POINT('Origin',(-11.5000001713634,25.5000003799796,34.));
#12424=CARTESIAN_POINT('',(13.4999998286366,25.5000003799796,34.));
#12425=CARTESIAN_POINT('Origin',(13.4999998286366,0.50000037997961,34.));
#12426=CARTESIAN_POINT('',(-11.5000001713634,0.50000037997961,34.));
#12427=CARTESIAN_POINT('Origin',(-11.5000001713634,-102.500001527369,34.));
#12428=CARTESIAN_POINT('',(-11.5000001713634,-102.500001527369,34.));
#12429=CARTESIAN_POINT('',(-11.5000001713634,-105.120004992932,34.));
#12430=CARTESIAN_POINT('',(-11.5000001713634,-102.500001527369,34.));
#12431=CARTESIAN_POINT('Origin',(58.0210313297313,-0.971602318541045,0.));
#12432=CARTESIAN_POINT('',(58.4990686839959,24.023826869371,4.90346060581703));
#12433=CARTESIAN_POINT('',(58.4990687088387,24.0238268688959,4.90348987319605));
#12434=CARTESIAN_POINT('Ctrl Pts',(58.4990692489051,24.0238268585672,4.90348986276592));
#12435=CARTESIAN_POINT('Ctrl Pts',(58.4990690606328,24.0238268621679,4.90348011056747));
#12436=CARTESIAN_POINT('Ctrl Pts',(58.4990688723255,24.0238268657692,4.90347035803323));
#12437=CARTESIAN_POINT('Ctrl Pts',(58.4990686839958,24.023826869371,4.90346060581716));
#12438=CARTESIAN_POINT('',(58.0210313297313,24.028397681459,2.86451807056359));
#12439=CARTESIAN_POINT('Ctrl Pts',(58.4990686839958,24.023826869371,4.90346060581716));
#12440=CARTESIAN_POINT('Ctrl Pts',(58.4874828393905,24.024048448543,4.30351453270174));
#12441=CARTESIAN_POINT('Ctrl Pts',(58.3613397763243,24.027255998735,3.67034125920449));
#12442=CARTESIAN_POINT('Ctrl Pts',(58.088129974912,24.0283267025319,3.01113760505681));
#12443=CARTESIAN_POINT('Ctrl Pts',(58.0554496522468,24.028397681459,2.93738513856729));
#12444=CARTESIAN_POINT('Ctrl Pts',(58.0210313297313,24.028397681459,2.86451807056359));
#12445=CARTESIAN_POINT('',(58.0210313297313,24.028397681459,0.));
#12446=CARTESIAN_POINT('',(58.0210313297313,24.028397681459,0.));
#12447=CARTESIAN_POINT('',(83.0210313297313,-0.971602318541045,0.));
#12448=CARTESIAN_POINT('Origin',(58.0210313297313,-0.971602318541045,0.));
#12449=CARTESIAN_POINT('',(83.0210313297313,-0.971602318541045,0.));
#12450=CARTESIAN_POINT('',(58.0210313297313,24.028397681459,7.52617708536792));
#12451=CARTESIAN_POINT('',(58.0210313297313,24.028397681459,0.));
#12452=CARTESIAN_POINT('',(58.4999249334994,24.0238104789391,5.91220928736152));
#12453=CARTESIAN_POINT('Ctrl Pts',(58.0210313297313,24.028397681459,7.52617708536793));
#12454=CARTESIAN_POINT('Ctrl Pts',(58.0686222247508,24.028397681459,7.42953873921844));
#12455=CARTESIAN_POINT('Ctrl Pts',(58.1131485291399,24.0282620748769,7.33123363577739));
#12456=CARTESIAN_POINT('Ctrl Pts',(58.3304663893309,24.027102350307,6.80689995015976));
#12457=CARTESIAN_POINT('Ctrl Pts',(58.4466336424775,24.0248315006171,6.35684081965644));
#12458=CARTESIAN_POINT('Ctrl Pts',(58.4999249333325,24.023810478939,5.91220928734122));
#12459=CARTESIAN_POINT('Ctrl Pts',(58.4999249336687,24.0238104789326,5.91220928736138));
#12460=CARTESIAN_POINT('Ctrl Pts',(58.4994968213941,24.0238186812468,5.40784974563775));
#12461=CARTESIAN_POINT('Ctrl Pts',(58.4990687088387,24.0238268688959,4.90348987319606));
#12462=CARTESIAN_POINT('Origin',(15.0210313297313,-0.971602318541045,0.));
#12463=CARTESIAN_POINT('',(15.0210313297313,24.028397681459,0.));
#12464=CARTESIAN_POINT('Origin',(15.0210313297313,-0.971602318541045,0.));
#12465=CARTESIAN_POINT('',(15.0210313297313,24.028397681459,2.84613508314884));
#12466=CARTESIAN_POINT('',(15.0210313297313,24.028397681459,0.));
#12467=CARTESIAN_POINT('',(14.5370222309142,24.0237119461819,5.19203804425335));
#12468=CARTESIAN_POINT('Ctrl Pts',(15.0210313297313,24.028397681459,2.84613508314884));
#12469=CARTESIAN_POINT('Ctrl Pts',(14.9834006858656,24.028397681459,2.92497049966644));
#12470=CARTESIAN_POINT('Ctrl Pts',(14.9478057100795,24.0283128504439,3.00486017014895));
#12471=CARTESIAN_POINT('Ctrl Pts',(14.6589563281627,24.0270800484741,3.70179481639405));
#12472=CARTESIAN_POINT('Ctrl Pts',(14.5333330092331,24.0236402357568,4.37180224062231));
#12473=CARTESIAN_POINT('Ctrl Pts',(14.5333330092331,24.0236402357568,5.06361463355502));
#12474=CARTESIAN_POINT('Ctrl Pts',(14.5345478392469,24.0236640320781,5.12766105509014));
#12475=CARTESIAN_POINT('Ctrl Pts',(14.5370222309143,24.0237119461819,5.1920380442544));
#12476=CARTESIAN_POINT('',(15.0210313297313,24.028397681459,7.46660540288587));
#12477=CARTESIAN_POINT('Ctrl Pts',(14.5370222309142,24.0237119461819,5.19203804425378));
#12478=CARTESIAN_POINT('Ctrl Pts',(14.5359735203213,24.023691638957,5.23392138527415));
#12479=CARTESIAN_POINT('Ctrl Pts',(14.5354556077911,24.0236815609884,5.27564907848788));
#12480=CARTESIAN_POINT('Ctrl Pts',(14.5354556077911,24.0236815609884,5.94538982707695));
#12481=CARTESIAN_POINT('Ctrl Pts',(14.6610785827368,24.0271106882397,6.61539636516475));
#12482=CARTESIAN_POINT('Ctrl Pts',(14.9492975891801,24.0283163405475,7.31081110124525));
#12483=CARTESIAN_POINT('Ctrl Pts',(14.9841837253802,24.028397681459,7.38921414759741));
#12484=CARTESIAN_POINT('Ctrl Pts',(15.0210313297313,24.028397681459,7.46660540288587));
#12485=CARTESIAN_POINT('',(15.0210313297313,24.028397681459,0.));
#12486=CARTESIAN_POINT('Origin',(-9.97896867026872,24.028397681459,0.));
#12487=CARTESIAN_POINT('',(53.5166668827831,24.028397681459,2.72376846782718E-5));
#12488=CARTESIAN_POINT('Origin',(53.5000002160668,24.028397681459,5.));
#12489=CARTESIAN_POINT('',(48.5370222309142,24.028397681459,5.19203804425337));
#12490=CARTESIAN_POINT('Origin',(53.5333335494002,24.028397681459,5.));
#12491=CARTESIAN_POINT('Origin',(53.5354556077911,24.028397681459,5.31719305583287));
#12492=CARTESIAN_POINT('',(24.4999249336663,24.028397681459,5.91220928455631));
#12493=CARTESIAN_POINT('Origin',(19.5354556077911,24.028397681459,5.31719305583287));
#12494=CARTESIAN_POINT('',(24.4990692490976,24.028397681459,4.90348987273747));
#12495=CARTESIAN_POINT('',(24.4969751906806,24.028397681459,2.43711382796954));
#12496=CARTESIAN_POINT('',(19.5166668827329,24.028397681459,2.72376848431399E-5));
#12497=CARTESIAN_POINT('Origin',(19.5000002160668,24.028397681459,5.));
#12498=CARTESIAN_POINT('Origin',(19.5333335494002,24.028397681459,5.));
#12499=CARTESIAN_POINT('',(13.2710313297313,24.028397681459,0.));
#12500=CARTESIAN_POINT('',(25.8703555642476,24.028397681459,5.19203804425337));
#12501=CARTESIAN_POINT('',(35.8332582669996,24.028397681459,5.91220928455631));
#12502=CARTESIAN_POINT('Origin',(30.8687889411244,24.028397681459,5.31719305583287));
#12503=CARTESIAN_POINT('',(35.8324025824309,24.028397681459,4.90348987273747));
#12504=CARTESIAN_POINT('',(35.8303044411752,24.028397681459,2.43230383111692));
#12505=CARTESIAN_POINT('',(30.8500002160665,24.028397681459,2.72376848442502E-5));
#12506=CARTESIAN_POINT('Origin',(30.8333335494002,24.028397681459,5.));
#12507=CARTESIAN_POINT('Origin',(30.8666668827335,24.028397681459,5.));
#12508=CARTESIAN_POINT('',(37.2036888975809,24.028397681459,5.19203804425337));
#12509=CARTESIAN_POINT('',(47.166591600333,24.028397681459,5.91220928455622));
#12510=CARTESIAN_POINT('Origin',(42.2021222744578,24.028397681459,5.31719305583287));
#12511=CARTESIAN_POINT('',(47.1657359157643,24.028397681459,4.90348987273746));
#12512=CARTESIAN_POINT('',(47.1636336916697,24.028397681459,2.42749383426399));
#12513=CARTESIAN_POINT('',(42.1833335494498,24.028397681459,2.72376846738309E-5));
#12514=CARTESIAN_POINT('Origin',(42.1666668827335,24.028397681459,5.));
#12515=CARTESIAN_POINT('Origin',(42.2000002160668,24.028397681459,5.));
#12516=CARTESIAN_POINT('Origin',(67.967110831779,-137.50000204891,5.47737360736465));
#12517=CARTESIAN_POINT('',(67.967110831779,-137.50000204891,5.47737360736534));
#12518=CARTESIAN_POINT('',(67.9675974175691,-137.50000204891,4.90348987273746));
#12519=CARTESIAN_POINT('',(67.9706806388285,-137.50000204891,1.27177999516888));
#12520=CARTESIAN_POINT('',(67.967110831779,-140.00000204891,5.47737360736534));
#12521=CARTESIAN_POINT('',(67.967110831779,-137.50000204891,5.47737360736534));
#12522=CARTESIAN_POINT('',(67.9675974175691,-140.00000204891,4.90348987273746));
#12523=CARTESIAN_POINT('',(67.967597957828,-140.00000204891,4.90348987319605));
#12524=CARTESIAN_POINT('',(67.9675974175691,-137.50000204891,4.90348987273746));
#12525=CARTESIAN_POINT('Origin',(72.9645443922089,-137.50000204891,5.31719305583287));
#12526=CARTESIAN_POINT('',(77.9629777690858,-137.50000204891,5.19203804425337));
#12527=CARTESIAN_POINT('Origin',(72.9645443922089,-137.50000204891,5.31719305583287));
#12528=CARTESIAN_POINT('',(77.9629777690858,-140.00000204891,5.19203804425337));
#12529=CARTESIAN_POINT('',(77.9629777690858,-137.50000204891,5.19203804425337));
#12530=CARTESIAN_POINT('Origin',(72.9645443922089,-140.00000204891,5.31719305583287));
#12531=CARTESIAN_POINT('Origin',(72.9666664505998,-137.50000204891,5.));
#12532=CARTESIAN_POINT('Origin',(72.9666664505998,-137.50000204891,5.));
#12533=CARTESIAN_POINT('Origin',(72.9666664505998,-140.00000204891,5.));
#12534=CARTESIAN_POINT('Origin',(72.966888911273,-140.00000204891,5.15859625783288));
#12535=CARTESIAN_POINT('Origin',(-0.0354556077910978,-137.50000204891,5.31719305583287));
#12536=CARTESIAN_POINT('',(4.96297776908576,-137.50000204891,5.19203804425337));
#12537=CARTESIAN_POINT('',(-5.03242305166276,-137.50000204891,5.49130900825172));
#12538=CARTESIAN_POINT('Origin',(-0.0354556077910978,-137.50000204891,5.31719305583287));
#12539=CARTESIAN_POINT('',(4.96297776908576,-140.00000204891,5.19203804425337));
#12540=CARTESIAN_POINT('',(4.96297776908576,-137.50000204891,5.19203804425337));
#12541=CARTESIAN_POINT('',(-5.03242305166276,-140.00000204891,5.49130900825172));
#12542=CARTESIAN_POINT('Origin',(-0.0354556077910978,-140.00000204891,5.31719305583287));
#12543=CARTESIAN_POINT('',(-5.03242305166276,-137.50000204891,5.49130900825172));
#12544=CARTESIAN_POINT('Origin',(-0.0333335494001719,-137.50000204891,5.));
#12545=CARTESIAN_POINT('',(-5.03176704020194,-137.50000204891,5.1251720404185));
#12546=CARTESIAN_POINT('Origin',(-0.0333335494001719,-137.50000204891,5.));
#12547=CARTESIAN_POINT('',(-5.03176704020194,-140.00000204891,5.1251720404185));
#12548=CARTESIAN_POINT('',(-5.03176704020194,-137.50000204891,5.1251720404185));
#12549=CARTESIAN_POINT('Origin',(-0.0333335494001719,-140.00000204891,5.));
#12550=CARTESIAN_POINT('Origin',(-5.03242305166276,-137.50000204891,5.49130900825172));
#12551=CARTESIAN_POINT('',(-5.02482406569803,-137.50000204891,1.25011834940689));
#12552=CARTESIAN_POINT('',(-5.03136985149833,-140.00000204891,4.90349074934384));
#12553=CARTESIAN_POINT('Origin',(-0.0333335494001721,-140.00000204891,5.15859625783288));
#12554=CARTESIAN_POINT('Origin',(-10.0000001490116,-129.864544392209,4.31719305583287));
#12555=CARTESIAN_POINT('',(-10.0000001490116,-124.867389962955,4.14852886228692));
#12556=CARTESIAN_POINT('',(-10.0000001490116,-124.868232959798,4.12517204041851));
#12557=CARTESIAN_POINT('Origin',(-10.0000001490116,-129.864544392209,4.31719305583287));
#12558=CARTESIAN_POINT('',(-12.5000001490116,-124.867389962955,4.14852886228692));
#12559=CARTESIAN_POINT('',(-10.0000001490116,-124.867389962955,4.14852886228692));
#12560=CARTESIAN_POINT('',(-12.5000001490116,-124.868232959798,4.12517204041851));
#12561=CARTESIAN_POINT('Origin',(-12.5000001490116,-129.864544392209,4.31719305583287));
#12562=CARTESIAN_POINT('',(-10.0000001490116,-124.868232959798,4.12517204041851));
#12563=CARTESIAN_POINT('Origin',(-10.0000001490116,-124.867110831779,4.47737360736462));
#12564=CARTESIAN_POINT('',(-10.0000001490116,-124.867110831779,4.47737360736462));
#12565=CARTESIAN_POINT('',(-10.0000001490116,-124.870282561652,0.740755154396376));
#12566=CARTESIAN_POINT('',(-12.5000001490116,-124.867110831779,4.47737360736462));
#12567=CARTESIAN_POINT('',(-10.0000001490116,-124.867110831779,4.47737360736462));
#12568=CARTESIAN_POINT('',(-12.5000001490116,-124.867597957828,3.90348987319605));
#12569=CARTESIAN_POINT('Origin',(-10.0000001490116,-129.864544392209,4.31719305583287));
#12570=CARTESIAN_POINT('',(-10.0000001490116,-134.862977769086,4.19203804425337));
#12571=CARTESIAN_POINT('Origin',(-10.0000001490116,-129.864544392209,4.31719305583287));
#12572=CARTESIAN_POINT('',(-12.5000001490116,-134.862977769086,4.19203804425337));
#12573=CARTESIAN_POINT('',(-10.0000001490116,-134.862977769086,4.19203804425337));
#12574=CARTESIAN_POINT('Origin',(-12.5000001490116,-129.864544392209,4.31719305583287));
#12575=CARTESIAN_POINT('Origin',(-10.0000001490116,-129.8666664506,4.));
#12576=CARTESIAN_POINT('Origin',(-10.0000001490116,-129.8666664506,4.));
#12577=CARTESIAN_POINT('Origin',(-12.5000001490116,-129.8666664506,4.));
#12578=CARTESIAN_POINT('Origin',(-12.5000001490116,-129.8666664506,3.99999972991645));
#12579=CARTESIAN_POINT('Origin',(-9.97896867026873,-42.6666664505998,9.7));
#12580=CARTESIAN_POINT('',(-12.4789686702687,-37.6669685571602,9.64498749226592));
#12581=CARTESIAN_POINT('',(-9.97896867026873,-37.6669685571602,9.64498749226592));
#12582=CARTESIAN_POINT('',(-12.4789686702687,-47.6643706410157,9.85151972403104));
#12583=CARTESIAN_POINT('Origin',(-12.4789686702687,-42.6666664505998,9.7));
#12584=CARTESIAN_POINT('',(-9.97896867026873,-47.6643706410157,9.85151972403104));
#12585=CARTESIAN_POINT('Origin',(-9.97896867026873,-37.6668823699737,9.74652471159158));
#12586=CARTESIAN_POINT('',(-12.4789686702687,-37.6668823699737,9.74652471159158));
#12587=CARTESIAN_POINT('',(-9.97896867026873,-37.6668823699737,9.74652471159158));
#12588=CARTESIAN_POINT('',(-12.4789686702687,-37.667597957828,8.90348987319605));
#12589=CARTESIAN_POINT('Origin',(-9.97896867026873,-42.6666664505998,9.7));
#12590=CARTESIAN_POINT('',(-12.4789686702687,-37.6682329597981,9.82517204041851));
#12591=CARTESIAN_POINT('',(-9.97896867026873,-37.6682329597981,9.82517204041851));
#12592=CARTESIAN_POINT('Origin',(-12.4789686702687,-42.6666664505998,9.7));
#12593=CARTESIAN_POINT('Origin',(-9.97896867026873,-42.6645443922089,10.0171930558329));
#12594=CARTESIAN_POINT('',(-12.4789686702687,-37.6667795078146,9.86770673433336));
#12595=CARTESIAN_POINT('',(-9.97896867026873,-37.6667795078146,9.86770673433336));
#12596=CARTESIAN_POINT('Origin',(-12.4789686702687,-42.6645443922089,10.0171930558329));
#12597=CARTESIAN_POINT('Origin',(-9.97896867026873,-37.6666682518526,9.99877750563798));
#12598=CARTESIAN_POINT('',(-12.4789686702687,-37.6666682518526,9.99877750563798));
#12599=CARTESIAN_POINT('',(-9.97896867026873,-37.6666682518526,9.99877750563798));
#12600=CARTESIAN_POINT('',(-12.4789686702687,-37.667597957828,8.90348987319605));
#12601=CARTESIAN_POINT('Origin',(-9.97896867026873,-42.6666664505998,10.003021622037));
#12602=CARTESIAN_POINT('Origin',(-12.4789686702687,-42.6666664505998,10.003021622037));
#12603=CARTESIAN_POINT('Origin',(-12.4789686702687,-42.6666667206834,9.85151054093494));
#12604=CARTESIAN_POINT('Origin',(83.0000012367964,-134.832558703373,4.08805260673927));
#12605=CARTESIAN_POINT('',(83.0000012367964,-134.832558703373,4.08805260673927));
#12606=CARTESIAN_POINT('',(83.0000012367964,-134.832402582431,3.90348987273746));
#12607=CARTESIAN_POINT('',(83.0000012367964,-134.829551413374,0.545160950440774));
#12608=CARTESIAN_POINT('',(85.5000012367964,-134.832558703373,4.08805260673927));
#12609=CARTESIAN_POINT('',(83.0000012367964,-134.832558703373,4.08805260673927));
#12610=CARTESIAN_POINT('',(85.5000012367964,-134.832402582431,3.90348987273746));
#12611=CARTESIAN_POINT('',(85.5000012367964,-134.832402042172,3.90348987319605));
#12612=CARTESIAN_POINT('',(83.0000012367964,-134.832402582431,3.90348987273746));
#12613=CARTESIAN_POINT('Origin',(83.0000012367964,-129.8333335494,4.));
#12614=CARTESIAN_POINT('',(83.0000012367964,-134.831767040202,4.12517204041851));
#12615=CARTESIAN_POINT('Origin',(83.0000012367964,-129.8333335494,4.));
#12616=CARTESIAN_POINT('',(85.5000012367964,-134.831767040202,4.12517204041851));
#12617=CARTESIAN_POINT('',(83.0000012367964,-134.831767040202,4.12517204041851));
#12618=CARTESIAN_POINT('Origin',(85.5000012367964,-129.8333335494,4.));
#12619=CARTESIAN_POINT('Origin',(83.0000012367964,-129.835455607791,4.31719305583287));
#12620=CARTESIAN_POINT('',(83.0000012367964,-134.832610037045,4.14852886228692));
#12621=CARTESIAN_POINT('Origin',(83.0000012367964,-129.835455607791,4.31719305583287));
#12622=CARTESIAN_POINT('',(85.5000012367964,-134.832610037045,4.14852886228692));
#12623=CARTESIAN_POINT('',(83.0000012367964,-134.832610037045,4.14852886228692));
#12624=CARTESIAN_POINT('Origin',(85.5000012367964,-129.835455607791,4.31719305583287));
#12625=CARTESIAN_POINT('Origin',(83.0000012367964,-134.832889168221,4.47737360736462));
#12626=CARTESIAN_POINT('',(83.0000012367964,-134.832889168221,4.47737360736462));
#12627=CARTESIAN_POINT('',(83.0000012367964,-134.829716645798,0.739821450753449));
#12628=CARTESIAN_POINT('',(85.5000012367964,-134.832889168221,4.47737360736462));
#12629=CARTESIAN_POINT('',(83.0000012367964,-134.832889168221,4.47737360736462));
#12630=CARTESIAN_POINT('',(85.5000012367964,-134.832402042172,3.90348987319605));
#12631=CARTESIAN_POINT('Origin',(83.0000012367964,-129.835455607791,4.31719305583287));
#12632=CARTESIAN_POINT('',(83.0000012367964,-124.837022230914,4.19203804425337));
#12633=CARTESIAN_POINT('Origin',(83.0000012367964,-129.835455607791,4.31719305583287));
#12634=CARTESIAN_POINT('',(85.5000012367964,-124.837022230914,4.19203804425337));
#12635=CARTESIAN_POINT('',(83.0000012367964,-124.837022230914,4.19203804425337));
#12636=CARTESIAN_POINT('Origin',(85.5000012367964,-129.835455607791,4.31719305583287));
#12637=CARTESIAN_POINT('Origin',(83.0000012367964,-129.8333335494,4.));
#12638=CARTESIAN_POINT('Origin',(83.0000012367964,-129.8333335494,4.));
#12639=CARTESIAN_POINT('Origin',(85.5000012367964,-129.8333335494,4.));
#12640=CARTESIAN_POINT('Origin',(85.5000012367964,-129.833111088727,4.15859625783289));
#12641=CARTESIAN_POINT('Origin',(83.0210313297313,-8.83333354940017,11.7));
#12642=CARTESIAN_POINT('',(83.0210313297313,-13.8330314428398,11.6449874922676));
#12643=CARTESIAN_POINT('',(83.0210313297313,-3.8356290887687,11.8515108110186));
#12644=CARTESIAN_POINT('Origin',(83.0210313297313,-8.83333354940017,11.7));
#12645=CARTESIAN_POINT('',(85.5210313297313,-13.8330314428398,11.6449874922676));
#12646=CARTESIAN_POINT('',(83.0210313297313,-13.8330314428398,11.6449874922676));
#12647=CARTESIAN_POINT('',(85.5210313297313,-3.8356290887687,11.8515108110186));
#12648=CARTESIAN_POINT('Origin',(85.5210313297313,-8.83333354940017,11.7));
#12649=CARTESIAN_POINT('',(83.0210313297313,-3.8356290887687,11.8515108110186));
#12650=CARTESIAN_POINT('Origin',(83.0210313297313,-13.8331176300263,11.7465247115904));
#12651=CARTESIAN_POINT('',(83.0210313297313,-13.8331176300263,11.7465247115904));
#12652=CARTESIAN_POINT('',(83.0210313297313,-13.8281186303773,5.85719772547284));
#12653=CARTESIAN_POINT('',(85.5210313297313,-13.8331176300263,11.7465247115904));
#12654=CARTESIAN_POINT('',(83.0210313297313,-13.8331176300263,11.7465247115904));
#12655=CARTESIAN_POINT('',(85.5210313297313,-13.832402042172,10.903489873196));
#12656=CARTESIAN_POINT('Origin',(83.0210313297313,-8.83333354940017,11.7));
#12657=CARTESIAN_POINT('',(83.0210313297313,-13.8317670402019,11.8251720404185));
#12658=CARTESIAN_POINT('Origin',(83.0210313297313,-8.83333354940017,11.7));
#12659=CARTESIAN_POINT('',(85.5210313297313,-13.8317670402019,11.8251720404185));
#12660=CARTESIAN_POINT('',(83.0210313297313,-13.8317670402019,11.8251720404185));
#12661=CARTESIAN_POINT('Origin',(85.5210313297313,-8.83333354940017,11.7));
#12662=CARTESIAN_POINT('Origin',(83.0210313297313,-8.8354556077911,12.0171930558329));
#12663=CARTESIAN_POINT('',(83.0210313297313,-13.8332204921854,11.8677067343334));
#12664=CARTESIAN_POINT('Origin',(83.0210313297313,-8.8354556077911,12.0171930558329));
#12665=CARTESIAN_POINT('',(85.5210313297313,-13.8332204921854,11.8677067343334));
#12666=CARTESIAN_POINT('',(83.0210313297313,-13.8332204921854,11.8677067343334));
#12667=CARTESIAN_POINT('Origin',(85.5210313297313,-8.8354556077911,12.0171930558329));
#12668=CARTESIAN_POINT('Origin',(83.0210313297313,-13.8333317481474,11.998777505638));
#12669=CARTESIAN_POINT('',(83.0210313297313,-13.8333322883143,11.9987775051795));
#12670=CARTESIAN_POINT('',(83.0210313297313,-13.8282256894379,5.98332412249664));
#12671=CARTESIAN_POINT('',(85.5210313297313,-13.8333322883143,11.9987775051795));
#12672=CARTESIAN_POINT('',(83.0210313297313,-13.8333322883143,11.9987775051795));
#12673=CARTESIAN_POINT('',(85.5210313297313,-13.832402042172,10.903489873196));
#12674=CARTESIAN_POINT('Origin',(83.0210313297313,-8.83333354940017,12.003021622037));
#12675=CARTESIAN_POINT('Origin',(83.0210313297313,-8.83333354940017,12.003021622037));
#12676=CARTESIAN_POINT('Origin',(85.5210313297313,-8.83333354940017,12.003021622037));
#12677=CARTESIAN_POINT('Origin',(85.5210313297313,-8.83333354940017,11.8515108110185));
#12678=CARTESIAN_POINT('Origin',(55.0000008195639,-35.0000005215406,0.));
#12679=CARTESIAN_POINT('',(60.0000008195639,-35.0000005215406,0.));
#12680=CARTESIAN_POINT('Origin',(55.0000008195639,-35.0000005215406,0.));
#12681=CARTESIAN_POINT('',(60.0000008195639,-35.0000005215406,-2.5));
#12682=CARTESIAN_POINT('',(60.0000008195639,-35.0000005215406,0.));
#12683=CARTESIAN_POINT('Origin',(55.0000008195639,-35.0000005215406,-2.5));
#12684=CARTESIAN_POINT('Origin',(55.0000008195639,-35.0000005215406,-2.5));
#12685=CARTESIAN_POINT('Origin',(15.0000002235174,5.00000007450581,0.));
#12686=CARTESIAN_POINT('',(20.0000002235174,5.00000007450581,0.));
#12687=CARTESIAN_POINT('Origin',(15.0000002235174,5.00000007450581,0.));
#12688=CARTESIAN_POINT('',(20.0000002235174,5.00000007450581,-2.5));
#12689=CARTESIAN_POINT('',(20.0000002235174,5.00000007450581,0.));
#12690=CARTESIAN_POINT('Origin',(15.0000002235174,5.00000007450581,-2.5));
#12691=CARTESIAN_POINT('Origin',(15.0000002235174,5.00000007450581,-2.5));
#12692=CARTESIAN_POINT('Origin',(42.1666668827335,24.028397681459,5.));
#12693=CARTESIAN_POINT('',(47.1657359157643,26.528397681459,4.90348987273746));
#12694=CARTESIAN_POINT('',(47.1657359157643,24.028397681459,4.90348987273746));
#12695=CARTESIAN_POINT('',(42.1833335494498,26.528397681459,2.72376846732758E-5));
#12696=CARTESIAN_POINT('Origin',(42.1666668827335,26.528397681459,5.));
#12697=CARTESIAN_POINT('',(42.1833335494498,24.028397681459,2.72376846738309E-5));
#12698=CARTESIAN_POINT('Origin',(42.2000002160668,24.028397681459,5.));
#12699=CARTESIAN_POINT('',(37.2036888975809,26.528397681459,5.19203804425337));
#12700=CARTESIAN_POINT('Origin',(42.2000002160668,26.528397681459,5.));
#12701=CARTESIAN_POINT('',(37.2036888975809,24.028397681459,5.19203804425337));
#12702=CARTESIAN_POINT('Origin',(42.1832956381164,26.528397681459,5.15861014675877));
#12703=CARTESIAN_POINT('',(47.166591600333,26.528397681459,5.91220928455622));
#12704=CARTESIAN_POINT('',(47.1657353755054,26.528397681459,4.90348987319605));
#12705=CARTESIAN_POINT('Origin',(42.2021222744578,26.528397681459,5.31719305583287));
#12706=CARTESIAN_POINT('Origin',(42.2021222744578,24.028397681459,5.31719305583287));
#12707=CARTESIAN_POINT('',(47.166591600333,24.028397681459,5.91220928455622));
#12708=CARTESIAN_POINT('Origin',(47.1657353755054,24.028397681459,4.90348987319605));
#12709=CARTESIAN_POINT('Origin',(30.8333335494002,24.028397681459,5.));
#12710=CARTESIAN_POINT('',(35.8324025824309,26.528397681459,4.90348987273747));
#12711=CARTESIAN_POINT('',(35.8324025824309,24.028397681459,4.90348987273747));
#12712=CARTESIAN_POINT('',(30.8500002160665,26.528397681459,2.72376848442502E-5));
#12713=CARTESIAN_POINT('Origin',(30.8333335494002,26.528397681459,5.));
#12714=CARTESIAN_POINT('',(30.8500002160665,24.028397681459,2.72376848442502E-5));
#12715=CARTESIAN_POINT('Origin',(30.8666668827335,24.028397681459,5.));
#12716=CARTESIAN_POINT('',(25.8703555642476,26.528397681459,5.19203804425337));
#12717=CARTESIAN_POINT('Origin',(30.8666668827335,26.528397681459,5.));
#12718=CARTESIAN_POINT('',(25.8703555642476,24.028397681459,5.19203804425337));
#12719=CARTESIAN_POINT('Origin',(30.849962304783,26.528397681459,5.15861014675885));
#12720=CARTESIAN_POINT('',(35.8332582669996,26.528397681459,5.91220928455631));
#12721=CARTESIAN_POINT('',(35.832402042172,26.528397681459,4.90348987319605));
#12722=CARTESIAN_POINT('Origin',(30.8687889411244,26.528397681459,5.31719305583287));
#12723=CARTESIAN_POINT('Origin',(30.8687889411244,24.028397681459,5.31719305583287));
#12724=CARTESIAN_POINT('',(35.8332582669996,24.028397681459,5.91220928455631));
#12725=CARTESIAN_POINT('Origin',(35.832402042172,24.028397681459,4.90348987319605));
#12726=CARTESIAN_POINT('Origin',(53.5000002160668,24.028397681459,5.));
#12727=CARTESIAN_POINT('',(58.4990692490976,26.528397681459,4.90348987273747));
#12728=CARTESIAN_POINT('',(58.4990692490976,24.028397681459,4.90348987273747));
#12729=CARTESIAN_POINT('',(58.4990692490976,24.028397681459,4.90348987273747));
#12730=CARTESIAN_POINT('',(53.5166668827831,26.528397681459,2.72376846777167E-5));
#12731=CARTESIAN_POINT('Origin',(53.5000002160668,26.528397681459,5.));
#12732=CARTESIAN_POINT('',(53.5166668827831,24.028397681459,2.72376846782718E-5));
#12733=CARTESIAN_POINT('',(58.4990692490976,24.028397681459,4.90348987273747));
#12734=CARTESIAN_POINT('Origin',(53.5333335494002,24.028397681459,5.));
#12735=CARTESIAN_POINT('',(48.5370222309142,26.528397681459,5.19203804425337));
#12736=CARTESIAN_POINT('Origin',(53.5333335494002,26.528397681459,5.));
#12737=CARTESIAN_POINT('',(48.5370222309142,24.028397681459,5.19203804425337));
#12738=CARTESIAN_POINT('Origin',(53.5166289714497,26.528397681459,5.15861014675877));
#12739=CARTESIAN_POINT('',(58.4999249336663,26.528397681459,5.91220928455629));
#12740=CARTESIAN_POINT('',(58.4990687088387,26.528397681459,4.90348987319605));
#12741=CARTESIAN_POINT('Origin',(53.5354556077911,26.528397681459,5.31719305583287));
#12742=CARTESIAN_POINT('Origin',(53.5354556077911,24.028397681459,5.31719305583287));
#12743=CARTESIAN_POINT('',(58.4999249336663,24.028397681459,5.91220928455628));
#12744=CARTESIAN_POINT('Origin',(58.4990687088387,24.028397681459,4.90348987319605));
#12745=CARTESIAN_POINT('Origin',(19.5000002160668,24.028397681459,5.));
#12746=CARTESIAN_POINT('',(24.4990692490976,26.528397681459,4.90348987273747));
#12747=CARTESIAN_POINT('',(24.4990692490976,24.028397681459,4.90348987273747));
#12748=CARTESIAN_POINT('',(19.5166668827329,26.528397681459,2.72376848431399E-5));
#12749=CARTESIAN_POINT('Origin',(19.5000002160668,26.528397681459,5.));
#12750=CARTESIAN_POINT('',(19.5166668827329,24.028397681459,2.72376848431399E-5));
#12751=CARTESIAN_POINT('Origin',(19.5333335494002,24.028397681459,5.));
#12752=CARTESIAN_POINT('',(14.5370222309142,26.528397681459,5.19203804425337));
#12753=CARTESIAN_POINT('Origin',(19.5333335494002,26.528397681459,5.));
#12754=CARTESIAN_POINT('',(14.5370222309142,24.028397681459,5.19203804425337));
#12755=CARTESIAN_POINT('Origin',(19.5166289714497,26.528397681459,5.15861014675885));
#12756=CARTESIAN_POINT('',(24.4999249336663,26.528397681459,5.91220928455631));
#12757=CARTESIAN_POINT('',(24.4990687088387,26.528397681459,4.90348987319605));
#12758=CARTESIAN_POINT('Origin',(19.5354556077911,26.528397681459,5.31719305583287));
#12759=CARTESIAN_POINT('Origin',(19.5354556077911,24.028397681459,5.31719305583287));
#12760=CARTESIAN_POINT('',(24.4999249336663,24.028397681459,5.91220928455631));
#12761=CARTESIAN_POINT('Origin',(24.4990687088387,24.028397681459,4.90348987319605));
#12762=CARTESIAN_POINT('Origin',(83.0210313297313,-36.6000004768372,19.000000141561));
#12763=CARTESIAN_POINT('',(83.0210313297313,-30.7000004768372,19.000000141561));
#12764=CARTESIAN_POINT('Origin',(83.0210313297313,-36.6000004768372,19.000000141561));
#12765=CARTESIAN_POINT('',(83.0210313297313,-30.7000004768372,19.000000141561));
#12766=CARTESIAN_POINT('Origin',(83.0210313297313,-70.0000010430813,19.));
#12767=CARTESIAN_POINT('',(83.0210313297313,-65.1000010430813,19.));
#12768=CARTESIAN_POINT('Origin',(83.0210313297313,-70.0000010430813,19.));
#12769=CARTESIAN_POINT('',(83.0210313297313,-65.1000010430813,19.));
#12770=CARTESIAN_POINT('Origin',(-1.62896867026874,-12.7012301614584,4.5));
#12771=CARTESIAN_POINT('',(-2.37896867026873,-8.95123016145837,4.5));
#12772=CARTESIAN_POINT('Origin',(-8.47896867026873,-8.95123016145837,0.));
#12773=CARTESIAN_POINT('',(14.0210313297313,-8.95123016145837,0.));
#12774=CARTESIAN_POINT('Origin',(-0.878968670268736,-7.45123016145837,0.));
#12775=CARTESIAN_POINT('',(17.8210313297313,-7.45123016145837,0.));
#12776=CARTESIAN_POINT('Origin',(36.5210313297313,-56.7216023185411,0.));
#12777=CARTESIAN_POINT('',(-4.67896867026873,-91.471602318541,0.));
#12778=CARTESIAN_POINT('',(-4.67896867026873,-73.7345104696556,0.));
#12779=CARTESIAN_POINT('',(73.3210313297313,-91.471602318541,0.));
#12780=CARTESIAN_POINT('Ctrl Pts',(73.3210313297313,-91.471602318541,0.));
#12781=CARTESIAN_POINT('Ctrl Pts',(47.3210313297313,-91.471602318541,0.));
#12782=CARTESIAN_POINT('Ctrl Pts',(21.3210313297313,-91.471602318541,0.));
#12783=CARTESIAN_POINT('Ctrl Pts',(-4.67896867026875,-91.471602318541,0.));
#12784=CARTESIAN_POINT('',(73.3210313297313,-74.9762911532943,0.));
#12785=CARTESIAN_POINT('',(83.0210313297313,-16.3466023185411,0.));
#12786=CARTESIAN_POINT('',(51.8475745227534,-50.7553419421483,0.));
#12787=CARTESIAN_POINT('',(51.6324863366863,-50.29069061438,0.));
#12788=CARTESIAN_POINT('',(51.6288632848106,-49.9391004899593,0.));
#12789=CARTESIAN_POINT('',(51.9271380161863,-51.0522769420675,0.));
#12790=CARTESIAN_POINT('',(12.1093084954139,-60.5283332810156,0.));
#12791=CARTESIAN_POINT('',(23.9733736054684,-57.3493666158262,0.));
#12792=CARTESIAN_POINT('',(12.6098053602693,-62.3136884901456,0.));
#12793=CARTESIAN_POINT('',(9.82103132973127,-58.5000008717179,0.));
#12794=CARTESIAN_POINT('',(9.82103132973127,-57.6108015951295,0.));
#12795=CARTESIAN_POINT('',(11.5406967107412,-58.5000008717179,0.));
#12796=CARTESIAN_POINT('',(24.0308640202362,-58.5000008717179,0.));
#12797=CARTESIAN_POINT('',(11.2952562695094,-57.6244741680472,0.));
#12798=CARTESIAN_POINT('',(12.0969178301583,-60.4841337259095,0.));
#12799=CARTESIAN_POINT('',(50.8483673474365,-47.0262499965782,0.));
#12800=CARTESIAN_POINT('',(42.9526550627927,-49.141899726917,0.));
#12801=CARTESIAN_POINT('',(51.5418201333538,-49.6142510262715,0.));
#12802=CARTESIAN_POINT('',(51.9706595919147,-51.2147016739113,0.));
#12803=CARTESIAN_POINT('Origin',(38.7857718152063,-14.3504844760987,0.));
#12804=CARTESIAN_POINT('',(72.9900820343814,-27.4439050540239,0.));
#12805=CARTESIAN_POINT('Origin',(76.8537853395377,-26.4086288736138,0.));
#12806=CARTESIAN_POINT('',(51.9047345663292,12.6348321626754,0.));
#12807=CARTESIAN_POINT('Origin',(55.6547345663292,12.6348321626754,0.));
#12808=CARTESIAN_POINT('',(-4.,-1.8,0.));
#12809=CARTESIAN_POINT('Origin',(0.,-1.8,0.));
#12810=CARTESIAN_POINT('Origin',(-3.98948432023321,-50.0000007525086,24.));
#12811=CARTESIAN_POINT('',(-1.49011611938477E-7,-25.0000003874302,24.));
#12812=CARTESIAN_POINT('',(-1.49011611938477E-7,-75.0000011175871,24.));
#12813=CARTESIAN_POINT('',(-1.49011611938477E-7,-58.9113283624518,24.));
#12814=CARTESIAN_POINT('',(2.00000002980232,-75.0000011175871,24.));
#12815=CARTESIAN_POINT('',(-0.994742145215441,-75.0000011175871,24.));
#12816=CARTESIAN_POINT('',(2.00000002980232,-25.0000003874302,24.));
#12817=CARTESIAN_POINT('',(2.00000002980232,-58.9113283624518,24.));
#12818=CARTESIAN_POINT('',(-6.98422649525097,-25.0000003874302,24.));
#12819=CARTESIAN_POINT('Origin',(2.00000002980232,-25.0000003874302,27.));
#12820=CARTESIAN_POINT('',(2.00000002980232,-75.0000011175871,23.));
#12821=CARTESIAN_POINT('',(2.00000002980232,-75.0000011175871,27.));
#12822=CARTESIAN_POINT('',(2.00000002980232,-25.0000003874302,23.));
#12823=CARTESIAN_POINT('',(2.00000002980232,-25.0000003874302,23.));
#12824=CARTESIAN_POINT('',(2.00000002980232,-25.0000003874302,27.));
#12825=CARTESIAN_POINT('Origin',(2.00000002980232,-35.0000005215406,27.));
#12826=CARTESIAN_POINT('',(1.99103132973127,-34.999987844304,23.));
#12827=CARTESIAN_POINT('',(-0.98314348164614,-34.9957838551407,23.));
#12828=CARTESIAN_POINT('',(0.011813423851829,-34.9971902244074,21.0207820941206));
#12829=CARTESIAN_POINT('Origin',(-9.97896867026873,-67.8226559723949,27.));
#12830=CARTESIAN_POINT('',(1.99103132973127,-67.8226559723949,23.));
#12831=CARTESIAN_POINT('',(-6.98422649525097,-67.8226559723949,23.));
#12832=CARTESIAN_POINT('',(-2.99396867026873,-67.8226559723949,18.015));
#12833=CARTESIAN_POINT('Origin',(-3.99396867026873,-66.2358013865132,17.015));
#12834=CARTESIAN_POINT('',(1.99103132973127,-25.0000003874302,23.));
#12835=CARTESIAN_POINT('',(-2.99396867026873,-25.0000003874302,18.015));
#12836=CARTESIAN_POINT('',(1.99103132973127,-66.2358013865132,23.));
#12837=CARTESIAN_POINT('Origin',(-3.98948432023321,-30.0000004544854,23.));
#12838=CARTESIAN_POINT('',(-9.97896867026873,-25.0000003874302,23.));
#12839=CARTESIAN_POINT('',(1.99103132973127,-75.0000011175871,23.));
#12840=CARTESIAN_POINT('',(2.00000002980232,-75.0000011175871,23.));
#12841=CARTESIAN_POINT('',(1.99103132973127,-86.941465431766,23.));
#12842=CARTESIAN_POINT('Origin',(-3.99396867026873,-86.941465431766,17.015));
#12843=CARTESIAN_POINT('',(0.000773504749033167,-75.0000011175871,21.0097421750178));
#12844=CARTESIAN_POINT('Origin',(-1.49011611938477E-7,-25.0000003874302,
27.));
#12845=CARTESIAN_POINT('',(-1.49011611938477E-7,-25.0000003874302,23.5));
#12846=CARTESIAN_POINT('',(-1.49011611938477E-7,-25.0000003874302,27.));
#12847=CARTESIAN_POINT('',(-1.49011611938477E-7,-75.0000011175871,23.5));
#12848=CARTESIAN_POINT('',(-1.49011611938477E-7,-75.0000011324883,23.5));
#12849=CARTESIAN_POINT('',(-1.49011611938477E-7,-75.0000011175871,27.));
#12850=CARTESIAN_POINT('Origin',(-8.00000014901161,-34.9858655445971,27.));
#12851=CARTESIAN_POINT('',(-8.00000014901161,-75.0000011175871,24.));
#12852=CARTESIAN_POINT('',(-8.00000014901161,-25.0000003874302,24.));
#12853=CARTESIAN_POINT('',(-8.00000014901161,-42.4929331485529,24.));
#12854=CARTESIAN_POINT('',(-8.00000014901161,-75.0000011175871,23.5));
#12855=CARTESIAN_POINT('',(-8.00000014901161,-75.0000011175871,27.));
#12856=CARTESIAN_POINT('',(-8.00000014901161,-25.0000003874302,23.5));
#12857=CARTESIAN_POINT('',(-8.00000014901161,-25.0000003874302,23.5));
#12858=CARTESIAN_POINT('',(-8.00000014901161,-25.0000003874302,27.));
#12859=CARTESIAN_POINT('Origin',(-4.00000014901161,-29.99858695669,23.5));
#12860=CARTESIAN_POINT('',(-1.00000005960464,-75.0000011175871,23.5));
#12861=CARTESIAN_POINT('',(-6.98948440964017,-25.0000003874302,23.5));
#12862=CARTESIAN_POINT('Origin',(-9.97896867026873,-25.0000003874302,27.));
#12863=CARTESIAN_POINT('',(-6.98422649525097,-25.0000003874302,24.));
#12864=CARTESIAN_POINT('Origin',(2.00000002980232,-75.0000011175871,27.));
#12865=CARTESIAN_POINT('',(-0.994742145215441,-75.0000011175871,24.));
#12866=CARTESIAN_POINT('Origin',(-3.98948432023321,-50.0000007525086,24.));
#12867=CARTESIAN_POINT('Origin',(83.0000012367964,-137.50000204891,-3.));
#12868=CARTESIAN_POINT('',(83.0000012367964,-137.50000204891,-3.));
#12869=CARTESIAN_POINT('',(83.0000012367964,-120.000001788139,-3.));
#12870=CARTESIAN_POINT('',(83.0000012367964,-97.1108021837254,-3.));
#12871=CARTESIAN_POINT('',(83.0000012367964,-137.50000204891,20.5000002607703));
#12872=CARTESIAN_POINT('',(83.0000012367964,-137.50000204891,-3.));
#12873=CARTESIAN_POINT('',(83.0000012367964,-120.000001788139,3.));
#12874=CARTESIAN_POINT('',(83.0000012367964,-125.968594067121,8.96859227898185));
#12875=CARTESIAN_POINT('',(83.0000012367964,-120.000001788139,-3.));
#12876=CARTESIAN_POINT('Origin',(-10.0000001490116,-137.50000204891,-3.));
#12877=CARTESIAN_POINT('',(-10.0000001490116,-137.50000204891,-3.));
#12878=CARTESIAN_POINT('',(13.2605155903598,-137.50000204891,-3.));
#12879=CARTESIAN_POINT('',(-10.0000001490116,-137.50000204891,20.5000002607703));
#12880=CARTESIAN_POINT('',(-10.0000001490116,-137.50000204891,-3.));
#12881=CARTESIAN_POINT('',(13.2500001974404,-137.50000204891,20.5000002607703));
#12882=CARTESIAN_POINT('Origin',(-10.0000001490116,-120.000001788139,-3.));
#12883=CARTESIAN_POINT('',(-10.0000001490116,-120.000001788139,-3.));
#12884=CARTESIAN_POINT('',(-10.0000001490116,-88.3608020533402,-3.));
#12885=CARTESIAN_POINT('',(-10.0000001490116,-120.000001788139,3.));
#12886=CARTESIAN_POINT('',(-10.0000001490116,-120.000001788139,-3.));
#12887=CARTESIAN_POINT('',(-10.0000001490116,-121.593594001929,4.59359221378927));
#12888=CARTESIAN_POINT('Origin',(83.0000012367964,-120.000001788139,-3.));
#12889=CARTESIAN_POINT('',(59.7605162832638,-120.000001788139,-3.));
#12890=CARTESIAN_POINT('',(83.0000012367964,-120.000001788139,3.));
#12891=CARTESIAN_POINT('Origin',(36.5000005438924,-126.187186215718,9.18718442757854));
#12892=CARTESIAN_POINT('Ctrl Pts',(-9.97896867026874,-91.471602318541,0.));
#12893=CARTESIAN_POINT('Ctrl Pts',(21.0210313297313,-91.471602318541,0.));
#12894=CARTESIAN_POINT('Ctrl Pts',(52.0210313297313,-91.471602318541,0.));
#12895=CARTESIAN_POINT('Ctrl Pts',(83.0210313297313,-91.471602318541,0.));
#12896=CARTESIAN_POINT('Ctrl Pts',(-9.97896867026874,-94.5694034551678,
0.));
#12897=CARTESIAN_POINT('Ctrl Pts',(21.0210313297313,-94.5694034551678,0.));
#12898=CARTESIAN_POINT('Ctrl Pts',(52.0210313297312,-94.5694034551678,0.));
#12899=CARTESIAN_POINT('Ctrl Pts',(83.0210313297313,-94.5694034551678,0.));
#12900=CARTESIAN_POINT('Ctrl Pts',(-9.97896867026874,-101.031765269468,
0.520574541886083));
#12901=CARTESIAN_POINT('Ctrl Pts',(21.0210313297312,-101.031765269468,0.520574541886083));
#12902=CARTESIAN_POINT('Ctrl Pts',(52.0210313297314,-101.031765269468,0.520574541886083));
#12903=CARTESIAN_POINT('Ctrl Pts',(83.0210313297313,-101.031765269468,0.520574541886083));
#12904=CARTESIAN_POINT('Ctrl Pts',(-9.97896867026874,-110.919633543839,
3.18943103876926));
#12905=CARTESIAN_POINT('Ctrl Pts',(21.0210313297313,-110.919633543839,3.18943103876926));
#12906=CARTESIAN_POINT('Ctrl Pts',(52.0210313297312,-110.919633543839,3.18943103876926));
#12907=CARTESIAN_POINT('Ctrl Pts',(83.0210313297313,-110.919633543839,3.18943103876926));
#12908=CARTESIAN_POINT('Ctrl Pts',(-9.97896867026875,-120.182021759922,
7.85480622070666));
#12909=CARTESIAN_POINT('Ctrl Pts',(21.0210313297312,-120.182021759922,7.85480622070666));
#12910=CARTESIAN_POINT('Ctrl Pts',(52.0210313297313,-120.182021759922,7.85480622070666));
#12911=CARTESIAN_POINT('Ctrl Pts',(83.0210313297313,-120.182021759922,7.85480622070666));
#12912=CARTESIAN_POINT('Ctrl Pts',(-9.97896867026874,-127.965181453788,
14.2813171189867));
#12913=CARTESIAN_POINT('Ctrl Pts',(21.0210313297313,-127.965181453788,14.2813171189867));
#12914=CARTESIAN_POINT('Ctrl Pts',(52.0210313297313,-127.965181453788,14.2813171189867));
#12915=CARTESIAN_POINT('Ctrl Pts',(83.0210313297313,-127.965181453788,14.2813171189867));
#12916=CARTESIAN_POINT('Ctrl Pts',(-9.97896867026875,-133.607954424617,
21.9340449459747));
#12917=CARTESIAN_POINT('Ctrl Pts',(21.0210313297312,-133.607954424617,21.9340449459747));
#12918=CARTESIAN_POINT('Ctrl Pts',(52.0210313297313,-133.607954424617,21.9340449459747));
#12919=CARTESIAN_POINT('Ctrl Pts',(83.0210313297313,-133.607954424617,21.9340449459747));
#12920=CARTESIAN_POINT('Ctrl Pts',(-9.97896867026874,-136.842878512251,
30.1025175419348));
#12921=CARTESIAN_POINT('Ctrl Pts',(21.0210313297313,-136.842878512251,30.1025175419348));
#12922=CARTESIAN_POINT('Ctrl Pts',(52.0210313297313,-136.842878512251,30.1025175419348));
#12923=CARTESIAN_POINT('Ctrl Pts',(83.0210313297313,-136.842878512251,30.1025175419348));
#12924=CARTESIAN_POINT('Ctrl Pts',(-9.97896867026874,-137.471602318541,
35.4409468871344));
#12925=CARTESIAN_POINT('Ctrl Pts',(21.0210313297313,-137.471602318541,35.4409468871344));
#12926=CARTESIAN_POINT('Ctrl Pts',(52.0210313297313,-137.471602318541,35.4409468871344));
#12927=CARTESIAN_POINT('Ctrl Pts',(83.0210313297313,-137.471602318541,35.4409468871344));
#12928=CARTESIAN_POINT('Ctrl Pts',(-9.97896867026874,-137.471602318541,
38.));
#12929=CARTESIAN_POINT('Ctrl Pts',(21.0210313297313,-137.471602318541,38.));
#12930=CARTESIAN_POINT('Ctrl Pts',(52.0210313297313,-137.471602318541,38.));
#12931=CARTESIAN_POINT('Ctrl Pts',(83.0210313297313,-137.471602318541,38.));
#12932=CARTESIAN_POINT('',(73.3210313297313,-98.9023118149629,0.499068068212535));
#12933=CARTESIAN_POINT('Ctrl Pts',(73.3210313297312,-91.471602318541,0.));
#12934=CARTESIAN_POINT('Ctrl Pts',(73.3210313297312,-93.8836485593908,0.));
#12935=CARTESIAN_POINT('Ctrl Pts',(73.3210313297312,-96.3765586018914,0.1578036771785));
#12936=CARTESIAN_POINT('Ctrl Pts',(73.3210313297312,-98.9026581791418,0.49908089655404));
#12937=CARTESIAN_POINT('Ctrl Pts',(-4.67896867026873,-93.2212361190143,
0.027612179219146));
#12938=CARTESIAN_POINT('Ctrl Pts',(-4.67896867026873,-92.6338080679637,
0.00908584419717517));
#12939=CARTESIAN_POINT('Ctrl Pts',(-4.67896867026873,-92.0503772503421,
0.));
#12940=CARTESIAN_POINT('Ctrl Pts',(-4.67896867026873,-91.471602318541,0.));
#12941=CARTESIAN_POINT('',(-9.97896867026872,-137.471602318541,38.));
#12942=CARTESIAN_POINT('Ctrl Pts',(-9.97896867026872,-137.471602318541,
38.));
#12943=CARTESIAN_POINT('Ctrl Pts',(-9.97896867026872,-137.471602318541,
35.4409468871344));
#12944=CARTESIAN_POINT('Ctrl Pts',(-9.97896867026872,-137.157240415396,
32.7717322145346));
#12945=CARTESIAN_POINT('Ctrl Pts',(-9.97896867026873,-136.460905449218,
30.075712778908));
#12946=CARTESIAN_POINT('Ctrl Pts',(-9.97896867026873,-135.76457048304,27.3796933432814));
#12947=CARTESIAN_POINT('Ctrl Pts',(-9.97896867026873,-134.686262453828,
24.6568691446281));
#12948=CARTESIAN_POINT('Ctrl Pts',(-9.97896867026873,-133.206646277418,
22.02000240747));
#12949=CARTESIAN_POINT('Ctrl Pts',(-9.97896867026873,-131.727030101007,
19.383135670312));
#12950=CARTESIAN_POINT('Ctrl Pts',(-9.97896867026873,-129.846105777397,
16.8322263946494));
#12951=CARTESIAN_POINT('Ctrl Pts',(-9.97896867026873,-127.608450333282,
14.4856866071047));
#12952=CARTESIAN_POINT('Ctrl Pts',(-9.97896867026873,-125.370794889166,
12.13914681956));
#12953=CARTESIAN_POINT('Ctrl Pts',(-9.97896867026873,-122.776408324544,
9.99697652013335));
#12954=CARTESIAN_POINT('Ctrl Pts',(-9.97896867026873,-119.935483672886,
8.14832884009711));
#12955=CARTESIAN_POINT('Ctrl Pts',(-9.97896867026873,-117.094559021228,
6.29968116006086));
#12956=CARTESIAN_POINT('Ctrl Pts',(-9.97896867026872,-114.007096282533,
4.74455609941506));
#12957=CARTESIAN_POINT('Ctrl Pts',(-9.97896867026872,-110.815386867457,
3.52218415294496));
#12958=CARTESIAN_POINT('Ctrl Pts',(-9.97896867026871,-107.623677452382,
2.29981220647487));
#12959=CARTESIAN_POINT('Ctrl Pts',(-9.97896867026873,-104.327721360925,
1.41019337418047));
#12960=CARTESIAN_POINT('Ctrl Pts',(-9.97896867026873,-101.064152861621,
0.835240322561758));
#12961=CARTESIAN_POINT('Ctrl Pts',(-9.97896867026873,-98.4103302925276,
0.367708115138914));
#12962=CARTESIAN_POINT('Ctrl Pts',(-9.97896867026872,-95.7779236546304,
0.108245117581116));
#12963=CARTESIAN_POINT('Ctrl Pts',(-9.97896867026872,-93.2212361190563,
0.0276121792204715));
#12964=CARTESIAN_POINT('',(83.0210313297313,-137.471602318541,38.));
#12965=CARTESIAN_POINT('',(83.0210313297313,-137.471602318541,38.));
#12966=CARTESIAN_POINT('',(83.0210313297313,-98.9023118149629,0.499068068212536));
#12967=CARTESIAN_POINT('Ctrl Pts',(83.0210313297313,-98.9023118149629,0.499068068212531));
#12968=CARTESIAN_POINT('Ctrl Pts',(83.0210313297313,-99.7436520132068,0.612833780893892));
#12969=CARTESIAN_POINT('Ctrl Pts',(83.0210313297312,-100.582301031933,0.74607464538301));
#12970=CARTESIAN_POINT('Ctrl Pts',(83.0210313297312,-101.417259213907,0.898817878905723));
#12971=CARTESIAN_POINT('Ctrl Pts',(83.0210313297313,-105.064009953507,1.56593691773093));
#12972=CARTESIAN_POINT('Ctrl Pts',(83.0210313297313,-108.639438784509,2.60453530028397));
#12973=CARTESIAN_POINT('Ctrl Pts',(83.0210313297313,-117.59297924449,6.30598101748474));
#12974=CARTESIAN_POINT('Ctrl Pts',(83.0210313297313,-122.71473314362,9.57734611183495));
#12975=CARTESIAN_POINT('Ctrl Pts',(83.0210313297313,-130.386086318507,17.2487886137057));
#12976=CARTESIAN_POINT('Ctrl Pts',(83.0210313297313,-133.182457273245,21.2864148659461));
#12977=CARTESIAN_POINT('Ctrl Pts',(83.0210313297313,-136.629258896437,29.6778334914925));
#12978=CARTESIAN_POINT('Ctrl Pts',(83.0210313297313,-137.471602318541,33.7995371856106));
#12979=CARTESIAN_POINT('Ctrl Pts',(83.0210313297313,-137.471602318541,38.));
#12980=CARTESIAN_POINT('Ctrl Pts',(83.0210313297312,-98.9023118149629,0.499068068212532));
#12981=CARTESIAN_POINT('Ctrl Pts',(79.7876979963978,-98.9023118149629,0.499068068212532));
#12982=CARTESIAN_POINT('Ctrl Pts',(76.5543646630645,-98.902311814963,0.499068068212532));
#12983=CARTESIAN_POINT('Ctrl Pts',(73.3210313297312,-98.902311814963,0.499068068212532));
#12984=CARTESIAN_POINT('Origin',(-9.97896867026873,-102.471602318541,0.));
#12985=CARTESIAN_POINT('',(-9.97896867026873,-102.500001527369,34.));
#12986=CARTESIAN_POINT('',(-9.97896867026873,-102.500001527369,17.));
#12987=CARTESIAN_POINT('',(-9.97896867026873,-39.2216,34.));
#12988=CARTESIAN_POINT('',(-9.97896867026872,-137.471602318541,38.));
#12989=CARTESIAN_POINT('',(-9.97896867026873,-106.90518261481,21.9769435294548));
#12990=CARTESIAN_POINT('Origin',(-9.97896867026873,-111.80518261481,21.9769435294548));
#12991=CARTESIAN_POINT('Origin',(-4.67896867026873,-90.7474186207701,4.24174451958719));
#12992=CARTESIAN_POINT('',(-4.67896867026873,-88.2638572534927,7.79944875252304));
#12993=CARTESIAN_POINT('Origin',(-9.97896867026873,-111.80518261481,21.9769435294548));
#12994=CARTESIAN_POINT('',(-9.97896867026873,-106.90518261481,21.9769435294548));
#12995=CARTESIAN_POINT('Origin',(-9.97896867026873,-57.8051826148097,13.9769435294548));
#12996=CARTESIAN_POINT('',(-9.97896867026873,-51.9051826148097,13.9769435294548));
#12997=CARTESIAN_POINT('Origin',(10.245134619837,-82.9057097442081,13.7494248439002));
#12998=CARTESIAN_POINT('',(9.82103132973127,-82.5636896008824,14.6891174646861));
#12999=CARTESIAN_POINT('',(9.82103132973127,-81.9660171234222,13.4074047005745));
#13000=CARTESIAN_POINT('Origin',(9.82103132973127,-82.9057097442081,13.7494248439002));
#13001=CARTESIAN_POINT('',(10.245134619837,-81.9660171234222,13.4074047005745));
#13002=CARTESIAN_POINT('',(10.245134619837,-82.5636896008824,14.6891174646861));
#13003=CARTESIAN_POINT('Origin',(11.1052713502608,-82.1712292094176,12.843589128103));
#13004=CARTESIAN_POINT('',(9.82103132973127,-82.376441295413,12.2797735556314));
#13005=CARTESIAN_POINT('',(9.82103132973127,-82.8506503463288,10.9768948961391));
#13006=CARTESIAN_POINT('',(11.9654080806845,-82.376441295413,12.2797735556314));
#13007=CARTESIAN_POINT('Origin',(11.9654080806845,-83.3161339161989,12.6217936989571));
#13008=CARTESIAN_POINT('',(9.82103132973127,-83.6581540595245,11.6821010781712));
#13009=CARTESIAN_POINT('Origin',(9.82103132973127,-83.3161339161989,12.6217936989571));
#13010=CARTESIAN_POINT('',(11.9654080806845,-83.6581540595245,11.6821010781712));
#13011=CARTESIAN_POINT('Origin',(64.8126898886953,-82.9057097442081,13.7494248439002));
#13012=CARTESIAN_POINT('',(66.5717330279514,-82.5636896008824,14.6891174646861));
#13013=CARTESIAN_POINT('',(66.2950690406631,-81.9660171234222,13.4074047005745));
#13014=CARTESIAN_POINT('Origin',(66.730054952005,-82.9057097442081,13.7494248439002));
#13015=CARTESIAN_POINT('',(64.8126898886953,-81.9660171234222,13.4074047005745));
#13016=CARTESIAN_POINT('',(64.8126898886953,-82.5636896008824,14.6891174646861));
#13017=CARTESIAN_POINT('Origin',(67.5092148630917,-82.1712292094176,12.843589128103));
#13018=CARTESIAN_POINT('',(66.4850553495274,-82.376441295413,12.2797735556314));
#13019=CARTESIAN_POINT('',(66.3282010219781,-82.037591575702,13.2107555091259));
#13020=CARTESIAN_POINT('',(70.205739837488,-82.376441295413,12.2797735556314));
#13021=CARTESIAN_POINT('Origin',(70.205739837488,-83.3161339161989,12.6217936989571));
#13022=CARTESIAN_POINT('',(67.078363184923,-83.6581540595245,11.6821010781712));
#13023=CARTESIAN_POINT('Origin',(66.9200412608694,-83.3161339161989,12.6217936989571));
#13024=CARTESIAN_POINT('',(70.205739837488,-83.6581540595245,11.6821010781712));
#13025=CARTESIAN_POINT('Origin',(62.116164914299,-87.262152704812,16.3992181813144));
#13026=CARTESIAN_POINT('',(67.8002426328829,-85.2176178781391,15.6550683614849));
#13027=CARTESIAN_POINT('',(58.2627287628012,-85.2176178781391,15.6550683614849));
#13028=CARTESIAN_POINT('',(59.574988200631,-67.4487414788359,9.18772625578336));
#13029=CARTESIAN_POINT('Origin',(72.9022648118843,-88.3566171634541,13.3922017947995));
#13030=CARTESIAN_POINT('',(68.3068732249269,-86.3120832766607,12.6480523170581));
#13031=CARTESIAN_POINT('',(60.8590847091645,-70.2227531927401,6.79201507722734));
#13032=CARTESIAN_POINT('',(63.6557787115938,-86.3120832766607,12.6480523170581));
#13033=CARTESIAN_POINT('Origin',(9.38499788941332,-87.262152704812,16.3992181813144));
#13034=CARTESIAN_POINT('',(9.82103132973127,-85.2176178781391,15.6550683614849));
#13035=CARTESIAN_POINT('',(9.9155146095723,-85.2176178781391,15.6550683614849));
#13036=CARTESIAN_POINT('',(9.82103132973127,-71.9280395366932,10.8180574192498));
#13037=CARTESIAN_POINT('Origin',(12.8255448111082,-88.3566171634541,13.3922017947995));
#13038=CARTESIAN_POINT('',(9.82103132973127,-86.3120832766607,12.6480523170581));
#13039=CARTESIAN_POINT('',(9.82103132973127,-73.0225039953353,7.81104103273489));
#13040=CARTESIAN_POINT('',(11.6357880704197,-86.3120832766607,12.6480523170581));
#13041=CARTESIAN_POINT('Origin',(54.4092926113033,-84.2906023185411,18.202020202));
#13042=CARTESIAN_POINT('',(67.4579797460183,-84.4782332204537,17.6865090371484));
#13043=CARTESIAN_POINT('Origin',(54.4092926113033,-84.2906023185411,18.202020202));
#13044=CARTESIAN_POINT('',(67.4579797460183,-84.4782332204537,17.6865090371484));
#13045=CARTESIAN_POINT('Origin',(10.4460313297313,-84.2906023185411,18.202020202));
#13046=CARTESIAN_POINT('',(9.82103132973127,-85.7071465401752,14.3101007243739));
#13047=CARTESIAN_POINT('Origin',(10.4460313297313,-84.2906023185411,18.202020202));
#13048=CARTESIAN_POINT('',(9.82103132973127,-85.7071465401752,14.3101007243739));
#13049=CARTESIAN_POINT('Origin',(-10.7395157505473,-94.236595270929,34.));
#13050=CARTESIAN_POINT('',(-13.5000002011657,-102.500001527369,34.));
#13051=CARTESIAN_POINT('Origin',(84.5210313297313,25.5000003799796,34.));
#13052=CARTESIAN_POINT('',(84.5210313297313,-102.471602318541,34.));
#13053=CARTESIAN_POINT('Origin',(-9.97903132973132,-102.500001527369,34.));
#13054=CARTESIAN_POINT('Origin',(83.0210313297313,24.028397681459,0.));
#13055=CARTESIAN_POINT('',(83.0210313297313,-102.471602318541,38.));
#13056=CARTESIAN_POINT('',(83.0210313297313,-86.4716023185411,38.));
#13057=CARTESIAN_POINT('',(83.0210313297313,-102.471602318541,17.));
#13058=CARTESIAN_POINT('',(83.0210313297313,-88.8280199652033,28.177957442423));
#13059=CARTESIAN_POINT('Origin',(86.0210313297313,-102.471602318541,0.));
#13060=CARTESIAN_POINT('',(-12.9789686702687,-102.471602318541,38.));
#13061=CARTESIAN_POINT('Origin',(36.5210313297313,-121.471602318541,38.));
#13062=CARTESIAN_POINT('Origin',(73.3210313297313,-93.2309799880475,-1.33226762955019E-14));
#13063=CARTESIAN_POINT('',(73.3210313297313,-95.6863907157511,9.33473867104479));
#13064=CARTESIAN_POINT('Origin',(78.3379518722942,-92.9734920291322,16.7883665537984));
#13065=CARTESIAN_POINT('',(75.8710313297313,-92.9734920291322,16.7883665537984));
#13066=CARTESIAN_POINT('Origin',(77.4710313297313,-92.9734920291322,16.7883665537984));
#13067=CARTESIAN_POINT('Origin',(77.4710313297313,-87.8051826148097,14.9072557655072));
#13068=CARTESIAN_POINT('',(75.8710313297313,-91.0941067875603,16.104326267147));
#13069=CARTESIAN_POINT('Origin',(77.4710313297313,-91.0941067875603,16.104326267147));
#13070=CARTESIAN_POINT('',(75.8710313297313,-87.8051826148097,14.9072557655072));
#13071=CARTESIAN_POINT('Origin',(77.4710313297313,-91.0941067875603,16.1043262671471));
#13072=CARTESIAN_POINT('',(75.9296479913286,-92.0436344618593,13.4955204228634));
#13073=CARTESIAN_POINT('',(76.7233930264459,-92.0390822192344,13.5080276066832));
#13074=CARTESIAN_POINT('',(74.2960511892622,-91.1123157580599,16.0542975318679));
#13075=CARTESIAN_POINT('',(74.7044503897788,-91.3451454340098,15.4146032546168));
#13076=CARTESIAN_POINT('',(75.4520886930642,-90.4001700023357,18.0109019150806));
#13077=CARTESIAN_POINT('Origin',(75.9296479913286,-88.7547102891086,12.2984499212236));
#13078=CARTESIAN_POINT('',(75.9296479913286,-88.7547102891086,12.2984499212236));
#13079=CARTESIAN_POINT('Origin',(74.2960511892622,-87.8233915853093,14.857227030228));
#13080=CARTESIAN_POINT('',(74.2960511892622,-87.8233915853093,14.857227030228));
#13081=CARTESIAN_POINT('Origin',(75.8374345276649,-86.8738639110103,17.4660328745117));
#13082=CARTESIAN_POINT('Origin',(83.0210313297313,24.028397681459,0.));
#13083=CARTESIAN_POINT('Origin',(-4.67896867026873,-87.8051826148097,14.9072557655072));
#13084=CARTESIAN_POINT('',(-6.27896867026873,-85.9257973732379,14.2232154788559));
#13085=CARTESIAN_POINT('Origin',(-4.67896867026873,-85.9257973732379,14.2232154788559));
#13086=CARTESIAN_POINT('',(-6.27896867026873,-87.8051826148097,14.9072557655072));
#13087=CARTESIAN_POINT('Origin',(-4.67896867026873,-85.9257973732378,14.2232154788559));
#13088=CARTESIAN_POINT('Origin',(-9.97896867026873,-83.3387671896031,21.3310224918401));
#13089=CARTESIAN_POINT('',(4.02103132973127,-83.3387671896031,21.3310224918401));
#13090=CARTESIAN_POINT('Origin',(-9.97896867026873,-90.1432424950645,8.48348903917438));
#13091=CARTESIAN_POINT('',(4.02103132973127,-88.2638572534927,7.79944875252304));
#13092=CARTESIAN_POINT('Origin',(4.02103132973127,-86.7410048423338,14.9072557655073));
#13093=CARTESIAN_POINT('Origin',(9.82103132973127,-58.5000008717179,0.));
#13094=CARTESIAN_POINT('',(9.82103132973127,-58.5000008717179,0.));
#13095=CARTESIAN_POINT('Origin',(11.5406967107412,-58.5000008717179,0.));
#13096=CARTESIAN_POINT('',(11.5406967107412,-58.5000008717179,4.));
#13097=CARTESIAN_POINT('',(11.5406967107412,-58.5000008717179,0.));
#13098=CARTESIAN_POINT('',(11.5406967107412,-58.5000008717179,0.));
#13099=CARTESIAN_POINT('Origin',(12.3210313297313,-61.2835836965193,0.));
#13100=CARTESIAN_POINT('',(12.1093084954139,-60.5283332810156,4.));
#13101=CARTESIAN_POINT('',(11.5406967107412,-58.5000008717179,4.));
#13102=CARTESIAN_POINT('',(12.1093084954139,-60.5283332810156,0.));
#13103=CARTESIAN_POINT('Origin',(51.5418201333538,-49.6142510262715,0.));
#13104=CARTESIAN_POINT('',(51.6288632848106,-49.9391004899593,4.));
#13105=CARTESIAN_POINT('',(51.5418201333538,-49.6142510262715,4.));
#13106=CARTESIAN_POINT('',(51.6172810750974,-49.8958750948456,4.));
#13107=CARTESIAN_POINT('',(51.6288632848106,-49.9391004899593,0.));
#13108=CARTESIAN_POINT('',(51.8475745227534,-50.7553419421483,0.));
#13109=CARTESIAN_POINT('',(51.5418201333538,-49.6142510262715,0.));
#13110=CARTESIAN_POINT('Origin',(38.7857718152063,-14.3504844760987,0.));
#13111=CARTESIAN_POINT('',(51.5418201333538,-49.6142510262715,0.));
#13112=CARTESIAN_POINT('Origin',(51.8475745227534,-50.7553419421483,0.));
#13113=CARTESIAN_POINT('Origin',(0.,-1.8,0.));
#13114=CARTESIAN_POINT('',(-4.,-1.8,4.));
#13115=CARTESIAN_POINT('Origin',(0.,-1.8,4.));
#13116=CARTESIAN_POINT('',(-4.,-1.8,0.));
#13117=CARTESIAN_POINT('Origin',(0.,-1.8,4.));
#13118=CARTESIAN_POINT('',(-2.15,-1.8,4.));
#13119=CARTESIAN_POINT('Origin',(0.,-1.8,4.));
#13120=CARTESIAN_POINT('Origin',(55.6547345663292,12.6348321626754,0.));
#13121=CARTESIAN_POINT('',(51.9047345663292,12.6348321626754,4.));
#13122=CARTESIAN_POINT('Origin',(55.6547345663292,12.6348321626754,4.));
#13123=CARTESIAN_POINT('',(51.9047345663292,12.6348321626754,0.));
#13124=CARTESIAN_POINT('Origin',(55.6547345663292,12.6348321626754,4.));
#13125=CARTESIAN_POINT('Origin',(11.2952562695094,-57.6244741680472,0.));
#13126=CARTESIAN_POINT('',(11.2952562695094,-57.6244741680472,4.));
#13127=CARTESIAN_POINT('',(11.5406967107412,-58.5000008717179,4.));
#13128=CARTESIAN_POINT('',(11.2952562695094,-57.6244741680472,0.));
#13129=CARTESIAN_POINT('Origin',(50.8483673474365,-47.0262499965782,0.));
#13130=CARTESIAN_POINT('',(50.8483673474365,-47.0262499965782,4.));
#13131=CARTESIAN_POINT('',(50.6605313570645,-47.0765804985079,4.));
#13132=CARTESIAN_POINT('',(50.8483673474365,-47.0262499965782,0.));
#13133=CARTESIAN_POINT('Origin',(51.6288632848106,-49.9391004899593,0.));
#13134=CARTESIAN_POINT('',(51.6172810750974,-49.8958750948456,4.));
#13135=CARTESIAN_POINT('Origin',(12.1093084954139,-60.5283332810156,0.));
#13136=CARTESIAN_POINT('',(12.3210313297313,-60.4716023185411,4.));
#13137=CARTESIAN_POINT('Origin',(38.7857718152063,-18.6610433973198,4.));
#13138=CARTESIAN_POINT('Origin',(76.8537853395377,-26.4086288736138,0.));
#13139=CARTESIAN_POINT('',(72.9900820343814,-27.4439050540239,4.));
#13140=CARTESIAN_POINT('Origin',(76.8537853395377,-26.4086288736138,4.));
#13141=CARTESIAN_POINT('',(72.9900820343814,-27.4439050540239,0.));
#13142=CARTESIAN_POINT('Origin',(76.8537853395377,-26.4086288736138,4.));
#13143=CARTESIAN_POINT('',(74.7770448130162,-26.9650898205842,4.));
#13144=CARTESIAN_POINT('Origin',(76.8537853395377,-26.4086288736138,4.));
#13145=CARTESIAN_POINT('Origin',(76.8537853395377,-26.4086288736138,0.));
#13146=CARTESIAN_POINT('',(74.7770448130162,-26.9650898205842,-2.));
#13147=CARTESIAN_POINT('',(74.7770448130162,-26.9650898205842,0.));
#13148=CARTESIAN_POINT('Origin',(76.8537853395377,-26.4086288736138,-2.));
#13149=CARTESIAN_POINT('Origin',(76.8537853395377,-26.4086288736138,-2.));
#13150=CARTESIAN_POINT('Origin',(0.,-1.8,0.));
#13151=CARTESIAN_POINT('',(-2.15,-1.8,-2.));
#13152=CARTESIAN_POINT('',(-2.15,-1.8,0.));
#13153=CARTESIAN_POINT('Origin',(0.,-1.8,-2.));
#13154=CARTESIAN_POINT('Origin',(0.,-1.8,-2.));
#13155=CARTESIAN_POINT('Origin',(36.5210313297313,-56.7216023185411,-3.));
#13156=CARTESIAN_POINT('Origin',(41.3454125954098,-14.5646093694949,36.));
#13157=CARTESIAN_POINT('',(13.3454125954098,-14.5646093694949,38.));
#13158=CARTESIAN_POINT('Origin',(41.3454125954098,-14.5646093694949,38.));
#13159=CARTESIAN_POINT('',(17.3454125954098,-14.5646093694949,34.));
#13160=CARTESIAN_POINT('',(15.3454125954098,-14.5646093694949,36.));
#13161=CARTESIAN_POINT('Origin',(41.3454125954098,-14.5646093694949,34.));
#13162=CARTESIAN_POINT('Origin',(36.521007318541,-33.7478517663424,38.));
#13163=CARTESIAN_POINT('',(-12.4790313297313,-102.500001527369,38.));
#13164=CARTESIAN_POINT('',(-12.4790313297269,-94.4718629247406,38.));
#13165=CARTESIAN_POINT('',(-12.4790313297313,-64.1097247239007,38.));
#13166=CARTESIAN_POINT('',(83.0209686702687,-102.500001527369,38.));
#13167=CARTESIAN_POINT('',(-13.5000002011657,-102.500001527369,38.));
#13168=CARTESIAN_POINT('',(83.0209686702687,-0.915624748690182,38.));
#13169=CARTESIAN_POINT('',(83.0209686702687,-105.120004992932,38.));
#13170=CARTESIAN_POINT('',(83.0210313297313,-0.971597681458931,38.));
#13171=CARTESIAN_POINT('Origin',(58.0210313297313,-0.971597681458931,38.));
#13172=CARTESIAN_POINT('',(83.0210313297313,-102.471602318541,38.));
#13173=CARTESIAN_POINT('',(83.0210313297313,24.028397681459,38.));
#13174=CARTESIAN_POINT('',(85.5209686702687,-102.471602318541,38.));
#13175=CARTESIAN_POINT('',(83.0210313297313,-102.471602318541,38.));
#13176=CARTESIAN_POINT('',(85.5209686702687,2.02839768145896,38.));
#13177=CARTESIAN_POINT('',(85.5209686702687,-68.1097270424417,38.));
#13178=CARTESIAN_POINT('',(61.0209686702687,26.528397681459,38.));
#13179=CARTESIAN_POINT('Origin',(61.0209686702687,2.02839768145896,38.));
#13180=CARTESIAN_POINT('',(12.0210313297313,26.528397681459,38.));
#13181=CARTESIAN_POINT('',(61.2709879944049,26.528397681459,38.));
#13182=CARTESIAN_POINT('',(-12.4789686702687,2.02839768145895,38.));
#13183=CARTESIAN_POINT('Origin',(12.0210313297313,2.02839768145895,38.));
#13184=CARTESIAN_POINT('',(-12.4789686702687,-3.35972704244174,38.));
#13185=CARTESIAN_POINT('',(-8.65841161611445,-35.4999992065132,38.));
#13186=CARTESIAN_POINT('',(-8.05015698075294,-33.9817818626761,38.));
#13187=CARTESIAN_POINT('Ctrl Pts',(-8.65841161611445,-35.4999992065132,
38.));
#13188=CARTESIAN_POINT('Ctrl Pts',(-8.63937306166217,-35.2622043068391,
38.));
#13189=CARTESIAN_POINT('Ctrl Pts',(-8.54873157727077,-34.7195194446976,
38.));
#13190=CARTESIAN_POINT('Ctrl Pts',(-8.23189830119376,-34.250703310403,38.));
#13191=CARTESIAN_POINT('Ctrl Pts',(-8.05015698075294,-33.9817818626761,
38.));
#13192=CARTESIAN_POINT('',(-6.30585089325905,-33.409205339849,38.));
#13193=CARTESIAN_POINT('Ctrl Pts',(-8.05015698075294,-33.9817818626761,
38.));
#13194=CARTESIAN_POINT('Ctrl Pts',(-7.80830189871978,-33.815032095558,38.));
#13195=CARTESIAN_POINT('Ctrl Pts',(-7.2852917947306,-33.4544367658776,38.));
#13196=CARTESIAN_POINT('Ctrl Pts',(-6.6482864444578,-33.4250193091047,38.));
#13197=CARTESIAN_POINT('Ctrl Pts',(-6.30585089325905,-33.409205339849,38.));
#13198=CARTESIAN_POINT('',(-5.21424844861031,-33.6148890480399,38.));
#13199=CARTESIAN_POINT('Ctrl Pts',(-6.30585089325905,-33.409205339849,38.));
#13200=CARTESIAN_POINT('Ctrl Pts',(-6.08560795239,-33.4104053175593,38.));
#13201=CARTESIAN_POINT('Ctrl Pts',(-5.7077258772317,-33.4124641806744,38.));
#13202=CARTESIAN_POINT('Ctrl Pts',(-5.35951133132491,-33.5553020881079,
38.));
#13203=CARTESIAN_POINT('Ctrl Pts',(-5.21424844861031,-33.6148890480399,
38.));
#13204=CARTESIAN_POINT('',(-4.60037127137184,-34.3375596031547,38.));
#13205=CARTESIAN_POINT('Ctrl Pts',(-5.21424844861031,-33.6148890480399,
38.));
#13206=CARTESIAN_POINT('Ctrl Pts',(-5.10080124770836,-33.7039158102936,
38.));
#13207=CARTESIAN_POINT('Ctrl Pts',(-4.84773132762685,-33.9025103585021,
38.));
#13208=CARTESIAN_POINT('Ctrl Pts',(-4.68832067560748,-34.1828769011063,
38.));
#13209=CARTESIAN_POINT('Ctrl Pts',(-4.60037127137184,-34.3375596031547,
38.));
#13210=CARTESIAN_POINT('',(-4.03583005070686,-33.575974367559,38.));
#13211=CARTESIAN_POINT('Ctrl Pts',(-4.60037127137184,-34.3375596031547,
38.));
#13212=CARTESIAN_POINT('Ctrl Pts',(-4.53658026586449,-34.1798359987432,
38.));
#13213=CARTESIAN_POINT('Ctrl Pts',(-4.41395842290643,-33.8766528321337,
38.));
#13214=CARTESIAN_POINT('Ctrl Pts',(-4.15842735128275,-33.673460752629,38.));
#13215=CARTESIAN_POINT('Ctrl Pts',(-4.03583005070686,-33.575974367559,38.));
#13216=CARTESIAN_POINT('',(-2.19758525490761,-33.325820825994,38.));
#13217=CARTESIAN_POINT('Ctrl Pts',(-4.03583005070686,-33.575974367559,38.));
#13218=CARTESIAN_POINT('Ctrl Pts',(-3.8188334112197,-33.5042024537324,38.));
#13219=CARTESIAN_POINT('Ctrl Pts',(-3.22499573259672,-33.3077898880918,
38.));
#13220=CARTESIAN_POINT('Ctrl Pts',(-2.59645094027602,-33.3188207782425,
38.));
#13221=CARTESIAN_POINT('Ctrl Pts',(-2.19758525490761,-33.325820825994,38.));
#13222=CARTESIAN_POINT('',(-0.531844049692154,-33.5704192146659,38.));
#13223=CARTESIAN_POINT('Ctrl Pts',(-2.19758525490761,-33.325820825994,38.));
#13224=CARTESIAN_POINT('Ctrl Pts',(-1.87721810790634,-33.3295450019503,
38.));
#13225=CARTESIAN_POINT('Ctrl Pts',(-1.31002986598763,-33.3361384021568,
38.));
#13226=CARTESIAN_POINT('Ctrl Pts',(-0.767802860648557,-33.4993813972296,
38.));
#13227=CARTESIAN_POINT('Ctrl Pts',(-0.531844049692154,-33.5704192146659,
38.));
#13228=CARTESIAN_POINT('',(0.369189828634262,-34.415384195745,38.));
#13229=CARTESIAN_POINT('Ctrl Pts',(-0.531844049692154,-33.5704192146659,
38.));
#13230=CARTESIAN_POINT('Ctrl Pts',(-0.345507744404032,-33.6681693007498,
38.));
#13231=CARTESIAN_POINT('Ctrl Pts',(0.0325645182707879,-33.8665020742009,
38.));
#13232=CARTESIAN_POINT('Ctrl Pts',(0.255918075278077,-34.2306897049296,
38.));
#13233=CARTESIAN_POINT('Ctrl Pts',(0.369189828634262,-34.415384195745,38.));
#13234=CARTESIAN_POINT('',(0.657581068979879,-35.4999992065132,38.));
#13235=CARTESIAN_POINT('Ctrl Pts',(0.369189828634262,-34.415384195745,38.));
#13236=CARTESIAN_POINT('Ctrl Pts',(0.459054155239746,-34.6410876475168,
38.));
#13237=CARTESIAN_POINT('Ctrl Pts',(0.599295467613884,-34.9933180539474,
38.));
#13238=CARTESIAN_POINT('Ctrl Pts',(0.646820911427827,-35.3651126243623,
38.));
#13239=CARTESIAN_POINT('Ctrl Pts',(0.65758106897988,-35.4999992065132,38.));
#13240=CARTESIAN_POINT('',(0.844552052851235,-35.4999992065132,38.));
#13241=CARTESIAN_POINT('',(0.661059431106061,-36.3999991863966,38.));
#13242=CARTESIAN_POINT('',(0.319331735372543,-37.6312574371696,38.));
#13243=CARTESIAN_POINT('Ctrl Pts',(0.661059431106061,-36.3999991863966,
38.));
#13244=CARTESIAN_POINT('Ctrl Pts',(0.649348194665345,-36.5721699696798,
38.));
#13245=CARTESIAN_POINT('Ctrl Pts',(0.597554161159159,-36.9967975591569,
38.));
#13246=CARTESIAN_POINT('Ctrl Pts',(0.423600472291124,-37.3934824629961,
38.));
#13247=CARTESIAN_POINT('Ctrl Pts',(0.319331735372543,-37.6312574371696,
38.));
#13248=CARTESIAN_POINT('',(-0.558988004922867,-38.4317525848746,38.));
#13249=CARTESIAN_POINT('Ctrl Pts',(0.319331735372543,-37.6312574371696,
38.));
#13250=CARTESIAN_POINT('Ctrl Pts',(0.199558099792738,-37.8142185473829,
38.));
#13251=CARTESIAN_POINT('Ctrl Pts',(-0.0251597019930694,-38.1574879012803,
38.));
#13252=CARTESIAN_POINT('Ctrl Pts',(-0.389049790668425,-38.3444435188186,
38.));
#13253=CARTESIAN_POINT('Ctrl Pts',(-0.558988004922867,-38.4317525848746,
38.));
#13254=CARTESIAN_POINT('',(-2.36287847161293,-38.6235364899039,38.));
#13255=CARTESIAN_POINT('Ctrl Pts',(-0.558988004922867,-38.4317525848746,
38.));
#13256=CARTESIAN_POINT('Ctrl Pts',(-0.795029043652735,-38.4871434583059,
38.));
#13257=CARTESIAN_POINT('Ctrl Pts',(-1.38714704948808,-38.6260935904274,
38.));
#13258=CARTESIAN_POINT('Ctrl Pts',(-1.99646070373323,-38.6244967613934,
38.));
#13259=CARTESIAN_POINT('Ctrl Pts',(-2.36287847161293,-38.6235364899039,
38.));
#13260=CARTESIAN_POINT('',(-3.07442918419838,-38.6235364899039,38.));
#13261=CARTESIAN_POINT('',(17.079064423464,-38.6235364899039,38.));
#13262=CARTESIAN_POINT('',(-3.07442918419838,-36.3999991863966,38.));
#13263=CARTESIAN_POINT('',(-3.07442918419838,-36.1856941281232,38.));
#13264=CARTESIAN_POINT('',(-8.91243552223849,-36.3999991863966,38.));
#13265=CARTESIAN_POINT('',(-8.67365207182691,-36.3999991863966,38.));
#13266=CARTESIAN_POINT('',(-5.71494832634926,-36.3999991863966,38.));
#13267=CARTESIAN_POINT('',(-8.91243552223849,-36.3999991863966,38.));
#13268=CARTESIAN_POINT('',(-5.71494832634926,-38.6235364899039,38.));
#13269=CARTESIAN_POINT('',(-5.71494832634926,-35.0627795754346,38.));
#13270=CARTESIAN_POINT('',(-6.48208811879158,-38.6235364899039,38.));
#13271=CARTESIAN_POINT('',(15.4030294960959,-38.6235364899039,38.));
#13272=CARTESIAN_POINT('',(-8.22483077645302,-38.0342849716544,38.));
#13273=CARTESIAN_POINT('Ctrl Pts',(-6.48208811879158,-38.6235364899039,
38.));
#13274=CARTESIAN_POINT('Ctrl Pts',(-6.85897389051486,-38.618558603546,38.));
#13275=CARTESIAN_POINT('Ctrl Pts',(-7.51100603707246,-38.6099465991384,
38.));
#13276=CARTESIAN_POINT('Ctrl Pts',(-8.01299855129236,-38.2051163771271,
38.));
#13277=CARTESIAN_POINT('Ctrl Pts',(-8.22483077645302,-38.0342849716544,
38.));
#13278=CARTESIAN_POINT('Ctrl Pts',(-8.22483077645302,-38.0342849716544,
38.));
#13279=CARTESIAN_POINT('Ctrl Pts',(-8.35628835676814,-37.7848074809334,
38.));
#13280=CARTESIAN_POINT('Ctrl Pts',(-8.62642392827035,-37.2721497523238,
38.));
#13281=CARTESIAN_POINT('Ctrl Pts',(-8.66608439692899,-36.6981022245575,
38.));
#13282=CARTESIAN_POINT('Ctrl Pts',(-8.67365207182691,-36.3999991863966,
38.));
#13283=CARTESIAN_POINT('',(-1.80150728281835,-43.5750028082868,38.));
#13284=CARTESIAN_POINT('',(-6.28615422201583,-43.5750028082868,38.));
#13285=CARTESIAN_POINT('',(0.795569235063019,-43.5750028082868,38.));
#13286=CARTESIAN_POINT('',(-8.50000038743019,-42.9150732979178,38.));
#13287=CARTESIAN_POINT('',(12.666950789819,-49.2247690412946,38.));
#13288=CARTESIAN_POINT('',(-8.50000038743019,-40.7192715629935,38.));
#13289=CARTESIAN_POINT('',(-8.50000038743019,-38.3314625321301,38.));
#13290=CARTESIAN_POINT('',(-4.43638101220131,-42.0617684349418,38.));
#13291=CARTESIAN_POINT('',(10.7571272881751,-47.0812438049809,38.));
#13292=CARTESIAN_POINT('',(0.49999937415123,-40.5914148315787,38.));
#13293=CARTESIAN_POINT('',(15.5107761849339,-36.1202946897777,38.));
#13294=CARTESIAN_POINT('',(0.49999937415123,-43.0095752701163,38.));
#13295=CARTESIAN_POINT('',(0.49999937415123,-37.1696332989606,38.));
#13296=CARTESIAN_POINT('',(18.5582535890449,-38.5730752958653,38.));
#13297=CARTESIAN_POINT('',(0.670649971182556,-51.9437528433162,38.));
#13298=CARTESIAN_POINT('',(0.452748388051987,-52.8739961609244,38.));
#13299=CARTESIAN_POINT('Ctrl Pts',(0.670649971182556,-51.9437528433162,
38.));
#13300=CARTESIAN_POINT('Ctrl Pts',(0.662245585919674,-52.0507334228171,
38.));
#13301=CARTESIAN_POINT('Ctrl Pts',(0.625276225535459,-52.3674454342681,
38.));
#13302=CARTESIAN_POINT('Ctrl Pts',(0.521628582911451,-52.6717603173225,
38.));
#13303=CARTESIAN_POINT('Ctrl Pts',(0.452748388051987,-52.8739961609244,
38.));
#13304=CARTESIAN_POINT('',(-0.256022363901138,-53.799568079412,38.));
#13305=CARTESIAN_POINT('Ctrl Pts',(0.452748388051987,-52.8739961609244,
38.));
#13306=CARTESIAN_POINT('Ctrl Pts',(0.365346353109259,-53.0555092476521,
38.));
#13307=CARTESIAN_POINT('Ctrl Pts',(0.193087422327718,-53.4132497769549,
38.));
#13308=CARTESIAN_POINT('Ctrl Pts',(-0.107800985034077,-53.6720700082776,
38.));
#13309=CARTESIAN_POINT('Ctrl Pts',(-0.256022363901138,-53.799568079412,
38.));
#13310=CARTESIAN_POINT('',(-1.28443494439125,-54.2164930328727,38.));
#13311=CARTESIAN_POINT('Ctrl Pts',(-0.256022363901138,-53.799568079412,
38.));
#13312=CARTESIAN_POINT('Ctrl Pts',(-0.415771825872859,-53.904341768231,
38.));
#13313=CARTESIAN_POINT('Ctrl Pts',(-0.73118691963229,-54.1112107146079,
38.));
#13314=CARTESIAN_POINT('Ctrl Pts',(-1.10161765079602,-54.1817031599274,
38.));
#13315=CARTESIAN_POINT('Ctrl Pts',(-1.28443494439125,-54.2164930328727,
38.));
#13316=CARTESIAN_POINT('',(-3.23008075356483,-54.2832001671195,38.));
#13317=CARTESIAN_POINT('Ctrl Pts',(-1.28443494439125,-54.2164930328727,
38.));
#13318=CARTESIAN_POINT('Ctrl Pts',(-1.53911953532025,-54.2357405413717,
38.));
#13319=CARTESIAN_POINT('Ctrl Pts',(-2.18660666530852,-54.2846736707456,
38.));
#13320=CARTESIAN_POINT('Ctrl Pts',(-2.83607581099445,-54.2837565467346,
38.));
#13321=CARTESIAN_POINT('Ctrl Pts',(-3.23008075356483,-54.2832001671195,
38.));
#13322=CARTESIAN_POINT('',(-4.76992025971413,-54.2832001671195,38.));
#13323=CARTESIAN_POINT('',(16.6454632824881,-54.2832001671195,38.));
#13324=CARTESIAN_POINT('',(-6.69054999947548,-54.219272993505,38.));
#13325=CARTESIAN_POINT('Ctrl Pts',(-4.76992025971413,-54.2832001671195,
38.));
#13326=CARTESIAN_POINT('Ctrl Pts',(-5.15625657492931,-54.2835723377191,
38.));
#13327=CARTESIAN_POINT('Ctrl Pts',(-5.79730681191214,-54.2841898826964,
38.));
#13328=CARTESIAN_POINT('Ctrl Pts',(-6.43655292538639,-54.2377323561323,
38.));
#13329=CARTESIAN_POINT('Ctrl Pts',(-6.69054999947548,-54.219272993505,38.));
#13330=CARTESIAN_POINT('',(-7.72174254059792,-53.8190254196525,38.));
#13331=CARTESIAN_POINT('Ctrl Pts',(-6.69054999947548,-54.219272993505,38.));
#13332=CARTESIAN_POINT('Ctrl Pts',(-6.87484590904707,-54.1864186340453,
38.));
#13333=CARTESIAN_POINT('Ctrl Pts',(-7.24473161865056,-54.1204792537816,
38.));
#13334=CARTESIAN_POINT('Ctrl Pts',(-7.56236852665561,-53.9197440936973,
38.));
#13335=CARTESIAN_POINT('Ctrl Pts',(-7.72174254059792,-53.8190254196525,
38.));
#13336=CARTESIAN_POINT('',(-8.43885138630867,-52.9101308807731,38.));
#13337=CARTESIAN_POINT('Ctrl Pts',(-7.72174254059792,-53.8190254196525,
38.));
#13338=CARTESIAN_POINT('Ctrl Pts',(-7.86921867822768,-53.6950827178075,
38.));
#13339=CARTESIAN_POINT('Ctrl Pts',(-8.1707136563425,-53.4416986600148,38.));
#13340=CARTESIAN_POINT('Ctrl Pts',(-8.34818835793639,-53.0898651712709,
38.));
#13341=CARTESIAN_POINT('Ctrl Pts',(-8.43885138630867,-52.9101308807731,
38.));
#13342=CARTESIAN_POINT('',(-8.67145393414146,-51.9437528433162,38.));
#13343=CARTESIAN_POINT('Ctrl Pts',(-8.43885138630867,-52.9101308807731,
38.));
#13344=CARTESIAN_POINT('Ctrl Pts',(-8.51176164255645,-52.7055235098394,
38.));
#13345=CARTESIAN_POINT('Ctrl Pts',(-8.62415195811047,-52.3901236173226,
38.));
#13346=CARTESIAN_POINT('Ctrl Pts',(-8.66260719012926,-52.0604566159852,
38.));
#13347=CARTESIAN_POINT('Ctrl Pts',(-8.67145393414146,-51.9437528433162,
38.));
#13348=CARTESIAN_POINT('',(-6.50592933391834,-51.9437528433162,38.));
#13349=CARTESIAN_POINT('',(-8.74381534642605,-51.9437528433162,38.));
#13350=CARTESIAN_POINT('',(-6.22372771807449,-51.9437528433162,38.));
#13351=CARTESIAN_POINT('Ctrl Pts',(-6.50592933391833,-51.9437528433162,
38.));
#13352=CARTESIAN_POINT('Ctrl Pts',(-6.41244590810109,-51.9476345829126,
38.));
#13353=CARTESIAN_POINT('Ctrl Pts',(-6.31813384076356,-51.9460064154317,
38.));
#13354=CARTESIAN_POINT('Ctrl Pts',(-6.22372771807449,-51.9437528433162,
38.));
#13355=CARTESIAN_POINT('',(-1.91398082796317,-51.9437528433162,38.));
#13356=CARTESIAN_POINT('',(-8.74381534642605,-51.9437528433162,38.));
#13357=CARTESIAN_POINT('',(-1.65477125055154,-51.9437528433162,38.));
#13358=CARTESIAN_POINT('Ctrl Pts',(-1.91398082796317,-51.9437528433162,
38.));
#13359=CARTESIAN_POINT('Ctrl Pts',(-1.82749350773906,-51.9447521053644,
38.));
#13360=CARTESIAN_POINT('Ctrl Pts',(-1.74104408009928,-51.9453012826329,
38.));
#13361=CARTESIAN_POINT('Ctrl Pts',(-1.65477125055154,-51.9437528433162,
38.));
#13362=CARTESIAN_POINT('',(-8.74381534642605,-51.9437528433162,38.));
#13363=CARTESIAN_POINT('',(0.49999937415123,-67.9916628822684,38.));
#13364=CARTESIAN_POINT('',(-8.50000038743019,-67.9916628822684,38.));
#13365=CARTESIAN_POINT('',(18.5105033463461,-67.9916628822684,38.));
#13366=CARTESIAN_POINT('',(-8.50000038743019,-65.651329420507,38.));
#13367=CARTESIAN_POINT('',(-8.50000038743019,-50.8697573243054,38.));
#13368=CARTESIAN_POINT('',(-1.3011123239994,-65.651329420507,38.));
#13369=CARTESIAN_POINT('',(14.0105034655554,-65.651329420507,38.));
#13370=CARTESIAN_POINT('',(-1.3011123239994,-64.2282279953361,38.));
#13371=CARTESIAN_POINT('',(-1.3011123239994,-49.6995905934247,38.));
#13372=CARTESIAN_POINT('',(0.49999937415123,-64.2282279953361,38.));
#13373=CARTESIAN_POINT('',(17.6099474972708,-64.2282279953361,38.));
#13374=CARTESIAN_POINT('',(0.49999937415123,-48.9880398808392,38.));
#13375=CARTESIAN_POINT('',(-4.6920944750309,-26.1658486351371,38.));
#13376=CARTESIAN_POINT('',(-1.03428140282631,-28.4423407539725,38.));
#13377=CARTESIAN_POINT('Ctrl Pts',(-4.6920944750309,-26.1658486351371,38.));
#13378=CARTESIAN_POINT('Ctrl Pts',(-4.24058044973691,-26.4148816785389,
38.));
#13379=CARTESIAN_POINT('Ctrl Pts',(-2.98190796319384,-27.1091038342425,
38.));
#13380=CARTESIAN_POINT('Ctrl Pts',(-1.79525521785905,-27.9214203651286,
38.));
#13381=CARTESIAN_POINT('Ctrl Pts',(-1.03428140282631,-28.4423407539725,
38.));
#13382=CARTESIAN_POINT('',(-1.03428140282631,-25.9796198830009,38.));
#13383=CARTESIAN_POINT('',(-1.03428140282631,-31.0950962601575,38.));
#13384=CARTESIAN_POINT('',(0.49999937415123,-25.9796198830009,38.));
#13385=CARTESIAN_POINT('',(17.7433629578574,-25.9796198830009,38.));
#13386=CARTESIAN_POINT('',(0.49999937415123,-30.921560190618,38.));
#13387=CARTESIAN_POINT('',(0.49999937415123,-29.8637358246716,38.));
#13388=CARTESIAN_POINT('',(-0.784126669168472,-30.9201725944877,38.));
#13389=CARTESIAN_POINT('',(18.5120093265161,-30.9410235411514,38.));
#13390=CARTESIAN_POINT('',(-5.22853687405586,-28.3102282509208,38.));
#13391=CARTESIAN_POINT('Ctrl Pts',(-0.784126669168472,-30.9201725944877,
38.));
#13392=CARTESIAN_POINT('Ctrl Pts',(-1.74697055278287,-30.3263009630074,
38.));
#13393=CARTESIAN_POINT('Ctrl Pts',(-3.20973249225686,-29.4240853138809,
38.));
#13394=CARTESIAN_POINT('Ctrl Pts',(-4.71432326607631,-28.5939409594338,
38.));
#13395=CARTESIAN_POINT('Ctrl Pts',(-5.22853687405586,-28.3102282509208,
38.));
#13396=CARTESIAN_POINT('',(-6.55991390347481,-27.8960808739066,38.));
#13397=CARTESIAN_POINT('Ctrl Pts',(-5.22853687405586,-28.3102282509208,
38.));
#13398=CARTESIAN_POINT('Ctrl Pts',(-5.47702576786238,-28.1906510595196,
38.));
#13399=CARTESIAN_POINT('Ctrl Pts',(-5.90151303466832,-27.9863803801639,
38.));
#13400=CARTESIAN_POINT('Ctrl Pts',(-6.36694095956077,-27.9225470624887,
38.));
#13401=CARTESIAN_POINT('Ctrl Pts',(-6.55991390347481,-27.8960808739066,
38.));
#13402=CARTESIAN_POINT('',(-7.10747435688972,-28.0213316902518,38.));
#13403=CARTESIAN_POINT('Ctrl Pts',(-6.55991390347481,-27.8960808739066,
38.));
#13404=CARTESIAN_POINT('Ctrl Pts',(-6.66885558246617,-27.897858692056,38.));
#13405=CARTESIAN_POINT('Ctrl Pts',(-6.8610190793869,-27.9009946062041,38.));
#13406=CARTESIAN_POINT('Ctrl Pts',(-7.03299523572367,-27.9849656592446,
38.));
#13407=CARTESIAN_POINT('Ctrl Pts',(-7.10747435688972,-28.0213316902518,
38.));
#13408=CARTESIAN_POINT('',(-7.28814139962196,-28.4026440605521,38.));
#13409=CARTESIAN_POINT('Ctrl Pts',(-7.10747435688972,-28.0213316902518,
38.));
#13410=CARTESIAN_POINT('Ctrl Pts',(-7.1601393630668,-28.0703207487174,38.));
#13411=CARTESIAN_POINT('Ctrl Pts',(-7.2704729997465,-28.17295324362,38.));
#13412=CARTESIAN_POINT('Ctrl Pts',(-7.28207652656352,-28.3238001552069,
38.));
#13413=CARTESIAN_POINT('Ctrl Pts',(-7.28814139962196,-28.4026440605521,
38.));
#13414=CARTESIAN_POINT('',(-7.08801820874214,-28.7839564308524,38.));
#13415=CARTESIAN_POINT('Ctrl Pts',(-7.28814139962196,-28.4026440605521,
38.));
#13416=CARTESIAN_POINT('Ctrl Pts',(-7.28065541065662,-28.4820012149033,
38.));
#13417=CARTESIAN_POINT('Ctrl Pts',(-7.26604330069347,-28.636900650517,38.));
#13418=CARTESIAN_POINT('Ctrl Pts',(-7.1463775273164,-28.7357493211764,38.));
#13419=CARTESIAN_POINT('Ctrl Pts',(-7.08801820874214,-28.7839564308524,
38.));
#13420=CARTESIAN_POINT('',(-6.29308298230171,-28.9092072471976,38.));
#13421=CARTESIAN_POINT('Ctrl Pts',(-7.08801820874214,-28.7839564308524,
38.));
#13422=CARTESIAN_POINT('Ctrl Pts',(-6.98930851104953,-28.8200513095909,
38.));
#13423=CARTESIAN_POINT('Ctrl Pts',(-6.73392965252387,-28.9134349299071,
38.));
#13424=CARTESIAN_POINT('Ctrl Pts',(-6.4607019845414,-28.910814699415,38.));
#13425=CARTESIAN_POINT('Ctrl Pts',(-6.29308298230171,-28.9092072471976,
38.));
#13426=CARTESIAN_POINT('',(-5.43699875473976,-28.9092072471976,38.));
#13427=CARTESIAN_POINT('',(15.1139621681197,-28.9092072471976,38.));
#13428=CARTESIAN_POINT('',(-5.43699875473976,-30.921560190618,38.));
#13429=CARTESIAN_POINT('',(-5.43699875473976,-31.32852950677,38.));
#13430=CARTESIAN_POINT('',(-5.76497927308083,-30.921560190618,38.));
#13431=CARTESIAN_POINT('',(15.5420042819006,-30.921560190618,38.));
#13432=CARTESIAN_POINT('',(-6.95738151669502,-30.8437355980277,38.));
#13433=CARTESIAN_POINT('Ctrl Pts',(-5.76497927308083,-30.921560190618,38.));
#13434=CARTESIAN_POINT('Ctrl Pts',(-5.9907269332614,-30.9204011822055,38.));
#13435=CARTESIAN_POINT('Ctrl Pts',(-6.3898856572384,-30.9183518660856,38.));
#13436=CARTESIAN_POINT('Ctrl Pts',(-6.78550716567289,-30.8663342169153,
38.));
#13437=CARTESIAN_POINT('Ctrl Pts',(-6.95738151669502,-30.8437355980277,
38.));
#13438=CARTESIAN_POINT('',(-7.81624510884285,-30.4601630195975,38.));
#13439=CARTESIAN_POINT('Ctrl Pts',(-6.95738151669502,-30.8437355980277,
38.));
#13440=CARTESIAN_POINT('Ctrl Pts',(-7.10498640447286,-30.8062917478216,
38.));
#13441=CARTESIAN_POINT('Ctrl Pts',(-7.41317533903656,-30.7281115433941,
38.));
#13442=CARTESIAN_POINT('Ctrl Pts',(-7.67816851879238,-30.5519521371309,
38.));
#13443=CARTESIAN_POINT('Ctrl Pts',(-7.81624510884285,-30.4601630195975,
38.));
#13444=CARTESIAN_POINT('',(-8.45552876591682,-29.6652277931571,38.));
#13445=CARTESIAN_POINT('Ctrl Pts',(-7.81624510884285,-30.4601630195975,
38.));
#13446=CARTESIAN_POINT('Ctrl Pts',(-7.94874329228944,-30.3500599174162,
38.));
#13447=CARTESIAN_POINT('Ctrl Pts',(-8.21554507735798,-30.1283534499051,
38.));
#13448=CARTESIAN_POINT('Ctrl Pts',(-8.37517413899469,-29.8202978714176,
38.));
#13449=CARTESIAN_POINT('Ctrl Pts',(-8.45552876591682,-29.6652277931571,
38.));
#13450=CARTESIAN_POINT('',(-8.6723293364048,-28.4922846779227,38.));
#13451=CARTESIAN_POINT('Ctrl Pts',(-8.45552876591682,-29.6652277931571,
38.));
#13452=CARTESIAN_POINT('Ctrl Pts',(-8.51869488823293,-29.487669719311,38.));
#13453=CARTESIAN_POINT('Ctrl Pts',(-8.6535206340967,-29.1086785945963,38.));
#13454=CARTESIAN_POINT('Ctrl Pts',(-8.66580187864515,-28.7062008316522,
38.));
#13455=CARTESIAN_POINT('Ctrl Pts',(-8.6723293364048,-28.4922846779227,38.));
#13456=CARTESIAN_POINT('',(-8.00803020596504,-26.4660319313407,38.));
#13457=CARTESIAN_POINT('Ctrl Pts',(-8.6723293364048,-28.4922846779227,38.));
#13458=CARTESIAN_POINT('Ctrl Pts',(-8.65658894810317,-28.0863420378646,
38.));
#13459=CARTESIAN_POINT('Ctrl Pts',(-8.62779726040183,-27.3438080232496,
38.));
#13460=CARTESIAN_POINT('Ctrl Pts',(-8.20134253727628,-26.7398201901412,
38.));
#13461=CARTESIAN_POINT('Ctrl Pts',(-8.00803020596504,-26.4660319313407,
38.));
#13462=CARTESIAN_POINT('',(-6.32643654942513,-25.7794960960746,38.));
#13463=CARTESIAN_POINT('Ctrl Pts',(-8.00803020596504,-26.4660319313407,
38.));
#13464=CARTESIAN_POINT('Ctrl Pts',(-7.76897788230858,-26.2658094033771,
38.));
#13465=CARTESIAN_POINT('Ctrl Pts',(-7.28224129071267,-25.8581345088978,
38.));
#13466=CARTESIAN_POINT('Ctrl Pts',(-6.64878278260352,-25.8060169899996,
38.));
#13467=CARTESIAN_POINT('Ctrl Pts',(-6.32643654942513,-25.7794960960746,
38.));
#13468=CARTESIAN_POINT('Ctrl Pts',(-6.32643654942513,-25.7794960960746,
38.));
#13469=CARTESIAN_POINT('Ctrl Pts',(-6.05845621849219,-25.7986751238335,
38.));
#13470=CARTESIAN_POINT('Ctrl Pts',(-5.49330369493337,-25.8391224055411,
38.));
#13471=CARTESIAN_POINT('Ctrl Pts',(-4.96820519778037,-26.053253056911,38.));
#13472=CARTESIAN_POINT('Ctrl Pts',(-4.6920944750309,-26.1658486351371,38.));
#13473=CARTESIAN_POINT('',(0.49999937415123,-71.8801745399833,38.));
#13474=CARTESIAN_POINT('',(0.49999937415123,-74.2205077037215,38.));
#13475=CARTESIAN_POINT('',(0.49999937415123,-52.8140131531628,38.));
#13476=CARTESIAN_POINT('',(-8.50000038743019,-74.2205077037215,38.));
#13477=CARTESIAN_POINT('',(18.5105033463461,-74.2205077037215,38.));
#13478=CARTESIAN_POINT('',(-8.50000038743019,-70.2569499239326,38.));
#13479=CARTESIAN_POINT('',(-8.50000038743019,-53.984179735032,38.));
#13480=CARTESIAN_POINT('',(-6.69888868927956,-70.2569499239326,38.));
#13481=CARTESIAN_POINT('',(14.0105034655554,-70.2569499239326,38.));
#13482=CARTESIAN_POINT('',(-6.69888868927956,-71.8801745399833,38.));
#13483=CARTESIAN_POINT('',(-6.69888868927956,-52.0024008451375,38.));
#13484=CARTESIAN_POINT('',(-4.99227955937386,-71.8801745399833,38.));
#13485=CARTESIAN_POINT('',(14.9110593146307,-71.8801745399833,38.));
#13486=CARTESIAN_POINT('',(-4.99227955937386,-70.4348376020789,38.));
#13487=CARTESIAN_POINT('',(-4.99227955937386,-52.8140131531628,38.));
#13488=CARTESIAN_POINT('',(-3.2801117002964,-70.4348376020789,38.));
#13489=CARTESIAN_POINT('',(15.7643638795836,-70.4348376020789,38.));
#13490=CARTESIAN_POINT('',(-3.2801117002964,-71.8801745399833,38.));
#13491=CARTESIAN_POINT('',(-3.2801117002964,-52.0913446842107,38.));
#13492=CARTESIAN_POINT('',(16.6204478091223,-71.8801745399833,38.));
#13493=CARTESIAN_POINT('',(-9.97903132973132,-102.471602318541,38.));
#13494=CARTESIAN_POINT('',(-9.97903132973132,-0.971597681458931,38.));
#13495=CARTESIAN_POINT('',(-9.97903132973132,-93.8552486033303,38.));
#13496=CARTESIAN_POINT('',(-9.97896867026872,-0.915624748682248,38.));
#13497=CARTESIAN_POINT('Origin',(15.0209686702687,-0.971597681458931,38.));
#13498=CARTESIAN_POINT('',(-9.97896867026873,-102.471602318541,38.));
#13499=CARTESIAN_POINT('',(-9.97896867026873,-102.471602318541,38.));
#13500=CARTESIAN_POINT('',(-12.9789686702687,-102.471602318541,38.));
#13501=CARTESIAN_POINT('',(0.671304968153021,-51.2062528082868,38.));
#13502=CARTESIAN_POINT('',(-8.67049814969007,-51.2062528082868,38.));
#13503=CARTESIAN_POINT('',(0.795569235063019,-51.2062528082868,38.));
#13504=CARTESIAN_POINT('',(-8.4527488052845,-50.2779492363334,38.));
#13505=CARTESIAN_POINT('Ctrl Pts',(-8.67049814969007,-51.2062528082868,
38.));
#13506=CARTESIAN_POINT('Ctrl Pts',(-8.66209632075437,-51.0999286001184,
38.));
#13507=CARTESIAN_POINT('Ctrl Pts',(-8.62506662479003,-50.7838838101292,
38.));
#13508=CARTESIAN_POINT('Ctrl Pts',(-8.52162920507382,-50.4801858698417,
38.));
#13509=CARTESIAN_POINT('Ctrl Pts',(-8.4527488052845,-50.2779492363334,38.));
#13510=CARTESIAN_POINT('',(-7.74397805333138,-49.3523797020316,38.));
#13511=CARTESIAN_POINT('Ctrl Pts',(-8.4527488052845,-50.2779492363334,38.));
#13512=CARTESIAN_POINT('Ctrl Pts',(-8.36534636319504,-50.0964380432465,
38.));
#13513=CARTESIAN_POINT('Ctrl Pts',(-8.19308579643486,-49.738699515043,38.));
#13514=CARTESIAN_POINT('Ctrl Pts',(-7.89219925282011,-49.4798786974289,
38.));
#13515=CARTESIAN_POINT('Ctrl Pts',(-7.74397805333138,-49.3523797020316,
38.));
#13516=CARTESIAN_POINT('',(-6.71556547284126,-48.9354547485709,38.));
#13517=CARTESIAN_POINT('Ctrl Pts',(-7.74397805333138,-49.3523797020316,
38.));
#13518=CARTESIAN_POINT('Ctrl Pts',(-7.5842289497601,-49.2476048180106,38.));
#13519=CARTESIAN_POINT('Ctrl Pts',(-7.26881474840714,-49.0407336329677,
38.));
#13520=CARTESIAN_POINT('Ctrl Pts',(-6.89838310617138,-48.9702434728135,
38.));
#13521=CARTESIAN_POINT('Ctrl Pts',(-6.71556547284126,-48.9354547485709,
38.));
#13522=CARTESIAN_POINT('',(-4.76992025971413,-48.8687476143241,38.));
#13523=CARTESIAN_POINT('Ctrl Pts',(-6.71556547284126,-48.9354547485709,
38.));
#13524=CARTESIAN_POINT('Ctrl Pts',(-6.46088069489589,-48.9162061859842,
38.));
#13525=CARTESIAN_POINT('Ctrl Pts',(-5.81339388181515,-48.867270436678,38.));
#13526=CARTESIAN_POINT('Ctrl Pts',(-5.16392483168874,-48.8681898477128,
38.));
#13527=CARTESIAN_POINT('Ctrl Pts',(-4.76992025971413,-48.8687476143241,
38.));
#13528=CARTESIAN_POINT('',(-3.23008075356483,-48.8687476143241,38.));
#13529=CARTESIAN_POINT('',(15.8755435294134,-48.8687476143241,38.));
#13530=CARTESIAN_POINT('',(-1.30945101380348,-48.9326747879386,38.));
#13531=CARTESIAN_POINT('Ctrl Pts',(-3.23008075356483,-48.8687476143241,
38.));
#13532=CARTESIAN_POINT('Ctrl Pts',(-2.84374426510727,-48.8683768266323,
38.));
#13533=CARTESIAN_POINT('Ctrl Pts',(-2.20269412723041,-48.8677615766934,
38.));
#13534=CARTESIAN_POINT('Ctrl Pts',(-1.56344790055684,-48.9142164832312,
38.));
#13535=CARTESIAN_POINT('Ctrl Pts',(-1.30945101380348,-48.9326747879386,
38.));
#13536=CARTESIAN_POINT('',(-0.278258472681046,-49.3329223617911,38.));
#13537=CARTESIAN_POINT('Ctrl Pts',(-1.30945101380348,-48.9326747879386,
38.));
#13538=CARTESIAN_POINT('Ctrl Pts',(-1.12515510423189,-48.9655291473983,
38.));
#13539=CARTESIAN_POINT('Ctrl Pts',(-0.755269394628395,-49.031468527662,
38.));
#13540=CARTESIAN_POINT('Ctrl Pts',(-0.437632486623354,-49.2322036877463,
38.));
#13541=CARTESIAN_POINT('Ctrl Pts',(-0.278258472681046,-49.3329223617911,
38.));
#13542=CARTESIAN_POINT('',(0.438850969076157,-50.2418169006705,38.));
#13543=CARTESIAN_POINT('Ctrl Pts',(-0.278258472681046,-49.3329223617911,
38.));
#13544=CARTESIAN_POINT('Ctrl Pts',(-0.130781983619292,-49.4568641339689,
38.));
#13545=CARTESIAN_POINT('Ctrl Pts',(0.170714570582411,-49.7102470119516,
38.));
#13546=CARTESIAN_POINT('Ctrl Pts',(0.348188227457451,-50.0620815728898,
38.));
#13547=CARTESIAN_POINT('Ctrl Pts',(0.438850969076157,-50.2418169006705,
38.));
#13548=CARTESIAN_POINT('Ctrl Pts',(0.438850969076157,-50.2418169006705,
38.));
#13549=CARTESIAN_POINT('Ctrl Pts',(0.511761021884178,-50.4464242817149,
38.));
#13550=CARTESIAN_POINT('Ctrl Pts',(0.623932018305534,-50.7612095948916,
38.));
#13551=CARTESIAN_POINT('Ctrl Pts',(0.662455827165885,-51.0902063968901,
38.));
#13552=CARTESIAN_POINT('Ctrl Pts',(0.67130496815302,-51.2062528082868,38.));
#13553=CARTESIAN_POINT('',(0.49999937415123,-44.3125028433162,38.));
#13554=CARTESIAN_POINT('',(0.49999937415123,-46.2977155670524,38.));
#13555=CARTESIAN_POINT('',(0.49999937415123,-38.8526169358167,38.));
#13556=CARTESIAN_POINT('',(-8.50000038743019,-46.2977155670524,38.));
#13557=CARTESIAN_POINT('',(18.5105033463461,-46.2977155670524,38.));
#13558=CARTESIAN_POINT('',(-8.50000038743019,-44.3125028433162,38.));
#13559=CARTESIAN_POINT('',(-8.50000038743019,-40.0227836666974,38.));
#13560=CARTESIAN_POINT('',(-8.74381534642605,-44.3125028433162,38.));
#13561=CARTESIAN_POINT('',(0.671302873653898,-59.1250028082868,38.));
#13562=CARTESIAN_POINT('',(-8.67049602561043,-59.1250028082868,38.));
#13563=CARTESIAN_POINT('',(0.795569235063019,-59.1250028082868,38.));
#13564=CARTESIAN_POINT('',(-8.4527488052845,-58.1967278942466,38.));
#13565=CARTESIAN_POINT('Ctrl Pts',(-8.67049602561043,-59.1250028082868,
38.));
#13566=CARTESIAN_POINT('Ctrl Pts',(-8.66209423915035,-59.018687877758,38.));
#13567=CARTESIAN_POINT('Ctrl Pts',(-8.62506370934784,-58.7026529175134,
38.));
#13568=CARTESIAN_POINT('Ctrl Pts',(-8.52162920378789,-58.398964127989,38.));
#13569=CARTESIAN_POINT('Ctrl Pts',(-8.4527488052845,-58.1967278942466,38.));
#13570=CARTESIAN_POINT('',(-7.74397805333138,-57.2711571678519,38.));
#13571=CARTESIAN_POINT('Ctrl Pts',(-8.4527488052845,-58.1967278942466,38.));
#13572=CARTESIAN_POINT('Ctrl Pts',(-8.36534656676772,-58.0152157543398,
38.));
#13573=CARTESIAN_POINT('Ctrl Pts',(-8.19308681799783,-57.6574762255861,
38.));
#13574=CARTESIAN_POINT('Ctrl Pts',(-7.89219934250992,-57.3986557011173,
38.));
#13575=CARTESIAN_POINT('Ctrl Pts',(-7.74397805333138,-57.2711571678519,
38.));
#13576=CARTESIAN_POINT('',(-6.71556547284126,-56.8542322143912,38.));
#13577=CARTESIAN_POINT('Ctrl Pts',(-7.74397805333138,-57.2711571678519,
38.));
#13578=CARTESIAN_POINT('Ctrl Pts',(-7.5842289497601,-57.1663822838309,38.));
#13579=CARTESIAN_POINT('Ctrl Pts',(-7.26881474840714,-56.959511098788,38.));
#13580=CARTESIAN_POINT('Ctrl Pts',(-6.89838310617138,-56.8890209386338,
38.));
#13581=CARTESIAN_POINT('Ctrl Pts',(-6.71556547284126,-56.8542322143912,
38.));
#13582=CARTESIAN_POINT('',(-4.76992025971413,-56.7875250801444,38.));
#13583=CARTESIAN_POINT('Ctrl Pts',(-6.71556547284126,-56.8542322143912,
38.));
#13584=CARTESIAN_POINT('Ctrl Pts',(-6.46088069489589,-56.8349836518045,
38.));
#13585=CARTESIAN_POINT('Ctrl Pts',(-5.81339388181515,-56.7860479024984,
38.));
#13586=CARTESIAN_POINT('Ctrl Pts',(-5.16392483168874,-56.7869673135331,
38.));
#13587=CARTESIAN_POINT('Ctrl Pts',(-4.76992025971413,-56.7875250801444,
38.));
#13588=CARTESIAN_POINT('',(-3.23008075356483,-56.7875250801444,38.));
#13589=CARTESIAN_POINT('',(15.8755435294134,-56.7875250801444,38.));
#13590=CARTESIAN_POINT('',(-1.30945101380348,-56.8514522537589,38.));
#13591=CARTESIAN_POINT('Ctrl Pts',(-3.23008075356483,-56.7875250801444,
38.));
#13592=CARTESIAN_POINT('Ctrl Pts',(-2.84374423907366,-56.7871528971692,
38.));
#13593=CARTESIAN_POINT('Ctrl Pts',(-2.20269400085607,-56.786535331974,38.));
#13594=CARTESIAN_POINT('Ctrl Pts',(-1.56344788919787,-56.8329928921601,
38.));
#13595=CARTESIAN_POINT('Ctrl Pts',(-1.30945101380348,-56.8514522537589,
38.));
#13596=CARTESIAN_POINT('',(-0.278258472681046,-57.2516998276114,38.));
#13597=CARTESIAN_POINT('Ctrl Pts',(-1.30945101380348,-56.8514522537589,
38.));
#13598=CARTESIAN_POINT('Ctrl Pts',(-1.12515510423189,-56.8843066132186,
38.));
#13599=CARTESIAN_POINT('Ctrl Pts',(-0.755269394628395,-56.9502459934824,
38.));
#13600=CARTESIAN_POINT('Ctrl Pts',(-0.437632486623354,-57.1509811535666,
38.));
#13601=CARTESIAN_POINT('Ctrl Pts',(-0.278258472681046,-57.2516998276114,
38.));
#13602=CARTESIAN_POINT('',(0.438850969076157,-58.1605943664908,38.));
#13603=CARTESIAN_POINT('Ctrl Pts',(-0.278258472681046,-57.2516998276114,
38.));
#13604=CARTESIAN_POINT('Ctrl Pts',(-0.130781983619292,-57.3756415997892,
38.));
#13605=CARTESIAN_POINT('Ctrl Pts',(0.170714570582411,-57.6290244777719,
38.));
#13606=CARTESIAN_POINT('Ctrl Pts',(0.348188227457451,-57.9808590387101,
38.));
#13607=CARTESIAN_POINT('Ctrl Pts',(0.438850969076157,-58.1605943664908,
38.));
#13608=CARTESIAN_POINT('Ctrl Pts',(0.438850969076157,-58.1605943664908,
38.));
#13609=CARTESIAN_POINT('Ctrl Pts',(0.511761021884178,-58.3652017475352,
38.));
#13610=CARTESIAN_POINT('Ctrl Pts',(0.623928920881939,-58.6799783684163,
38.));
#13611=CARTESIAN_POINT('Ctrl Pts',(0.662453699562354,-59.0089656932748,
38.));
#13612=CARTESIAN_POINT('Ctrl Pts',(0.671302873653898,-59.1250028082868,
38.));
#13613=CARTESIAN_POINT('',(-6.50658857466981,-59.8625028433162,38.));
#13614=CARTESIAN_POINT('',(-6.22257840232628,-59.8625028433162,38.));
#13615=CARTESIAN_POINT('Ctrl Pts',(-6.50658857466992,-59.8625028433162,
38.));
#13616=CARTESIAN_POINT('Ctrl Pts',(-6.41250996280378,-59.8664355574243,
38.));
#13617=CARTESIAN_POINT('Ctrl Pts',(-6.31759030529319,-59.8647758853976,
38.));
#13618=CARTESIAN_POINT('Ctrl Pts',(-6.22257840232591,-59.8625028433162,
38.));
#13619=CARTESIAN_POINT('',(-1.91635492474918,-59.8625028433162,38.));
#13620=CARTESIAN_POINT('',(-8.74381534642605,-59.8625028433162,38.));
#13621=CARTESIAN_POINT('',(-1.65323817639351,-59.8625028433162,38.));
#13622=CARTESIAN_POINT('Ctrl Pts',(-1.91635492474862,-59.8625028433162,
38.));
#13623=CARTESIAN_POINT('Ctrl Pts',(-1.8285632442119,-59.8635254834121,38.));
#13624=CARTESIAN_POINT('Ctrl Pts',(-1.74080930139063,-59.8640998876352,
38.));
#13625=CARTESIAN_POINT('Ctrl Pts',(-1.65323817639395,-59.8625028433162,
38.));
#13626=CARTESIAN_POINT('',(0.670652222824949,-59.8625028433162,38.));
#13627=CARTESIAN_POINT('',(-8.74381534642605,-59.8625028433162,38.));
#13628=CARTESIAN_POINT('',(0.452748388051987,-60.7927748188376,38.));
#13629=CARTESIAN_POINT('Ctrl Pts',(0.670652222824949,-59.8625028433162,
38.));
#13630=CARTESIAN_POINT('Ctrl Pts',(0.662247804229531,-59.9694931084056,
38.));
#13631=CARTESIAN_POINT('Ctrl Pts',(0.625279327344096,-60.2862149735623,
38.));
#13632=CARTESIAN_POINT('Ctrl Pts',(0.52162858167649,-60.5905389742516,38.));
#13633=CARTESIAN_POINT('Ctrl Pts',(0.452748388051987,-60.7927748188376,
38.));
#13634=CARTESIAN_POINT('',(-0.256022363901138,-61.7183455452323,38.));
#13635=CARTESIAN_POINT('Ctrl Pts',(0.452748388051987,-60.7927748188376,
38.));
#13636=CARTESIAN_POINT('Ctrl Pts',(0.365346149535202,-60.9742869587444,
38.));
#13637=CARTESIAN_POINT('Ctrl Pts',(0.193086400765323,-61.3320264874981,
38.));
#13638=CARTESIAN_POINT('Ctrl Pts',(-0.107801074722593,-61.5908470119669,
38.));
#13639=CARTESIAN_POINT('Ctrl Pts',(-0.256022363901138,-61.7183455452323,
38.));
#13640=CARTESIAN_POINT('',(-1.28443494439125,-62.1352693066001,38.));
#13641=CARTESIAN_POINT('Ctrl Pts',(-0.256022363901138,-61.7183455452323,
38.));
#13642=CARTESIAN_POINT('Ctrl Pts',(-0.41577179971757,-61.8231193340063,
38.));
#13643=CARTESIAN_POINT('Ctrl Pts',(-0.731186758182809,-62.0299884228735,
38.));
#13644=CARTESIAN_POINT('Ctrl Pts',(-1.10161763076158,-62.1004799140286,
38.));
#13645=CARTESIAN_POINT('Ctrl Pts',(-1.28443494439125,-62.1352693066001,
38.));
#13646=CARTESIAN_POINT('',(-3.23008075356483,-62.2019776329398,38.));
#13647=CARTESIAN_POINT('Ctrl Pts',(-1.28443494439125,-62.1352693066001,
38.));
#13648=CARTESIAN_POINT('Ctrl Pts',(-1.53911953021014,-62.1545172907002,
38.));
#13649=CARTESIAN_POINT('Ctrl Pts',(-2.1866066072801,-62.2034516261817,38.));
#13650=CARTESIAN_POINT('Ctrl Pts',(-2.83607579888837,-62.2025341974149,
38.));
#13651=CARTESIAN_POINT('Ctrl Pts',(-3.23008075356483,-62.2019776329398,
38.));
#13652=CARTESIAN_POINT('',(-4.76992025971413,-62.2019776329398,38.));
#13653=CARTESIAN_POINT('',(16.6454632824881,-62.2019776329398,38.));
#13654=CARTESIAN_POINT('',(-6.69054999947548,-62.1380492672324,38.));
#13655=CARTESIAN_POINT('Ctrl Pts',(-4.76992025971413,-62.2019776329398,
38.));
#13656=CARTESIAN_POINT('Ctrl Pts',(-5.15625657328193,-62.2023492865728,
38.));
#13657=CARTESIAN_POINT('Ctrl Pts',(-5.7973068039153,-62.202965973741,38.));
#13658=CARTESIAN_POINT('Ctrl Pts',(-6.43655292466761,-62.1565085778001,
38.));
#13659=CARTESIAN_POINT('Ctrl Pts',(-6.69054999947548,-62.1380492672324,
38.));
#13660=CARTESIAN_POINT('',(-7.72174254059792,-61.7378016933799,38.));
#13661=CARTESIAN_POINT('Ctrl Pts',(-6.69054999947548,-62.1380492672324,
38.));
#13662=CARTESIAN_POINT('Ctrl Pts',(-6.87484590904707,-62.1051949077728,
38.));
#13663=CARTESIAN_POINT('Ctrl Pts',(-7.24473161865056,-62.039255527509,38.));
#13664=CARTESIAN_POINT('Ctrl Pts',(-7.56236852665561,-61.8385203674247,
38.));
#13665=CARTESIAN_POINT('Ctrl Pts',(-7.72174254059792,-61.7378016933799,
38.));
#13666=CARTESIAN_POINT('',(-8.43885138630867,-60.8289083465934,38.));
#13667=CARTESIAN_POINT('Ctrl Pts',(-7.72174254059792,-61.7378016933799,
38.));
#13668=CARTESIAN_POINT('Ctrl Pts',(-7.86921870521467,-61.6138594224646,
38.));
#13669=CARTESIAN_POINT('Ctrl Pts',(-8.17071396070955,-61.3604760588999,
38.));
#13670=CARTESIAN_POINT('Ctrl Pts',(-8.34818841850093,-61.0086426984124,
38.));
#13671=CARTESIAN_POINT('Ctrl Pts',(-8.43885138630867,-60.8289083465934,
38.));
#13672=CARTESIAN_POINT('',(-8.67145601610406,-59.8625028433162,38.));
#13673=CARTESIAN_POINT('Ctrl Pts',(-8.43885138630867,-60.8289083465934,
38.));
#13674=CARTESIAN_POINT('Ctrl Pts',(-8.51176164255645,-60.6243009756597,
38.));
#13675=CARTESIAN_POINT('Ctrl Pts',(-8.62415505527272,-60.3088923916054,
38.));
#13676=CARTESIAN_POINT('Ctrl Pts',(-8.66260930951004,-59.9792159123965,
38.));
#13677=CARTESIAN_POINT('Ctrl Pts',(-8.67145601610406,-59.8625028433162,
38.));
#13678=CARTESIAN_POINT('',(-8.74381534642605,-59.8625028433162,38.));
#13679=CARTESIAN_POINT('Origin',(9.82103132973127,-81.2768057415319,34.));
#13680=CARTESIAN_POINT('',(9.82103132973127,-79.8768057415319,27.7682859851684));
#13681=CARTESIAN_POINT('',(9.82103132973127,-79.8768057415319,34.));
#13682=CARTESIAN_POINT('',(9.82103132973127,-79.8768057415319,31.25));
#13683=CARTESIAN_POINT('',(9.82103132973127,-70.4906023185411,34.));
#13684=CARTESIAN_POINT('',(9.82103132973127,-57.5123287539372,34.));
#13685=CARTESIAN_POINT('',(9.82103132973127,-79.634748509518,27.6417740786999));
#13686=CARTESIAN_POINT('',(9.82103132973127,-76.822572462216,29.5971726764234));
#13687=CARTESIAN_POINT('',(9.82103132973127,-81.9952057805379,28.8754738405688));
#13688=CARTESIAN_POINT('Origin',(67.9446629538064,-79.8768057415319,34.));
#13689=CARTESIAN_POINT('',(67.293004457287,-79.8768057415319,34.));
#13690=CARTESIAN_POINT('',(67.293004457287,-79.8768057415319,27.7682859851684));
#13691=CARTESIAN_POINT('',(67.293004457287,-79.8768057415319,31.25));
#13692=CARTESIAN_POINT('',(52.2328351361737,-79.8768057415319,34.));
#13693=CARTESIAN_POINT('',(27.9846662122547,-79.8768057415319,27.7682859851684));
#13694=CARTESIAN_POINT('Origin',(62.9240050211078,-70.4906023185411,34.));
#13695=CARTESIAN_POINT('',(67.1803339916543,-79.634748509518,27.6417740786999));
#13696=CARTESIAN_POINT('',(64.5954769795289,-74.0815333879406,24.7393702702477));
#13697=CARTESIAN_POINT('',(62.9240050211078,-70.4906023185411,34.));
#13698=CARTESIAN_POINT('',(61.5614537217475,-67.5633454358438,36.0354180916569));
#13699=CARTESIAN_POINT('',(53.5445749100122,-50.3401673504243,34.));
#13700=CARTESIAN_POINT('Origin',(46.1483010947782,-80.455777125525,28.07088703935));
#13701=CARTESIAN_POINT('',(46.1483010947782,-79.634748509518,27.6417740786999));
#13702=CARTESIAN_POINT('Origin',(24.35193923575,-75.8837023185411,30.25));
#13703=CARTESIAN_POINT('',(23.1710193241361,-70.4906023185411,34.));
#13704=CARTESIAN_POINT('Origin',(-12.4790313297313,-64.1097247239007,37.5));
#13705=CARTESIAN_POINT('',(-12.9790313297313,-102.500001527369,37.5));
#13706=CARTESIAN_POINT('Origin',(-12.4790313297313,-102.500001527369,37.5));
#13707=CARTESIAN_POINT('',(-12.9790313297313,-94.471597681459,37.5));
#13708=CARTESIAN_POINT('Origin',(-12.4790313297313,-94.4718629247406,37.5));
#13709=CARTESIAN_POINT('',(-12.9790313297313,-64.1097247239007,37.5));
#13710=CARTESIAN_POINT('Origin',(-12.9790313297313,-102.500001527369,34.));
#13711=CARTESIAN_POINT('',(-12.9790313297313,-102.500001527369,34.));
#13712=CARTESIAN_POINT('',(-12.9790313297313,-102.500001527369,34.));
#13713=CARTESIAN_POINT('',(-11.5000001713634,-102.500001527369,34.));
#13714=CARTESIAN_POINT('',(-13.5000002011657,-102.500001527369,34.));
#13715=CARTESIAN_POINT('',(-11.5000001713634,-102.500001527369,27.));
#13716=CARTESIAN_POINT('',(-11.5000001713634,-102.500001527369,34.));
#13717=CARTESIAN_POINT('',(-9.97903132973132,-102.500001527369,27.));
#13718=CARTESIAN_POINT('',(-13.5000002011657,-102.500001527369,27.));
#13719=CARTESIAN_POINT('',(-9.97903132973132,-102.500001527369,37.));
#13720=CARTESIAN_POINT('',(-9.97903132973132,-102.500001527369,34.));
#13721=CARTESIAN_POINT('',(83.0209686702687,-102.500001527369,37.));
#13722=CARTESIAN_POINT('',(11.7709879944048,-102.500001527369,37.));
#13723=CARTESIAN_POINT('',(83.0209686702687,-102.500001527369,34.));
#13724=CARTESIAN_POINT('Origin',(85.5209686702687,-68.1097270424417,37.5));
#13725=CARTESIAN_POINT('',(86.0209686702687,-102.471602318541,37.5));
#13726=CARTESIAN_POINT('Origin',(85.5209686702687,-102.471602318541,37.5));
#13727=CARTESIAN_POINT('',(86.0209686702687,2.02839768145896,37.5));
#13728=CARTESIAN_POINT('',(86.0209686702687,-68.1097270424417,37.5));
#13729=CARTESIAN_POINT('Origin',(85.5209686702687,2.02839768145896,37.5));
#13730=CARTESIAN_POINT('Origin',(61.0209686702687,2.02839768145896,37.5));
#13731=CARTESIAN_POINT('',(61.0209686702687,27.028397681459,37.5));
#13732=CARTESIAN_POINT('Origin',(61.0209686702687,26.528397681459,37.5));
#13733=CARTESIAN_POINT('Origin',(61.0209686702687,2.02839768145896,37.5));
#13734=CARTESIAN_POINT('Origin',(61.2709879944049,26.528397681459,37.5));
#13735=CARTESIAN_POINT('',(12.0210313297313,27.028397681459,37.5));
#13736=CARTESIAN_POINT('Origin',(12.0210313297313,26.528397681459,37.5));
#13737=CARTESIAN_POINT('',(61.2709879944049,27.028397681459,37.5));
#13738=CARTESIAN_POINT('Origin',(12.0210313297313,2.02839768145895,37.5));
#13739=CARTESIAN_POINT('',(-12.9789686702687,2.02839768145895,37.5));
#13740=CARTESIAN_POINT('Origin',(-12.4789686702687,2.02839768145895,37.5));
#13741=CARTESIAN_POINT('Origin',(12.0210313297313,2.02839768145895,37.5));
#13742=CARTESIAN_POINT('Origin',(-12.4789686702687,-3.35972704244174,37.5));
#13743=CARTESIAN_POINT('',(-12.9789686702687,-3.35972704244174,37.5));
#13744=CARTESIAN_POINT('Origin',(-12.9789686702687,27.028397681459,34.));
#13745=CARTESIAN_POINT('',(-12.9789686702687,2.02839768145895,34.));
#13746=CARTESIAN_POINT('',(-12.9789686702687,2.02839768145895,34.));
#13747=CARTESIAN_POINT('',(-12.9790313297269,-94.471597681459,34.));
#13748=CARTESIAN_POINT('',(-12.9789686702687,27.028397681459,34.));
#13749=CARTESIAN_POINT('',(-12.9790313297313,-94.471597681459,34.));
#13750=CARTESIAN_POINT('Origin',(12.0210313297313,2.02839768145895,34.));
#13751=CARTESIAN_POINT('',(12.0210313297313,27.028397681459,34.));
#13752=CARTESIAN_POINT('',(12.0210313297313,27.028397681459,34.));
#13753=CARTESIAN_POINT('Origin',(12.0210313297313,2.02839768145895,34.));
#13754=CARTESIAN_POINT('Origin',(86.0209686702687,27.028397681459,34.));
#13755=CARTESIAN_POINT('',(61.0209686702687,27.028397681459,34.));
#13756=CARTESIAN_POINT('',(61.0209686702687,27.028397681459,34.));
#13757=CARTESIAN_POINT('',(86.0210313297313,27.028397681459,34.));
#13758=CARTESIAN_POINT('Origin',(61.0209686702687,2.02839768145896,34.));
#13759=CARTESIAN_POINT('',(86.0209686702687,2.02839768145896,34.));
#13760=CARTESIAN_POINT('',(86.0209686702687,2.02839768145896,34.));
#13761=CARTESIAN_POINT('Origin',(61.0209686702687,2.02839768145896,34.));
#13762=CARTESIAN_POINT('Origin',(86.0209686702687,-102.471602318541,34.));
#13763=CARTESIAN_POINT('',(86.0209686702687,-102.471602318541,34.));
#13764=CARTESIAN_POINT('',(86.0209686702687,-102.471602318541,34.));
#13765=CARTESIAN_POINT('',(86.0209686702687,-105.120004992932,34.));
#13766=CARTESIAN_POINT('Origin',(0.,-1.8,0.));
#13767=CARTESIAN_POINT('',(-4.,-1.8,34.));
#13768=CARTESIAN_POINT('Origin',(0.,-1.8,34.));
#13769=CARTESIAN_POINT('',(-4.,-1.8,35.5));
#13770=CARTESIAN_POINT('',(-4.,-1.8,0.));
#13771=CARTESIAN_POINT('Origin',(0.,-1.8,35.5));
#13772=CARTESIAN_POINT('Origin',(0.,-1.8,35.5));
#13773=CARTESIAN_POINT('Origin',(76.8537853395377,-26.4086288736138,0.));
#13774=CARTESIAN_POINT('',(72.9900820343814,-27.4439050540239,34.));
#13775=CARTESIAN_POINT('Origin',(76.8537853395377,-26.4086288736138,34.));
#13776=CARTESIAN_POINT('',(72.9900820343814,-27.4439050540239,35.5));
#13777=CARTESIAN_POINT('',(72.9900820343814,-27.4439050540239,0.));
#13778=CARTESIAN_POINT('Origin',(76.8537853395377,-26.4086288736138,35.5));
#13779=CARTESIAN_POINT('Origin',(76.8537853395377,-26.4086288736138,35.5));
#13780=CARTESIAN_POINT('Origin',(83.0210313297313,-96.5000014603138,30.5000005140901));
#13781=CARTESIAN_POINT('',(83.0210313297313,-97.0703457962365,34.9637105560261));
#13782=CARTESIAN_POINT('',(83.0210313297313,-99.3284279489059,27.));
#13783=CARTESIAN_POINT('Origin',(83.0210313297313,-96.5000014603138,30.5000005140901));
#13784=CARTESIAN_POINT('',(80.5210313297313,-97.0703457962365,34.9637105560261));
#13785=CARTESIAN_POINT('',(83.0210313297313,-97.0703457962365,34.9637105560261));
#13786=CARTESIAN_POINT('',(80.5210313297313,-99.3284279489059,27.));
#13787=CARTESIAN_POINT('Origin',(80.5210313297313,-96.5000014603138,30.5000005140901));
#13788=CARTESIAN_POINT('',(83.0210313297313,-99.3284279489059,27.));
#13789=CARTESIAN_POINT('Origin',(83.0210313297313,-97.0703457962365,34.9637105560261));
#13790=CARTESIAN_POINT('',(83.0210313297313,-94.4999978877604,33.9999992400408));
#13791=CARTESIAN_POINT('',(83.0210313297313,-43.8252709511741,15.0003114459439));
#13792=CARTESIAN_POINT('',(83.0209686702687,-94.500001527369,34.));
#13793=CARTESIAN_POINT('',(83.0210313297313,-94.4999978877604,33.9999992400408));
#13794=CARTESIAN_POINT('',(80.5210313297313,-94.4999978877604,33.9999992400408));
#13795=CARTESIAN_POINT('',(11.7709879944048,-94.500001527369,34.));
#13796=CARTESIAN_POINT('',(80.5210313297313,-94.4999978877604,33.9999992400408));
#13797=CARTESIAN_POINT('Origin',(83.0210313297313,-94.4999978877604,33.9999992400408));
#13798=CARTESIAN_POINT('',(83.0210313297313,-93.6715727590128,33.9999992400408));
#13799=CARTESIAN_POINT('',(83.0210313297313,-35.2358001031507,33.9999992400408));
#13800=CARTESIAN_POINT('',(83.0209686702687,-93.6715727590128,33.9999992400408));
#13801=CARTESIAN_POINT('',(83.0210313297313,-93.6715727590128,33.9999992400408));
#13802=CARTESIAN_POINT('',(83.0209686702687,-105.120004992932,34.));
#13803=CARTESIAN_POINT('Origin',(83.0210313297313,-96.5000014603138,30.5000005140901));
#13804=CARTESIAN_POINT('',(83.0210313297313,-93.6715749717217,27.));
#13805=CARTESIAN_POINT('Origin',(83.0210313297313,-96.5000014603138,30.5000005140901));
#13806=CARTESIAN_POINT('',(80.5210313297313,-93.6715749717217,27.));
#13807=CARTESIAN_POINT('',(83.0210313297313,-93.6715749717217,27.));
#13808=CARTESIAN_POINT('',(80.5210313297313,-93.6715727590128,33.9999992400408));
#13809=CARTESIAN_POINT('Origin',(80.5210313297313,-96.5000014603138,30.5000005140901));
#13810=CARTESIAN_POINT('',(83.0210313297313,-93.6715736994137,34.));
#13811=CARTESIAN_POINT('Origin',(80.5210313297313,-96.5000014603138,30.9818552780131));
#13812=CARTESIAN_POINT('',(80.5210313297313,-0.971602318541045,27.));
#13813=CARTESIAN_POINT('',(80.5210313297313,-65.1239266133281,34.));
#13814=CARTESIAN_POINT('',(80.5210313297313,-94.3500014603138,30.5000005140901));
#13815=CARTESIAN_POINT('Origin',(80.5210313297313,-96.5000014603138,30.5000005140901));
#13816=CARTESIAN_POINT('Origin',(36.510515579184,-38.5000005736947,27.));
#13817=CARTESIAN_POINT('',(83.0210313297313,-12.8284272092204,27.));
#13818=CARTESIAN_POINT('',(83.0210313297313,24.028397681459,27.));
#13819=CARTESIAN_POINT('',(80.5210313297313,-12.8284272092204,27.));
#13820=CARTESIAN_POINT('',(83.0210313297313,-12.8284272092204,27.));
#13821=CARTESIAN_POINT('',(80.5210313297313,-7.17157308880279,27.));
#13822=CARTESIAN_POINT('',(80.5210313297313,-0.971602318541045,27.));
#13823=CARTESIAN_POINT('',(83.0210313297313,-7.17157308880279,27.));
#13824=CARTESIAN_POINT('',(83.0210313297313,-7.17157308880279,27.));
#13825=CARTESIAN_POINT('',(83.0210313297313,-0.971597681458931,27.));
#13826=CARTESIAN_POINT('',(83.0210313297313,24.028397681459,27.));
#13827=CARTESIAN_POINT('',(58.0210313297313,24.028397681459,27.));
#13828=CARTESIAN_POINT('Origin',(58.0210313297313,-0.971597681458931,27.));
#13829=CARTESIAN_POINT('',(15.0209686702687,24.028397681459,27.));
#13830=CARTESIAN_POINT('',(-9.97896867026872,24.028397681459,27.));
#13831=CARTESIAN_POINT('',(-9.97903132973132,-0.971597681458931,27.));
#13832=CARTESIAN_POINT('Origin',(15.0209686702687,-0.971597681458931,27.));
#13833=CARTESIAN_POINT('',(-9.97903132973132,-7.17157308880279,27.));
#13834=CARTESIAN_POINT('',(-9.97903132973132,24.0284023185411,27.));
#13835=CARTESIAN_POINT('',(-7.47896867026874,-7.17157308880279,27.));
#13836=CARTESIAN_POINT('',(83.0210313297313,-7.17157308880279,27.));
#13837=CARTESIAN_POINT('',(-7.47896867026874,-12.8284272092204,27.));
#13838=CARTESIAN_POINT('',(-7.47896867026874,-8.5857866189072,27.));
#13839=CARTESIAN_POINT('',(-9.97903132973132,-12.8284272092204,27.));
#13840=CARTESIAN_POINT('',(83.0210313297313,-12.8284272092204,27.));
#13841=CARTESIAN_POINT('',(-9.97903132973132,-93.6715749717217,27.));
#13842=CARTESIAN_POINT('',(-9.97903132973132,24.0284023185411,27.));
#13843=CARTESIAN_POINT('',(-7.47896867026874,-93.6715749717217,27.));
#13844=CARTESIAN_POINT('',(83.0210313297313,-93.6715749717217,27.));
#13845=CARTESIAN_POINT('',(-7.47896867026874,-99.3284279489059,27.));
#13846=CARTESIAN_POINT('',(-7.47896867026874,-95.0857882160178,27.));
#13847=CARTESIAN_POINT('',(-9.97903132973132,-99.3284279489059,27.));
#13848=CARTESIAN_POINT('',(83.0210313297313,-99.3284279489059,27.));
#13849=CARTESIAN_POINT('',(-9.97903132973132,24.0284023185411,27.));
#13850=CARTESIAN_POINT('',(-11.5000001713634,0.50000037997961,27.));
#13851=CARTESIAN_POINT('',(-11.5000001713634,-93.8552486033303,27.));
#13852=CARTESIAN_POINT('',(13.4999998286366,25.5000003799796,27.));
#13853=CARTESIAN_POINT('Origin',(13.4999998286366,0.50000037997961,27.));
#13854=CARTESIAN_POINT('',(59.5210313297313,25.5000003799796,27.));
#13855=CARTESIAN_POINT('',(-11.5000001713634,25.5000003799796,27.));
#13856=CARTESIAN_POINT('',(84.5210313297313,0.50000037997961,27.));
#13857=CARTESIAN_POINT('Origin',(59.5210313297313,0.50000037997961,27.));
#13858=CARTESIAN_POINT('',(84.5210313297313,-102.471602318541,27.));
#13859=CARTESIAN_POINT('',(84.5210313297313,-107.001142450609,27.));
#13860=CARTESIAN_POINT('',(83.0210313297313,-102.471602318541,27.));
#13861=CARTESIAN_POINT('',(83.0210313297313,-102.471602318541,27.));
#13862=CARTESIAN_POINT('',(83.0210313297313,24.028397681459,27.));
#13863=CARTESIAN_POINT('Origin',(83.0210313297313,-10.0000001490116,30.5000000521541));
#13864=CARTESIAN_POINT('',(83.0210313297313,-12.8284272092204,34.0000001043081));
#13865=CARTESIAN_POINT('Origin',(83.0210313297313,-10.0000001490116,30.5000000521541));
#13866=CARTESIAN_POINT('',(83.0209686702687,-12.8284273382952,34.));
#13867=CARTESIAN_POINT('',(83.0210313297313,-12.8284272092204,34.0000001043081));
#13868=CARTESIAN_POINT('',(80.5210313297313,-12.8284272092204,34.0000001043081));
#13869=CARTESIAN_POINT('',(83.0210313297313,-12.8284273382952,34.));
#13870=CARTESIAN_POINT('Origin',(80.5210313297313,-10.0000001490116,30.5000000521541));
#13871=CARTESIAN_POINT('Origin',(83.0210313297313,-10.0000001490116,30.5000000521541));
#13872=CARTESIAN_POINT('',(83.0210313297313,-7.17157308880279,34.0000001043081));
#13873=CARTESIAN_POINT('Origin',(83.0210313297313,-10.0000001490116,30.5000000521541));
#13874=CARTESIAN_POINT('',(80.5210313297313,-7.17157308880279,34.0000001043081));
#13875=CARTESIAN_POINT('Origin',(80.5210313297313,-10.0000001490116,30.5000000521541));
#13876=CARTESIAN_POINT('',(83.0209686702687,-7.17157295972806,34.));
#13877=CARTESIAN_POINT('',(83.0210313297313,-7.17157295972806,34.));
#13878=CARTESIAN_POINT('',(83.0210313297313,-7.17157308880279,34.0000001043081));
#13879=CARTESIAN_POINT('Origin',(83.0210313297313,-12.8284272092204,34.0000001043081));
#13880=CARTESIAN_POINT('',(83.0209686702687,-105.120004992932,34.));
#13881=CARTESIAN_POINT('',(83.0210313297313,5.59998523611926,34.0000001043081));
#13882=CARTESIAN_POINT('Origin',(80.5210313297313,-10.0000001490116,30.5000000521541));
#13883=CARTESIAN_POINT('',(80.5210313297313,-21.873925957677,34.));
#13884=CARTESIAN_POINT('',(80.5210313297313,-7.85000014901161,30.5000000521541));
#13885=CARTESIAN_POINT('Origin',(80.5210313297313,-10.0000001490116,30.5000000521541));
#13886=CARTESIAN_POINT('Origin',(83.0210313297313,24.028397681459,34.));
#13887=CARTESIAN_POINT('',(83.0210313297313,-102.471602318541,34.));
#13888=CARTESIAN_POINT('',(83.0210313297313,-0.971597681458931,34.));
#13889=CARTESIAN_POINT('Origin',(83.0210313297313,-10.0000001490116,30.5000000521541));
#13890=CARTESIAN_POINT('',(-9.97903132973132,-12.8284272092204,34.0000001043081));
#13891=CARTESIAN_POINT('Origin',(-9.97903132973132,-10.0000001490116,30.5000000521541));
#13892=CARTESIAN_POINT('',(-7.47896867026874,-12.8284272092204,34.0000001043081));
#13893=CARTESIAN_POINT('Origin',(-7.47896867026874,-10.0000001490116,30.5000000521541));
#13894=CARTESIAN_POINT('',(-9.97896867026872,-12.8284272092204,34.0000001043081));
#13895=CARTESIAN_POINT('',(83.0210313297313,-12.8284273382952,34.));
#13896=CARTESIAN_POINT('',(83.0210313297313,-12.8284272092204,34.0000001043081));
#13897=CARTESIAN_POINT('Origin',(-7.47896867026874,-10.0000001490116,30.5000000521541));
#13898=CARTESIAN_POINT('',(-7.47896867026874,-7.17157308880279,34.0000001043081));
#13899=CARTESIAN_POINT('',(-7.47896867026874,-21.873925957677,34.));
#13900=CARTESIAN_POINT('Origin',(-7.47896867026874,-10.0000001490116,30.5000000521541));
#13901=CARTESIAN_POINT('',(-7.47896867026874,-7.85000014901161,30.5000000521541));
#13902=CARTESIAN_POINT('Origin',(-7.47896867026874,-10.0000001490116,30.5000000521541));
#13903=CARTESIAN_POINT('Origin',(83.0210313297313,-12.8284272092204,34.0000001043081));
#13904=CARTESIAN_POINT('',(-9.97896867026872,-7.17157308880279,34.0000001043081));
#13905=CARTESIAN_POINT('',(-9.97896867026873,-102.471602318541,34.));
#13906=CARTESIAN_POINT('',(-9.97903132973132,-7.17157308880279,34.0000001043081));
#13907=CARTESIAN_POINT('',(83.0210313297313,-7.17157308880279,34.0000001043081));
#13908=CARTESIAN_POINT('',(-9.97903132973132,-57.6500147638808,34.0000001043081));
#13909=CARTESIAN_POINT('Origin',(83.0210313297313,-10.0000001490116,30.5000000521541));
#13910=CARTESIAN_POINT('Origin',(-9.97903132973132,-10.0000001490116,30.5000000521541));
#13911=CARTESIAN_POINT('',(83.0210313297313,-7.17157295972806,34.));
#13912=CARTESIAN_POINT('Origin',(83.0210313297313,-97.0703457962365,34.9637105560261));
#13913=CARTESIAN_POINT('',(-9.97903132973132,-97.0703457962365,34.9637105560261));
#13914=CARTESIAN_POINT('',(-9.97903132973132,-94.4999978877604,33.9999992400408));
#13915=CARTESIAN_POINT('',(-9.97903132973132,-99.2797251089684,35.7920824032622));
#13916=CARTESIAN_POINT('',(-7.47896867026874,-97.0703457962365,34.9637105560261));
#13917=CARTESIAN_POINT('',(83.0210313297313,-97.0703457962365,34.9637105560261));
#13918=CARTESIAN_POINT('',(-7.47896867026874,-94.4999978877604,33.9999992400408));
#13919=CARTESIAN_POINT('',(-7.47896867026874,-96.1658560195075,34.6245864124997));
#13920=CARTESIAN_POINT('',(-9.97896867026873,-94.500001527369,34.));
#13921=CARTESIAN_POINT('',(11.7709879944048,-94.500001527369,34.));
#13922=CARTESIAN_POINT('',(83.0210313297313,-94.4999978877604,33.9999992400408));
#13923=CARTESIAN_POINT('Origin',(83.0210313297313,-96.5000014603138,30.5000005140901));
#13924=CARTESIAN_POINT('Origin',(-9.97903132973132,-96.5000014603138,30.5000005140901));
#13925=CARTESIAN_POINT('Origin',(-7.47896867026874,-96.5000014603138,30.5000005140901));
#13926=CARTESIAN_POINT('Origin',(-7.47896867026874,-96.5000014603138,30.9818552780131));
#13927=CARTESIAN_POINT('',(-7.47896867026874,-93.6715727590128,33.9999992400408));
#13928=CARTESIAN_POINT('Origin',(-7.47896867026874,-96.5000014603138,30.5000005140901));
#13929=CARTESIAN_POINT('',(-7.47896867026874,-65.1239266133281,34.));
#13930=CARTESIAN_POINT('',(-7.47896867026874,-94.3500014603138,30.5000005140901));
#13931=CARTESIAN_POINT('Origin',(-7.47896867026874,-96.5000014603138,30.5000005140901));
#13932=CARTESIAN_POINT('Origin',(83.0210313297313,-94.4999978877604,33.9999992400408));
#13933=CARTESIAN_POINT('',(-9.97896867026872,-93.6715727590128,33.9999992400408));
#13934=CARTESIAN_POINT('',(-9.97896867026873,-102.471602318541,34.));
#13935=CARTESIAN_POINT('',(-9.97903132973132,-93.6715727590128,33.9999992400408));
#13936=CARTESIAN_POINT('',(83.0210313297313,-93.6715727590128,33.9999992400408));
#13937=CARTESIAN_POINT('',(-9.97903132973132,-98.4858001031507,33.9999992400408));
#13938=CARTESIAN_POINT('Origin',(83.0210313297313,-96.5000014603138,30.5000005140901));
#13939=CARTESIAN_POINT('Origin',(-9.97903132973132,-96.5000014603138,30.5000005140901));
#13940=CARTESIAN_POINT('',(83.0210313297313,-93.6715736994137,34.));
#13941=CARTESIAN_POINT('Origin',(83.0210313297313,-10.0000001490116,30.5000000521541));
#13942=CARTESIAN_POINT('',(84.5210313297313,-7.85000014901161,30.5000000521541));
#13943=CARTESIAN_POINT('Origin',(84.5210313297313,-10.0000001490116,30.5000000521541));
#13944=CARTESIAN_POINT('',(83.0210313297313,-7.85000014901161,30.5000000521541));
#13945=CARTESIAN_POINT('Origin',(83.0210313297313,-10.0000001490116,30.5000000521541));
#13946=CARTESIAN_POINT('',(-11.5000001713634,-7.85000014901161,30.5000000521541));
#13947=CARTESIAN_POINT('',(83.0210313297313,-7.85000014901161,30.5000000521541));
#13948=CARTESIAN_POINT('Origin',(-11.5000001713634,-10.0000001490116,30.5000000521541));
#13949=CARTESIAN_POINT('Origin',(83.0210313297313,-96.5000014603138,30.5000005140901));
#13950=CARTESIAN_POINT('',(84.5210313297313,-94.3500014603138,30.5000005140901));
#13951=CARTESIAN_POINT('Origin',(84.5210313297313,-96.5000014603138,30.5000005140901));
#13952=CARTESIAN_POINT('',(83.0210313297313,-94.3500014603138,30.5000005140901));
#13953=CARTESIAN_POINT('Origin',(83.0210313297313,-96.5000014603138,30.5000005140901));
#13954=CARTESIAN_POINT('',(-11.5000001713634,-94.3500014603138,30.5000005140901));
#13955=CARTESIAN_POINT('',(83.0210313297313,-94.3500014603138,30.5000005140901));
#13956=CARTESIAN_POINT('Origin',(-11.5000001713634,-96.5000014603138,30.5000005140901));
#13957=CARTESIAN_POINT('Origin',(36.521007318541,-33.7478517663424,34.));
#13958=CARTESIAN_POINT('',(84.5210313297313,-102.471602318541,34.));
#13959=CARTESIAN_POINT('',(83.0210313297313,-102.471602318541,34.));
#13960=CARTESIAN_POINT('',(84.5210313297313,0.50000037997961,34.));
#13961=CARTESIAN_POINT('',(84.5210313297313,-4.12392569318141,34.));
#13962=CARTESIAN_POINT('',(59.5210313297313,25.5000003799796,34.));
#13963=CARTESIAN_POINT('Origin',(59.5210313297313,0.50000037997961,34.));
#13964=CARTESIAN_POINT('',(13.4999998286366,25.5000003799796,34.));
#13965=CARTESIAN_POINT('',(12.5105035735888,25.5000003799796,34.));
#13966=CARTESIAN_POINT('',(-11.5000001713634,0.50000037997961,34.));
#13967=CARTESIAN_POINT('Origin',(13.4999998286366,0.50000037997961,34.));
#13968=CARTESIAN_POINT('',(-11.5000001713634,-68.1239266468557,34.));
#13969=CARTESIAN_POINT('',(-12.9790313297313,-140.471597681459,34.));
#13970=CARTESIAN_POINT('Origin',(13.4999998286366,0.50000037997961,34.));
#13971=CARTESIAN_POINT('',(-11.5000001713634,0.50000037997961,34.));
#13972=CARTESIAN_POINT('',(13.4999998286366,25.5000003799796,34.));
#13973=CARTESIAN_POINT('Origin',(-11.5000001713634,-102.500001527369,34.));
#13974=CARTESIAN_POINT('Origin',(59.5210313297313,0.50000037997961,34.));
#13975=CARTESIAN_POINT('',(59.5210313297313,25.5000003799796,34.));
#13976=CARTESIAN_POINT('',(84.5210313297313,0.50000037997961,34.));
#13977=CARTESIAN_POINT('Origin',(84.5210313297313,25.5000003799796,34.));
#13978=CARTESIAN_POINT('',(84.5210313297313,-102.471602318541,34.));
#13979=CARTESIAN_POINT('Origin',(15.0209686702687,-0.971597681458931,34.));
#13980=CARTESIAN_POINT('',(-9.97896867026872,-0.915624748682248,34.));
#13981=CARTESIAN_POINT('',(-9.97896867026872,-0.915624748682248,34.));
#13982=CARTESIAN_POINT('',(-9.97903132973132,-0.971597681458931,34.));
#13983=CARTESIAN_POINT('',(15.0209686702687,24.028397681459,34.));
#13984=CARTESIAN_POINT('',(15.0209686702687,24.0284023185411,34.));
#13985=CARTESIAN_POINT('Origin',(15.0209686702687,-0.971597681458931,34.));
#13986=CARTESIAN_POINT('Origin',(-9.97896867026872,24.028397681459,34.));
#13987=CARTESIAN_POINT('',(-9.97896867026873,-102.471602318541,34.));
#13988=CARTESIAN_POINT('',(-9.97896867026872,-23.0000003427267,34.));
#13989=CARTESIAN_POINT('',(-9.97896867026873,-102.471602318541,34.));
#13990=CARTESIAN_POINT('',(-9.97896867026872,-23.0000003427267,37.));
#13991=CARTESIAN_POINT('',(-9.97896867026873,-23.0000003427267,34.));
#13992=CARTESIAN_POINT('',(-9.97896867026872,-77.4971043330355,37.));
#13993=CARTESIAN_POINT('',(-9.97896867026873,-13.1100771140069,37.));
#13994=CARTESIAN_POINT('',(-9.97896867026872,-77.4971043330355,34.));
#13995=CARTESIAN_POINT('',(-9.97896867026873,-77.4971043330355,34.));
#13996=CARTESIAN_POINT('',(-9.97896867026873,-102.471602318541,34.));
#13997=CARTESIAN_POINT('',(-9.97896867026873,-102.471602318541,36.9893502966895));
#13998=CARTESIAN_POINT('',(-9.97896867026872,-44.5423470796636,15.2658795821105));
#13999=CARTESIAN_POINT('',(-9.97896867026873,-102.471602318541,34.));
#14000=CARTESIAN_POINT('Origin',(36.521007318541,-33.7478517663424,34.));
#14001=CARTESIAN_POINT('',(11.7709879944048,-94.500001527369,34.));
#14002=CARTESIAN_POINT('',(2.00000002980232,-77.4971043330355,34.));
#14003=CARTESIAN_POINT('',(13.2710193241362,-77.4971043330355,34.));
#14004=CARTESIAN_POINT('',(2.00000002980232,-23.0000003427267,34.));
#14005=CARTESIAN_POINT('',(2.00000002980232,-55.6224780496889,34.));
#14006=CARTESIAN_POINT('',(19.2605036741717,-23.0000003427267,34.));
#14007=CARTESIAN_POINT('',(58.0210313297313,24.028397681459,34.));
#14008=CARTESIAN_POINT('',(59.7710193241361,24.028397681459,34.));
#14009=CARTESIAN_POINT('',(83.0209686702687,-0.915624748690182,34.));
#14010=CARTESIAN_POINT('Origin',(58.0210313297313,-0.971597681458931,34.));
#14011=CARTESIAN_POINT('',(83.0209686702687,-105.120004992932,34.));
#14012=CARTESIAN_POINT('',(83.0209686702687,-105.120004992932,34.));
#14013=CARTESIAN_POINT('Origin',(-9.97903132973132,24.0284023185411,34.));
#14014=CARTESIAN_POINT('',(58.0210313297313,24.0284023185411,34.));
#14015=CARTESIAN_POINT('Origin',(58.0210313297313,-0.971597681458931,34.));
#14016=CARTESIAN_POINT('',(83.0209686702687,-0.915624748690182,34.));
#14017=CARTESIAN_POINT('Origin',(83.0209686702687,-102.500001527369,34.));
#14018=CARTESIAN_POINT('',(83.0209686702687,-100.006850842438,36.0650684931507));
#14019=CARTESIAN_POINT('Origin',(-4.4999520180813,-23.4999994859099,35.5));
#14020=CARTESIAN_POINT('',(-6.49999985471368,-22.9999994859099,35.5));
#14021=CARTESIAN_POINT('',(-6.49999985471368,-23.9999994859099,35.5));
#14022=CARTESIAN_POINT('',(-6.49999985471368,-23.2499994859099,35.5));
#14023=CARTESIAN_POINT('',(-2.49990418144893,-22.9999994859099,35.5));
#14024=CARTESIAN_POINT('',(-6.49999985471368,-22.9999994859099,35.5));
#14025=CARTESIAN_POINT('',(-2.49990418144893,-23.9999994859099,35.5));
#14026=CARTESIAN_POINT('',(-2.49990418144893,-23.7499994859099,35.5));
#14027=CARTESIAN_POINT('',(-2.49990418144893,-23.9999994859099,35.5));
#14028=CARTESIAN_POINT('Origin',(-4.49995213915324,-76.9971043330355,35.5));
#14029=CARTESIAN_POINT('',(-6.50000009685755,-76.4971043330355,35.5));
#14030=CARTESIAN_POINT('',(-6.50000009685755,-77.4971043330355,35.5));
#14031=CARTESIAN_POINT('',(-6.50000009685755,-76.7471043330355,35.5));
#14032=CARTESIAN_POINT('',(-2.49990418144893,-76.4971043330355,35.5));
#14033=CARTESIAN_POINT('',(-6.50000009685755,-76.4971043330355,35.5));
#14034=CARTESIAN_POINT('',(-2.49990418144893,-77.4971043330355,35.5));
#14035=CARTESIAN_POINT('',(-2.49990418144893,-77.2471043330355,35.5));
#14036=CARTESIAN_POINT('',(-2.49990418144893,-77.4971043330355,35.5));
#14037=CARTESIAN_POINT('Origin',(-6.49999985471368,-22.9999994859099,34.));
#14038=CARTESIAN_POINT('',(-6.49999985471368,-23.0000003427267,36.5));
#14039=CARTESIAN_POINT('',(-6.49999985471368,-23.8750001285225,35.6250002142042));
#14040=CARTESIAN_POINT('',(-6.49999985471368,-23.0000003427267,34.));
#14041=CARTESIAN_POINT('Origin',(-2.49990418144893,-77.4971043330355,34.));
#14042=CARTESIAN_POINT('',(-2.49990418144893,-77.4971043330355,36.5));
#14043=CARTESIAN_POINT('',(-2.49990418144893,-76.6221043330355,35.625));
#14044=CARTESIAN_POINT('',(-2.49990418144893,-77.4971043330355,34.));
#14045=CARTESIAN_POINT('Origin',(-6.50000009685755,-76.4971043330355,34.));
#14046=CARTESIAN_POINT('',(-6.50000009685755,-77.4971043330355,36.5));
#14047=CARTESIAN_POINT('',(-6.50000009685755,-77.4971043330355,34.));
#14048=CARTESIAN_POINT('',(-6.50000009685755,-76.3721043330355,35.375));
#14049=CARTESIAN_POINT('Origin',(-1.24997599413949,-23.5000003427267,36.));
#14050=CARTESIAN_POINT('',(-2.49990418144893,-23.0000003427267,36.5));
#14051=CARTESIAN_POINT('',(-2.49990418144893,-24.1250001285225,35.3750002142042));
#14052=CARTESIAN_POINT('',(-1.24997599413949,-23.0000003427267,36.5));
#14053=CARTESIAN_POINT('Origin',(-7.23946040471098,-76.9971043330355,36.));
#14054=CARTESIAN_POINT('',(-7.23946040471098,-77.4971043330355,36.5));
#14055=CARTESIAN_POINT('Origin',(-2.49990418144893,-23.9999994859099,34.));
#14056=CARTESIAN_POINT('',(-2.49990418144893,-23.0000003427267,34.));
#14057=CARTESIAN_POINT('Origin',(2.00000002980232,-23.0000003427267,34.));
#14058=CARTESIAN_POINT('',(2.00000002980232,-23.0000003427267,37.));
#14059=CARTESIAN_POINT('',(2.00000002980232,-23.0000003427267,34.));
#14060=CARTESIAN_POINT('',(2.00000002980232,-23.0000003427267,37.));
#14061=CARTESIAN_POINT('Origin',(2.00000002980232,-77.4971043330355,34.));
#14062=CARTESIAN_POINT('',(2.00000002980232,-77.4971043330355,37.));
#14063=CARTESIAN_POINT('',(2.00000002980232,-77.4971043330355,34.));
#14064=CARTESIAN_POINT('',(2.00000002980232,-77.4971043330355,37.));
#14065=CARTESIAN_POINT('Origin',(-9.97896867026872,-77.4971043330355,34.));
#14066=CARTESIAN_POINT('',(-9.97896867026872,-77.4971043330355,37.));
#14067=CARTESIAN_POINT('Origin',(-2.36287847161293,-38.6235364899039,38.));
#14068=CARTESIAN_POINT('',(-2.36287847161293,-38.6235364899039,37.));
#14069=CARTESIAN_POINT('',(-3.07442918419838,-38.6235364899039,37.));
#14070=CARTESIAN_POINT('',(-3.17618139592307,-38.6235364899039,37.));
#14071=CARTESIAN_POINT('',(-3.07442918419838,-38.6235364899039,38.));
#14072=CARTESIAN_POINT('',(-2.36287847161293,-38.6235364899039,38.));
#14073=CARTESIAN_POINT('Origin',(-3.07442918419838,-38.6235364899039,38.));
#14074=CARTESIAN_POINT('',(-3.07442918419838,-36.3999991863966,37.));
#14075=CARTESIAN_POINT('',(-3.07442918419838,-44.4360441996883,37.));
#14076=CARTESIAN_POINT('',(-3.07442918419838,-36.3999991863966,38.));
#14077=CARTESIAN_POINT('Origin',(-5.71494832634926,-38.6235364899039,38.));
#14078=CARTESIAN_POINT('',(-5.71494832634926,-38.6235364899039,37.));
#14079=CARTESIAN_POINT('',(-6.48208811879158,-38.6235364899039,37.));
#14080=CARTESIAN_POINT('',(-4.85221632329123,-38.6235364899039,37.));
#14081=CARTESIAN_POINT('',(-6.48208811879158,-38.6235364899039,38.));
#14082=CARTESIAN_POINT('',(-5.71494832634926,-38.6235364899039,38.));
#14083=CARTESIAN_POINT('Ctrl Pts',(-6.48208811879158,-38.6235364899039,
38.));
#14084=CARTESIAN_POINT('Ctrl Pts',(-6.48208811879158,-38.6235364899039,
32.));
#14085=CARTESIAN_POINT('Ctrl Pts',(-6.85897389051486,-38.618558603546,38.));
#14086=CARTESIAN_POINT('Ctrl Pts',(-6.85897389051486,-38.618558603546,32.));
#14087=CARTESIAN_POINT('Ctrl Pts',(-7.51100603707246,-38.6099465991384,
38.));
#14088=CARTESIAN_POINT('Ctrl Pts',(-7.51100603707246,-38.6099465991384,
32.));
#14089=CARTESIAN_POINT('Ctrl Pts',(-8.01299855129236,-38.2051163771271,
38.));
#14090=CARTESIAN_POINT('Ctrl Pts',(-8.01299855129236,-38.2051163771271,
32.));
#14091=CARTESIAN_POINT('Ctrl Pts',(-8.22483077645302,-38.0342849716544,
38.));
#14092=CARTESIAN_POINT('Ctrl Pts',(-8.22483077645302,-38.0342849716544,
32.));
#14093=CARTESIAN_POINT('',(-8.22483077645302,-38.0342849716544,37.));
#14094=CARTESIAN_POINT('Ctrl Pts',(-6.48208811879158,-38.6235364899039,
37.));
#14095=CARTESIAN_POINT('Ctrl Pts',(-6.85897389051486,-38.618558603546,37.));
#14096=CARTESIAN_POINT('Ctrl Pts',(-7.23585966223813,-38.6135807171881,
37.));
#14097=CARTESIAN_POINT('Ctrl Pts',(-7.5626166164875,-38.4762248024344,37.));
#14098=CARTESIAN_POINT('Ctrl Pts',(-7.80116632613171,-38.3759477825997,
37.));
#14099=CARTESIAN_POINT('Ctrl Pts',(-8.01299855129236,-38.2051163771271,
37.));
#14100=CARTESIAN_POINT('Ctrl Pts',(-8.22483077645302,-38.0342849716544,
37.));
#14101=CARTESIAN_POINT('',(-8.22483077645302,-38.0342849716544,38.));
#14102=CARTESIAN_POINT('Ctrl Pts',(-4.60037127137184,-34.3375596031547,
38.));
#14103=CARTESIAN_POINT('Ctrl Pts',(-4.60037127137184,-34.3375596031547,
32.));
#14104=CARTESIAN_POINT('Ctrl Pts',(-4.53658026586449,-34.1798359987432,
38.));
#14105=CARTESIAN_POINT('Ctrl Pts',(-4.53658026586449,-34.1798359987432,
32.));
#14106=CARTESIAN_POINT('Ctrl Pts',(-4.41395842290643,-33.8766528321337,
38.));
#14107=CARTESIAN_POINT('Ctrl Pts',(-4.41395842290643,-33.8766528321337,
32.));
#14108=CARTESIAN_POINT('Ctrl Pts',(-4.15842735128275,-33.673460752629,38.));
#14109=CARTESIAN_POINT('Ctrl Pts',(-4.15842735128275,-33.673460752629,32.));
#14110=CARTESIAN_POINT('Ctrl Pts',(-4.03583005070686,-33.575974367559,38.));
#14111=CARTESIAN_POINT('Ctrl Pts',(-4.03583005070686,-33.575974367559,32.));
#14112=CARTESIAN_POINT('',(-4.60037127137184,-34.3375596031547,37.));
#14113=CARTESIAN_POINT('',(-4.03583005070686,-33.575974367559,37.));
#14114=CARTESIAN_POINT('Ctrl Pts',(-4.60037127137184,-34.3375596031547,
37.));
#14115=CARTESIAN_POINT('Ctrl Pts',(-4.53658026586449,-34.1798359987432,
37.));
#14116=CARTESIAN_POINT('Ctrl Pts',(-4.47278926035715,-34.0221123943317,
37.));
#14117=CARTESIAN_POINT('Ctrl Pts',(-4.37302842736244,-33.8914498314261,
37.));
#14118=CARTESIAN_POINT('Ctrl Pts',(-4.28102465185865,-33.7709471376991,
37.));
#14119=CARTESIAN_POINT('Ctrl Pts',(-4.15842735128275,-33.673460752629,37.));
#14120=CARTESIAN_POINT('Ctrl Pts',(-4.03583005070686,-33.575974367559,37.));
#14121=CARTESIAN_POINT('',(-4.03583005070686,-33.575974367559,38.));
#14122=CARTESIAN_POINT('',(-4.60037127137184,-34.3375596031547,38.));
#14123=CARTESIAN_POINT('Ctrl Pts',(-4.03583005070686,-33.575974367559,38.));
#14124=CARTESIAN_POINT('Ctrl Pts',(-4.03583005070686,-33.575974367559,32.));
#14125=CARTESIAN_POINT('Ctrl Pts',(-3.8188334112197,-33.5042024537324,38.));
#14126=CARTESIAN_POINT('Ctrl Pts',(-3.8188334112197,-33.5042024537324,32.));
#14127=CARTESIAN_POINT('Ctrl Pts',(-3.22499573259672,-33.3077898880918,
38.));
#14128=CARTESIAN_POINT('Ctrl Pts',(-3.22499573259672,-33.3077898880918,
32.));
#14129=CARTESIAN_POINT('Ctrl Pts',(-2.59645094027602,-33.3188207782425,
38.));
#14130=CARTESIAN_POINT('Ctrl Pts',(-2.59645094027602,-33.3188207782425,
32.));
#14131=CARTESIAN_POINT('Ctrl Pts',(-2.19758525490761,-33.325820825994,38.));
#14132=CARTESIAN_POINT('Ctrl Pts',(-2.19758525490761,-33.325820825994,32.));
#14133=CARTESIAN_POINT('',(-2.19758525490761,-33.325820825994,37.));
#14134=CARTESIAN_POINT('Ctrl Pts',(-4.03583005070686,-33.575974367559,37.));
#14135=CARTESIAN_POINT('Ctrl Pts',(-3.8188334112197,-33.5042024537324,37.));
#14136=CARTESIAN_POINT('Ctrl Pts',(-3.60183677173254,-33.4324305399059,
37.));
#14137=CARTESIAN_POINT('Ctrl Pts',(-3.38020578026772,-33.3883580192924,
37.));
#14138=CARTESIAN_POINT('Ctrl Pts',(-2.99531662564443,-33.311820730491,37.));
#14139=CARTESIAN_POINT('Ctrl Pts',(-2.59645094027602,-33.3188207782425,
37.));
#14140=CARTESIAN_POINT('Ctrl Pts',(-2.19758525490761,-33.325820825994,37.));
#14141=CARTESIAN_POINT('',(-2.19758525490761,-33.325820825994,38.));
#14142=CARTESIAN_POINT('Ctrl Pts',(-8.22483077645302,-38.0342849716544,
38.));
#14143=CARTESIAN_POINT('Ctrl Pts',(-8.22483077645302,-38.0342849716544,
32.));
#14144=CARTESIAN_POINT('Ctrl Pts',(-8.35628835676814,-37.7848074809334,
38.));
#14145=CARTESIAN_POINT('Ctrl Pts',(-8.35628835676814,-37.7848074809334,
32.));
#14146=CARTESIAN_POINT('Ctrl Pts',(-8.66342380488332,-37.2019321478899,
38.));
#14147=CARTESIAN_POINT('Ctrl Pts',(-8.66342380488332,-37.2019321478899,
32.));
#14148=CARTESIAN_POINT('Ctrl Pts',(-8.67262505729959,-36.5396984797804,
38.));
#14149=CARTESIAN_POINT('Ctrl Pts',(-8.67262505729959,-36.5396984797804,
32.));
#14150=CARTESIAN_POINT('Ctrl Pts',(-8.67788806557655,-36.1609086021781,
38.));
#14151=CARTESIAN_POINT('Ctrl Pts',(-8.67788806557655,-36.1609086021781,
32.));
#14152=CARTESIAN_POINT('',(-8.67365207182691,-36.3999991863966,37.));
#14153=CARTESIAN_POINT('Ctrl Pts',(-8.22483077645302,-38.0342849716544,
37.));
#14154=CARTESIAN_POINT('Ctrl Pts',(-8.35628835676814,-37.7848074809334,
37.));
#14155=CARTESIAN_POINT('Ctrl Pts',(-8.48774593708327,-37.5353299902123,
37.));
#14156=CARTESIAN_POINT('Ctrl Pts',(-8.56462374329567,-37.2713145241141,
37.));
#14157=CARTESIAN_POINT('Ctrl Pts',(-8.64572412340953,-36.9927978011298,
37.));
#14158=CARTESIAN_POINT('Ctrl Pts',(-8.66608439692899,-36.6981022245575,
37.));
#14159=CARTESIAN_POINT('Ctrl Pts',(-8.67365207182691,-36.3999991863966,
37.));
#14160=CARTESIAN_POINT('Ctrl Pts',(-8.67365207182691,-36.3999991863966,
37.));
#14161=CARTESIAN_POINT('Ctrl Pts',(-8.67365207182691,-36.3999991863966,
37.3333333333333));
#14162=CARTESIAN_POINT('Ctrl Pts',(-8.67365207182691,-36.3999991863966,
37.6666666666667));
#14163=CARTESIAN_POINT('Ctrl Pts',(-8.67365207182691,-36.3999991863966,
38.));
#14164=CARTESIAN_POINT('Ctrl Pts',(-2.19758525490761,-33.325820825994,38.));
#14165=CARTESIAN_POINT('Ctrl Pts',(-2.19758525490761,-33.325820825994,32.));
#14166=CARTESIAN_POINT('Ctrl Pts',(-1.87721810790634,-33.3295450019503,
38.));
#14167=CARTESIAN_POINT('Ctrl Pts',(-1.87721810790634,-33.3295450019503,
32.));
#14168=CARTESIAN_POINT('Ctrl Pts',(-1.31002986598763,-33.3361384021568,
38.));
#14169=CARTESIAN_POINT('Ctrl Pts',(-1.31002986598763,-33.3361384021568,
32.));
#14170=CARTESIAN_POINT('Ctrl Pts',(-0.767802860648557,-33.4993813972296,
38.));
#14171=CARTESIAN_POINT('Ctrl Pts',(-0.767802860648557,-33.4993813972296,
32.));
#14172=CARTESIAN_POINT('Ctrl Pts',(-0.531844049692154,-33.5704192146659,
38.));
#14173=CARTESIAN_POINT('Ctrl Pts',(-0.531844049692154,-33.5704192146659,
32.));
#14174=CARTESIAN_POINT('',(-0.531844049692154,-33.5704192146659,37.));
#14175=CARTESIAN_POINT('Ctrl Pts',(-2.19758525490761,-33.325820825994,37.));
#14176=CARTESIAN_POINT('Ctrl Pts',(-1.87721810790634,-33.3295450019503,
37.));
#14177=CARTESIAN_POINT('Ctrl Pts',(-1.55685096090506,-33.3332691779065,
37.));
#14178=CARTESIAN_POINT('Ctrl Pts',(-1.24444738030434,-33.386970423162,37.));
#14179=CARTESIAN_POINT('Ctrl Pts',(-1.00376167160496,-33.4283435797932,
37.));
#14180=CARTESIAN_POINT('Ctrl Pts',(-0.767802860648557,-33.4993813972296,
37.));
#14181=CARTESIAN_POINT('Ctrl Pts',(-0.531844049692154,-33.5704192146659,
37.));
#14182=CARTESIAN_POINT('',(-0.531844049692154,-33.5704192146659,38.));
#14183=CARTESIAN_POINT('Ctrl Pts',(-0.531844049692154,-33.5704192146659,
38.));
#14184=CARTESIAN_POINT('Ctrl Pts',(-0.531844049692154,-33.5704192146659,
32.));
#14185=CARTESIAN_POINT('Ctrl Pts',(-0.345507744404032,-33.6681693007498,
38.));
#14186=CARTESIAN_POINT('Ctrl Pts',(-0.345507744404032,-33.6681693007498,
32.));
#14187=CARTESIAN_POINT('Ctrl Pts',(0.0325645182707879,-33.8665020742009,
38.));
#14188=CARTESIAN_POINT('Ctrl Pts',(0.0325645182707879,-33.8665020742009,
32.));
#14189=CARTESIAN_POINT('Ctrl Pts',(0.255918075278077,-34.2306897049296,
38.));
#14190=CARTESIAN_POINT('Ctrl Pts',(0.255918075278077,-34.2306897049296,
32.));
#14191=CARTESIAN_POINT('Ctrl Pts',(0.369189828634262,-34.415384195745,38.));
#14192=CARTESIAN_POINT('Ctrl Pts',(0.369189828634262,-34.415384195745,32.));
#14193=CARTESIAN_POINT('',(0.369189828634262,-34.415384195745,37.));
#14194=CARTESIAN_POINT('Ctrl Pts',(-0.531844049692154,-33.5704192146659,
37.));
#14195=CARTESIAN_POINT('Ctrl Pts',(-0.345507744404032,-33.6681693007498,
37.));
#14196=CARTESIAN_POINT('Ctrl Pts',(-0.159171439115912,-33.7659193868338,
37.));
#14197=CARTESIAN_POINT('Ctrl Pts',(-0.0104178488254533,-33.9039572700858,
37.));
#14198=CARTESIAN_POINT('Ctrl Pts',(0.142646321921891,-34.0459952141142,
37.));
#14199=CARTESIAN_POINT('Ctrl Pts',(0.255918075278077,-34.2306897049296,
37.));
#14200=CARTESIAN_POINT('Ctrl Pts',(0.369189828634262,-34.415384195745,37.));
#14201=CARTESIAN_POINT('',(0.369189828634262,-34.415384195745,38.));
#14202=CARTESIAN_POINT('Ctrl Pts',(0.369189828634262,-34.415384195745,38.));
#14203=CARTESIAN_POINT('Ctrl Pts',(0.369189828634262,-34.415384195745,32.));
#14204=CARTESIAN_POINT('Ctrl Pts',(0.459054155239746,-34.6410876475168,
38.));
#14205=CARTESIAN_POINT('Ctrl Pts',(0.459054155239746,-34.6410876475168,
32.));
#14206=CARTESIAN_POINT('Ctrl Pts',(0.655553370881448,-35.1346155346783,
38.));
#14207=CARTESIAN_POINT('Ctrl Pts',(0.655553370881448,-35.1346155346783,
32.));
#14208=CARTESIAN_POINT('Ctrl Pts',(0.670030629668701,-35.6665522451401,
38.));
#14209=CARTESIAN_POINT('Ctrl Pts',(0.670030629668701,-35.6665522451401,
32.));
#14210=CARTESIAN_POINT('Ctrl Pts',(0.677887052297592,-35.9552201256156,
38.));
#14211=CARTESIAN_POINT('Ctrl Pts',(0.677887052297592,-35.9552201256156,
32.));
#14212=CARTESIAN_POINT('',(0.65758106897988,-35.4999992065132,37.));
#14213=CARTESIAN_POINT('Ctrl Pts',(0.369189828634262,-34.415384195745,37.));
#14214=CARTESIAN_POINT('Ctrl Pts',(0.459054155239746,-34.6410876475168,
37.));
#14215=CARTESIAN_POINT('Ctrl Pts',(0.54891848184523,-34.8667910992887,37.));
#14216=CARTESIAN_POINT('Ctrl Pts',(0.600713342428208,-35.1005276665092,
37.));
#14217=CARTESIAN_POINT('Ctrl Pts',(0.629748990421578,-35.2315579002544,
37.));
#14218=CARTESIAN_POINT('Ctrl Pts',(0.646820911427827,-35.3651126243623,
37.));
#14219=CARTESIAN_POINT('Ctrl Pts',(0.65758106897988,-35.4999992065132,37.));
#14220=CARTESIAN_POINT('Ctrl Pts',(0.65758106897988,-35.4999992065132,37.));
#14221=CARTESIAN_POINT('Ctrl Pts',(0.65758106897988,-35.4999992065132,37.3333333333333));
#14222=CARTESIAN_POINT('Ctrl Pts',(0.65758106897988,-35.4999992065132,37.6666666666667));
#14223=CARTESIAN_POINT('Ctrl Pts',(0.65758106897988,-35.4999992065132,38.));
#14224=CARTESIAN_POINT('Origin',(-4.43638101220131,-42.0617684349418,38.));
#14225=CARTESIAN_POINT('',(-4.43638101220131,-42.0617684349418,37.));
#14226=CARTESIAN_POINT('',(0.49999937415123,-40.5914148315787,37.));
#14227=CARTESIAN_POINT('',(-5.35104335767081,-42.3342103803072,37.));
#14228=CARTESIAN_POINT('',(0.49999937415123,-40.5914148315787,38.));
#14229=CARTESIAN_POINT('',(-4.43638101220131,-42.0617684349418,38.));
#14230=CARTESIAN_POINT('Origin',(0.49999937415123,-40.5914148315787,38.));
#14231=CARTESIAN_POINT('',(0.49999937415123,-43.0095752701163,37.));
#14232=CARTESIAN_POINT('',(0.49999937415123,-45.4199833705257,37.));
#14233=CARTESIAN_POINT('',(0.49999937415123,-43.0095752701163,38.));
#14234=CARTESIAN_POINT('Origin',(0.49999937415123,-43.0095752701163,38.));
#14235=CARTESIAN_POINT('',(-1.80150728281835,-43.5750028082868,37.));
#14236=CARTESIAN_POINT('',(-2.45557746736309,-43.735692890637,37.));
#14237=CARTESIAN_POINT('',(-1.80150728281835,-43.5750028082868,38.));
#14238=CARTESIAN_POINT('Origin',(0.49999937415123,-46.2977155670524,38.));
#14239=CARTESIAN_POINT('',(0.49999937415123,-46.2977155670524,37.));
#14240=CARTESIAN_POINT('',(-8.50000038743019,-46.2977155670524,37.));
#14241=CARTESIAN_POINT('',(-1.74474247304099,-46.2977155670524,37.));
#14242=CARTESIAN_POINT('',(-8.50000038743019,-46.2977155670524,38.));
#14243=CARTESIAN_POINT('',(0.49999937415123,-46.2977155670524,38.));
#14244=CARTESIAN_POINT('Origin',(-8.50000038743019,-46.2977155670524,38.));
#14245=CARTESIAN_POINT('',(-8.50000038743019,-44.3125028433162,37.));
#14246=CARTESIAN_POINT('',(-8.50000038743019,-48.2731337382625,37.));
#14247=CARTESIAN_POINT('',(-8.50000038743019,-44.3125028433162,38.));
#14248=CARTESIAN_POINT('Origin',(0.49999937415123,-67.9916628822684,38.));
#14249=CARTESIAN_POINT('',(0.49999937415123,-67.9916628822684,37.));
#14250=CARTESIAN_POINT('',(-8.50000038743019,-67.9916628822684,37.));
#14251=CARTESIAN_POINT('',(-1.74474247304099,-67.9916628822684,37.));
#14252=CARTESIAN_POINT('',(-8.50000038743019,-67.9916628822684,38.));
#14253=CARTESIAN_POINT('',(0.49999937415123,-67.9916628822684,38.));
#14254=CARTESIAN_POINT('Origin',(-8.50000038743019,-67.9916628822684,38.));
#14255=CARTESIAN_POINT('',(-8.50000038743019,-65.651329420507,37.));
#14256=CARTESIAN_POINT('',(-8.50000038743019,-59.1201073958706,37.));
#14257=CARTESIAN_POINT('',(-8.50000038743019,-65.651329420507,38.));
#14258=CARTESIAN_POINT('Origin',(-8.50000038743019,-65.651329420507,38.));
#14259=CARTESIAN_POINT('',(-1.3011123239994,-65.651329420507,37.));
#14260=CARTESIAN_POINT('',(-6.2447423538317,-65.651329420507,37.));
#14261=CARTESIAN_POINT('',(-1.3011123239994,-65.651329420507,38.));
#14262=CARTESIAN_POINT('Ctrl Pts',(-4.6920944750309,-26.1658486351371,38.));
#14263=CARTESIAN_POINT('Ctrl Pts',(-4.6920944750309,-26.1658486351371,32.));
#14264=CARTESIAN_POINT('Ctrl Pts',(-4.24058044973691,-26.4148816785389,
38.));
#14265=CARTESIAN_POINT('Ctrl Pts',(-4.24058044973691,-26.4148816785389,
32.));
#14266=CARTESIAN_POINT('Ctrl Pts',(-2.98190796319384,-27.1091038342425,
38.));
#14267=CARTESIAN_POINT('Ctrl Pts',(-2.98190796319384,-27.1091038342425,
32.));
#14268=CARTESIAN_POINT('Ctrl Pts',(-1.79525521785905,-27.9214203651286,
38.));
#14269=CARTESIAN_POINT('Ctrl Pts',(-1.79525521785905,-27.9214203651286,
32.));
#14270=CARTESIAN_POINT('Ctrl Pts',(-1.03428140282631,-28.4423407539725,
38.));
#14271=CARTESIAN_POINT('Ctrl Pts',(-1.03428140282631,-28.4423407539725,
32.));
#14272=CARTESIAN_POINT('',(-4.6920944750309,-26.1658486351371,37.));
#14273=CARTESIAN_POINT('',(-1.03428140282631,-28.4423407539725,37.));
#14274=CARTESIAN_POINT('Ctrl Pts',(-4.6920944750309,-26.1658486351371,37.));
#14275=CARTESIAN_POINT('Ctrl Pts',(-4.24058044973691,-26.4148816785389,
37.));
#14276=CARTESIAN_POINT('Ctrl Pts',(-3.78906642444292,-26.6639147219408,
37.));
#14277=CARTESIAN_POINT('Ctrl Pts',(-3.34682002663612,-26.9281443580985,
37.));
#14278=CARTESIAN_POINT('Ctrl Pts',(-2.55622903289179,-27.4004999762847,
37.));
#14279=CARTESIAN_POINT('Ctrl Pts',(-1.79525521785905,-27.9214203651286,
37.));
#14280=CARTESIAN_POINT('Ctrl Pts',(-1.03428140282631,-28.4423407539725,
37.));
#14281=CARTESIAN_POINT('',(-1.03428140282631,-28.4423407539725,38.));
#14282=CARTESIAN_POINT('',(-4.6920944750309,-26.1658486351371,38.));
#14283=CARTESIAN_POINT('Origin',(-1.03428140282631,-28.4423407539725,38.));
#14284=CARTESIAN_POINT('',(-1.03428140282631,-25.9796198830009,37.));
#14285=CARTESIAN_POINT('',(-1.03428140282631,-39.3454463317226,37.));
#14286=CARTESIAN_POINT('',(-1.03428140282631,-25.9796198830009,38.));
#14287=CARTESIAN_POINT('Origin',(-1.03428140282631,-25.9796198830009,38.));
#14288=CARTESIAN_POINT('',(0.49999937415123,-25.9796198830009,37.));
#14289=CARTESIAN_POINT('',(-2.51188286152976,-25.9796198830009,37.));
#14290=CARTESIAN_POINT('',(0.49999937415123,-25.9796198830009,38.));
#14291=CARTESIAN_POINT('Origin',(0.49999937415123,-25.9796198830009,38.));
#14292=CARTESIAN_POINT('',(0.49999937415123,-30.921560190618,37.));
#14293=CARTESIAN_POINT('',(0.49999937415123,-38.1140858962368,37.));
#14294=CARTESIAN_POINT('',(0.49999937415123,-30.921560190618,38.));
#14295=CARTESIAN_POINT('Origin',(0.49999937415123,-30.921560190618,38.));
#14296=CARTESIAN_POINT('',(-0.784126669168472,-30.9201725944877,37.));
#14297=CARTESIAN_POINT('',(-1.73429771986201,-30.9191458621976,37.));
#14298=CARTESIAN_POINT('',(-0.784126669168472,-30.9201725944877,38.));
#14299=CARTESIAN_POINT('Ctrl Pts',(-0.784126669168472,-30.9201725944877,
38.));
#14300=CARTESIAN_POINT('Ctrl Pts',(-0.784126669168472,-30.9201725944877,
32.));
#14301=CARTESIAN_POINT('Ctrl Pts',(-1.74697055278287,-30.3263009630074,
38.));
#14302=CARTESIAN_POINT('Ctrl Pts',(-1.74697055278287,-30.3263009630074,
32.));
#14303=CARTESIAN_POINT('Ctrl Pts',(-3.20973249225686,-29.4240853138809,
38.));
#14304=CARTESIAN_POINT('Ctrl Pts',(-3.20973249225686,-29.4240853138809,
32.));
#14305=CARTESIAN_POINT('Ctrl Pts',(-4.71432326607631,-28.5939409594338,
38.));
#14306=CARTESIAN_POINT('Ctrl Pts',(-4.71432326607631,-28.5939409594338,
32.));
#14307=CARTESIAN_POINT('Ctrl Pts',(-5.22853687405586,-28.3102282509208,
38.));
#14308=CARTESIAN_POINT('Ctrl Pts',(-5.22853687405586,-28.3102282509208,
32.));
#14309=CARTESIAN_POINT('',(-5.22853687405586,-28.3102282509208,37.));
#14310=CARTESIAN_POINT('Ctrl Pts',(-0.784126669168472,-30.9201725944877,
37.));
#14311=CARTESIAN_POINT('Ctrl Pts',(-1.74697055278287,-30.3263009630074,
37.));
#14312=CARTESIAN_POINT('Ctrl Pts',(-2.70981443639727,-29.7324293315271,
37.));
#14313=CARTESIAN_POINT('Ctrl Pts',(-3.69078174233436,-29.1697844490409,
37.));
#14314=CARTESIAN_POINT('Ctrl Pts',(-4.20010965809675,-28.8776536679469,
37.));
#14315=CARTESIAN_POINT('Ctrl Pts',(-4.71432326607631,-28.5939409594338,
37.));
#14316=CARTESIAN_POINT('Ctrl Pts',(-5.22853687405586,-28.3102282509208,
37.));
#14317=CARTESIAN_POINT('',(-5.22853687405586,-28.3102282509208,38.));
#14318=CARTESIAN_POINT('Ctrl Pts',(-5.22853687405586,-28.3102282509208,
38.));
#14319=CARTESIAN_POINT('Ctrl Pts',(-5.22853687405586,-28.3102282509208,
32.));
#14320=CARTESIAN_POINT('Ctrl Pts',(-5.47702576786238,-28.1906510595196,
38.));
#14321=CARTESIAN_POINT('Ctrl Pts',(-5.47702576786238,-28.1906510595196,
32.));
#14322=CARTESIAN_POINT('Ctrl Pts',(-5.90151303466832,-27.9863803801639,
38.));
#14323=CARTESIAN_POINT('Ctrl Pts',(-5.90151303466832,-27.9863803801639,
32.));
#14324=CARTESIAN_POINT('Ctrl Pts',(-6.36694095956077,-27.9225470624887,
38.));
#14325=CARTESIAN_POINT('Ctrl Pts',(-6.36694095956077,-27.9225470624887,
32.));
#14326=CARTESIAN_POINT('Ctrl Pts',(-6.55991390347481,-27.8960808739066,
38.));
#14327=CARTESIAN_POINT('Ctrl Pts',(-6.55991390347481,-27.8960808739066,
32.));
#14328=CARTESIAN_POINT('',(-6.55991390347481,-27.8960808739066,37.));
#14329=CARTESIAN_POINT('Ctrl Pts',(-5.22853687405586,-28.3102282509208,
37.));
#14330=CARTESIAN_POINT('Ctrl Pts',(-5.47702576786238,-28.1906510595196,
37.));
#14331=CARTESIAN_POINT('Ctrl Pts',(-5.72551466166891,-28.0710738681185,
37.));
#14332=CARTESIAN_POINT('Ctrl Pts',(-5.98803296685219,-27.9996212944388,
37.));
#14333=CARTESIAN_POINT('Ctrl Pts',(-6.17396801564674,-27.9490132510708,
37.));
#14334=CARTESIAN_POINT('Ctrl Pts',(-6.36694095956077,-27.9225470624887,
37.));
#14335=CARTESIAN_POINT('Ctrl Pts',(-6.55991390347481,-27.8960808739066,
37.));
#14336=CARTESIAN_POINT('',(-6.55991390347481,-27.8960808739066,38.));
#14337=CARTESIAN_POINT('Ctrl Pts',(-6.55991390347481,-27.8960808739066,
38.));
#14338=CARTESIAN_POINT('Ctrl Pts',(-6.55991390347481,-27.8960808739066,
32.));
#14339=CARTESIAN_POINT('Ctrl Pts',(-6.66885558246617,-27.897858692056,38.));
#14340=CARTESIAN_POINT('Ctrl Pts',(-6.66885558246617,-27.897858692056,32.));
#14341=CARTESIAN_POINT('Ctrl Pts',(-6.8610190793869,-27.9009946062041,38.));
#14342=CARTESIAN_POINT('Ctrl Pts',(-6.8610190793869,-27.9009946062041,32.));
#14343=CARTESIAN_POINT('Ctrl Pts',(-7.03299523572367,-27.9849656592446,
38.));
#14344=CARTESIAN_POINT('Ctrl Pts',(-7.03299523572367,-27.9849656592446,
32.));
#14345=CARTESIAN_POINT('Ctrl Pts',(-7.10747435688972,-28.0213316902518,
38.));
#14346=CARTESIAN_POINT('Ctrl Pts',(-7.10747435688972,-28.0213316902518,
32.));
#14347=CARTESIAN_POINT('',(-7.10747435688972,-28.0213316902518,37.));
#14348=CARTESIAN_POINT('Ctrl Pts',(-6.55991390347481,-27.8960808739066,
37.));
#14349=CARTESIAN_POINT('Ctrl Pts',(-6.66885558246617,-27.897858692056,37.));
#14350=CARTESIAN_POINT('Ctrl Pts',(-6.77779726145752,-27.8996365102053,
37.));
#14351=CARTESIAN_POINT('Ctrl Pts',(-6.88025072216988,-27.9273947700858,
37.));
#14352=CARTESIAN_POINT('Ctrl Pts',(-6.95851611455761,-27.9485996282374,
37.));
#14353=CARTESIAN_POINT('Ctrl Pts',(-7.03299523572367,-27.9849656592446,
37.));
#14354=CARTESIAN_POINT('Ctrl Pts',(-7.10747435688972,-28.0213316902518,
37.));
#14355=CARTESIAN_POINT('',(-7.10747435688972,-28.0213316902518,38.));
#14356=CARTESIAN_POINT('Ctrl Pts',(-7.10747435688972,-28.0213316902518,
38.));
#14357=CARTESIAN_POINT('Ctrl Pts',(-7.10747435688972,-28.0213316902518,
32.));
#14358=CARTESIAN_POINT('Ctrl Pts',(-7.1601393630668,-28.0703207487174,38.));
#14359=CARTESIAN_POINT('Ctrl Pts',(-7.1601393630668,-28.0703207487174,32.));
#14360=CARTESIAN_POINT('Ctrl Pts',(-7.2704729997465,-28.17295324362,38.));
#14361=CARTESIAN_POINT('Ctrl Pts',(-7.2704729997465,-28.17295324362,32.));
#14362=CARTESIAN_POINT('Ctrl Pts',(-7.28207652656352,-28.3238001552069,
38.));
#14363=CARTESIAN_POINT('Ctrl Pts',(-7.28207652656352,-28.3238001552069,
32.));
#14364=CARTESIAN_POINT('Ctrl Pts',(-7.28814139962196,-28.4026440605521,
38.));
#14365=CARTESIAN_POINT('Ctrl Pts',(-7.28814139962196,-28.4026440605521,
32.));
#14366=CARTESIAN_POINT('',(-7.28814139962196,-28.4026440605521,37.));
#14367=CARTESIAN_POINT('Ctrl Pts',(-7.10747435688972,-28.0213316902518,
37.));
#14368=CARTESIAN_POINT('Ctrl Pts',(-7.1601393630668,-28.0703207487174,37.));
#14369=CARTESIAN_POINT('Ctrl Pts',(-7.21280436924388,-28.1193098071829,
37.));
#14370=CARTESIAN_POINT('Ctrl Pts',(-7.24297478795052,-28.1792839989066,
37.));
#14371=CARTESIAN_POINT('Ctrl Pts',(-7.27601165350508,-28.2449562498617,
37.));
#14372=CARTESIAN_POINT('Ctrl Pts',(-7.28207652656352,-28.3238001552069,
37.));
#14373=CARTESIAN_POINT('Ctrl Pts',(-7.28814139962196,-28.4026440605521,
37.));
#14374=CARTESIAN_POINT('',(-7.28814139962196,-28.4026440605521,38.));
#14375=CARTESIAN_POINT('Ctrl Pts',(-7.28814139962196,-28.4026440605521,
38.));
#14376=CARTESIAN_POINT('Ctrl Pts',(-7.28814139962196,-28.4026440605521,
32.));
#14377=CARTESIAN_POINT('Ctrl Pts',(-7.28065541065662,-28.4820012149033,
38.));
#14378=CARTESIAN_POINT('Ctrl Pts',(-7.28065541065662,-28.4820012149033,
32.));
#14379=CARTESIAN_POINT('Ctrl Pts',(-7.26604330069347,-28.636900650517,38.));
#14380=CARTESIAN_POINT('Ctrl Pts',(-7.26604330069347,-28.636900650517,32.));
#14381=CARTESIAN_POINT('Ctrl Pts',(-7.1463775273164,-28.7357493211764,38.));
#14382=CARTESIAN_POINT('Ctrl Pts',(-7.1463775273164,-28.7357493211764,32.));
#14383=CARTESIAN_POINT('Ctrl Pts',(-7.08801820874214,-28.7839564308524,
38.));
#14384=CARTESIAN_POINT('Ctrl Pts',(-7.08801820874214,-28.7839564308524,
32.));
#14385=CARTESIAN_POINT('',(-7.08801820874214,-28.7839564308524,37.));
#14386=CARTESIAN_POINT('Ctrl Pts',(-7.28814139962196,-28.4026440605521,
37.));
#14387=CARTESIAN_POINT('Ctrl Pts',(-7.28065541065662,-28.4820012149033,
37.));
#14388=CARTESIAN_POINT('Ctrl Pts',(-7.27316942169128,-28.5613583692544,
37.));
#14389=CARTESIAN_POINT('Ctrl Pts',(-7.2381104528904,-28.6260041221976,37.));
#14390=CARTESIAN_POINT('Ctrl Pts',(-7.20473684589066,-28.6875422115003,
37.));
#14391=CARTESIAN_POINT('Ctrl Pts',(-7.1463775273164,-28.7357493211764,37.));
#14392=CARTESIAN_POINT('Ctrl Pts',(-7.08801820874214,-28.7839564308524,
37.));
#14393=CARTESIAN_POINT('',(-7.08801820874214,-28.7839564308524,38.));
#14394=CARTESIAN_POINT('Origin',(-4.76992025971413,-48.8687476143241,38.));
#14395=CARTESIAN_POINT('',(-4.76992025971413,-48.8687476143241,37.));
#14396=CARTESIAN_POINT('',(-3.23008075356483,-48.8687476143241,37.));
#14397=CARTESIAN_POINT('',(-4.37970228997366,-48.8687476143241,37.));
#14398=CARTESIAN_POINT('',(-3.23008075356483,-48.8687476143241,38.));
#14399=CARTESIAN_POINT('',(-4.76992025971413,-48.8687476143241,38.));
#14400=CARTESIAN_POINT('Ctrl Pts',(-3.23008075356483,-48.8687476143241,
38.));
#14401=CARTESIAN_POINT('Ctrl Pts',(-3.23008075356483,-48.8687476143241,
32.));
#14402=CARTESIAN_POINT('Ctrl Pts',(-2.84374426510727,-48.8683768266323,
38.));
#14403=CARTESIAN_POINT('Ctrl Pts',(-2.84374426510727,-48.8683768266323,
32.));
#14404=CARTESIAN_POINT('Ctrl Pts',(-2.20269412723041,-48.8677615766934,
38.));
#14405=CARTESIAN_POINT('Ctrl Pts',(-2.20269412723041,-48.8677615766934,
32.));
#14406=CARTESIAN_POINT('Ctrl Pts',(-1.56344790055684,-48.9142164832312,
38.));
#14407=CARTESIAN_POINT('Ctrl Pts',(-1.56344790055684,-48.9142164832312,
32.));
#14408=CARTESIAN_POINT('Ctrl Pts',(-1.30945101380348,-48.9326747879386,
38.));
#14409=CARTESIAN_POINT('Ctrl Pts',(-1.30945101380348,-48.9326747879386,
32.));
#14410=CARTESIAN_POINT('',(-1.30945101380348,-48.9326747879386,37.));
#14411=CARTESIAN_POINT('Ctrl Pts',(-3.23008075356483,-48.8687476143241,
37.));
#14412=CARTESIAN_POINT('Ctrl Pts',(-2.84374426510727,-48.8683768266323,
37.));
#14413=CARTESIAN_POINT('Ctrl Pts',(-2.4574077766497,-48.8680060389406,37.));
#14414=CARTESIAN_POINT('Ctrl Pts',(-2.07172647118568,-48.8847311958671,
37.));
#14415=CARTESIAN_POINT('Ctrl Pts',(-1.8174447873102,-48.8957581785237,37.));
#14416=CARTESIAN_POINT('Ctrl Pts',(-1.56344790055684,-48.9142164832312,
37.));
#14417=CARTESIAN_POINT('Ctrl Pts',(-1.30945101380348,-48.9326747879386,
37.));
#14418=CARTESIAN_POINT('',(-1.30945101380348,-48.9326747879386,38.));
#14419=CARTESIAN_POINT('Ctrl Pts',(-1.30945101380348,-48.9326747879386,
38.));
#14420=CARTESIAN_POINT('Ctrl Pts',(-1.30945101380348,-48.9326747879386,
32.));
#14421=CARTESIAN_POINT('Ctrl Pts',(-1.12515510423189,-48.9655291473983,
38.));
#14422=CARTESIAN_POINT('Ctrl Pts',(-1.12515510423189,-48.9655291473983,
32.));
#14423=CARTESIAN_POINT('Ctrl Pts',(-0.755269394628395,-49.031468527662,
38.));
#14424=CARTESIAN_POINT('Ctrl Pts',(-0.755269394628395,-49.031468527662,
32.));
#14425=CARTESIAN_POINT('Ctrl Pts',(-0.437632486623354,-49.2322036877463,
38.));
#14426=CARTESIAN_POINT('Ctrl Pts',(-0.437632486623354,-49.2322036877463,
32.));
#14427=CARTESIAN_POINT('Ctrl Pts',(-0.278258472681046,-49.3329223617911,
38.));
#14428=CARTESIAN_POINT('Ctrl Pts',(-0.278258472681046,-49.3329223617911,
32.));
#14429=CARTESIAN_POINT('',(-0.278258472681046,-49.3329223617911,37.));
#14430=CARTESIAN_POINT('Ctrl Pts',(-1.30945101380348,-48.9326747879386,
37.));
#14431=CARTESIAN_POINT('Ctrl Pts',(-1.12515510423189,-48.9655291473983,
37.));
#14432=CARTESIAN_POINT('Ctrl Pts',(-0.940859194660299,-48.9983835068579,
37.));
#14433=CARTESIAN_POINT('Ctrl Pts',(-0.76953426003456,-49.0647014603019,
37.));
#14434=CARTESIAN_POINT('Ctrl Pts',(-0.597006500565661,-49.1314850137014,
37.));
#14435=CARTESIAN_POINT('Ctrl Pts',(-0.437632486623354,-49.2322036877463,
37.));
#14436=CARTESIAN_POINT('Ctrl Pts',(-0.278258472681046,-49.3329223617911,
37.));
#14437=CARTESIAN_POINT('',(-0.278258472681046,-49.3329223617911,38.));
#14438=CARTESIAN_POINT('Ctrl Pts',(-0.278258472681046,-49.3329223617911,
38.));
#14439=CARTESIAN_POINT('Ctrl Pts',(-0.278258472681046,-49.3329223617911,
32.));
#14440=CARTESIAN_POINT('Ctrl Pts',(-0.130781983619292,-49.4568641339689,
38.));
#14441=CARTESIAN_POINT('Ctrl Pts',(-0.130781983619292,-49.4568641339689,
32.));
#14442=CARTESIAN_POINT('Ctrl Pts',(0.170714570582411,-49.7102470119516,
38.));
#14443=CARTESIAN_POINT('Ctrl Pts',(0.170714570582411,-49.7102470119516,
32.));
#14444=CARTESIAN_POINT('Ctrl Pts',(0.348188227457451,-50.0620815728898,
38.));
#14445=CARTESIAN_POINT('Ctrl Pts',(0.348188227457451,-50.0620815728898,
32.));
#14446=CARTESIAN_POINT('Ctrl Pts',(0.438850969076157,-50.2418169006705,
38.));
#14447=CARTESIAN_POINT('Ctrl Pts',(0.438850969076157,-50.2418169006705,
32.));
#14448=CARTESIAN_POINT('',(0.438850969076157,-50.2418169006705,37.));
#14449=CARTESIAN_POINT('Ctrl Pts',(-0.278258472681046,-49.3329223617911,
37.));
#14450=CARTESIAN_POINT('Ctrl Pts',(-0.130781983619292,-49.4568641339689,
37.));
#14451=CARTESIAN_POINT('Ctrl Pts',(0.016694505442461,-49.5808059061467,
37.));
#14452=CARTESIAN_POINT('Ctrl Pts',(0.134496539831163,-49.7283038124442,
37.));
#14453=CARTESIAN_POINT('Ctrl Pts',(0.257525485838746,-49.8823462451091,
37.));
#14454=CARTESIAN_POINT('Ctrl Pts',(0.348188227457451,-50.0620815728898,
37.));
#14455=CARTESIAN_POINT('Ctrl Pts',(0.438850969076157,-50.2418169006705,
37.));
#14456=CARTESIAN_POINT('',(0.438850969076157,-50.2418169006705,38.));
#14457=CARTESIAN_POINT('Ctrl Pts',(-7.0240892469883,-51.8455847725272,38.));
#14458=CARTESIAN_POINT('Ctrl Pts',(-7.0240892469883,-51.8455847725272,32.));
#14459=CARTESIAN_POINT('Ctrl Pts',(-6.93126152806927,-51.8733422912172,
38.));
#14460=CARTESIAN_POINT('Ctrl Pts',(-6.93126152806927,-51.8733422912172,
32.));
#14461=CARTESIAN_POINT('Ctrl Pts',(-6.65972020165151,-51.9545390881535,
38.));
#14462=CARTESIAN_POINT('Ctrl Pts',(-6.65972020165151,-51.9545390881535,
32.));
#14463=CARTESIAN_POINT('Ctrl Pts',(-6.3749089247167,-51.9474996665548,38.));
#14464=CARTESIAN_POINT('Ctrl Pts',(-6.3749089247167,-51.9474996665548,32.));
#14465=CARTESIAN_POINT('Ctrl Pts',(-6.18746176362038,-51.942866705358,38.));
#14466=CARTESIAN_POINT('Ctrl Pts',(-6.18746176362038,-51.942866705358,32.));
#14467=CARTESIAN_POINT('',(-6.50592933391819,-51.9437528433162,37.));
#14468=CARTESIAN_POINT('',(-6.223727718074,-51.9437528433162,37.));
#14469=CARTESIAN_POINT('Ctrl Pts',(-6.50592933391819,-51.9437528433162,
37.));
#14470=CARTESIAN_POINT('Ctrl Pts',(-6.41244590810083,-51.9476345829126,
37.));
#14471=CARTESIAN_POINT('Ctrl Pts',(-6.31813384076319,-51.9460064154317,
37.));
#14472=CARTESIAN_POINT('Ctrl Pts',(-6.223727718074,-51.9437528433162,37.));
#14473=CARTESIAN_POINT('Ctrl Pts',(-6.223727718074,-51.9437528433162,37.));
#14474=CARTESIAN_POINT('Ctrl Pts',(-6.2237277180737,-51.9437528433162,37.3333333333333));
#14475=CARTESIAN_POINT('Ctrl Pts',(-6.22372771807413,-51.9437528433162,
37.6666666666667));
#14476=CARTESIAN_POINT('Ctrl Pts',(-6.22372771807413,-51.9437528433162,
38.));
#14477=CARTESIAN_POINT('Ctrl Pts',(-6.50592933391837,-51.9437528433162,
38.));
#14478=CARTESIAN_POINT('Ctrl Pts',(-6.50592933391837,-51.9437528433162,
37.9420151075304));
#14479=CARTESIAN_POINT('Ctrl Pts',(-6.50592933391833,-51.9437528433162,
37.8840302150609));
#14480=CARTESIAN_POINT('Ctrl Pts',(-6.50592933391833,-51.9437528433162,
37.5506968817275));
#14481=CARTESIAN_POINT('Ctrl Pts',(-6.50592933391819,-51.9437528433162,
37.2753484408638));
#14482=CARTESIAN_POINT('Ctrl Pts',(-6.50592933391819,-51.9437528433162,
37.));
#14483=CARTESIAN_POINT('Ctrl Pts',(0.438850969076157,-50.2418169006705,
38.));
#14484=CARTESIAN_POINT('Ctrl Pts',(0.438850969076157,-50.2418169006705,
32.));
#14485=CARTESIAN_POINT('Ctrl Pts',(0.511761021884178,-50.4464242817149,
38.));
#14486=CARTESIAN_POINT('Ctrl Pts',(0.511761021884178,-50.4464242817149,
32.));
#14487=CARTESIAN_POINT('Ctrl Pts',(0.66540178003774,-50.8775861302769,38.));
#14488=CARTESIAN_POINT('Ctrl Pts',(0.66540178003774,-50.8775861302769,32.));
#14489=CARTESIAN_POINT('Ctrl Pts',(0.680874403582663,-51.3354098917449,
38.));
#14490=CARTESIAN_POINT('Ctrl Pts',(0.680874403582663,-51.3354098917449,
32.));
#14491=CARTESIAN_POINT('Ctrl Pts',(0.689004510641098,-51.5759738907218,
38.));
#14492=CARTESIAN_POINT('Ctrl Pts',(0.689004510641098,-51.5759738907218,
32.));
#14493=CARTESIAN_POINT('',(0.671304968153021,-51.2062528082868,37.));
#14494=CARTESIAN_POINT('Ctrl Pts',(0.438850969076157,-50.2418169006705,
37.));
#14495=CARTESIAN_POINT('Ctrl Pts',(0.511761021884178,-50.4464242817149,
37.));
#14496=CARTESIAN_POINT('Ctrl Pts',(0.5846710746922,-50.6510316627592,37.));
#14497=CARTESIAN_POINT('Ctrl Pts',(0.626466125249862,-50.861643217504,37.));
#14498=CARTESIAN_POINT('Ctrl Pts',(0.648972118045966,-50.9750543049562,
37.));
#14499=CARTESIAN_POINT('Ctrl Pts',(0.662455827165886,-51.0902063968901,
37.));
#14500=CARTESIAN_POINT('Ctrl Pts',(0.671304968153021,-51.2062528082868,
37.));
#14501=CARTESIAN_POINT('Ctrl Pts',(0.671304968153021,-51.2062528082868,
37.));
#14502=CARTESIAN_POINT('Ctrl Pts',(0.671304968153021,-51.2062528082868,
37.3333333333333));
#14503=CARTESIAN_POINT('Ctrl Pts',(0.671304968153021,-51.2062528082868,
37.6666666666667));
#14504=CARTESIAN_POINT('Ctrl Pts',(0.671304968153021,-51.2062528082868,
38.));
#14505=CARTESIAN_POINT('Ctrl Pts',(-1.98486819863319,-51.942866705358,38.));
#14506=CARTESIAN_POINT('Ctrl Pts',(-1.98486819863319,-51.942866705358,32.));
#14507=CARTESIAN_POINT('Ctrl Pts',(-1.77294659359902,-51.9456161730801,
38.));
#14508=CARTESIAN_POINT('Ctrl Pts',(-1.77294659359902,-51.9456161730801,
32.));
#14509=CARTESIAN_POINT('Ctrl Pts',(-1.4483766740668,-51.9498271383432,38.));
#14510=CARTESIAN_POINT('Ctrl Pts',(-1.4483766740668,-51.9498271383432,32.));
#14511=CARTESIAN_POINT('Ctrl Pts',(-1.12859164741362,-51.8972035673686,
38.));
#14512=CARTESIAN_POINT('Ctrl Pts',(-1.12859164741362,-51.8972035673686,
32.));
#14513=CARTESIAN_POINT('Ctrl Pts',(-1.01760402321815,-51.8789395317435,
38.));
#14514=CARTESIAN_POINT('Ctrl Pts',(-1.01760402321815,-51.8789395317435,
32.));
#14515=CARTESIAN_POINT('',(-1.91398082796252,-51.9437528433162,37.));
#14516=CARTESIAN_POINT('',(-1.65477125055176,-51.9437528433162,37.));
#14517=CARTESIAN_POINT('Ctrl Pts',(-1.91398082796252,-51.9437528433162,
37.));
#14518=CARTESIAN_POINT('Ctrl Pts',(-1.8274935077387,-51.9447521053644,37.));
#14519=CARTESIAN_POINT('Ctrl Pts',(-1.74104408009921,-51.9453012826329,
37.));
#14520=CARTESIAN_POINT('Ctrl Pts',(-1.65477125055176,-51.9437528433162,
37.));
#14521=CARTESIAN_POINT('Ctrl Pts',(-1.65477125055176,-51.9437528433162,
37.));
#14522=CARTESIAN_POINT('Ctrl Pts',(-1.65477125055193,-51.9437528433162,
37.3333333333333));
#14523=CARTESIAN_POINT('Ctrl Pts',(-1.65477125055212,-51.9437528433162,
37.6666666666667));
#14524=CARTESIAN_POINT('Ctrl Pts',(-1.65477125055212,-51.9437528433162,
38.));
#14525=CARTESIAN_POINT('Ctrl Pts',(-1.91398082796278,-51.9437528433162,
38.));
#14526=CARTESIAN_POINT('Ctrl Pts',(-1.91398082796278,-51.9437528433162,
37.8553324642512));
#14527=CARTESIAN_POINT('Ctrl Pts',(-1.91398082796213,-51.9437528433162,
37.7106649285024));
#14528=CARTESIAN_POINT('Ctrl Pts',(-1.91398082796213,-51.9437528433162,
37.3773315951691));
#14529=CARTESIAN_POINT('Ctrl Pts',(-1.91398082796252,-51.9437528433162,
37.1886657975845));
#14530=CARTESIAN_POINT('Ctrl Pts',(-1.91398082796252,-51.9437528433162,
37.));
#14531=CARTESIAN_POINT('Ctrl Pts',(0.689004510641098,-51.5759738907218,
38.));
#14532=CARTESIAN_POINT('Ctrl Pts',(0.689004510641098,-51.5759738907218,
32.));
#14533=CARTESIAN_POINT('Ctrl Pts',(0.680768793728697,-51.8067163337224,
38.));
#14534=CARTESIAN_POINT('Ctrl Pts',(0.680768793728697,-51.8067163337224,
32.));
#14535=CARTESIAN_POINT('Ctrl Pts',(0.664908329449778,-52.251083510711,38.));
#14536=CARTESIAN_POINT('Ctrl Pts',(0.664908329449778,-52.251083510711,32.));
#14537=CARTESIAN_POINT('Ctrl Pts',(0.521628582911451,-52.6717603173225,
38.));
#14538=CARTESIAN_POINT('Ctrl Pts',(0.521628582911451,-52.6717603173225,
32.));
#14539=CARTESIAN_POINT('Ctrl Pts',(0.452748388051987,-52.8739961609244,
38.));
#14540=CARTESIAN_POINT('Ctrl Pts',(0.452748388051987,-52.8739961609244,
32.));
#14541=CARTESIAN_POINT('',(0.670649971182556,-51.9437528433162,37.));
#14542=CARTESIAN_POINT('',(0.452748388051987,-52.8739961609244,37.));
#14543=CARTESIAN_POINT('Ctrl Pts',(0.670649971182556,-51.9437528433162,
37.));
#14544=CARTESIAN_POINT('Ctrl Pts',(0.662245585919675,-52.0507334228171,
37.));
#14545=CARTESIAN_POINT('Ctrl Pts',(0.649844625574542,-52.1569709409676,
37.));
#14546=CARTESIAN_POINT('Ctrl Pts',(0.629941076040271,-52.2618135437369,
37.));
#14547=CARTESIAN_POINT('Ctrl Pts',(0.590508777770916,-52.4695244737205,
37.));
#14548=CARTESIAN_POINT('Ctrl Pts',(0.521628582911451,-52.6717603173225,
37.));
#14549=CARTESIAN_POINT('Ctrl Pts',(0.452748388051987,-52.8739961609244,
37.));
#14550=CARTESIAN_POINT('',(0.452748388051987,-52.8739961609244,38.));
#14551=CARTESIAN_POINT('Ctrl Pts',(0.670649971182556,-51.9437528433162,
38.));
#14552=CARTESIAN_POINT('Ctrl Pts',(0.670649971182556,-51.9437528433162,
37.6666666666667));
#14553=CARTESIAN_POINT('Ctrl Pts',(0.670649971182556,-51.9437528433162,
37.3333333333333));
#14554=CARTESIAN_POINT('Ctrl Pts',(0.670649971182556,-51.9437528433162,
37.));
#14555=CARTESIAN_POINT('Ctrl Pts',(0.452748388051987,-52.8739961609244,
38.));
#14556=CARTESIAN_POINT('Ctrl Pts',(0.452748388051987,-52.8739961609244,
32.));
#14557=CARTESIAN_POINT('Ctrl Pts',(0.365346353109259,-53.0555092476521,
38.));
#14558=CARTESIAN_POINT('Ctrl Pts',(0.365346353109259,-53.0555092476521,
32.));
#14559=CARTESIAN_POINT('Ctrl Pts',(0.193087422327718,-53.4132497769549,
38.));
#14560=CARTESIAN_POINT('Ctrl Pts',(0.193087422327718,-53.4132497769549,
32.));
#14561=CARTESIAN_POINT('Ctrl Pts',(-0.107800985034077,-53.6720700082776,
38.));
#14562=CARTESIAN_POINT('Ctrl Pts',(-0.107800985034077,-53.6720700082776,
32.));
#14563=CARTESIAN_POINT('Ctrl Pts',(-0.256022363901138,-53.799568079412,
38.));
#14564=CARTESIAN_POINT('Ctrl Pts',(-0.256022363901138,-53.799568079412,
32.));
#14565=CARTESIAN_POINT('',(-0.256022363901138,-53.799568079412,37.));
#14566=CARTESIAN_POINT('Ctrl Pts',(0.452748388051987,-52.8739961609244,
37.));
#14567=CARTESIAN_POINT('Ctrl Pts',(0.365346353109259,-53.0555092476521,
37.));
#14568=CARTESIAN_POINT('Ctrl Pts',(0.27794431816653,-53.2370223343797,37.));
#14569=CARTESIAN_POINT('Ctrl Pts',(0.15742763876915,-53.3930691704154,37.));
#14570=CARTESIAN_POINT('Ctrl Pts',(0.0404203938329861,-53.5445719371431,
37.));
#14571=CARTESIAN_POINT('Ctrl Pts',(-0.107800985034077,-53.6720700082776,
37.));
#14572=CARTESIAN_POINT('Ctrl Pts',(-0.256022363901138,-53.799568079412,
37.));
#14573=CARTESIAN_POINT('',(-0.256022363901138,-53.799568079412,38.));
#14574=CARTESIAN_POINT('Ctrl Pts',(-0.256022363901138,-53.799568079412,
38.));
#14575=CARTESIAN_POINT('Ctrl Pts',(-0.256022363901138,-53.799568079412,
32.));
#14576=CARTESIAN_POINT('Ctrl Pts',(-0.415771825872859,-53.904341768231,
38.));
#14577=CARTESIAN_POINT('Ctrl Pts',(-0.415771825872859,-53.904341768231,
32.));
#14578=CARTESIAN_POINT('Ctrl Pts',(-0.73118691963229,-54.1112107146079,
38.));
#14579=CARTESIAN_POINT('Ctrl Pts',(-0.73118691963229,-54.1112107146079,
32.));
#14580=CARTESIAN_POINT('Ctrl Pts',(-1.10161765079602,-54.1817031599274,
38.));
#14581=CARTESIAN_POINT('Ctrl Pts',(-1.10161765079602,-54.1817031599274,
32.));
#14582=CARTESIAN_POINT('Ctrl Pts',(-1.28443494439125,-54.2164930328727,
38.));
#14583=CARTESIAN_POINT('Ctrl Pts',(-1.28443494439125,-54.2164930328727,
32.));
#14584=CARTESIAN_POINT('',(-1.28443494439125,-54.2164930328727,37.));
#14585=CARTESIAN_POINT('Ctrl Pts',(-0.256022363901138,-53.799568079412,
37.));
#14586=CARTESIAN_POINT('Ctrl Pts',(-0.415771825872859,-53.904341768231,
37.));
#14587=CARTESIAN_POINT('Ctrl Pts',(-0.575521287844581,-54.00911545705,37.));
#14588=CARTESIAN_POINT('Ctrl Pts',(-0.749383121728896,-54.0789064392447,
37.));
#14589=CARTESIAN_POINT('Ctrl Pts',(-0.91880035720079,-54.1469132869821,
37.));
#14590=CARTESIAN_POINT('Ctrl Pts',(-1.10161765079602,-54.1817031599274,
37.));
#14591=CARTESIAN_POINT('Ctrl Pts',(-1.28443494439125,-54.2164930328727,
37.));
#14592=CARTESIAN_POINT('',(-1.28443494439125,-54.2164930328727,38.));
#14593=CARTESIAN_POINT('Origin',(0.49999937415123,-71.8801745399833,38.));
#14594=CARTESIAN_POINT('',(0.49999937415123,-71.8801745399833,37.));
#14595=CARTESIAN_POINT('',(0.49999937415123,-74.2205077037215,37.));
#14596=CARTESIAN_POINT('',(0.49999937415123,-61.064363224728,37.));
#14597=CARTESIAN_POINT('',(0.49999937415123,-74.2205077037215,38.));
#14598=CARTESIAN_POINT('',(0.49999937415123,-71.8801745399833,38.));
#14599=CARTESIAN_POINT('Origin',(0.49999937415123,-74.2205077037215,38.));
#14600=CARTESIAN_POINT('',(-8.50000038743019,-74.2205077037215,37.));
#14601=CARTESIAN_POINT('',(-1.74474247304099,-74.2205077037215,37.));
#14602=CARTESIAN_POINT('',(-8.50000038743019,-74.2205077037215,38.));
#14603=CARTESIAN_POINT('Origin',(-8.50000038743019,-74.2205077037215,38.));
#14604=CARTESIAN_POINT('',(-8.50000038743019,-70.2569499239326,37.));
#14605=CARTESIAN_POINT('',(-8.50000038743019,-62.2345298065971,37.));
#14606=CARTESIAN_POINT('',(-8.50000038743019,-70.2569499239326,38.));
#14607=CARTESIAN_POINT('Origin',(-8.50000038743019,-70.2569499239326,38.));
#14608=CARTESIAN_POINT('',(-6.69888868927956,-70.2569499239326,37.));
#14609=CARTESIAN_POINT('',(-6.2447423538317,-70.2569499239326,37.));
#14610=CARTESIAN_POINT('',(-6.69888868927956,-70.2569499239326,38.));
#14611=CARTESIAN_POINT('Origin',(-6.69888868927956,-70.2569499239326,38.));
#14612=CARTESIAN_POINT('',(-6.69888868927956,-71.8801745399833,37.));
#14613=CARTESIAN_POINT('',(-6.69888868927956,-60.2527509167026,37.));
#14614=CARTESIAN_POINT('',(-6.69888868927956,-71.8801745399833,38.));
#14615=CARTESIAN_POINT('Ctrl Pts',(-3.23008075356483,-56.7875250801444,
38.));
#14616=CARTESIAN_POINT('Ctrl Pts',(-3.23008075356483,-56.7875250801444,
32.));
#14617=CARTESIAN_POINT('Ctrl Pts',(-2.84374423907366,-56.7871528971692,
38.));
#14618=CARTESIAN_POINT('Ctrl Pts',(-2.84374423907366,-56.7871528971692,
32.));
#14619=CARTESIAN_POINT('Ctrl Pts',(-2.20269400085607,-56.786535331974,38.));
#14620=CARTESIAN_POINT('Ctrl Pts',(-2.20269400085607,-56.786535331974,32.));
#14621=CARTESIAN_POINT('Ctrl Pts',(-1.56344788919787,-56.8329928921601,
38.));
#14622=CARTESIAN_POINT('Ctrl Pts',(-1.56344788919787,-56.8329928921601,
32.));
#14623=CARTESIAN_POINT('Ctrl Pts',(-1.30945101380348,-56.8514522537589,
38.));
#14624=CARTESIAN_POINT('Ctrl Pts',(-1.30945101380348,-56.8514522537589,
32.));
#14625=CARTESIAN_POINT('',(-3.23008075356483,-56.7875250801444,37.));
#14626=CARTESIAN_POINT('',(-1.30945101380348,-56.8514522537589,37.));
#14627=CARTESIAN_POINT('Ctrl Pts',(-3.23008075356483,-56.7875250801444,
37.));
#14628=CARTESIAN_POINT('Ctrl Pts',(-2.84374423907366,-56.7871528971692,
37.));
#14629=CARTESIAN_POINT('Ctrl Pts',(-2.45740772458249,-56.7867807141939,
37.));
#14630=CARTESIAN_POINT('Ctrl Pts',(-2.07172647118568,-56.8035062775016,
37.));
#14631=CARTESIAN_POINT('Ctrl Pts',(-1.81744476459225,-56.8145335305613,
37.));
#14632=CARTESIAN_POINT('Ctrl Pts',(-1.56344788919787,-56.8329928921601,
37.));
#14633=CARTESIAN_POINT('Ctrl Pts',(-1.30945101380348,-56.8514522537589,
37.));
#14634=CARTESIAN_POINT('',(-1.30945101380348,-56.8514522537589,38.));
#14635=CARTESIAN_POINT('',(-3.23008075356483,-56.7875250801444,38.));
#14636=CARTESIAN_POINT('Ctrl Pts',(-1.30945101380348,-56.8514522537589,
38.));
#14637=CARTESIAN_POINT('Ctrl Pts',(-1.30945101380348,-56.8514522537589,
32.));
#14638=CARTESIAN_POINT('Ctrl Pts',(-1.12515510423189,-56.8843066132186,
38.));
#14639=CARTESIAN_POINT('Ctrl Pts',(-1.12515510423189,-56.8843066132186,
32.));
#14640=CARTESIAN_POINT('Ctrl Pts',(-0.755269394628395,-56.9502459934824,
38.));
#14641=CARTESIAN_POINT('Ctrl Pts',(-0.755269394628395,-56.9502459934824,
32.));
#14642=CARTESIAN_POINT('Ctrl Pts',(-0.437632486623354,-57.1509811535666,
38.));
#14643=CARTESIAN_POINT('Ctrl Pts',(-0.437632486623354,-57.1509811535666,
32.));
#14644=CARTESIAN_POINT('Ctrl Pts',(-0.278258472681046,-57.2516998276114,
38.));
#14645=CARTESIAN_POINT('Ctrl Pts',(-0.278258472681046,-57.2516998276114,
32.));
#14646=CARTESIAN_POINT('',(-0.278258472681046,-57.2516998276114,37.));
#14647=CARTESIAN_POINT('Ctrl Pts',(-1.30945101380348,-56.8514522537589,
37.));
#14648=CARTESIAN_POINT('Ctrl Pts',(-1.12515510423189,-56.8843066132186,
37.));
#14649=CARTESIAN_POINT('Ctrl Pts',(-0.940859194660299,-56.9171609726782,
37.));
#14650=CARTESIAN_POINT('Ctrl Pts',(-0.76953426003456,-56.9834789261222,
37.));
#14651=CARTESIAN_POINT('Ctrl Pts',(-0.597006500565661,-57.0502624795217,
37.));
#14652=CARTESIAN_POINT('Ctrl Pts',(-0.437632486623354,-57.1509811535666,
37.));
#14653=CARTESIAN_POINT('Ctrl Pts',(-0.278258472681046,-57.2516998276114,
37.));
#14654=CARTESIAN_POINT('',(-0.278258472681046,-57.2516998276114,38.));
#14655=CARTESIAN_POINT('Ctrl Pts',(-1.28443494439125,-62.1352693066001,
38.));
#14656=CARTESIAN_POINT('Ctrl Pts',(-1.28443494439125,-62.1352693066001,
32.));
#14657=CARTESIAN_POINT('Ctrl Pts',(-1.53911953021014,-62.1545172907002,
38.));
#14658=CARTESIAN_POINT('Ctrl Pts',(-1.53911953021014,-62.1545172907002,
32.));
#14659=CARTESIAN_POINT('Ctrl Pts',(-2.1866066072801,-62.2034516261817,38.));
#14660=CARTESIAN_POINT('Ctrl Pts',(-2.1866066072801,-62.2034516261817,32.));
#14661=CARTESIAN_POINT('Ctrl Pts',(-2.83607579888837,-62.2025341974149,
38.));
#14662=CARTESIAN_POINT('Ctrl Pts',(-2.83607579888837,-62.2025341974149,
32.));
#14663=CARTESIAN_POINT('Ctrl Pts',(-3.23008075356483,-62.2019776329398,
38.));
#14664=CARTESIAN_POINT('Ctrl Pts',(-3.23008075356483,-62.2019776329398,
32.));
#14665=CARTESIAN_POINT('',(-1.28443494439125,-62.1352693066001,37.));
#14666=CARTESIAN_POINT('',(-3.23008075356483,-62.2019776329398,37.));
#14667=CARTESIAN_POINT('Ctrl Pts',(-1.28443494439125,-62.1352693066001,
37.));
#14668=CARTESIAN_POINT('Ctrl Pts',(-1.53911953021014,-62.1545172907002,
37.));
#14669=CARTESIAN_POINT('Ctrl Pts',(-1.79380411602903,-62.1737652748002,
37.));
#14670=CARTESIAN_POINT('Ctrl Pts',(-2.0487953722477,-62.1853002533317,37.));
#14671=CARTESIAN_POINT('Ctrl Pts',(-2.4420708442119,-62.2030907618899,37.));
#14672=CARTESIAN_POINT('Ctrl Pts',(-2.83607579888837,-62.2025341974149,
37.));
#14673=CARTESIAN_POINT('Ctrl Pts',(-3.23008075356483,-62.2019776329398,
37.));
#14674=CARTESIAN_POINT('',(-3.23008075356483,-62.2019776329398,38.));
#14675=CARTESIAN_POINT('',(-1.28443494439125,-62.1352693066001,38.));
#14676=CARTESIAN_POINT('Ctrl Pts',(-0.278258472681046,-57.2516998276114,
38.));
#14677=CARTESIAN_POINT('Ctrl Pts',(-0.278258472681046,-57.2516998276114,
32.));
#14678=CARTESIAN_POINT('Ctrl Pts',(-0.130781983619292,-57.3756415997892,
38.));
#14679=CARTESIAN_POINT('Ctrl Pts',(-0.130781983619292,-57.3756415997892,
32.));
#14680=CARTESIAN_POINT('Ctrl Pts',(0.170714570582411,-57.6290244777719,
38.));
#14681=CARTESIAN_POINT('Ctrl Pts',(0.170714570582411,-57.6290244777719,
32.));
#14682=CARTESIAN_POINT('Ctrl Pts',(0.348188227457451,-57.9808590387101,
38.));
#14683=CARTESIAN_POINT('Ctrl Pts',(0.348188227457451,-57.9808590387101,
32.));
#14684=CARTESIAN_POINT('Ctrl Pts',(0.438850969076157,-58.1605943664908,
38.));
#14685=CARTESIAN_POINT('Ctrl Pts',(0.438850969076157,-58.1605943664908,
32.));
#14686=CARTESIAN_POINT('',(0.438850969076157,-58.1605943664908,37.));
#14687=CARTESIAN_POINT('Ctrl Pts',(-0.278258472681046,-57.2516998276114,
37.));
#14688=CARTESIAN_POINT('Ctrl Pts',(-0.130781983619292,-57.3756415997892,
37.));
#14689=CARTESIAN_POINT('Ctrl Pts',(0.016694505442461,-57.499583371967,37.));
#14690=CARTESIAN_POINT('Ctrl Pts',(0.134496539831163,-57.6470812782645,
37.));
#14691=CARTESIAN_POINT('Ctrl Pts',(0.257525485838746,-57.8011237109294,
37.));
#14692=CARTESIAN_POINT('Ctrl Pts',(0.348188227457451,-57.9808590387101,
37.));
#14693=CARTESIAN_POINT('Ctrl Pts',(0.438850969076157,-58.1605943664908,
37.));
#14694=CARTESIAN_POINT('',(0.438850969076157,-58.1605943664908,38.));
#14695=CARTESIAN_POINT('Origin',(-3.23008075356483,-62.2019776329398,38.));
#14696=CARTESIAN_POINT('',(-4.76992025971413,-62.2019776329398,37.));
#14697=CARTESIAN_POINT('',(-3.60978253689902,-62.2019776329398,37.));
#14698=CARTESIAN_POINT('',(-4.76992025971413,-62.2019776329398,38.));
#14699=CARTESIAN_POINT('Ctrl Pts',(0.438850969076157,-58.1605943664908,
38.));
#14700=CARTESIAN_POINT('Ctrl Pts',(0.438850969076157,-58.1605943664908,
32.));
#14701=CARTESIAN_POINT('Ctrl Pts',(0.511761021884178,-58.3652017475352,
38.));
#14702=CARTESIAN_POINT('Ctrl Pts',(0.511761021884178,-58.3652017475352,
32.));
#14703=CARTESIAN_POINT('Ctrl Pts',(0.66540178003774,-58.7963635960973,38.));
#14704=CARTESIAN_POINT('Ctrl Pts',(0.66540178003774,-58.7963635960973,32.));
#14705=CARTESIAN_POINT('Ctrl Pts',(0.680874403582663,-59.2541873575652,
38.));
#14706=CARTESIAN_POINT('Ctrl Pts',(0.680874403582663,-59.2541873575652,
32.));
#14707=CARTESIAN_POINT('Ctrl Pts',(0.689004510641098,-59.4947513565421,
38.));
#14708=CARTESIAN_POINT('Ctrl Pts',(0.689004510641098,-59.4947513565421,
32.));
#14709=CARTESIAN_POINT('',(0.671302873653898,-59.1250028082868,37.));
#14710=CARTESIAN_POINT('Ctrl Pts',(0.438850969076157,-58.1605943664908,
37.));
#14711=CARTESIAN_POINT('Ctrl Pts',(0.511761021884178,-58.3652017475352,
37.));
#14712=CARTESIAN_POINT('Ctrl Pts',(0.5846710746922,-58.5698091285795,37.));
#14713=CARTESIAN_POINT('Ctrl Pts',(0.626466125249862,-58.7804206833243,
37.));
#14714=CARTESIAN_POINT('Ctrl Pts',(0.648970342474962,-58.8938228234068,
37.));
#14715=CARTESIAN_POINT('Ctrl Pts',(0.662453699562355,-59.0089656932748,
37.));
#14716=CARTESIAN_POINT('Ctrl Pts',(0.6713028736539,-59.1250028082868,37.));
#14717=CARTESIAN_POINT('Ctrl Pts',(0.671302873653898,-59.1250028082868,
37.));
#14718=CARTESIAN_POINT('Ctrl Pts',(0.671302873653898,-59.1250028082868,
37.3333333333333));
#14719=CARTESIAN_POINT('Ctrl Pts',(0.671302873653899,-59.1250028082868,
37.6666666666667));
#14720=CARTESIAN_POINT('Ctrl Pts',(0.671302873653899,-59.1250028082868,
38.));
#14721=CARTESIAN_POINT('Ctrl Pts',(-4.76992025971413,-62.2019776329398,
38.));
#14722=CARTESIAN_POINT('Ctrl Pts',(-4.76992025971413,-62.2019776329398,
32.));
#14723=CARTESIAN_POINT('Ctrl Pts',(-5.15625657328193,-62.2023492865728,
38.));
#14724=CARTESIAN_POINT('Ctrl Pts',(-5.15625657328193,-62.2023492865728,
32.));
#14725=CARTESIAN_POINT('Ctrl Pts',(-5.7973068039153,-62.202965973741,38.));
#14726=CARTESIAN_POINT('Ctrl Pts',(-5.7973068039153,-62.202965973741,32.));
#14727=CARTESIAN_POINT('Ctrl Pts',(-6.43655292466761,-62.1565085778001,
38.));
#14728=CARTESIAN_POINT('Ctrl Pts',(-6.43655292466761,-62.1565085778001,
32.));
#14729=CARTESIAN_POINT('Ctrl Pts',(-6.69054999947548,-62.1380492672324,
38.));
#14730=CARTESIAN_POINT('Ctrl Pts',(-6.69054999947548,-62.1380492672324,
32.));
#14731=CARTESIAN_POINT('',(-6.69054999947548,-62.1380492672324,37.));
#14732=CARTESIAN_POINT('Ctrl Pts',(-4.76992025971413,-62.2019776329398,
37.));
#14733=CARTESIAN_POINT('Ctrl Pts',(-5.090445375031,-62.2022859765239,37.));
#14734=CARTESIAN_POINT('Ctrl Pts',(-5.41097049034768,-62.2025943201079,
37.));
#14735=CARTESIAN_POINT('Ctrl Pts',(-6.07040793053721,-62.1831182707053,
37.));
#14736=CARTESIAN_POINT('Ctrl Pts',(-6.32488211631748,-62.1646242859603,
37.));
#14737=CARTESIAN_POINT('Ctrl Pts',(-6.69054999947548,-62.1380492672324,
37.));
#14738=CARTESIAN_POINT('',(-6.69054999947548,-62.1380492672324,38.));
#14739=CARTESIAN_POINT('Ctrl Pts',(-6.69054999947548,-62.1380492672324,
38.));
#14740=CARTESIAN_POINT('Ctrl Pts',(-6.69054999947548,-62.1380492672324,
32.));
#14741=CARTESIAN_POINT('Ctrl Pts',(-6.87484590904707,-62.1051949077728,
38.));
#14742=CARTESIAN_POINT('Ctrl Pts',(-6.87484590904707,-62.1051949077728,
32.));
#14743=CARTESIAN_POINT('Ctrl Pts',(-7.24473161865056,-62.039255527509,38.));
#14744=CARTESIAN_POINT('Ctrl Pts',(-7.24473161865056,-62.039255527509,32.));
#14745=CARTESIAN_POINT('Ctrl Pts',(-7.56236852665561,-61.8385203674247,
38.));
#14746=CARTESIAN_POINT('Ctrl Pts',(-7.56236852665561,-61.8385203674247,
32.));
#14747=CARTESIAN_POINT('Ctrl Pts',(-7.72174254059792,-61.7378016933799,
38.));
#14748=CARTESIAN_POINT('Ctrl Pts',(-7.72174254059792,-61.7378016933799,
32.));
#14749=CARTESIAN_POINT('',(-7.72174254059792,-61.7378016933799,37.));
#14750=CARTESIAN_POINT('Ctrl Pts',(-6.69054999947548,-62.1380492672324,
37.));
#14751=CARTESIAN_POINT('Ctrl Pts',(-6.87484590904707,-62.1051949077728,
37.));
#14752=CARTESIAN_POINT('Ctrl Pts',(-7.05914181861866,-62.0723405483131,
37.));
#14753=CARTESIAN_POINT('Ctrl Pts',(-7.2304667532444,-62.0060225948691,37.));
#14754=CARTESIAN_POINT('Ctrl Pts',(-7.4029945127133,-61.9392390414696,37.));
#14755=CARTESIAN_POINT('Ctrl Pts',(-7.56236852665561,-61.8385203674247,
37.));
#14756=CARTESIAN_POINT('Ctrl Pts',(-7.72174254059792,-61.7378016933799,
37.));
#14757=CARTESIAN_POINT('',(-7.72174254059792,-61.7378016933799,38.));
#14758=CARTESIAN_POINT('Ctrl Pts',(-7.72174254059792,-61.7378016933799,
38.));
#14759=CARTESIAN_POINT('Ctrl Pts',(-7.72174254059792,-61.7378016933799,
32.));
#14760=CARTESIAN_POINT('Ctrl Pts',(-7.86921870521467,-61.6138594224646,
38.));
#14761=CARTESIAN_POINT('Ctrl Pts',(-7.86921870521467,-61.6138594224646,
32.));
#14762=CARTESIAN_POINT('Ctrl Pts',(-8.17071396070955,-61.3604760588999,
38.));
#14763=CARTESIAN_POINT('Ctrl Pts',(-8.17071396070955,-61.3604760588999,
32.));
#14764=CARTESIAN_POINT('Ctrl Pts',(-8.34818841850093,-61.0086426984124,
38.));
#14765=CARTESIAN_POINT('Ctrl Pts',(-8.34818841850093,-61.0086426984124,
32.));
#14766=CARTESIAN_POINT('Ctrl Pts',(-8.43885138630867,-60.8289083465934,
38.));
#14767=CARTESIAN_POINT('Ctrl Pts',(-8.43885138630867,-60.8289083465934,
32.));
#14768=CARTESIAN_POINT('',(-8.43885138630867,-60.8289083465934,37.));
#14769=CARTESIAN_POINT('Ctrl Pts',(-7.72174254059792,-61.7378016933799,
37.));
#14770=CARTESIAN_POINT('Ctrl Pts',(-7.86921870521467,-61.6138594224646,
37.));
#14771=CARTESIAN_POINT('Ctrl Pts',(-8.01669486983142,-61.4899171515494,
37.));
#14772=CARTESIAN_POINT('Ctrl Pts',(-8.13449695706367,-61.3424190506339,
37.));
#14773=CARTESIAN_POINT('Ctrl Pts',(-8.25752545069319,-61.1883770502315,
37.));
#14774=CARTESIAN_POINT('Ctrl Pts',(-8.34818841850093,-61.0086426984124,
37.));
#14775=CARTESIAN_POINT('Ctrl Pts',(-8.43885138630867,-60.8289083465934,
37.));
#14776=CARTESIAN_POINT('',(-8.43885138630867,-60.8289083465934,38.));
#14777=CARTESIAN_POINT('Ctrl Pts',(-8.43885138630867,-60.8289083465934,
38.));
#14778=CARTESIAN_POINT('Ctrl Pts',(-8.43885138630867,-60.8289083465934,
32.));
#14779=CARTESIAN_POINT('Ctrl Pts',(-8.51176164255645,-60.6243009756597,
38.));
#14780=CARTESIAN_POINT('Ctrl Pts',(-8.51176164255645,-60.6243009756597,
32.));
#14781=CARTESIAN_POINT('Ctrl Pts',(-8.66540281373738,-60.1931391923891,
38.));
#14782=CARTESIAN_POINT('Ctrl Pts',(-8.66540281373738,-60.1931391923891,
32.));
#14783=CARTESIAN_POINT('Ctrl Pts',(-8.68087581512126,-59.7353153669621,
38.));
#14784=CARTESIAN_POINT('Ctrl Pts',(-8.68087581512126,-59.7353153669621,
32.));
#14785=CARTESIAN_POINT('Ctrl Pts',(-8.68900611996651,-59.4947513565421,
38.));
#14786=CARTESIAN_POINT('Ctrl Pts',(-8.68900611996651,-59.4947513565421,
32.));
#14787=CARTESIAN_POINT('',(-8.67145601610406,-59.8625028433162,37.));
#14788=CARTESIAN_POINT('Ctrl Pts',(-8.43885138630867,-60.8289083465934,
37.));
#14789=CARTESIAN_POINT('Ctrl Pts',(-8.51176164255645,-60.6243009756597,
37.));
#14790=CARTESIAN_POINT('Ctrl Pts',(-8.58467189880423,-60.4196936047259,
37.));
#14791=CARTESIAN_POINT('Ctrl Pts',(-8.62646713852883,-60.2090820297599,
37.));
#14792=CARTESIAN_POINT('Ctrl Pts',(-8.64910055218844,-60.0950293546438,
37.));
#14793=CARTESIAN_POINT('Ctrl Pts',(-8.66260930951005,-59.9792159123965,
37.));
#14794=CARTESIAN_POINT('Ctrl Pts',(-8.67145601610406,-59.8625028433162,
37.));
#14795=CARTESIAN_POINT('Ctrl Pts',(-8.67145601610406,-59.8625028433162,
37.));
#14796=CARTESIAN_POINT('Ctrl Pts',(-8.67145601610406,-59.8625028433162,
37.3333333333333));
#14797=CARTESIAN_POINT('Ctrl Pts',(-8.67145601610406,-59.8625028433162,
37.6666666666667));
#14798=CARTESIAN_POINT('Ctrl Pts',(-8.67145601610406,-59.8625028433162,
38.));
#14799=CARTESIAN_POINT('Origin',(-5.19999988377094,-36.3999991863966,38.));
#14800=CARTESIAN_POINT('',(-5.71494832634926,-36.3999991863966,37.));
#14801=CARTESIAN_POINT('',(-8.91243552223849,-36.3999991863966,37.));
#14802=CARTESIAN_POINT('',(-5.71494832634926,-36.3999991863966,38.));
#14803=CARTESIAN_POINT('Origin',(0.844552052851235,-36.3999991863966,38.));
#14804=CARTESIAN_POINT('',(0.661059431106061,-36.3999991863966,37.));
#14805=CARTESIAN_POINT('Ctrl Pts',(0.661059431106061,-36.3999991863966,
38.));
#14806=CARTESIAN_POINT('Ctrl Pts',(0.661059431106061,-36.3999991863966,
37.6666666666667));
#14807=CARTESIAN_POINT('Ctrl Pts',(0.661059431106062,-36.3999991863966,
37.3333333333333));
#14808=CARTESIAN_POINT('Ctrl Pts',(0.661059431106061,-36.3999991863966,
37.));
#14809=CARTESIAN_POINT('',(-8.91243552223849,-36.3999991863966,37.));
#14810=CARTESIAN_POINT('Origin',(-8.91243552223849,-35.4999992065132,38.));
#14811=CARTESIAN_POINT('',(-8.65841161611445,-35.4999992065132,37.));
#14812=CARTESIAN_POINT('Ctrl Pts',(-8.65841161611445,-35.4999992065132,
38.));
#14813=CARTESIAN_POINT('Ctrl Pts',(-8.65841161611445,-35.4999992065132,
37.6666666666667));
#14814=CARTESIAN_POINT('Ctrl Pts',(-8.65841161611445,-35.4999992065132,
37.3333333333333));
#14815=CARTESIAN_POINT('Ctrl Pts',(-8.65841161611445,-35.4999992065132,
37.));
#14816=CARTESIAN_POINT('',(0.844552052851235,-35.4999992065132,37.));
#14817=CARTESIAN_POINT('Origin',(-4.03394173469363,-36.2499991897494,37.));
#14818=CARTESIAN_POINT('',(-5.71494832634926,-43.3131296469997,37.));
#14819=CARTESIAN_POINT('',(-5.21424844861031,-33.6148890480399,37.));
#14820=CARTESIAN_POINT('Ctrl Pts',(-5.21424844861031,-33.6148890480399,
37.));
#14821=CARTESIAN_POINT('Ctrl Pts',(-5.10080124770836,-33.7039158102936,
37.));
#14822=CARTESIAN_POINT('Ctrl Pts',(-4.98735404680641,-33.7929425725472,
37.));
#14823=CARTESIAN_POINT('Ctrl Pts',(-4.89272847771645,-33.8984021171927,
37.));
#14824=CARTESIAN_POINT('Ctrl Pts',(-4.77627007984312,-34.0281941990579,
37.));
#14825=CARTESIAN_POINT('Ctrl Pts',(-4.68832067560748,-34.1828769011063,
37.));
#14826=CARTESIAN_POINT('Ctrl Pts',(-4.60037127137184,-34.3375596031547,
37.));
#14827=CARTESIAN_POINT('',(-6.30585089325905,-33.409205339849,37.));
#14828=CARTESIAN_POINT('Ctrl Pts',(-6.30585089325905,-33.409205339849,37.));
#14829=CARTESIAN_POINT('Ctrl Pts',(-6.08560795239,-33.4104053175593,37.));
#14830=CARTESIAN_POINT('Ctrl Pts',(-5.86536501152094,-33.4116052952696,
37.));
#14831=CARTESIAN_POINT('Ctrl Pts',(-5.65520003437996,-33.4606274589896,
37.));
#14832=CARTESIAN_POINT('Ctrl Pts',(-5.5047742140395,-33.4957151281758,37.));
#14833=CARTESIAN_POINT('Ctrl Pts',(-5.35951133132491,-33.5553020881079,
37.));
#14834=CARTESIAN_POINT('Ctrl Pts',(-5.21424844861031,-33.6148890480399,
37.));
#14835=CARTESIAN_POINT('',(-8.05015698075294,-33.9817818626761,37.));
#14836=CARTESIAN_POINT('Ctrl Pts',(-8.05015698075294,-33.9817818626761,
37.));
#14837=CARTESIAN_POINT('Ctrl Pts',(-7.80830189871978,-33.815032095558,37.));
#14838=CARTESIAN_POINT('Ctrl Pts',(-7.56644681668662,-33.6482823284399,
37.));
#14839=CARTESIAN_POINT('Ctrl Pts',(-7.30021491646767,-33.5523518547416,
37.));
#14840=CARTESIAN_POINT('Ctrl Pts',(-6.99072199565655,-33.4408332783603,
37.));
#14841=CARTESIAN_POINT('Ctrl Pts',(-6.6482864444578,-33.4250193091047,37.));
#14842=CARTESIAN_POINT('Ctrl Pts',(-6.30585089325905,-33.409205339849,37.));
#14843=CARTESIAN_POINT('Ctrl Pts',(-8.65841161611445,-35.4999992065132,
37.));
#14844=CARTESIAN_POINT('Ctrl Pts',(-8.63937306166217,-35.2622043068391,
37.));
#14845=CARTESIAN_POINT('Ctrl Pts',(-8.60072517864995,-35.0308133360781,
37.));
#14846=CARTESIAN_POINT('Ctrl Pts',(-8.52095529437065,-34.8128518089652,
37.));
#14847=CARTESIAN_POINT('Ctrl Pts',(-8.41363962163457,-34.5196247581298,
37.));
#14848=CARTESIAN_POINT('Ctrl Pts',(-8.23189830119376,-34.250703310403,37.));
#14849=CARTESIAN_POINT('Ctrl Pts',(-8.05015698075294,-33.9817818626761,
37.));
#14850=CARTESIAN_POINT('',(-8.50000038743019,-40.7192715629935,37.));
#14851=CARTESIAN_POINT('',(-5.04747267593989,-41.8598822415538,37.));
#14852=CARTESIAN_POINT('',(-8.50000038743019,-42.9150732979178,37.));
#14853=CARTESIAN_POINT('',(-8.50000038743019,-46.5818126036953,37.));
#14854=CARTESIAN_POINT('',(-6.28615422201583,-43.5750028082868,37.));
#14855=CARTESIAN_POINT('',(-3.676659981164,-44.3528717874323,37.));
#14856=CARTESIAN_POINT('',(0.795569235063019,-43.5750028082868,37.));
#14857=CARTESIAN_POINT('',(-8.67145393414146,-51.9437528433162,37.));
#14858=CARTESIAN_POINT('',(-8.74381534642605,-51.9437528433162,37.));
#14859=CARTESIAN_POINT('',(-8.43885138630867,-52.9101308807731,37.));
#14860=CARTESIAN_POINT('Ctrl Pts',(-8.43885138630867,-52.9101308807731,
37.));
#14861=CARTESIAN_POINT('Ctrl Pts',(-8.51176164255645,-52.7055235098394,
37.));
#14862=CARTESIAN_POINT('Ctrl Pts',(-8.58467189880423,-52.5009161389056,
37.));
#14863=CARTESIAN_POINT('Ctrl Pts',(-8.62646713852883,-52.2903045639396,
37.));
#14864=CARTESIAN_POINT('Ctrl Pts',(-8.64909877676416,-52.1762608354142,
37.));
#14865=CARTESIAN_POINT('Ctrl Pts',(-8.66260719012925,-52.0604566159852,
37.));
#14866=CARTESIAN_POINT('Ctrl Pts',(-8.67145393414146,-51.9437528433162,
37.));
#14867=CARTESIAN_POINT('',(-7.72174254059792,-53.8190254196525,37.));
#14868=CARTESIAN_POINT('Ctrl Pts',(-7.72174254059792,-53.8190254196525,
37.));
#14869=CARTESIAN_POINT('Ctrl Pts',(-7.86921867822768,-53.6950827178075,
37.));
#14870=CARTESIAN_POINT('Ctrl Pts',(-8.01669481585744,-53.5711400159626,
37.));
#14871=CARTESIAN_POINT('Ctrl Pts',(-8.13449695706367,-53.4236415848136,
37.));
#14872=CARTESIAN_POINT('Ctrl Pts',(-8.25752532956412,-53.2695994617688,
37.));
#14873=CARTESIAN_POINT('Ctrl Pts',(-8.34818835793639,-53.0898651712709,
37.));
#14874=CARTESIAN_POINT('Ctrl Pts',(-8.43885138630867,-52.9101308807731,
37.));
#14875=CARTESIAN_POINT('',(-6.69054999947548,-54.219272993505,37.));
#14876=CARTESIAN_POINT('Ctrl Pts',(-6.69054999947548,-54.219272993505,37.));
#14877=CARTESIAN_POINT('Ctrl Pts',(-6.87484590904707,-54.1864186340453,
37.));
#14878=CARTESIAN_POINT('Ctrl Pts',(-7.05914181861866,-54.1535642745857,
37.));
#14879=CARTESIAN_POINT('Ctrl Pts',(-7.2304667532444,-54.0872463211417,37.));
#14880=CARTESIAN_POINT('Ctrl Pts',(-7.4029945127133,-54.0204627677422,37.));
#14881=CARTESIAN_POINT('Ctrl Pts',(-7.56236852665561,-53.9197440936973,
37.));
#14882=CARTESIAN_POINT('Ctrl Pts',(-7.72174254059792,-53.8190254196525,
37.));
#14883=CARTESIAN_POINT('',(-4.76992025971413,-54.2832001671195,37.));
#14884=CARTESIAN_POINT('Ctrl Pts',(-4.76992025971413,-54.2832001671195,
37.));
#14885=CARTESIAN_POINT('Ctrl Pts',(-5.15625657492931,-54.2835723377191,
37.));
#14886=CARTESIAN_POINT('Ctrl Pts',(-5.5425928901445,-54.2839445083186,37.));
#14887=CARTESIAN_POINT('Ctrl Pts',(-5.92827394604683,-54.2672189697623,
37.));
#14888=CARTESIAN_POINT('Ctrl Pts',(-6.18255585129731,-54.2561917187596,
37.));
#14889=CARTESIAN_POINT('Ctrl Pts',(-6.43655292538639,-54.2377323561323,
37.));
#14890=CARTESIAN_POINT('Ctrl Pts',(-6.69054999947548,-54.219272993505,37.));
#14891=CARTESIAN_POINT('',(-3.23008075356483,-54.2832001671195,37.));
#14892=CARTESIAN_POINT('',(-3.60978253689902,-54.2832001671195,37.));
#14893=CARTESIAN_POINT('Ctrl Pts',(-1.28443494439125,-54.2164930328727,
37.));
#14894=CARTESIAN_POINT('Ctrl Pts',(-1.53911953532025,-54.2357405413717,
37.));
#14895=CARTESIAN_POINT('Ctrl Pts',(-1.79380412624925,-54.2549880498708,
37.));
#14896=CARTESIAN_POINT('Ctrl Pts',(-2.0487953722477,-54.2665227875113,37.));
#14897=CARTESIAN_POINT('Ctrl Pts',(-2.44207086842407,-54.2843129263497,
37.));
#14898=CARTESIAN_POINT('Ctrl Pts',(-2.83607581099445,-54.2837565467346,
37.));
#14899=CARTESIAN_POINT('Ctrl Pts',(-3.23008075356483,-54.2832001671195,
37.));
#14900=CARTESIAN_POINT('',(-8.74381534642605,-51.9437528433162,37.));
#14901=CARTESIAN_POINT('',(-8.74381534642605,-51.9437528433162,37.));
#14902=CARTESIAN_POINT('',(-8.67049814969007,-51.2062528082868,37.));
#14903=CARTESIAN_POINT('',(0.795569235063019,-51.2062528082868,37.));
#14904=CARTESIAN_POINT('',(-6.71556547284126,-48.9354547485709,37.));
#14905=CARTESIAN_POINT('Ctrl Pts',(-6.71556547284126,-48.9354547485709,
37.));
#14906=CARTESIAN_POINT('Ctrl Pts',(-6.46088069489589,-48.9162061859842,
37.));
#14907=CARTESIAN_POINT('Ctrl Pts',(-6.20619591695051,-48.8969576233975,
37.));
#14908=CARTESIAN_POINT('Ctrl Pts',(-5.95120444893837,-48.8854226097464,
37.));
#14909=CARTESIAN_POINT('Ctrl Pts',(-5.55792940366336,-48.8676320811015,
37.));
#14910=CARTESIAN_POINT('Ctrl Pts',(-5.16392483168874,-48.8681898477128,
37.));
#14911=CARTESIAN_POINT('Ctrl Pts',(-4.76992025971413,-48.8687476143241,
37.));
#14912=CARTESIAN_POINT('',(-7.74397805333138,-49.3523797020316,37.));
#14913=CARTESIAN_POINT('Ctrl Pts',(-7.74397805333138,-49.3523797020316,
37.));
#14914=CARTESIAN_POINT('Ctrl Pts',(-7.5842289497601,-49.2476048180106,37.));
#14915=CARTESIAN_POINT('Ctrl Pts',(-7.42447984618882,-49.1428299339896,
37.));
#14916=CARTESIAN_POINT('Ctrl Pts',(-7.25061789155006,-49.0730389580131,
37.));
#14917=CARTESIAN_POINT('Ctrl Pts',(-7.0812007395015,-49.005032197056,37.));
#14918=CARTESIAN_POINT('Ctrl Pts',(-6.89838310617138,-48.9702434728135,
37.));
#14919=CARTESIAN_POINT('Ctrl Pts',(-6.71556547284126,-48.9354547485709,
37.));
#14920=CARTESIAN_POINT('',(-8.4527488052845,-50.2779492363334,37.));
#14921=CARTESIAN_POINT('Ctrl Pts',(-8.4527488052845,-50.2779492363334,37.));
#14922=CARTESIAN_POINT('Ctrl Pts',(-8.36534636319504,-50.0964380432465,
37.));
#14923=CARTESIAN_POINT('Ctrl Pts',(-8.27794392110558,-49.9149268501596,
37.));
#14924=CARTESIAN_POINT('Ctrl Pts',(-8.15742805600166,-49.758880995214,37.));
#14925=CARTESIAN_POINT('Ctrl Pts',(-8.04042045230884,-49.6073776928261,
37.));
#14926=CARTESIAN_POINT('Ctrl Pts',(-7.89219925282011,-49.4798786974289,
37.));
#14927=CARTESIAN_POINT('Ctrl Pts',(-7.74397805333138,-49.3523797020316,
37.));
#14928=CARTESIAN_POINT('Ctrl Pts',(-8.67049814969007,-51.2062528082868,
37.));
#14929=CARTESIAN_POINT('Ctrl Pts',(-8.66209632075437,-51.0999286001184,
37.));
#14930=CARTESIAN_POINT('Ctrl Pts',(-8.64972520839641,-50.9943423805915,
37.));
#14931=CARTESIAN_POINT('Ctrl Pts',(-8.62994208931923,-50.8901342377067,
37.));
#14932=CARTESIAN_POINT('Ctrl Pts',(-8.59050960486314,-50.68242250335,37.));
#14933=CARTESIAN_POINT('Ctrl Pts',(-8.52162920507382,-50.4801858698417,
37.));
#14934=CARTESIAN_POINT('Ctrl Pts',(-8.4527488052845,-50.2779492363334,37.));
#14935=CARTESIAN_POINT('',(0.67065222282495,-59.8625028433162,37.));
#14936=CARTESIAN_POINT('',(-1.65323817639414,-59.8625028433162,37.));
#14937=CARTESIAN_POINT('',(-8.74381534642605,-59.8625028433162,37.));
#14938=CARTESIAN_POINT('',(-1.91635492474728,-59.8625028433162,37.));
#14939=CARTESIAN_POINT('Ctrl Pts',(-1.91635492474728,-59.8625028433162,
37.));
#14940=CARTESIAN_POINT('Ctrl Pts',(-1.82856324421108,-59.8635254834121,
37.));
#14941=CARTESIAN_POINT('Ctrl Pts',(-1.74080930139031,-59.8640998876352,
37.));
#14942=CARTESIAN_POINT('Ctrl Pts',(-1.65323817639414,-59.8625028433162,
37.));
#14943=CARTESIAN_POINT('',(-6.22257840232615,-59.8625028433162,37.));
#14944=CARTESIAN_POINT('',(-8.74381534642605,-59.8625028433162,37.));
#14945=CARTESIAN_POINT('',(-6.50658857466985,-59.8625028433162,37.));
#14946=CARTESIAN_POINT('Ctrl Pts',(-6.50658857466985,-59.8625028433162,
37.));
#14947=CARTESIAN_POINT('Ctrl Pts',(-6.41250996280381,-59.8664355574243,
37.));
#14948=CARTESIAN_POINT('Ctrl Pts',(-6.31759030529332,-59.8647758853976,
37.));
#14949=CARTESIAN_POINT('Ctrl Pts',(-6.22257840232615,-59.8625028433162,
37.));
#14950=CARTESIAN_POINT('',(-8.74381534642605,-59.8625028433162,37.));
#14951=CARTESIAN_POINT('',(-0.256022363901138,-61.7183455452323,37.));
#14952=CARTESIAN_POINT('Ctrl Pts',(-0.256022363901138,-61.7183455452323,
37.));
#14953=CARTESIAN_POINT('Ctrl Pts',(-0.41577179971757,-61.8231193340063,
37.));
#14954=CARTESIAN_POINT('Ctrl Pts',(-0.575521235534004,-61.9278931227803,
37.));
#14955=CARTESIAN_POINT('Ctrl Pts',(-0.749383121728896,-61.9976839050651,
37.));
#14956=CARTESIAN_POINT('Ctrl Pts',(-0.918800317131917,-62.0656905214572,
37.));
#14957=CARTESIAN_POINT('Ctrl Pts',(-1.10161763076158,-62.1004799140286,
37.));
#14958=CARTESIAN_POINT('Ctrl Pts',(-1.28443494439125,-62.1352693066001,
37.));
#14959=CARTESIAN_POINT('',(0.452748388051987,-60.7927748188376,37.));
#14960=CARTESIAN_POINT('Ctrl Pts',(0.452748388051987,-60.7927748188376,
37.));
#14961=CARTESIAN_POINT('Ctrl Pts',(0.365346149535202,-60.9742869587444,
37.));
#14962=CARTESIAN_POINT('Ctrl Pts',(0.277943911018418,-61.1557990986511,
37.));
#14963=CARTESIAN_POINT('Ctrl Pts',(0.157427638769151,-61.3118454441428,
37.));
#14964=CARTESIAN_POINT('Ctrl Pts',(0.0404202144559513,-61.4633484787016,
37.));
#14965=CARTESIAN_POINT('Ctrl Pts',(-0.107801074722593,-61.5908470119669,
37.));
#14966=CARTESIAN_POINT('Ctrl Pts',(-0.256022363901138,-61.7183455452323,
37.));
#14967=CARTESIAN_POINT('Ctrl Pts',(0.670652222824949,-59.8625028433162,
37.));
#14968=CARTESIAN_POINT('Ctrl Pts',(0.662247804229531,-59.9694931084056,
37.));
#14969=CARTESIAN_POINT('Ctrl Pts',(0.649846404305004,-60.0757402369206,
37.));
#14970=CARTESIAN_POINT('Ctrl Pts',(0.629941076040266,-60.1805922016501,
37.));
#14971=CARTESIAN_POINT('Ctrl Pts',(0.590508775300989,-60.3883031296656,
37.));
#14972=CARTESIAN_POINT('Ctrl Pts',(0.52162858167649,-60.5905389742516,37.));
#14973=CARTESIAN_POINT('Ctrl Pts',(0.452748388051987,-60.7927748188376,
37.));
#14974=CARTESIAN_POINT('',(-4.76992025971413,-56.7875250801444,37.));
#14975=CARTESIAN_POINT('',(-4.37970228997366,-56.7875250801444,37.));
#14976=CARTESIAN_POINT('',(-6.71556547284126,-56.8542322143912,37.));
#14977=CARTESIAN_POINT('Ctrl Pts',(-6.71556547284126,-56.8542322143912,
37.));
#14978=CARTESIAN_POINT('Ctrl Pts',(-6.46088069489589,-56.8349836518045,
37.));
#14979=CARTESIAN_POINT('Ctrl Pts',(-6.20619591695051,-56.8157350892179,
37.));
#14980=CARTESIAN_POINT('Ctrl Pts',(-5.95120444893837,-56.8042000755668,
37.));
#14981=CARTESIAN_POINT('Ctrl Pts',(-5.55792940366336,-56.7864095469218,
37.));
#14982=CARTESIAN_POINT('Ctrl Pts',(-5.16392483168874,-56.7869673135331,
37.));
#14983=CARTESIAN_POINT('Ctrl Pts',(-4.76992025971413,-56.7875250801444,
37.));
#14984=CARTESIAN_POINT('',(-7.74397805333138,-57.2711571678519,37.));
#14985=CARTESIAN_POINT('Ctrl Pts',(-7.74397805333138,-57.2711571678519,
37.));
#14986=CARTESIAN_POINT('Ctrl Pts',(-7.5842289497601,-57.1663822838309,37.));
#14987=CARTESIAN_POINT('Ctrl Pts',(-7.42447984618882,-57.0616073998099,
37.));
#14988=CARTESIAN_POINT('Ctrl Pts',(-7.25061789155006,-56.9918164238334,
37.));
#14989=CARTESIAN_POINT('Ctrl Pts',(-7.0812007395015,-56.9238096628764,37.));
#14990=CARTESIAN_POINT('Ctrl Pts',(-6.89838310617138,-56.8890209386338,
37.));
#14991=CARTESIAN_POINT('Ctrl Pts',(-6.71556547284126,-56.8542322143912,
37.));
#14992=CARTESIAN_POINT('',(-8.4527488052845,-58.1967278942466,37.));
#14993=CARTESIAN_POINT('Ctrl Pts',(-8.4527488052845,-58.1967278942466,37.));
#14994=CARTESIAN_POINT('Ctrl Pts',(-8.36534656676772,-58.0152157543398,
37.));
#14995=CARTESIAN_POINT('Ctrl Pts',(-8.27794432825093,-57.8337036144331,
37.));
#14996=CARTESIAN_POINT('Ctrl Pts',(-8.15742805600166,-57.6776572689414,
37.));
#14997=CARTESIAN_POINT('Ctrl Pts',(-8.04042063168846,-57.5261542343827,
37.));
#14998=CARTESIAN_POINT('Ctrl Pts',(-7.89219934250992,-57.3986557011173,
37.));
#14999=CARTESIAN_POINT('Ctrl Pts',(-7.74397805333138,-57.2711571678519,
37.));
#15000=CARTESIAN_POINT('',(-8.67049602561044,-59.1250028082868,37.));
#15001=CARTESIAN_POINT('Ctrl Pts',(-8.67049602561043,-59.1250028082868,
37.));
#15002=CARTESIAN_POINT('Ctrl Pts',(-8.66209423915035,-59.018687877758,37.));
#15003=CARTESIAN_POINT('Ctrl Pts',(-8.64972354250294,-58.9131108675447,
37.));
#15004=CARTESIAN_POINT('Ctrl Pts',(-8.62994208931923,-58.808911703527,37.));
#15005=CARTESIAN_POINT('Ctrl Pts',(-8.59050960229128,-58.6012003617314,
37.));
#15006=CARTESIAN_POINT('Ctrl Pts',(-8.52162920378789,-58.398964127989,37.));
#15007=CARTESIAN_POINT('Ctrl Pts',(-8.4527488052845,-58.1967278942466,37.));
#15008=CARTESIAN_POINT('',(0.795569235063019,-59.1250028082868,37.));
#15009=CARTESIAN_POINT('',(-1.3011123239994,-64.2282279953361,37.));
#15010=CARTESIAN_POINT('',(-1.3011123239994,-57.9499406649898,37.));
#15011=CARTESIAN_POINT('',(0.49999937415123,-64.2282279953361,37.));
#15012=CARTESIAN_POINT('',(0.49999937415123,-57.2383899524044,37.));
#15013=CARTESIAN_POINT('',(-2.6452983221163,-64.2282279953361,37.));
#15014=CARTESIAN_POINT('',(-6.29308298230171,-28.9092072471976,37.));
#15015=CARTESIAN_POINT('Ctrl Pts',(-7.08801820874214,-28.7839564308524,
37.));
#15016=CARTESIAN_POINT('Ctrl Pts',(-6.98930851104953,-28.8200513095909,
37.));
#15017=CARTESIAN_POINT('Ctrl Pts',(-6.89059881335691,-28.8561461883294,
37.));
#15018=CARTESIAN_POINT('Ctrl Pts',(-6.7892225086689,-28.87789811939,37.));
#15019=CARTESIAN_POINT('Ctrl Pts',(-6.6283209867811,-28.9124221516323,37.));
#15020=CARTESIAN_POINT('Ctrl Pts',(-6.4607019845414,-28.910814699415,37.));
#15021=CARTESIAN_POINT('Ctrl Pts',(-6.29308298230171,-28.9092072471976,
37.));
#15022=CARTESIAN_POINT('',(-6.32643654942513,-25.7794960960746,37.));
#15023=CARTESIAN_POINT('Ctrl Pts',(-6.32643654942513,-25.7794960960746,
37.));
#15024=CARTESIAN_POINT('Ctrl Pts',(-6.05845621849219,-25.7986751238335,
37.));
#15025=CARTESIAN_POINT('Ctrl Pts',(-5.79047588755926,-25.8178541515924,
37.));
#15026=CARTESIAN_POINT('Ctrl Pts',(-5.5315013229847,-25.8760842308402,37.));
#15027=CARTESIAN_POINT('Ctrl Pts',(-5.24431592052985,-25.940657478685,37.));
#15028=CARTESIAN_POINT('Ctrl Pts',(-4.96820519778037,-26.053253056911,37.));
#15029=CARTESIAN_POINT('Ctrl Pts',(-4.6920944750309,-26.1658486351371,37.));
#15030=CARTESIAN_POINT('',(-8.00803020596504,-26.4660319313407,37.));
#15031=CARTESIAN_POINT('Ctrl Pts',(-8.00803020596504,-26.4660319313407,
37.));
#15032=CARTESIAN_POINT('Ctrl Pts',(-7.76897788230858,-26.2658094033771,
37.));
#15033=CARTESIAN_POINT('Ctrl Pts',(-7.52992555865212,-26.0655868754136,
37.));
#15034=CARTESIAN_POINT('Ctrl Pts',(-7.25548222661018,-25.9511288627982,
37.));
#15035=CARTESIAN_POINT('Ctrl Pts',(-6.97112901578191,-25.8325378839245,
37.));
#15036=CARTESIAN_POINT('Ctrl Pts',(-6.64878278260352,-25.8060169899996,
37.));
#15037=CARTESIAN_POINT('Ctrl Pts',(-6.32643654942513,-25.7794960960746,
37.));
#15038=CARTESIAN_POINT('',(-8.6723293364048,-28.4922846779227,37.));
#15039=CARTESIAN_POINT('Ctrl Pts',(-8.6723293364048,-28.4922846779227,37.));
#15040=CARTESIAN_POINT('Ctrl Pts',(-8.65658894810317,-28.0863420378646,
37.));
#15041=CARTESIAN_POINT('Ctrl Pts',(-8.64084855980154,-27.6803993978065,
37.));
#15042=CARTESIAN_POINT('Ctrl Pts',(-8.50625470280647,-27.315865419805,37.));
#15043=CARTESIAN_POINT('Ctrl Pts',(-8.39465486858752,-27.0136084489417,
37.));
#15044=CARTESIAN_POINT('Ctrl Pts',(-8.20134253727628,-26.7398201901412,
37.));
#15045=CARTESIAN_POINT('Ctrl Pts',(-8.00803020596504,-26.4660319313407,
37.));
#15046=CARTESIAN_POINT('',(-8.45552876591682,-29.6652277931571,37.));
#15047=CARTESIAN_POINT('Ctrl Pts',(-8.45552876591682,-29.6652277931571,
37.));
#15048=CARTESIAN_POINT('Ctrl Pts',(-8.51869488823293,-29.487669719311,37.));
#15049=CARTESIAN_POINT('Ctrl Pts',(-8.58186101054903,-29.3101116454648,
37.));
#15050=CARTESIAN_POINT('Ctrl Pts',(-8.61812934279442,-29.1273983940482,
37.));
#15051=CARTESIAN_POINT('Ctrl Pts',(-8.6592744208855,-28.9201169853817,37.));
#15052=CARTESIAN_POINT('Ctrl Pts',(-8.66580187864515,-28.7062008316522,
37.));
#15053=CARTESIAN_POINT('Ctrl Pts',(-8.6723293364048,-28.4922846779227,37.));
#15054=CARTESIAN_POINT('',(-7.81624510884285,-30.4601630195975,37.));
#15055=CARTESIAN_POINT('Ctrl Pts',(-7.81624510884285,-30.4601630195975,
37.));
#15056=CARTESIAN_POINT('Ctrl Pts',(-7.94874329228944,-30.3500599174162,
37.));
#15057=CARTESIAN_POINT('Ctrl Pts',(-8.08124147573602,-30.2399568152348,
37.));
#15058=CARTESIAN_POINT('Ctrl Pts',(-8.18730786442757,-30.1085576042533,
37.));
#15059=CARTESIAN_POINT('Ctrl Pts',(-8.29481951207255,-29.975367949678,37.));
#15060=CARTESIAN_POINT('Ctrl Pts',(-8.37517413899469,-29.8202978714176,
37.));
#15061=CARTESIAN_POINT('Ctrl Pts',(-8.45552876591682,-29.6652277931571,
37.));
#15062=CARTESIAN_POINT('',(-6.95738151669502,-30.8437355980277,37.));
#15063=CARTESIAN_POINT('Ctrl Pts',(-6.95738151669502,-30.8437355980277,
37.));
#15064=CARTESIAN_POINT('Ctrl Pts',(-7.10498640447286,-30.8062917478216,
37.));
#15065=CARTESIAN_POINT('Ctrl Pts',(-7.25259129225069,-30.7688478976156,
37.));
#15066=CARTESIAN_POINT('Ctrl Pts',(-7.39028766751289,-30.7089289650321,
37.));
#15067=CARTESIAN_POINT('Ctrl Pts',(-7.54009192874191,-30.6437412546642,
37.));
#15068=CARTESIAN_POINT('Ctrl Pts',(-7.67816851879238,-30.5519521371309,
37.));
#15069=CARTESIAN_POINT('Ctrl Pts',(-7.81624510884285,-30.4601630195975,
37.));
#15070=CARTESIAN_POINT('',(-5.76497927308083,-30.921560190618,37.));
#15071=CARTESIAN_POINT('Ctrl Pts',(-5.76497927308083,-30.921560190618,37.));
#15072=CARTESIAN_POINT('Ctrl Pts',(-5.9907269332614,-30.9204011822055,37.));
#15073=CARTESIAN_POINT('Ctrl Pts',(-6.21647459344198,-30.9192421737929,
37.));
#15074=CARTESIAN_POINT('Ctrl Pts',(-6.44109085202217,-30.9021004661918,
37.));
#15075=CARTESIAN_POINT('Ctrl Pts',(-6.61363281465075,-30.8889328358029,
37.));
#15076=CARTESIAN_POINT('Ctrl Pts',(-6.78550716567289,-30.8663342169153,
37.));
#15077=CARTESIAN_POINT('Ctrl Pts',(-6.95738151669502,-30.8437355980277,
37.));
#15078=CARTESIAN_POINT('',(-5.43699875473976,-30.921560190618,37.));
#15079=CARTESIAN_POINT('',(-4.71324153748648,-30.921560190618,37.));
#15080=CARTESIAN_POINT('',(-5.43699875473976,-28.9092072471976,37.));
#15081=CARTESIAN_POINT('',(-5.43699875473976,-39.5788795783352,37.));
#15082=CARTESIAN_POINT('',(-5.14128365126746,-28.9092072471976,37.));
#15083=CARTESIAN_POINT('',(-4.99227955937386,-71.8801745399833,37.));
#15084=CARTESIAN_POINT('',(-5.34418650475638,-71.8801745399833,37.));
#15085=CARTESIAN_POINT('',(-3.2801117002964,-71.8801745399833,37.));
#15086=CARTESIAN_POINT('',(-3.6347980102648,-71.8801745399833,37.));
#15087=CARTESIAN_POINT('',(-3.2801117002964,-70.4348376020789,37.));
#15088=CARTESIAN_POINT('',(-3.2801117002964,-60.3416947557758,37.));
#15089=CARTESIAN_POINT('',(-4.99227955937386,-70.4348376020789,37.));
#15090=CARTESIAN_POINT('',(-4.49088193980353,-70.4348376020789,37.));
#15091=CARTESIAN_POINT('',(-4.99227955937386,-61.064363224728,37.));
#15092=CARTESIAN_POINT('',(0.49999937415123,-44.3125028433162,37.));
#15093=CARTESIAN_POINT('',(-8.74381534642605,-44.3125028433162,37.));
#15094=CARTESIAN_POINT('',(0.49999937415123,-47.1029670073818,37.));
#15095=CARTESIAN_POINT('',(-0.558988004922867,-38.4317525848746,37.));
#15096=CARTESIAN_POINT('Ctrl Pts',(-0.558988004922867,-38.4317525848746,
37.));
#15097=CARTESIAN_POINT('Ctrl Pts',(-0.795029043652735,-38.4871434583059,
37.));
#15098=CARTESIAN_POINT('Ctrl Pts',(-1.0310700823826,-38.5425343317372,37.));
#15099=CARTESIAN_POINT('Ctrl Pts',(-1.26984372735023,-38.5755905136466,
37.));
#15100=CARTESIAN_POINT('Ctrl Pts',(-1.63004293585353,-38.6254570328829,
37.));
#15101=CARTESIAN_POINT('Ctrl Pts',(-1.99646070373323,-38.6244967613934,
37.));
#15102=CARTESIAN_POINT('Ctrl Pts',(-2.36287847161293,-38.6235364899039,
37.));
#15103=CARTESIAN_POINT('',(0.319331735372543,-37.6312574371696,37.));
#15104=CARTESIAN_POINT('Ctrl Pts',(0.319331735372543,-37.6312574371696,
37.));
#15105=CARTESIAN_POINT('Ctrl Pts',(0.199558099792738,-37.8142185473829,
37.));
#15106=CARTESIAN_POINT('Ctrl Pts',(0.0797844642129329,-37.9971796575962,
37.));
#15107=CARTESIAN_POINT('Ctrl Pts',(-0.0795258581638326,-38.1357344612479,
37.));
#15108=CARTESIAN_POINT('Ctrl Pts',(-0.219111576413985,-38.2571344527626,
37.));
#15109=CARTESIAN_POINT('Ctrl Pts',(-0.389049790668425,-38.3444435188186,
37.));
#15110=CARTESIAN_POINT('Ctrl Pts',(-0.558988004922867,-38.4317525848746,
37.));
#15111=CARTESIAN_POINT('Ctrl Pts',(0.661059431106061,-36.3999991863966,
37.));
#15112=CARTESIAN_POINT('Ctrl Pts',(0.649348194665345,-36.5721699696798,
37.));
#15113=CARTESIAN_POINT('Ctrl Pts',(0.628599771567027,-36.7422735953153,
37.));
#15114=CARTESIAN_POINT('Ctrl Pts',(0.588247627019882,-36.9078930839896,
37.));
#15115=CARTESIAN_POINT('Ctrl Pts',(0.527869209209702,-37.1557074888226,
37.));
#15116=CARTESIAN_POINT('Ctrl Pts',(0.423600472291124,-37.3934824629961,
37.));
#15117=CARTESIAN_POINT('Ctrl Pts',(0.319331735372543,-37.6312574371696,
37.));
#15118=CARTESIAN_POINT('Ctrl Pts',(-8.67788806557655,-36.1609086021781,
38.));
#15119=CARTESIAN_POINT('Ctrl Pts',(-8.67788806557655,-36.1609086021781,
32.));
#15120=CARTESIAN_POINT('Ctrl Pts',(-8.67566272466067,-35.6951996067944,
38.));
#15121=CARTESIAN_POINT('Ctrl Pts',(-8.67566272466067,-35.6951996067944,
32.));
#15122=CARTESIAN_POINT('Ctrl Pts',(-8.67187120663876,-34.9017283519613,
38.));
#15123=CARTESIAN_POINT('Ctrl Pts',(-8.67187120663876,-34.9017283519613,
32.));
#15124=CARTESIAN_POINT('Ctrl Pts',(-8.23189830119376,-34.250703310403,38.));
#15125=CARTESIAN_POINT('Ctrl Pts',(-8.23189830119376,-34.250703310403,32.));
#15126=CARTESIAN_POINT('Ctrl Pts',(-8.05015698075294,-33.9817818626761,
38.));
#15127=CARTESIAN_POINT('Ctrl Pts',(-8.05015698075294,-33.9817818626761,
32.));
#15128=CARTESIAN_POINT('',(-8.05015698075294,-33.9817818626761,38.));
#15129=CARTESIAN_POINT('Origin',(-5.71494832634926,-36.3777073845267,38.));
#15130=CARTESIAN_POINT('Origin',(-8.74381534642605,-59.1250028082868,38.));
#15131=CARTESIAN_POINT('Ctrl Pts',(-8.67049602561044,-59.1250028082868,
38.));
#15132=CARTESIAN_POINT('Ctrl Pts',(-8.67049602561044,-59.1250028082868,
37.6666666666667));
#15133=CARTESIAN_POINT('Ctrl Pts',(-8.67049602561044,-59.1250028082868,
37.3333333333333));
#15134=CARTESIAN_POINT('Ctrl Pts',(-8.67049602561044,-59.1250028082868,
37.));
#15135=CARTESIAN_POINT('Origin',(0.795569235063019,-59.8625028433162,38.));
#15136=CARTESIAN_POINT('Ctrl Pts',(-1.65323817639414,-59.8625028433162,
37.));
#15137=CARTESIAN_POINT('Ctrl Pts',(-1.65323817639406,-59.8625028433162,
37.3333333333333));
#15138=CARTESIAN_POINT('Ctrl Pts',(-1.65323817639381,-59.8625028433162,
37.6666666666667));
#15139=CARTESIAN_POINT('Ctrl Pts',(-1.65323817639381,-59.8625028433162,
38.));
#15140=CARTESIAN_POINT('Ctrl Pts',(0.670652222824949,-59.8625028433162,
38.));
#15141=CARTESIAN_POINT('Ctrl Pts',(0.670652222824949,-59.8625028433162,
37.6666666666667));
#15142=CARTESIAN_POINT('Ctrl Pts',(0.67065222282495,-59.8625028433162,37.3333333333333));
#15143=CARTESIAN_POINT('Ctrl Pts',(0.67065222282495,-59.8625028433162,37.));
#15144=CARTESIAN_POINT('Origin',(0.795569235063019,-59.8625028433162,38.));
#15145=CARTESIAN_POINT('Ctrl Pts',(-6.22257840232615,-59.8625028433162,
37.));
#15146=CARTESIAN_POINT('Ctrl Pts',(-6.22257840232619,-59.8625028433162,
37.3333333333333));
#15147=CARTESIAN_POINT('Ctrl Pts',(-6.22257840232605,-59.8625028433162,
37.6666666666667));
#15148=CARTESIAN_POINT('Ctrl Pts',(-6.22257840232605,-59.8625028433162,
38.));
#15149=CARTESIAN_POINT('Ctrl Pts',(-1.91635492474864,-59.8625028433162,
38.));
#15150=CARTESIAN_POINT('Ctrl Pts',(-1.91635492474864,-59.8625028433162,
37.8606884553816));
#15151=CARTESIAN_POINT('Ctrl Pts',(-1.91635492474912,-59.8625028433162,
37.7213769107633));
#15152=CARTESIAN_POINT('Ctrl Pts',(-1.91635492474912,-59.8625028433162,
37.3880435774299));
#15153=CARTESIAN_POINT('Ctrl Pts',(-1.91635492474728,-59.8625028433162,
37.194021788715));
#15154=CARTESIAN_POINT('Ctrl Pts',(-1.91635492474728,-59.8625028433162,
37.));
#15155=CARTESIAN_POINT('Origin',(0.795569235063019,-59.8625028433162,38.));
#15156=CARTESIAN_POINT('Ctrl Pts',(-6.50658857467004,-59.8625028433162,
38.));
#15157=CARTESIAN_POINT('Ctrl Pts',(-6.50658857467004,-59.8625028433162,
37.9448478669881));
#15158=CARTESIAN_POINT('Ctrl Pts',(-6.50658857467012,-59.8625028433162,
37.8896957339763));
#15159=CARTESIAN_POINT('Ctrl Pts',(-6.50658857467012,-59.8625028433162,
37.5563624006429));
#15160=CARTESIAN_POINT('Ctrl Pts',(-6.50658857466985,-59.8625028433162,
37.2781812003215));
#15161=CARTESIAN_POINT('Ctrl Pts',(-6.50658857466985,-59.8625028433162,
37.));
#15162=CARTESIAN_POINT('Ctrl Pts',(-8.68900611996651,-59.4947513565421,
38.));
#15163=CARTESIAN_POINT('Ctrl Pts',(-8.68900611996651,-59.4947513565421,
32.));
#15164=CARTESIAN_POINT('Ctrl Pts',(-8.68077016475351,-59.264008913556,38.));
#15165=CARTESIAN_POINT('Ctrl Pts',(-8.68077016475351,-59.264008913556,32.));
#15166=CARTESIAN_POINT('Ctrl Pts',(-8.66490922643536,-58.8196413130859,
38.));
#15167=CARTESIAN_POINT('Ctrl Pts',(-8.66490922643536,-58.8196413130859,
32.));
#15168=CARTESIAN_POINT('Ctrl Pts',(-8.52162920378789,-58.398964127989,38.));
#15169=CARTESIAN_POINT('Ctrl Pts',(-8.52162920378789,-58.398964127989,32.));
#15170=CARTESIAN_POINT('Ctrl Pts',(-8.4527488052845,-58.1967278942466,38.));
#15171=CARTESIAN_POINT('Ctrl Pts',(-8.4527488052845,-58.1967278942466,32.));
#15172=CARTESIAN_POINT('',(-8.4527488052845,-58.1967278942466,38.));
#15173=CARTESIAN_POINT('Origin',(-8.74381534642605,-43.5750028082868,38.));
#15174=CARTESIAN_POINT('',(-6.28615422201583,-43.5750028082868,38.));
#15175=CARTESIAN_POINT('Origin',(0.795569235063019,-44.3125028433162,38.));
#15176=CARTESIAN_POINT('',(0.49999937415123,-44.3125028433162,38.));
#15177=CARTESIAN_POINT('Origin',(0.49999937415123,-43.9573821052909,38.));
#15178=CARTESIAN_POINT('Origin',(-8.74381534642605,-51.2062528082868,38.));
#15179=CARTESIAN_POINT('Ctrl Pts',(-8.67049814969007,-51.2062528082868,
38.));
#15180=CARTESIAN_POINT('Ctrl Pts',(-8.67049814969007,-51.2062528082868,
37.6666666666667));
#15181=CARTESIAN_POINT('Ctrl Pts',(-8.67049814969007,-51.2062528082868,
37.3333333333333));
#15182=CARTESIAN_POINT('Ctrl Pts',(-8.67049814969007,-51.2062528082868,
37.));
#15183=CARTESIAN_POINT('Origin',(0.795569235063019,-51.9437528433162,38.));
#15184=CARTESIAN_POINT('Origin',(0.795569235063019,-51.9437528433162,38.));
#15185=CARTESIAN_POINT('Ctrl Pts',(-8.67145393414146,-51.9437528433162,
37.));
#15186=CARTESIAN_POINT('Ctrl Pts',(-8.67145393414146,-51.9437528433162,
37.3333333333333));
#15187=CARTESIAN_POINT('Ctrl Pts',(-8.67145393414146,-51.9437528433162,
37.6666666666667));
#15188=CARTESIAN_POINT('Ctrl Pts',(-8.67145393414146,-51.9437528433162,
38.));
#15189=CARTESIAN_POINT('Origin',(0.795569235063019,-51.9437528433162,38.));
#15190=CARTESIAN_POINT('Origin',(-1.3011123239994,-65.651329420507,38.));
#15191=CARTESIAN_POINT('',(-1.3011123239994,-64.2282279953361,38.));
#15192=CARTESIAN_POINT('Origin',(0.49999937415123,-64.2282279953361,38.));
#15193=CARTESIAN_POINT('',(0.49999937415123,-64.2282279953361,38.));
#15194=CARTESIAN_POINT('Origin',(-1.3011123239994,-64.2282279953361,38.));
#15195=CARTESIAN_POINT('Ctrl Pts',(-7.08801820874214,-28.7839564308524,
38.));
#15196=CARTESIAN_POINT('Ctrl Pts',(-7.08801820874214,-28.7839564308524,
32.));
#15197=CARTESIAN_POINT('Ctrl Pts',(-6.98930851104953,-28.8200513095909,
38.));
#15198=CARTESIAN_POINT('Ctrl Pts',(-6.98930851104953,-28.8200513095909,
32.));
#15199=CARTESIAN_POINT('Ctrl Pts',(-6.73392965252387,-28.9134349299071,
38.));
#15200=CARTESIAN_POINT('Ctrl Pts',(-6.73392965252387,-28.9134349299071,
32.));
#15201=CARTESIAN_POINT('Ctrl Pts',(-6.4607019845414,-28.910814699415,38.));
#15202=CARTESIAN_POINT('Ctrl Pts',(-6.4607019845414,-28.910814699415,32.));
#15203=CARTESIAN_POINT('Ctrl Pts',(-6.29308298230171,-28.9092072471976,
38.));
#15204=CARTESIAN_POINT('Ctrl Pts',(-6.29308298230171,-28.9092072471976,
32.));
#15205=CARTESIAN_POINT('',(-6.29308298230171,-28.9092072471976,38.));
#15206=CARTESIAN_POINT('Ctrl Pts',(-6.32643654942513,-25.7794960960746,
38.));
#15207=CARTESIAN_POINT('Ctrl Pts',(-6.32643654942513,-25.7794960960746,
32.));
#15208=CARTESIAN_POINT('Ctrl Pts',(-6.05845621849219,-25.7986751238335,
38.));
#15209=CARTESIAN_POINT('Ctrl Pts',(-6.05845621849219,-25.7986751238335,
32.));
#15210=CARTESIAN_POINT('Ctrl Pts',(-5.49330369493337,-25.8391224055411,
38.));
#15211=CARTESIAN_POINT('Ctrl Pts',(-5.49330369493337,-25.8391224055411,
32.));
#15212=CARTESIAN_POINT('Ctrl Pts',(-4.96820519778037,-26.053253056911,38.));
#15213=CARTESIAN_POINT('Ctrl Pts',(-4.96820519778037,-26.053253056911,32.));
#15214=CARTESIAN_POINT('Ctrl Pts',(-4.6920944750309,-26.1658486351371,38.));
#15215=CARTESIAN_POINT('Ctrl Pts',(-4.6920944750309,-26.1658486351371,32.));
#15216=CARTESIAN_POINT('',(-6.32643654942513,-25.7794960960746,38.));
#15217=CARTESIAN_POINT('Ctrl Pts',(-8.00803020596504,-26.4660319313407,
38.));
#15218=CARTESIAN_POINT('Ctrl Pts',(-8.00803020596504,-26.4660319313407,
32.));
#15219=CARTESIAN_POINT('Ctrl Pts',(-7.76897788230858,-26.2658094033771,
38.));
#15220=CARTESIAN_POINT('Ctrl Pts',(-7.76897788230858,-26.2658094033771,
32.));
#15221=CARTESIAN_POINT('Ctrl Pts',(-7.28224129071267,-25.8581345088978,
38.));
#15222=CARTESIAN_POINT('Ctrl Pts',(-7.28224129071267,-25.8581345088978,
32.));
#15223=CARTESIAN_POINT('Ctrl Pts',(-6.64878278260352,-25.8060169899996,
38.));
#15224=CARTESIAN_POINT('Ctrl Pts',(-6.64878278260352,-25.8060169899996,
32.));
#15225=CARTESIAN_POINT('Ctrl Pts',(-6.32643654942513,-25.7794960960746,
38.));
#15226=CARTESIAN_POINT('Ctrl Pts',(-6.32643654942513,-25.7794960960746,
32.));
#15227=CARTESIAN_POINT('',(-8.00803020596504,-26.4660319313407,38.));
#15228=CARTESIAN_POINT('Ctrl Pts',(-8.6723293364048,-28.4922846779227,38.));
#15229=CARTESIAN_POINT('Ctrl Pts',(-8.6723293364048,-28.4922846779227,32.));
#15230=CARTESIAN_POINT('Ctrl Pts',(-8.65658894810317,-28.0863420378646,
38.));
#15231=CARTESIAN_POINT('Ctrl Pts',(-8.65658894810317,-28.0863420378646,
32.));
#15232=CARTESIAN_POINT('Ctrl Pts',(-8.62779726040183,-27.3438080232496,
38.));
#15233=CARTESIAN_POINT('Ctrl Pts',(-8.62779726040183,-27.3438080232496,
32.));
#15234=CARTESIAN_POINT('Ctrl Pts',(-8.20134253727628,-26.7398201901412,
38.));
#15235=CARTESIAN_POINT('Ctrl Pts',(-8.20134253727628,-26.7398201901412,
32.));
#15236=CARTESIAN_POINT('Ctrl Pts',(-8.00803020596504,-26.4660319313407,
38.));
#15237=CARTESIAN_POINT('Ctrl Pts',(-8.00803020596504,-26.4660319313407,
32.));
#15238=CARTESIAN_POINT('',(-8.6723293364048,-28.4922846779227,38.));
#15239=CARTESIAN_POINT('Ctrl Pts',(-8.45552876591682,-29.6652277931571,
38.));
#15240=CARTESIAN_POINT('Ctrl Pts',(-8.45552876591682,-29.6652277931571,
32.));
#15241=CARTESIAN_POINT('Ctrl Pts',(-8.51869488823293,-29.487669719311,38.));
#15242=CARTESIAN_POINT('Ctrl Pts',(-8.51869488823293,-29.487669719311,32.));
#15243=CARTESIAN_POINT('Ctrl Pts',(-8.6535206340967,-29.1086785945963,38.));
#15244=CARTESIAN_POINT('Ctrl Pts',(-8.6535206340967,-29.1086785945963,32.));
#15245=CARTESIAN_POINT('Ctrl Pts',(-8.66580187864515,-28.7062008316522,
38.));
#15246=CARTESIAN_POINT('Ctrl Pts',(-8.66580187864515,-28.7062008316522,
32.));
#15247=CARTESIAN_POINT('Ctrl Pts',(-8.6723293364048,-28.4922846779227,38.));
#15248=CARTESIAN_POINT('Ctrl Pts',(-8.6723293364048,-28.4922846779227,32.));
#15249=CARTESIAN_POINT('',(-8.45552876591682,-29.6652277931571,38.));
#15250=CARTESIAN_POINT('Ctrl Pts',(-7.81624510884285,-30.4601630195975,
38.));
#15251=CARTESIAN_POINT('Ctrl Pts',(-7.81624510884285,-30.4601630195975,
32.));
#15252=CARTESIAN_POINT('Ctrl Pts',(-7.94874329228944,-30.3500599174162,
38.));
#15253=CARTESIAN_POINT('Ctrl Pts',(-7.94874329228944,-30.3500599174162,
32.));
#15254=CARTESIAN_POINT('Ctrl Pts',(-8.21554507735798,-30.1283534499051,
38.));
#15255=CARTESIAN_POINT('Ctrl Pts',(-8.21554507735798,-30.1283534499051,
32.));
#15256=CARTESIAN_POINT('Ctrl Pts',(-8.37517413899469,-29.8202978714176,
38.));
#15257=CARTESIAN_POINT('Ctrl Pts',(-8.37517413899469,-29.8202978714176,
32.));
#15258=CARTESIAN_POINT('Ctrl Pts',(-8.45552876591682,-29.6652277931571,
38.));
#15259=CARTESIAN_POINT('Ctrl Pts',(-8.45552876591682,-29.6652277931571,
32.));
#15260=CARTESIAN_POINT('',(-7.81624510884285,-30.4601630195975,38.));
#15261=CARTESIAN_POINT('Ctrl Pts',(-6.95738151669502,-30.8437355980277,
38.));
#15262=CARTESIAN_POINT('Ctrl Pts',(-6.95738151669502,-30.8437355980277,
32.));
#15263=CARTESIAN_POINT('Ctrl Pts',(-7.10498640447286,-30.8062917478216,
38.));
#15264=CARTESIAN_POINT('Ctrl Pts',(-7.10498640447286,-30.8062917478216,
32.));
#15265=CARTESIAN_POINT('Ctrl Pts',(-7.41317533903656,-30.7281115433941,
38.));
#15266=CARTESIAN_POINT('Ctrl Pts',(-7.41317533903656,-30.7281115433941,
32.));
#15267=CARTESIAN_POINT('Ctrl Pts',(-7.67816851879238,-30.5519521371309,
38.));
#15268=CARTESIAN_POINT('Ctrl Pts',(-7.67816851879238,-30.5519521371309,
32.));
#15269=CARTESIAN_POINT('Ctrl Pts',(-7.81624510884285,-30.4601630195975,
38.));
#15270=CARTESIAN_POINT('Ctrl Pts',(-7.81624510884285,-30.4601630195975,
32.));
#15271=CARTESIAN_POINT('',(-6.95738151669502,-30.8437355980277,38.));
#15272=CARTESIAN_POINT('Ctrl Pts',(-5.76497927308083,-30.921560190618,38.));
#15273=CARTESIAN_POINT('Ctrl Pts',(-5.76497927308083,-30.921560190618,32.));
#15274=CARTESIAN_POINT('Ctrl Pts',(-5.9907269332614,-30.9204011822055,38.));
#15275=CARTESIAN_POINT('Ctrl Pts',(-5.9907269332614,-30.9204011822055,32.));
#15276=CARTESIAN_POINT('Ctrl Pts',(-6.3898856572384,-30.9183518660856,38.));
#15277=CARTESIAN_POINT('Ctrl Pts',(-6.3898856572384,-30.9183518660856,32.));
#15278=CARTESIAN_POINT('Ctrl Pts',(-6.78550716567289,-30.8663342169153,
38.));
#15279=CARTESIAN_POINT('Ctrl Pts',(-6.78550716567289,-30.8663342169153,
32.));
#15280=CARTESIAN_POINT('Ctrl Pts',(-6.95738151669502,-30.8437355980277,
38.));
#15281=CARTESIAN_POINT('Ctrl Pts',(-6.95738151669502,-30.8437355980277,
32.));
#15282=CARTESIAN_POINT('',(-5.76497927308083,-30.921560190618,38.));
#15283=CARTESIAN_POINT('Origin',(-5.43699875473976,-30.921560190618,38.));
#15284=CARTESIAN_POINT('',(-5.43699875473976,-30.921560190618,38.));
#15285=CARTESIAN_POINT('Origin',(-5.43699875473976,-28.9092072471976,38.));
#15286=CARTESIAN_POINT('',(-5.43699875473976,-28.9092072471976,38.));
#15287=CARTESIAN_POINT('Origin',(-6.29308298230171,-28.9092072471976,38.));
#15288=CARTESIAN_POINT('Origin',(-8.50000038743019,-40.7192715629935,38.));
#15289=CARTESIAN_POINT('',(-8.50000038743019,-40.7192715629935,38.));
#15290=CARTESIAN_POINT('Origin',(-8.50000038743019,-42.9150732979178,38.));
#15291=CARTESIAN_POINT('',(-8.50000038743019,-42.9150732979178,38.));
#15292=CARTESIAN_POINT('Origin',(-5.00339761376381,-43.9573821052909,38.));
#15293=CARTESIAN_POINT('Ctrl Pts',(-0.558988004922867,-38.4317525848746,
38.));
#15294=CARTESIAN_POINT('Ctrl Pts',(-0.558988004922867,-38.4317525848746,
32.));
#15295=CARTESIAN_POINT('Ctrl Pts',(-0.795029043652735,-38.4871434583059,
38.));
#15296=CARTESIAN_POINT('Ctrl Pts',(-0.795029043652735,-38.4871434583059,
32.));
#15297=CARTESIAN_POINT('Ctrl Pts',(-1.38714704948808,-38.6260935904274,
38.));
#15298=CARTESIAN_POINT('Ctrl Pts',(-1.38714704948808,-38.6260935904274,
32.));
#15299=CARTESIAN_POINT('Ctrl Pts',(-1.99646070373323,-38.6244967613934,
38.));
#15300=CARTESIAN_POINT('Ctrl Pts',(-1.99646070373323,-38.6244967613934,
32.));
#15301=CARTESIAN_POINT('Ctrl Pts',(-2.36287847161293,-38.6235364899039,
38.));
#15302=CARTESIAN_POINT('Ctrl Pts',(-2.36287847161293,-38.6235364899039,
32.));
#15303=CARTESIAN_POINT('',(-0.558988004922867,-38.4317525848746,38.));
#15304=CARTESIAN_POINT('Ctrl Pts',(0.319331735372543,-37.6312574371696,
38.));
#15305=CARTESIAN_POINT('Ctrl Pts',(0.319331735372543,-37.6312574371696,
32.));
#15306=CARTESIAN_POINT('Ctrl Pts',(0.199558099792738,-37.8142185473829,
38.));
#15307=CARTESIAN_POINT('Ctrl Pts',(0.199558099792738,-37.8142185473829,
32.));
#15308=CARTESIAN_POINT('Ctrl Pts',(-0.0251597019930694,-38.1574879012803,
38.));
#15309=CARTESIAN_POINT('Ctrl Pts',(-0.0251597019930694,-38.1574879012803,
32.));
#15310=CARTESIAN_POINT('Ctrl Pts',(-0.389049790668425,-38.3444435188186,
38.));
#15311=CARTESIAN_POINT('Ctrl Pts',(-0.389049790668425,-38.3444435188186,
32.));
#15312=CARTESIAN_POINT('Ctrl Pts',(-0.558988004922867,-38.4317525848746,
38.));
#15313=CARTESIAN_POINT('Ctrl Pts',(-0.558988004922867,-38.4317525848746,
32.));
#15314=CARTESIAN_POINT('',(0.319331735372543,-37.6312574371696,38.));
#15315=CARTESIAN_POINT('Ctrl Pts',(0.677887052297592,-35.9552201256156,
38.));
#15316=CARTESIAN_POINT('Ctrl Pts',(0.677887052297592,-35.9552201256156,
32.));
#15317=CARTESIAN_POINT('Ctrl Pts',(0.670499299009402,-36.2779225901224,
38.));
#15318=CARTESIAN_POINT('Ctrl Pts',(0.670499299009402,-36.2779225901224,
32.));
#15319=CARTESIAN_POINT('Ctrl Pts',(0.657153256835845,-36.8608874689987,
38.));
#15320=CARTESIAN_POINT('Ctrl Pts',(0.657153256835845,-36.8608874689987,
32.));
#15321=CARTESIAN_POINT('Ctrl Pts',(0.423600472291124,-37.3934824629961,
38.));
#15322=CARTESIAN_POINT('Ctrl Pts',(0.423600472291124,-37.3934824629961,
32.));
#15323=CARTESIAN_POINT('Ctrl Pts',(0.319331735372543,-37.6312574371696,
38.));
#15324=CARTESIAN_POINT('Ctrl Pts',(0.319331735372543,-37.6312574371696,
32.));
#15325=CARTESIAN_POINT('Ctrl Pts',(-5.21424844861031,-33.6148890480399,
38.));
#15326=CARTESIAN_POINT('Ctrl Pts',(-5.21424844861031,-33.6148890480399,
32.));
#15327=CARTESIAN_POINT('Ctrl Pts',(-5.10080124770836,-33.7039158102936,
38.));
#15328=CARTESIAN_POINT('Ctrl Pts',(-5.10080124770836,-33.7039158102936,
32.));
#15329=CARTESIAN_POINT('Ctrl Pts',(-4.84773132762685,-33.9025103585021,
38.));
#15330=CARTESIAN_POINT('Ctrl Pts',(-4.84773132762685,-33.9025103585021,
32.));
#15331=CARTESIAN_POINT('Ctrl Pts',(-4.68832067560748,-34.1828769011063,
38.));
#15332=CARTESIAN_POINT('Ctrl Pts',(-4.68832067560748,-34.1828769011063,
32.));
#15333=CARTESIAN_POINT('Ctrl Pts',(-4.60037127137184,-34.3375596031547,
38.));
#15334=CARTESIAN_POINT('Ctrl Pts',(-4.60037127137184,-34.3375596031547,
32.));
#15335=CARTESIAN_POINT('',(-5.21424844861031,-33.6148890480399,38.));
#15336=CARTESIAN_POINT('Ctrl Pts',(-6.30585089325905,-33.409205339849,38.));
#15337=CARTESIAN_POINT('Ctrl Pts',(-6.30585089325905,-33.409205339849,32.));
#15338=CARTESIAN_POINT('Ctrl Pts',(-6.08560795239,-33.4104053175593,38.));
#15339=CARTESIAN_POINT('Ctrl Pts',(-6.08560795239,-33.4104053175593,32.));
#15340=CARTESIAN_POINT('Ctrl Pts',(-5.7077258772317,-33.4124641806744,38.));
#15341=CARTESIAN_POINT('Ctrl Pts',(-5.7077258772317,-33.4124641806744,32.));
#15342=CARTESIAN_POINT('Ctrl Pts',(-5.35951133132491,-33.5553020881079,
38.));
#15343=CARTESIAN_POINT('Ctrl Pts',(-5.35951133132491,-33.5553020881079,
32.));
#15344=CARTESIAN_POINT('Ctrl Pts',(-5.21424844861031,-33.6148890480399,
38.));
#15345=CARTESIAN_POINT('Ctrl Pts',(-5.21424844861031,-33.6148890480399,
32.));
#15346=CARTESIAN_POINT('',(-6.30585089325905,-33.409205339849,38.));
#15347=CARTESIAN_POINT('Ctrl Pts',(-8.05015698075294,-33.9817818626761,
38.));
#15348=CARTESIAN_POINT('Ctrl Pts',(-8.05015698075294,-33.9817818626761,
32.));
#15349=CARTESIAN_POINT('Ctrl Pts',(-7.80830189871978,-33.815032095558,38.));
#15350=CARTESIAN_POINT('Ctrl Pts',(-7.80830189871978,-33.815032095558,32.));
#15351=CARTESIAN_POINT('Ctrl Pts',(-7.2852917947306,-33.4544367658776,38.));
#15352=CARTESIAN_POINT('Ctrl Pts',(-7.2852917947306,-33.4544367658776,32.));
#15353=CARTESIAN_POINT('Ctrl Pts',(-6.6482864444578,-33.4250193091047,38.));
#15354=CARTESIAN_POINT('Ctrl Pts',(-6.6482864444578,-33.4250193091047,32.));
#15355=CARTESIAN_POINT('Ctrl Pts',(-6.30585089325905,-33.409205339849,38.));
#15356=CARTESIAN_POINT('Ctrl Pts',(-6.30585089325905,-33.409205339849,32.));
#15357=CARTESIAN_POINT('Ctrl Pts',(-1.28443494439125,-54.2164930328727,
38.));
#15358=CARTESIAN_POINT('Ctrl Pts',(-1.28443494439125,-54.2164930328727,
32.));
#15359=CARTESIAN_POINT('Ctrl Pts',(-1.53911953532025,-54.2357405413717,
38.));
#15360=CARTESIAN_POINT('Ctrl Pts',(-1.53911953532025,-54.2357405413717,
32.));
#15361=CARTESIAN_POINT('Ctrl Pts',(-2.18660666530852,-54.2846736707456,
38.));
#15362=CARTESIAN_POINT('Ctrl Pts',(-2.18660666530852,-54.2846736707456,
32.));
#15363=CARTESIAN_POINT('Ctrl Pts',(-2.83607581099445,-54.2837565467346,
38.));
#15364=CARTESIAN_POINT('Ctrl Pts',(-2.83607581099445,-54.2837565467346,
32.));
#15365=CARTESIAN_POINT('Ctrl Pts',(-3.23008075356483,-54.2832001671195,
38.));
#15366=CARTESIAN_POINT('Ctrl Pts',(-3.23008075356483,-54.2832001671195,
32.));
#15367=CARTESIAN_POINT('',(-3.23008075356483,-54.2832001671195,38.));
#15368=CARTESIAN_POINT('Ctrl Pts',(-6.71556547284126,-48.9354547485709,
38.));
#15369=CARTESIAN_POINT('Ctrl Pts',(-6.71556547284126,-48.9354547485709,
32.));
#15370=CARTESIAN_POINT('Ctrl Pts',(-6.46088069489589,-48.9162061859842,
38.));
#15371=CARTESIAN_POINT('Ctrl Pts',(-6.46088069489589,-48.9162061859842,
32.));
#15372=CARTESIAN_POINT('Ctrl Pts',(-5.81339388181515,-48.867270436678,38.));
#15373=CARTESIAN_POINT('Ctrl Pts',(-5.81339388181515,-48.867270436678,32.));
#15374=CARTESIAN_POINT('Ctrl Pts',(-5.16392483168874,-48.8681898477128,
38.));
#15375=CARTESIAN_POINT('Ctrl Pts',(-5.16392483168874,-48.8681898477128,
32.));
#15376=CARTESIAN_POINT('Ctrl Pts',(-4.76992025971413,-48.8687476143241,
38.));
#15377=CARTESIAN_POINT('Ctrl Pts',(-4.76992025971413,-48.8687476143241,
32.));
#15378=CARTESIAN_POINT('',(-6.71556547284126,-48.9354547485709,38.));
#15379=CARTESIAN_POINT('Ctrl Pts',(-7.74397805333138,-49.3523797020316,
38.));
#15380=CARTESIAN_POINT('Ctrl Pts',(-7.74397805333138,-49.3523797020316,
32.));
#15381=CARTESIAN_POINT('Ctrl Pts',(-7.5842289497601,-49.2476048180106,38.));
#15382=CARTESIAN_POINT('Ctrl Pts',(-7.5842289497601,-49.2476048180106,32.));
#15383=CARTESIAN_POINT('Ctrl Pts',(-7.26881474840714,-49.0407336329677,
38.));
#15384=CARTESIAN_POINT('Ctrl Pts',(-7.26881474840714,-49.0407336329677,
32.));
#15385=CARTESIAN_POINT('Ctrl Pts',(-6.89838310617138,-48.9702434728135,
38.));
#15386=CARTESIAN_POINT('Ctrl Pts',(-6.89838310617138,-48.9702434728135,
32.));
#15387=CARTESIAN_POINT('Ctrl Pts',(-6.71556547284126,-48.9354547485709,
38.));
#15388=CARTESIAN_POINT('Ctrl Pts',(-6.71556547284126,-48.9354547485709,
32.));
#15389=CARTESIAN_POINT('',(-7.74397805333138,-49.3523797020316,38.));
#15390=CARTESIAN_POINT('Ctrl Pts',(-8.4527488052845,-50.2779492363334,38.));
#15391=CARTESIAN_POINT('Ctrl Pts',(-8.4527488052845,-50.2779492363334,32.));
#15392=CARTESIAN_POINT('Ctrl Pts',(-8.36534636319504,-50.0964380432465,
38.));
#15393=CARTESIAN_POINT('Ctrl Pts',(-8.36534636319504,-50.0964380432465,
32.));
#15394=CARTESIAN_POINT('Ctrl Pts',(-8.19308579643486,-49.738699515043,38.));
#15395=CARTESIAN_POINT('Ctrl Pts',(-8.19308579643486,-49.738699515043,32.));
#15396=CARTESIAN_POINT('Ctrl Pts',(-7.89219925282011,-49.4798786974289,
38.));
#15397=CARTESIAN_POINT('Ctrl Pts',(-7.89219925282011,-49.4798786974289,
32.));
#15398=CARTESIAN_POINT('Ctrl Pts',(-7.74397805333138,-49.3523797020316,
38.));
#15399=CARTESIAN_POINT('Ctrl Pts',(-7.74397805333138,-49.3523797020316,
32.));
#15400=CARTESIAN_POINT('',(-8.4527488052845,-50.2779492363334,38.));
#15401=CARTESIAN_POINT('Ctrl Pts',(-8.68900611996651,-51.5759738907218,
38.));
#15402=CARTESIAN_POINT('Ctrl Pts',(-8.68900611996651,-51.5759738907218,
32.));
#15403=CARTESIAN_POINT('Ctrl Pts',(-8.68077012510089,-51.3452314581889,
38.));
#15404=CARTESIAN_POINT('Ctrl Pts',(-8.68077012510089,-51.3452314581889,
32.));
#15405=CARTESIAN_POINT('Ctrl Pts',(-8.66490909671882,-50.9008634940185,
38.));
#15406=CARTESIAN_POINT('Ctrl Pts',(-8.66490909671882,-50.9008634940185,
32.));
#15407=CARTESIAN_POINT('Ctrl Pts',(-8.52162920507382,-50.4801858698417,
38.));
#15408=CARTESIAN_POINT('Ctrl Pts',(-8.52162920507382,-50.4801858698417,
32.));
#15409=CARTESIAN_POINT('Ctrl Pts',(-8.4527488052845,-50.2779492363334,38.));
#15410=CARTESIAN_POINT('Ctrl Pts',(-8.4527488052845,-50.2779492363334,32.));
#15411=CARTESIAN_POINT('Ctrl Pts',(-8.43885138630867,-52.9101308807731,
38.));
#15412=CARTESIAN_POINT('Ctrl Pts',(-8.43885138630867,-52.9101308807731,
32.));
#15413=CARTESIAN_POINT('Ctrl Pts',(-8.51176164255645,-52.7055235098394,
38.));
#15414=CARTESIAN_POINT('Ctrl Pts',(-8.51176164255645,-52.7055235098394,
32.));
#15415=CARTESIAN_POINT('Ctrl Pts',(-8.66540281373738,-52.2743617265688,
38.));
#15416=CARTESIAN_POINT('Ctrl Pts',(-8.66540281373738,-52.2743617265688,
32.));
#15417=CARTESIAN_POINT('Ctrl Pts',(-8.68087581512126,-51.8165379011418,
38.));
#15418=CARTESIAN_POINT('Ctrl Pts',(-8.68087581512126,-51.8165379011418,
32.));
#15419=CARTESIAN_POINT('Ctrl Pts',(-8.68900611996651,-51.5759738907218,
38.));
#15420=CARTESIAN_POINT('Ctrl Pts',(-8.68900611996651,-51.5759738907218,
32.));
#15421=CARTESIAN_POINT('',(-8.43885138630867,-52.9101308807731,38.));
#15422=CARTESIAN_POINT('Ctrl Pts',(-7.72174254059792,-53.8190254196525,
38.));
#15423=CARTESIAN_POINT('Ctrl Pts',(-7.72174254059792,-53.8190254196525,
32.));
#15424=CARTESIAN_POINT('Ctrl Pts',(-7.86921867822768,-53.6950827178075,
38.));
#15425=CARTESIAN_POINT('Ctrl Pts',(-7.86921867822768,-53.6950827178075,
32.));
#15426=CARTESIAN_POINT('Ctrl Pts',(-8.1707136563425,-53.4416986600148,38.));
#15427=CARTESIAN_POINT('Ctrl Pts',(-8.1707136563425,-53.4416986600148,32.));
#15428=CARTESIAN_POINT('Ctrl Pts',(-8.34818835793639,-53.0898651712709,
38.));
#15429=CARTESIAN_POINT('Ctrl Pts',(-8.34818835793639,-53.0898651712709,
32.));
#15430=CARTESIAN_POINT('Ctrl Pts',(-8.43885138630867,-52.9101308807731,
38.));
#15431=CARTESIAN_POINT('Ctrl Pts',(-8.43885138630867,-52.9101308807731,
32.));
#15432=CARTESIAN_POINT('',(-7.72174254059792,-53.8190254196525,38.));
#15433=CARTESIAN_POINT('Ctrl Pts',(-6.69054999947548,-54.219272993505,38.));
#15434=CARTESIAN_POINT('Ctrl Pts',(-6.69054999947548,-54.219272993505,32.));
#15435=CARTESIAN_POINT('Ctrl Pts',(-6.87484590904707,-54.1864186340453,
38.));
#15436=CARTESIAN_POINT('Ctrl Pts',(-6.87484590904707,-54.1864186340453,
32.));
#15437=CARTESIAN_POINT('Ctrl Pts',(-7.24473161865056,-54.1204792537816,
38.));
#15438=CARTESIAN_POINT('Ctrl Pts',(-7.24473161865056,-54.1204792537816,
32.));
#15439=CARTESIAN_POINT('Ctrl Pts',(-7.56236852665561,-53.9197440936973,
38.));
#15440=CARTESIAN_POINT('Ctrl Pts',(-7.56236852665561,-53.9197440936973,
32.));
#15441=CARTESIAN_POINT('Ctrl Pts',(-7.72174254059792,-53.8190254196525,
38.));
#15442=CARTESIAN_POINT('Ctrl Pts',(-7.72174254059792,-53.8190254196525,
32.));
#15443=CARTESIAN_POINT('',(-6.69054999947548,-54.219272993505,38.));
#15444=CARTESIAN_POINT('Ctrl Pts',(-4.76992025971413,-54.2832001671195,
38.));
#15445=CARTESIAN_POINT('Ctrl Pts',(-4.76992025971413,-54.2832001671195,
32.));
#15446=CARTESIAN_POINT('Ctrl Pts',(-5.15625657492931,-54.2835723377191,
38.));
#15447=CARTESIAN_POINT('Ctrl Pts',(-5.15625657492931,-54.2835723377191,
32.));
#15448=CARTESIAN_POINT('Ctrl Pts',(-5.79730681191214,-54.2841898826964,
38.));
#15449=CARTESIAN_POINT('Ctrl Pts',(-5.79730681191214,-54.2841898826964,
32.));
#15450=CARTESIAN_POINT('Ctrl Pts',(-6.43655292538639,-54.2377323561323,
38.));
#15451=CARTESIAN_POINT('Ctrl Pts',(-6.43655292538639,-54.2377323561323,
32.));
#15452=CARTESIAN_POINT('Ctrl Pts',(-6.69054999947548,-54.219272993505,38.));
#15453=CARTESIAN_POINT('Ctrl Pts',(-6.69054999947548,-54.219272993505,32.));
#15454=CARTESIAN_POINT('',(-4.76992025971413,-54.2832001671195,38.));
#15455=CARTESIAN_POINT('Origin',(-3.23008075356483,-54.2832001671195,38.));
#15456=CARTESIAN_POINT('Ctrl Pts',(-0.256022363901138,-61.7183455452323,
38.));
#15457=CARTESIAN_POINT('Ctrl Pts',(-0.256022363901138,-61.7183455452323,
32.));
#15458=CARTESIAN_POINT('Ctrl Pts',(-0.41577179971757,-61.8231193340063,
38.));
#15459=CARTESIAN_POINT('Ctrl Pts',(-0.41577179971757,-61.8231193340063,
32.));
#15460=CARTESIAN_POINT('Ctrl Pts',(-0.731186758182809,-62.0299884228735,
38.));
#15461=CARTESIAN_POINT('Ctrl Pts',(-0.731186758182809,-62.0299884228735,
32.));
#15462=CARTESIAN_POINT('Ctrl Pts',(-1.10161763076158,-62.1004799140286,
38.));
#15463=CARTESIAN_POINT('Ctrl Pts',(-1.10161763076158,-62.1004799140286,
32.));
#15464=CARTESIAN_POINT('Ctrl Pts',(-1.28443494439125,-62.1352693066001,
38.));
#15465=CARTESIAN_POINT('Ctrl Pts',(-1.28443494439125,-62.1352693066001,
32.));
#15466=CARTESIAN_POINT('',(-0.256022363901138,-61.7183455452323,38.));
#15467=CARTESIAN_POINT('Ctrl Pts',(0.452748388051987,-60.7927748188376,
38.));
#15468=CARTESIAN_POINT('Ctrl Pts',(0.452748388051987,-60.7927748188376,
32.));
#15469=CARTESIAN_POINT('Ctrl Pts',(0.365346149535202,-60.9742869587444,
38.));
#15470=CARTESIAN_POINT('Ctrl Pts',(0.365346149535202,-60.9742869587444,
32.));
#15471=CARTESIAN_POINT('Ctrl Pts',(0.193086400765323,-61.3320264874981,
38.));
#15472=CARTESIAN_POINT('Ctrl Pts',(0.193086400765323,-61.3320264874981,
32.));
#15473=CARTESIAN_POINT('Ctrl Pts',(-0.107801074722593,-61.5908470119669,
38.));
#15474=CARTESIAN_POINT('Ctrl Pts',(-0.107801074722593,-61.5908470119669,
32.));
#15475=CARTESIAN_POINT('Ctrl Pts',(-0.256022363901138,-61.7183455452323,
38.));
#15476=CARTESIAN_POINT('Ctrl Pts',(-0.256022363901138,-61.7183455452323,
32.));
#15477=CARTESIAN_POINT('',(0.452748388051987,-60.7927748188376,38.));
#15478=CARTESIAN_POINT('Ctrl Pts',(0.689004510641098,-59.4947513565421,
38.));
#15479=CARTESIAN_POINT('Ctrl Pts',(0.689004510641098,-59.4947513565421,
32.));
#15480=CARTESIAN_POINT('Ctrl Pts',(0.680768831805778,-59.7254942031062,
38.));
#15481=CARTESIAN_POINT('Ctrl Pts',(0.680768831805778,-59.7254942031062,
32.));
#15482=CARTESIAN_POINT('Ctrl Pts',(0.664908454011575,-60.1698617887049,
38.));
#15483=CARTESIAN_POINT('Ctrl Pts',(0.664908454011575,-60.1698617887049,
32.));
#15484=CARTESIAN_POINT('Ctrl Pts',(0.52162858167649,-60.5905389742516,38.));
#15485=CARTESIAN_POINT('Ctrl Pts',(0.52162858167649,-60.5905389742516,32.));
#15486=CARTESIAN_POINT('Ctrl Pts',(0.452748388051987,-60.7927748188376,
38.));
#15487=CARTESIAN_POINT('Ctrl Pts',(0.452748388051987,-60.7927748188376,
32.));
#15488=CARTESIAN_POINT('Origin',(-4.76992025971413,-56.7875250801444,38.));
#15489=CARTESIAN_POINT('',(-4.76992025971413,-56.7875250801444,38.));
#15490=CARTESIAN_POINT('Ctrl Pts',(-6.71556547284126,-56.8542322143912,
38.));
#15491=CARTESIAN_POINT('Ctrl Pts',(-6.71556547284126,-56.8542322143912,
32.));
#15492=CARTESIAN_POINT('Ctrl Pts',(-6.46088069489589,-56.8349836518045,
38.));
#15493=CARTESIAN_POINT('Ctrl Pts',(-6.46088069489589,-56.8349836518045,
32.));
#15494=CARTESIAN_POINT('Ctrl Pts',(-5.81339388181515,-56.7860479024984,
38.));
#15495=CARTESIAN_POINT('Ctrl Pts',(-5.81339388181515,-56.7860479024984,
32.));
#15496=CARTESIAN_POINT('Ctrl Pts',(-5.16392483168874,-56.7869673135331,
38.));
#15497=CARTESIAN_POINT('Ctrl Pts',(-5.16392483168874,-56.7869673135331,
32.));
#15498=CARTESIAN_POINT('Ctrl Pts',(-4.76992025971413,-56.7875250801444,
38.));
#15499=CARTESIAN_POINT('Ctrl Pts',(-4.76992025971413,-56.7875250801444,
32.));
#15500=CARTESIAN_POINT('',(-6.71556547284126,-56.8542322143912,38.));
#15501=CARTESIAN_POINT('Ctrl Pts',(-7.74397805333138,-57.2711571678519,
38.));
#15502=CARTESIAN_POINT('Ctrl Pts',(-7.74397805333138,-57.2711571678519,
32.));
#15503=CARTESIAN_POINT('Ctrl Pts',(-7.5842289497601,-57.1663822838309,38.));
#15504=CARTESIAN_POINT('Ctrl Pts',(-7.5842289497601,-57.1663822838309,32.));
#15505=CARTESIAN_POINT('Ctrl Pts',(-7.26881474840714,-56.959511098788,38.));
#15506=CARTESIAN_POINT('Ctrl Pts',(-7.26881474840714,-56.959511098788,32.));
#15507=CARTESIAN_POINT('Ctrl Pts',(-6.89838310617138,-56.8890209386338,
38.));
#15508=CARTESIAN_POINT('Ctrl Pts',(-6.89838310617138,-56.8890209386338,
32.));
#15509=CARTESIAN_POINT('Ctrl Pts',(-6.71556547284126,-56.8542322143912,
38.));
#15510=CARTESIAN_POINT('Ctrl Pts',(-6.71556547284126,-56.8542322143912,
32.));
#15511=CARTESIAN_POINT('',(-7.74397805333138,-57.2711571678519,38.));
#15512=CARTESIAN_POINT('Ctrl Pts',(-8.4527488052845,-58.1967278942466,38.));
#15513=CARTESIAN_POINT('Ctrl Pts',(-8.4527488052845,-58.1967278942466,32.));
#15514=CARTESIAN_POINT('Ctrl Pts',(-8.36534656676772,-58.0152157543398,
38.));
#15515=CARTESIAN_POINT('Ctrl Pts',(-8.36534656676772,-58.0152157543398,
32.));
#15516=CARTESIAN_POINT('Ctrl Pts',(-8.19308681799783,-57.6574762255861,
38.));
#15517=CARTESIAN_POINT('Ctrl Pts',(-8.19308681799783,-57.6574762255861,
32.));
#15518=CARTESIAN_POINT('Ctrl Pts',(-7.89219934250992,-57.3986557011173,
38.));
#15519=CARTESIAN_POINT('Ctrl Pts',(-7.89219934250992,-57.3986557011173,
32.));
#15520=CARTESIAN_POINT('Ctrl Pts',(-7.74397805333138,-57.2711571678519,
38.));
#15521=CARTESIAN_POINT('Ctrl Pts',(-7.74397805333138,-57.2711571678519,
32.));
#15522=CARTESIAN_POINT('Origin',(-6.69888868927956,-71.8801745399833,38.));
#15523=CARTESIAN_POINT('',(-4.99227955937386,-71.8801745399833,38.));
#15524=CARTESIAN_POINT('Origin',(-3.2801117002964,-71.8801745399833,38.));
#15525=CARTESIAN_POINT('',(-3.2801117002964,-71.8801745399833,38.));
#15526=CARTESIAN_POINT('Origin',(-3.2801117002964,-70.4348376020789,38.));
#15527=CARTESIAN_POINT('',(-3.2801117002964,-70.4348376020789,38.));
#15528=CARTESIAN_POINT('Origin',(-4.99227955937386,-70.4348376020789,38.));
#15529=CARTESIAN_POINT('',(-4.99227955937386,-70.4348376020789,38.));
#15530=CARTESIAN_POINT('Origin',(-4.99227955937386,-71.8801745399833,38.));
#15531=CARTESIAN_POINT('Origin',(11.7709879944048,-98.500001527369,35.5));
#15532=CARTESIAN_POINT('',(-9.97903132973132,-102.471602318541,36.9893502966895));
#15533=CARTESIAN_POINT('',(-9.97903132973132,-99.9944018741841,36.0604001300557));
#15534=CARTESIAN_POINT('',(0.896009662068061,-102.471602318541,36.9893502966895));
#15535=CARTESIAN_POINT('Origin',(-11.5000001713634,25.5000003799796,34.));
#15536=CARTESIAN_POINT('Origin',(-9.97896867026873,-102.471602318541,34.));
#15537=CARTESIAN_POINT('',(-9.97903132973132,-102.471602318541,34.));
#15538=CARTESIAN_POINT('Origin',(-9.97903132973132,-102.471602318541,34.));
#15539=CARTESIAN_POINT('Origin',(83.0210313297313,-102.471602318541,34.));
#15540=CARTESIAN_POINT('Origin',(-12.9790313297313,-94.471597681459,34.));
#15541=CARTESIAN_POINT('Ctrl Pts',(-7.0240892469883,-59.7643622383475,38.));
#15542=CARTESIAN_POINT('Ctrl Pts',(-7.0240892469883,-59.7643622383475,32.));
#15543=CARTESIAN_POINT('Ctrl Pts',(-6.93126152806927,-59.7921197570375,
38.));
#15544=CARTESIAN_POINT('Ctrl Pts',(-6.93126152806927,-59.7921197570375,
32.));
#15545=CARTESIAN_POINT('Ctrl Pts',(-6.65972020165151,-59.8733165539738,
38.));
#15546=CARTESIAN_POINT('Ctrl Pts',(-6.65972020165151,-59.8733165539738,
32.));
#15547=CARTESIAN_POINT('Ctrl Pts',(-6.3749089247167,-59.8662771323751,38.));
#15548=CARTESIAN_POINT('Ctrl Pts',(-6.3749089247167,-59.8662771323751,32.));
#15549=CARTESIAN_POINT('Ctrl Pts',(-6.18746176362038,-59.8616441711783,
38.));
#15550=CARTESIAN_POINT('Ctrl Pts',(-6.18746176362038,-59.8616441711783,
32.));
#15551=CARTESIAN_POINT('Ctrl Pts',(-1.98486819863319,-59.8616441711783,
38.));
#15552=CARTESIAN_POINT('Ctrl Pts',(-1.98486819863319,-59.8616441711783,
32.));
#15553=CARTESIAN_POINT('Ctrl Pts',(-1.77294655934589,-59.8643938765969,
38.));
#15554=CARTESIAN_POINT('Ctrl Pts',(-1.77294655934589,-59.8643938765969,
32.));
#15555=CARTESIAN_POINT('Ctrl Pts',(-1.44837653064879,-59.8686052066414,
38.));
#15556=CARTESIAN_POINT('Ctrl Pts',(-1.44837653064879,-59.8686052066414,
32.));
#15557=CARTESIAN_POINT('Ctrl Pts',(-1.12859163754189,-59.8159803079195,
38.));
#15558=CARTESIAN_POINT('Ctrl Pts',(-1.12859163754189,-59.8159803079195,
32.));
#15559=CARTESIAN_POINT('Ctrl Pts',(-1.01760402321815,-59.7977158054709,
38.));
#15560=CARTESIAN_POINT('Ctrl Pts',(-1.01760402321815,-59.7977158054709,
32.));
#15561=CARTESIAN_POINT('Origin',(-9.97896867026872,-77.4971043330355,34.));
#15562=CARTESIAN_POINT('',(-9.97896867026872,-23.0000003427267,34.));
#15563=CARTESIAN_POINT('',(-9.97896867026872,-77.4971043330355,34.));
#15564=CARTESIAN_POINT('',(-9.97896867026872,-23.0000003427267,34.));
#15565=CARTESIAN_POINT('',(-9.97896867026872,-23.0000003427267,33.5));
#15566=CARTESIAN_POINT('',(-9.97896867026872,-23.0000003427267,34.));
#15567=CARTESIAN_POINT('',(-9.97896867026872,-77.4971043330355,33.5));
#15568=CARTESIAN_POINT('',(-9.97896867026872,-23.0000003427267,33.5));
#15569=CARTESIAN_POINT('',(-9.97896867026872,-77.4971043330355,34.));
#15570=CARTESIAN_POINT('Origin',(2.00000002980232,-77.4971043330355,34.));
#15571=CARTESIAN_POINT('',(2.00000002980232,-77.4971043330355,34.));
#15572=CARTESIAN_POINT('',(-9.97896867026872,-77.4971043330355,34.));
#15573=CARTESIAN_POINT('',(2.00000002980232,-77.4971043330355,33.5));
#15574=CARTESIAN_POINT('',(-9.97896867026872,-77.4971043330355,33.5));
#15575=CARTESIAN_POINT('',(2.00000002980232,-77.4971043330355,34.));
#15576=CARTESIAN_POINT('Origin',(2.00000002980232,-23.0000003427267,34.));
#15577=CARTESIAN_POINT('',(2.00000002980232,-23.0000003427267,34.));
#15578=CARTESIAN_POINT('',(2.00000002980232,-77.4971043330355,34.));
#15579=CARTESIAN_POINT('',(2.00000002980232,-23.0000003427267,33.5));
#15580=CARTESIAN_POINT('',(2.00000002980232,-77.4971043330355,33.5));
#15581=CARTESIAN_POINT('',(2.00000002980232,-23.0000003427267,34.));
#15582=CARTESIAN_POINT('Origin',(-9.97896867026872,-23.0000003427267,34.));
#15583=CARTESIAN_POINT('',(2.00000002980232,-23.0000003427267,34.));
#15584=CARTESIAN_POINT('',(2.00000002980232,-23.0000003427267,33.5));
#15585=CARTESIAN_POINT('Origin',(-3.9894843202332,-50.2485519094727,33.5));
#15586=CARTESIAN_POINT('Origin',(-3.9894843202332,-50.2485519094727,34.));
#15587=CARTESIAN_POINT('Origin',(87.1210313297313,-36.6000004860471,19.0000001414084));
#15588=CARTESIAN_POINT('',(87.1210313297313,-31.1774295670998,15.4159068629087));
#15589=CARTESIAN_POINT('',(87.1210313297313,-33.0159071962737,13.5774292299125));
#15590=CARTESIAN_POINT('Origin',(87.1210313297313,-36.6000004860471,19.0000001414084));
#15591=CARTESIAN_POINT('',(87.1210313297313,-36.0092724053255,16.5707944389644));
#15592=CARTESIAN_POINT('',(87.1210313297313,-35.7514723394133,16.3129943730521));
#15593=CARTESIAN_POINT('',(87.1210313297313,-34.1707947742405,18.4092720700494));
#15594=CARTESIAN_POINT('Origin',(87.1210313297313,-36.6000004768372,19.000000141561));
#15595=CARTESIAN_POINT('',(87.1210313297313,-33.9129947083283,18.1514720041372));
#15596=CARTESIAN_POINT('Origin',(81.7210313297313,-36.6000004860471,19.0000001414084));
#15597=CARTESIAN_POINT('',(82.0210313297313,-29.9059880969338,17.3266208854125));
#15598=CARTESIAN_POINT('',(81.4210313297313,-30.5263029412559,17.3266208854125));
#15599=CARTESIAN_POINT('Ctrl Pts',(82.0210313297313,-29.9059880969338,17.3266208854125));
#15600=CARTESIAN_POINT('Ctrl Pts',(81.7064559317733,-30.2302435837386,17.3266208854125));
#15601=CARTESIAN_POINT('Ctrl Pts',(81.4210313297313,-30.5263029412559,17.3266208854125));
#15602=CARTESIAN_POINT('',(81.4210313297313,-38.1999991461635,25.0934395878643));
#15603=CARTESIAN_POINT('Origin',(81.4210313297313,-36.6000004860471,19.0000001414084));
#15604=CARTESIAN_POINT('',(82.0210313297313,-38.1999991461635,25.7119301386317));
#15605=CARTESIAN_POINT('Ctrl Pts',(81.4210313297313,-38.1999991461635,25.0934395878643));
#15606=CARTESIAN_POINT('Ctrl Pts',(81.7065415357393,-38.1999991461635,25.3886282598215));
#15607=CARTESIAN_POINT('Ctrl Pts',(82.0210313297313,-38.1999991461635,25.7119301386317));
#15608=CARTESIAN_POINT('Origin',(82.0210313297313,-36.6000004860471,19.0000001414084));
#15609=CARTESIAN_POINT('Origin',(86.0210313297313,-29.9059880969338,17.3266208854125));
#15610=CARTESIAN_POINT('',(82.3210313297313,-29.9059880969338,17.3266208854125));
#15611=CARTESIAN_POINT('',(86.0210313297313,-29.9059880969338,17.3266208854125));
#15612=CARTESIAN_POINT('',(82.3210313297313,-31.0988822391429,17.3266208854125));
#15613=CARTESIAN_POINT('',(82.3210313297313,-31.8029939099018,17.3266208854125));
#15614=CARTESIAN_POINT('',(86.0210313297313,-31.0988822391429,17.3266208854125));
#15615=CARTESIAN_POINT('',(86.0210313297313,-31.0988822391429,17.3266208854125));
#15616=CARTESIAN_POINT('',(86.0210313297313,-32.2079847818411,17.3266208854125));
#15617=CARTESIAN_POINT('',(86.0210313297313,-31.3607446265191,17.3266208854125));
#15618=CARTESIAN_POINT('',(81.4210313297313,-32.2079847818411,17.3266208854125));
#15619=CARTESIAN_POINT('',(86.0210313297313,-32.2079847818411,17.3266208854125));
#15620=CARTESIAN_POINT('',(81.4210313297313,-31.3607446265191,17.3266208854125));
#15621=CARTESIAN_POINT('Origin',(86.0210313297313,-36.6000004860471,19.0000001414084));
#15622=CARTESIAN_POINT('',(82.3210313297313,-38.1999991461635,25.7119301386317));
#15623=CARTESIAN_POINT('',(86.0210313297313,-38.1999991461635,25.7119301386317));
#15624=CARTESIAN_POINT('Origin',(82.3210313297313,-36.6000004860471,19.0000001414084));
#15625=CARTESIAN_POINT('Origin',(81.7210313297313,-36.6000004860471,19.0000001414084));
#15626=CARTESIAN_POINT('',(82.0210313297313,-43.2940128751604,20.6733793974042));
#15627=CARTESIAN_POINT('',(81.4210313297313,-42.6736980308383,20.6733793974042));
#15628=CARTESIAN_POINT('Ctrl Pts',(82.0210313297313,-43.2940128751604,20.6733793974042));
#15629=CARTESIAN_POINT('Ctrl Pts',(81.7064559317735,-42.9697573883557,20.6733793974042));
#15630=CARTESIAN_POINT('Ctrl Pts',(81.4210313297313,-42.6736980308383,20.6733793974042));
#15631=CARTESIAN_POINT('',(81.4210313297313,-35.0000018259308,12.9065606949524));
#15632=CARTESIAN_POINT('Origin',(81.4210313297313,-36.6000004860471,19.0000001414084));
#15633=CARTESIAN_POINT('',(82.0210313297313,-35.0000018259308,12.2880701441851));
#15634=CARTESIAN_POINT('Ctrl Pts',(81.4210313297313,-35.0000018259308,12.9065606949524));
#15635=CARTESIAN_POINT('Ctrl Pts',(81.7065415357393,-35.0000018259308,12.6113720229952));
#15636=CARTESIAN_POINT('Ctrl Pts',(82.0210313297313,-35.0000018259308,12.2880701441851));
#15637=CARTESIAN_POINT('Origin',(82.0210313297313,-36.6000004860471,19.0000001414084));
#15638=CARTESIAN_POINT('Origin',(86.0210313297313,-36.6000004860471,19.0000001414084));
#15639=CARTESIAN_POINT('',(82.3210313297313,-35.0000018259308,12.2880701441851));
#15640=CARTESIAN_POINT('',(86.0210313297313,-35.0000018259308,12.2880701441851));
#15641=CARTESIAN_POINT('',(82.3210313297313,-43.2940128751604,20.6733793974042));
#15642=CARTESIAN_POINT('Origin',(82.3210313297313,-36.6000004860471,19.0000001414084));
#15643=CARTESIAN_POINT('',(86.0210313297313,-43.2940128751604,20.6733793974042));
#15644=CARTESIAN_POINT('Origin',(86.0210313297313,-35.0000018259308,14.5807236943247));
#15645=CARTESIAN_POINT('',(81.4210313297313,-35.0000018259307,14.5807236943247));
#15646=CARTESIAN_POINT('',(81.4210313297313,-35.0000018259308,12.7000008483158));
#15647=CARTESIAN_POINT('',(86.0210313297313,-35.0000018259307,14.5807236943247));
#15648=CARTESIAN_POINT('',(86.0210313297313,-35.0000018259307,14.5807236943247));
#15649=CARTESIAN_POINT('',(86.0210313297313,-35.0000018259308,13.4770929074046));
#15650=CARTESIAN_POINT('',(86.0210313297313,-35.0000018259308,12.7000008483158));
#15651=CARTESIAN_POINT('',(82.3210313297313,-35.0000018259308,13.4770929074046));
#15652=CARTESIAN_POINT('',(86.0210313297313,-35.0000018259308,13.4770929074046));
#15653=CARTESIAN_POINT('',(82.3210313297313,-35.0000018259308,15.3587066872002));
#15654=CARTESIAN_POINT('Origin',(86.0210313297313,-36.6000004860471,19.0000001414084));
#15655=CARTESIAN_POINT('',(86.0210313297313,-31.1774295670998,15.4159068629087));
#15656=CARTESIAN_POINT('',(86.0210313297313,-33.0159071962737,13.5774292299125));
#15657=CARTESIAN_POINT('Origin',(86.0210313297313,-36.6000004860471,19.0000001414084));
#15658=CARTESIAN_POINT('',(86.0210313297313,-34.1707947742405,18.4092720700494));
#15659=CARTESIAN_POINT('',(86.0210313297313,-33.9129947083283,18.1514720041372));
#15660=CARTESIAN_POINT('',(86.0210313297313,-36.0092724053255,16.5707944389644));
#15661=CARTESIAN_POINT('Origin',(86.0210313297313,-36.6000004768372,19.000000141561));
#15662=CARTESIAN_POINT('',(86.0210313297313,-35.7514723394133,16.3129943730521));
#15663=CARTESIAN_POINT('',(86.0210313297313,-42.1011187146242,20.6733793974042));
#15664=CARTESIAN_POINT('Origin',(86.0210313297313,-36.6000004768372,19.000000141561));
#15665=CARTESIAN_POINT('',(86.0210313297313,-40.9920161719496,20.6733793974042));
#15666=CARTESIAN_POINT('Origin',(86.0210313297313,-36.6000004768372,19.000000141561));
#15667=CARTESIAN_POINT('',(86.0210313297313,-41.8392563272527,20.6733793974042));
#15668=CARTESIAN_POINT('',(86.0210313297313,-38.1999991461631,23.4192765821286));
#15669=CARTESIAN_POINT('Origin',(86.0210313297313,-36.6000004768372,19.000000141561));
#15670=CARTESIAN_POINT('',(86.0210313297313,-38.1999991461635,24.5229073703812));
#15671=CARTESIAN_POINT('Origin',(86.0210313297313,-36.6000004768372,19.000000141561));
#15672=CARTESIAN_POINT('',(86.0210313297313,-38.1999991461635,25.2999994345009));
#15673=CARTESIAN_POINT('Origin',(86.0210313297313,-34.1707947742405,18.4092720700494));
#15674=CARTESIAN_POINT('',(86.0210313297313,-31.1774295670998,15.4159068629087));
#15675=CARTESIAN_POINT('',(86.0210313297313,-34.1707947742405,18.4092720700494));
#15676=CARTESIAN_POINT('Origin',(86.0210313297313,-36.6000004768372,19.000000141561));
#15677=CARTESIAN_POINT('',(86.0210313297313,-36.0092724053255,16.5707944389644));
#15678=CARTESIAN_POINT('Origin',(86.0210313297313,-33.0159071962737,13.5774292299125));
#15679=CARTESIAN_POINT('',(86.0210313297313,-33.0159071962737,13.5774292299125));
#15680=CARTESIAN_POINT('Origin',(86.0210313297313,-36.6000004860471,19.0000001414084));
#15681=CARTESIAN_POINT('Origin',(82.3210313297313,-33.6999997228699,21.8633106028937));
#15682=CARTESIAN_POINT('',(82.3210313297313,-38.1999991461635,24.5229073703812));
#15683=CARTESIAN_POINT('',(82.3210313297313,-38.1999991461635,22.6412935925112));
#15684=CARTESIAN_POINT('Origin',(82.3210313297313,-36.6000004768372,19.000000141561));
#15685=CARTESIAN_POINT('Origin',(86.0210313297313,-36.6000004768372,19.000000141561));
#15686=CARTESIAN_POINT('',(86.0210313297313,-38.1999991461635,24.5229073703812));
#15687=CARTESIAN_POINT('Origin',(86.0210313297313,-36.6000004768372,19.000000141561));
#15688=CARTESIAN_POINT('',(81.4210313297313,-38.1999991461631,23.4192765821286));
#15689=CARTESIAN_POINT('',(86.0210313297313,-38.1999991461631,23.4192765821286));
#15690=CARTESIAN_POINT('Origin',(81.4210313297313,-36.6000004768372,19.000000141561));
#15691=CARTESIAN_POINT('Origin',(86.0210313297313,-38.1999991461635,23.4192765821286));
#15692=CARTESIAN_POINT('',(81.4210313297313,-38.1999991461635,25.2999994345009));
#15693=CARTESIAN_POINT('Origin',(81.4210313297313,-33.9499998161053,21.6133105134104));
#15694=CARTESIAN_POINT('Origin',(82.3210313297313,-39.5000012396161,16.1366896800756));
#15695=CARTESIAN_POINT('',(82.3210313297313,-42.1011187146242,20.6733793974042));
#15696=CARTESIAN_POINT('Origin',(82.3210313297313,-36.6000004768372,19.000000141561));
#15697=CARTESIAN_POINT('',(82.3210313297313,-41.3970070573882,20.6733793974042));
#15698=CARTESIAN_POINT('Origin',(86.0210313297313,-36.6000004768372,19.000000141561));
#15699=CARTESIAN_POINT('',(86.0210313297313,-42.1011187146242,20.6733793974042));
#15700=CARTESIAN_POINT('Origin',(86.0210313297313,-36.6000004768372,19.000000141561));
#15701=CARTESIAN_POINT('',(81.4210313297313,-40.9920161719496,20.6733793974042));
#15702=CARTESIAN_POINT('Origin',(81.4210313297313,-36.6000004768372,19.000000141561));
#15703=CARTESIAN_POINT('',(86.0210313297313,-40.9920161719496,20.6733793974042));
#15704=CARTESIAN_POINT('Origin',(86.0210313297313,-43.2940128751604,20.6733793974042));
#15705=CARTESIAN_POINT('',(81.4210313297313,-41.8392563272527,20.6733793974042));
#15706=CARTESIAN_POINT('Origin',(81.4210313297313,-39.2500011559889,16.3866897694063));
#15707=CARTESIAN_POINT('Origin',(81.9210313297313,-70.0000010430813,19.));
#15708=CARTESIAN_POINT('',(82.4210313297313,-69.0059326093847,24.4094202969568));
#15709=CARTESIAN_POINT('',(81.4210313297313,-69.0059326093848,23.388829906607));
#15710=CARTESIAN_POINT('Ctrl Pts',(82.4210313297313,-69.0059326093847,24.4094202969568));
#15711=CARTESIAN_POINT('Ctrl Pts',(81.868951092487,-69.0059326093847,23.8480955822638));
#15712=CARTESIAN_POINT('Ctrl Pts',(81.4210313297313,-69.0059326093848,23.388829906607));
#15713=CARTESIAN_POINT('',(81.4210313297313,-74.387483338666,18.0000004470348));
#15714=CARTESIAN_POINT('Origin',(81.4210313297313,-70.0000010430813,19.));
#15715=CARTESIAN_POINT('',(82.4210313297313,-75.408328038934,18.0000004470348));
#15716=CARTESIAN_POINT('Ctrl Pts',(81.4210313297313,-74.387483338666,18.0000004470348));
#15717=CARTESIAN_POINT('Ctrl Pts',(81.8689251346274,-74.846863453786,18.0000004470348));
#15718=CARTESIAN_POINT('Ctrl Pts',(82.4210313297313,-75.408328038934,18.0000004470348));
#15719=CARTESIAN_POINT('Origin',(82.4210313297313,-70.0000010430813,19.));
#15720=CARTESIAN_POINT('Origin',(86.0210313297313,-69.0059326093848,24.4094202969568));
#15721=CARTESIAN_POINT('',(82.4210313297313,-69.0059326093848,23.7470335946913));
#15722=CARTESIAN_POINT('',(82.4210313297313,-69.0059326093848,22.9297102602371));
#15723=CARTESIAN_POINT('',(86.0210313297313,-69.0059326093848,23.7470335946913));
#15724=CARTESIAN_POINT('',(86.0210313297313,-69.0059326093848,23.7470335946914));
#15725=CARTESIAN_POINT('',(86.0210313297313,-69.0059326093848,22.4600329404687));
#15726=CARTESIAN_POINT('',(86.0210313297313,-69.0059326093848,22.4600329404687));
#15727=CARTESIAN_POINT('',(81.4210313297313,-69.0059326093848,22.4600329404687));
#15728=CARTESIAN_POINT('',(86.0210313297313,-69.0059326093848,22.4600329404687));
#15729=CARTESIAN_POINT('',(81.4210313297313,-69.0059326093848,22.4600329404687));
#15730=CARTESIAN_POINT('Origin',(81.9210313297313,-70.0000010430813,19.));
#15731=CARTESIAN_POINT('',(82.4210313297313,-70.9940694767778,13.5905797030432));
#15732=CARTESIAN_POINT('',(81.4210313297313,-70.9940694767778,14.611170093393));
#15733=CARTESIAN_POINT('Ctrl Pts',(82.4210313297313,-70.9940694767778,13.5905797030432));
#15734=CARTESIAN_POINT('Ctrl Pts',(81.8689510924872,-70.9940694767778,14.1519044177359));
#15735=CARTESIAN_POINT('Ctrl Pts',(81.4210313297313,-70.9940694767777,14.611170093393));
#15736=CARTESIAN_POINT('',(81.4210313297313,-65.6125187474966,19.9999995529652));
#15737=CARTESIAN_POINT('Origin',(81.4210313297313,-70.0000010430813,19.));
#15738=CARTESIAN_POINT('',(82.4210313297313,-64.5916740472286,19.9999995529652));
#15739=CARTESIAN_POINT('Ctrl Pts',(81.4210313297313,-65.6125187474966,19.9999995529652));
#15740=CARTESIAN_POINT('Ctrl Pts',(81.8689251346283,-65.1531386323756,19.9999995529652));
#15741=CARTESIAN_POINT('Ctrl Pts',(82.4210313297313,-64.5916740472286,19.9999995529652));
#15742=CARTESIAN_POINT('Origin',(82.4210313297313,-70.0000010430813,19.));
#15743=CARTESIAN_POINT('Origin',(86.0210313297313,-70.9940694767777,13.5905797030432));
#15744=CARTESIAN_POINT('',(82.4210313297313,-70.9940694767778,14.2529664053087));
#15745=CARTESIAN_POINT('',(82.4210313297313,-70.9940694767778,15.0702897397629));
#15746=CARTESIAN_POINT('',(86.0210313297313,-70.9940694767778,14.2529664053087));
#15747=CARTESIAN_POINT('',(86.0210313297313,-70.9940694767777,14.2529664053086));
#15748=CARTESIAN_POINT('',(86.0210313297313,-70.9940694767778,15.5399670595313));
#15749=CARTESIAN_POINT('',(86.0210313297313,-70.9940694767778,15.5399670595313));
#15750=CARTESIAN_POINT('',(81.4210313297313,-70.9940694767778,15.5399670595313));
#15751=CARTESIAN_POINT('',(86.0210313297313,-70.9940694767778,15.5399670595313));
#15752=CARTESIAN_POINT('',(81.4210313297313,-70.9940694767778,15.5399670595313));
#15753=CARTESIAN_POINT('Origin',(86.0210313297313,-70.0000010430813,19.));
#15754=CARTESIAN_POINT('',(86.0210313297313,-69.4823608641175,20.9318510928957));
#15755=CARTESIAN_POINT('',(86.0210313297313,-66.5955392287784,23.8186761413228));
#15756=CARTESIAN_POINT('',(86.0210313297313,-69.8071052366812,20.6071063363869));
#15757=CARTESIAN_POINT('',(86.0210313297313,-68.0681488308222,19.517636001443));
#15758=CARTESIAN_POINT('Origin',(86.0210313297313,-70.0000010430813,19.));
#15759=CARTESIAN_POINT('',(86.0210313297313,-65.1813255349015,22.4044627104536));
#15760=CARTESIAN_POINT('',(86.0210313297313,-65.8280710340807,21.7577164466275));
#15761=CARTESIAN_POINT('Origin',(86.0210313297313,-70.0000010430813,19.));
#15762=CARTESIAN_POINT('',(86.0210313297313,-74.7457887431443,18.0000004470348));
#15763=CARTESIAN_POINT('Origin',(86.0210313297313,-70.0000010430813,19.));
#15764=CARTESIAN_POINT('',(86.0210313297313,-73.4583244655028,18.0000004470348));
#15765=CARTESIAN_POINT('',(86.0210313297313,-74.7457887431443,18.0000004470348));
#15766=CARTESIAN_POINT('Origin',(86.0210313297313,-70.0000010430813,19.));
#15767=CARTESIAN_POINT('',(86.0210313297313,-65.2542133430183,19.9999995529652));
#15768=CARTESIAN_POINT('Origin',(86.0210313297313,-70.0000010430813,19.));
#15769=CARTESIAN_POINT('',(86.0210313297313,-66.5416776206598,19.9999995529652));
#15770=CARTESIAN_POINT('',(86.0210313297313,-65.2542133430183,19.9999995529652));
#15771=CARTESIAN_POINT('Origin',(86.0210313297313,-70.0000010430813,19.));
#15772=CARTESIAN_POINT('Origin',(86.0210313297313,-70.0000010430813,19.));
#15773=CARTESIAN_POINT('',(87.3210313297313,-69.4823608641175,20.9318510928957));
#15774=CARTESIAN_POINT('',(86.0210313297313,-69.4823608641175,20.9318510928957));
#15775=CARTESIAN_POINT('',(87.3210313297313,-68.0681488308222,19.517636001443));
#15776=CARTESIAN_POINT('Origin',(87.3210313297313,-70.0000010430813,19.));
#15777=CARTESIAN_POINT('',(86.0210313297313,-68.0681488308222,19.517636001443));
#15778=CARTESIAN_POINT('Origin',(86.0210313297313,-65.1813255349015,22.4044627104536));
#15779=CARTESIAN_POINT('',(87.3210313297313,-65.1813255349015,22.4044627104536));
#15780=CARTESIAN_POINT('',(87.3210313297313,-65.8280710340807,21.7577164466275));
#15781=CARTESIAN_POINT('',(86.0210313297313,-65.1813255349015,22.4044627104536));
#15782=CARTESIAN_POINT('Origin',(86.0210313297313,-70.0000010430813,19.));
#15783=CARTESIAN_POINT('',(87.3210313297313,-66.5955392287784,23.8186761413228));
#15784=CARTESIAN_POINT('Origin',(87.3210313297313,-70.0000010430813,19.));
#15785=CARTESIAN_POINT('',(86.0210313297313,-66.5955392287784,23.8186761413228));
#15786=CARTESIAN_POINT('Origin',(86.0210313297313,-69.4823608641175,20.9318510928957));
#15787=CARTESIAN_POINT('',(87.3210313297313,-69.8071052366812,20.6071063363869));
#15788=CARTESIAN_POINT('Origin',(87.3210313297313,-70.0000010430813,19.));
#15789=CARTESIAN_POINT('Origin',(82.4210313297313,-67.5470352599295,16.5499997764826));
#15790=CARTESIAN_POINT('',(82.4210313297313,-65.2542133430183,19.9999995529652));
#15791=CARTESIAN_POINT('',(82.4210313297313,-67.0443564402946,19.9999995529652));
#15792=CARTESIAN_POINT('Origin',(82.4210313297313,-70.0000010430813,19.));
#15793=CARTESIAN_POINT('Origin',(86.0210313297313,-70.0000010430813,19.));
#15794=CARTESIAN_POINT('',(86.0210313297313,-65.2542133430183,19.9999995529652));
#15795=CARTESIAN_POINT('Origin',(86.0210313297313,-66.5416776206598,19.9999995529652));
#15796=CARTESIAN_POINT('',(81.4210313297313,-66.5416776206598,19.9999995529652));
#15797=CARTESIAN_POINT('',(81.4210313297313,-65.2542133430183,19.9999995529652));
#15798=CARTESIAN_POINT('',(86.0210313297313,-66.5416776206598,19.9999995529652));
#15799=CARTESIAN_POINT('Origin',(86.0210313297313,-70.0000010430813,19.));
#15800=CARTESIAN_POINT('Origin',(81.4210313297313,-70.0000010430813,19.));
#15801=CARTESIAN_POINT('Origin',(81.4210313297313,-67.7470352599295,16.7499997764826));
#15802=CARTESIAN_POINT('Origin',(86.0210313297313,-70.0000010430813,19.));
#15803=CARTESIAN_POINT('',(82.4210313297313,-74.7457887431443,18.0000004470348));
#15804=CARTESIAN_POINT('Origin',(82.4210313297313,-70.0000010430813,19.));
#15805=CARTESIAN_POINT('',(86.0210313297313,-74.7457887431443,18.0000004470348));
#15806=CARTESIAN_POINT('Origin',(82.4210313297313,-72.452966826233,21.4500002235174));
#15807=CARTESIAN_POINT('',(82.4210313297313,-72.9556456458679,18.0000004470348));
#15808=CARTESIAN_POINT('Origin',(86.0210313297313,-73.4583244655028,18.0000004470348));
#15809=CARTESIAN_POINT('',(81.4210313297313,-73.4583244655028,18.0000004470348));
#15810=CARTESIAN_POINT('',(81.4210313297313,-74.7457887431443,18.0000004470348));
#15811=CARTESIAN_POINT('',(86.0210313297313,-73.4583244655028,18.0000004470348));
#15812=CARTESIAN_POINT('Origin',(86.0210313297313,-70.0000010430813,19.));
#15813=CARTESIAN_POINT('Origin',(81.4210313297313,-70.0000010430813,19.));
#15814=CARTESIAN_POINT('Origin',(81.4210313297313,-72.252966826233,21.2500002235174));
#15815=CARTESIAN_POINT('Origin',(86.0210313297313,-91.8574777530358,13.7146013368195));
#15816=CARTESIAN_POINT('',(86.0210313297313,-91.8574777530358,13.7146013368195));
#15817=CARTESIAN_POINT('',(86.0210313297313,-90.0447263236956,18.6950949560159));
#15818=CARTESIAN_POINT('',(86.0210313297313,-91.8574777530358,13.7146013368195));
#15819=CARTESIAN_POINT('',(83.0210313297313,-90.0447263236956,18.6950949560159));
#15820=CARTESIAN_POINT('',(86.0210313297313,-90.0447263236956,18.6950949560159));
#15821=CARTESIAN_POINT('',(83.0210313297313,-91.8574777530358,13.7146013368195));
#15822=CARTESIAN_POINT('',(83.0210313297313,-91.8574777530358,13.7146013368195));
#15823=CARTESIAN_POINT('',(86.0210313297313,-91.8574777530358,13.7146013368195));
#15824=CARTESIAN_POINT('Origin',(86.0210313297313,-89.6022154631497,12.8937529928379));
#15825=CARTESIAN_POINT('',(86.0210313297313,-89.6022154631497,12.8937529928379));
#15826=CARTESIAN_POINT('',(86.0210313297313,-89.6022154631497,12.8937529928379));
#15827=CARTESIAN_POINT('',(83.0210313297313,-89.6022154631497,12.8937529928379));
#15828=CARTESIAN_POINT('',(83.0210313297313,-89.6022154631497,12.8937529928379));
#15829=CARTESIAN_POINT('',(86.0210313297313,-89.6022154631497,12.8937529928379));
#15830=CARTESIAN_POINT('Origin',(86.0210313297313,-87.7894640338094,17.8742466120343));
#15831=CARTESIAN_POINT('',(86.0210313297313,-87.7894640338094,17.8742466120343));
#15832=CARTESIAN_POINT('',(86.0210313297313,-87.7894640338094,17.8742466120343));
#15833=CARTESIAN_POINT('',(83.0210313297313,-87.7894640338094,17.8742466120343));
#15834=CARTESIAN_POINT('',(83.0210313297313,-87.7894640338094,17.8742466120343));
#15835=CARTESIAN_POINT('',(86.0210313297313,-87.7894640338094,17.8742466120343));
#15836=CARTESIAN_POINT('Origin',(86.0210313297313,-90.0447263236956,18.6950949560159));
#15837=CARTESIAN_POINT('',(86.0210313297313,-90.0447263236956,18.6950949560159));
#15838=CARTESIAN_POINT('',(83.0210313297313,-90.0447263236956,18.6950949560159));
#15839=CARTESIAN_POINT('Origin',(86.0210313297313,-89.8234708934226,15.7944239744269));
#15840=CARTESIAN_POINT('Origin',(83.0210313297313,-89.8234708934226,15.7944239744269));
#15841=UNCERTAINTY_MEASURE_WITH_UNIT(LENGTH_MEASURE(0.01),#15845,
'DISTANCE_ACCURACY_VALUE',
'Maximum model space distance between geometric entities at asserted c
onnectivities');
#15842=UNCERTAINTY_MEASURE_WITH_UNIT(LENGTH_MEASURE(0.01),#15845,
'DISTANCE_ACCURACY_VALUE',
'Maximum model space distance between geometric entities at asserted c
onnectivities');
#15843=(
GEOMETRIC_REPRESENTATION_CONTEXT(3)
GLOBAL_UNCERTAINTY_ASSIGNED_CONTEXT((#15841))
GLOBAL_UNIT_ASSIGNED_CONTEXT((#15845,#15847,#15848))
REPRESENTATION_CONTEXT('','3D')
);
#15844=(
GEOMETRIC_REPRESENTATION_CONTEXT(3)
GLOBAL_UNCERTAINTY_ASSIGNED_CONTEXT((#15842))
GLOBAL_UNIT_ASSIGNED_CONTEXT((#15845,#15847,#15848))
REPRESENTATION_CONTEXT('','3D')
);
#15845=(
LENGTH_UNIT()
NAMED_UNIT(*)
SI_UNIT(.MILLI.,.METRE.)
);
#15846=(
LENGTH_UNIT()
NAMED_UNIT(*)
SI_UNIT($,.METRE.)
);
#15847=(
NAMED_UNIT(*)
PLANE_ANGLE_UNIT()
SI_UNIT($,.RADIAN.)
);
#15848=(
NAMED_UNIT(*)
SI_UNIT($,.STERADIAN.)
SOLID_ANGLE_UNIT()
);
#15849=SHAPE_DEFINITION_REPRESENTATION(#15850,#15851);
#15850=PRODUCT_DEFINITION_SHAPE('',$,#15853);
#15851=SHAPE_REPRESENTATION('',(#9003),#15843);
#15852=PRODUCT_DEFINITION_CONTEXT('part definition',#15857,'design');
#15853=PRODUCT_DEFINITION('flook32_eternal','flook32_eternal v110',#15854,
#15852);
#15854=PRODUCT_DEFINITION_FORMATION('',$,#15859);
#15855=PRODUCT_RELATED_PRODUCT_CATEGORY('flook32_eternal v110',
'flook32_eternal v110',(#15859));
#15856=APPLICATION_PROTOCOL_DEFINITION('international standard',
'automotive_design',2009,#15857);
#15857=APPLICATION_CONTEXT(
'Core Data for Automotive Mechanical Design Process');
#15858=PRODUCT_CONTEXT('part definition',#15857,'mechanical');
#15859=PRODUCT('flook32_eternal','flook32_eternal v110',$,(#15858));
#15860=PRESENTATION_STYLE_ASSIGNMENT((#15861));
#15861=SURFACE_STYLE_USAGE(.BOTH.,#15862);
#15862=SURFACE_SIDE_STYLE('',(#15863));
#15863=SURFACE_STYLE_FILL_AREA(#15864);
#15864=FILL_AREA_STYLE('Steel - Satin',(#15865));
#15865=FILL_AREA_STYLE_COLOUR('Steel - Satin',#15866);
#15866=COLOUR_RGB('Steel - Satin',0.627450980392157,0.627450980392157,0.627450980392157);
ENDSEC;
END-ISO-10303-21;
