ISO-10303-21;
HEADER;
/* Generated by software containing ST-Developer
 * from STEP Tools, Inc. (www.steptools.com) 
 */

FILE_DESCRIPTION(
/* description */ (''),
/* implementation_level */ '2;1');

FILE_NAME(
/* name */ 'flook32_air_eternal v15.step',
/* time_stamp */ '2026-06-08T10:29:48+03:00',
/* author */ (''),
/* organization */ (''),
/* preprocessor_version */ 'ST-DEVELOPER v20.1',
/* originating_system */ 'Autodesk Translation Framework v15.8.0.0',
/* authorisation */ '');

FILE_SCHEMA (('AUTOMOTIVE_DESIGN { 1 0 10303 214 3 1 1 }'));
ENDSEC;

DATA;
#10=MECHANICAL_DESIGN_GEOMETRIC_PRESENTATION_REPRESENTATION('',(#28,#29,
#30,#31,#32,#33),#14430);
#11=SHAPE_REPRESENTATION_RELATIONSHIP('SRR','None',#14437,#12);
#12=ADVANCED_BREP_SHAPE_REPRESENTATION('',(#34,#35,#36,#37,#38,#39),#14429);
#13=(
BOUNDED_CURVE()
B_SPLINE_CURVE(2,(#13673,#13674,#13675),.UNSPECIFIED.,.F.,.F.)
B_SPLINE_CURVE_WITH_KNOTS((3,3),(14.3042093785643,14.4050807688589),
 .UNSPECIFIED.)
CURVE()
GEOMETRIC_REPRESENTATION_ITEM()
RATIONAL_B_SPLINE_CURVE((0.99999404234976,0.999994042143236,0.999994042230066))
REPRESENTATION_ITEM('')
);
#14=(
BOUNDED_CURVE()
B_SPLINE_CURVE(2,(#14185,#14186,#14187),.UNSPECIFIED.,.F.,.F.)
B_SPLINE_CURVE_WITH_KNOTS((3,3),(0.547891124293432,0.657442009774669),
 .UNSPECIFIED.)
CURVE()
GEOMETRIC_REPRESENTATION_ITEM()
RATIONAL_B_SPLINE_CURVE((1.01097383881293,1.00658402949438,1.))
REPRESENTATION_ITEM('')
);
#15=(
BOUNDED_CURVE()
B_SPLINE_CURVE(2,(#14191,#14192,#14193),.UNSPECIFIED.,.F.,.F.)
B_SPLINE_CURVE_WITH_KNOTS((3,3),(0.,0.109339349519274),.UNSPECIFIED.)
CURVE()
GEOMETRIC_REPRESENTATION_ITEM()
RATIONAL_B_SPLINE_CURVE((1.,1.00655196912109,1.01092258027181))
REPRESENTATION_ITEM('')
);
#16=(
BOUNDED_CURVE()
B_SPLINE_CURVE(2,(#14214,#14215,#14216),.UNSPECIFIED.,.F.,.F.)
B_SPLINE_CURVE_WITH_KNOTS((3,3),(0.547891124293603,0.657442009774667),
 .UNSPECIFIED.)
CURVE()
GEOMETRIC_REPRESENTATION_ITEM()
RATIONAL_B_SPLINE_CURVE((1.01097383881286,1.00658402949434,1.))
REPRESENTATION_ITEM('')
);
#17=(
BOUNDED_CURVE()
B_SPLINE_CURVE(2,(#14220,#14221,#14222),.UNSPECIFIED.,.F.,.F.)
B_SPLINE_CURVE_WITH_KNOTS((3,3),(0.,0.109339349519404),.UNSPECIFIED.)
CURVE()
GEOMETRIC_REPRESENTATION_ITEM()
RATIONAL_B_SPLINE_CURVE((1.,1.00655196912129,1.01092258027213))
REPRESENTATION_ITEM('')
);
#18=(
BOUNDED_CURVE()
B_SPLINE_CURVE(2,(#14296,#14297,#14298),.UNSPECIFIED.,.F.,.F.)
B_SPLINE_CURVE_WITH_KNOTS((3,3),(0.467890272778613,0.654562245633027),
 .UNSPECIFIED.)
CURVE()
GEOMETRIC_REPRESENTATION_ITEM()
RATIONAL_B_SPLINE_CURVE((1.02623068755951,1.01834791055977,1.))
REPRESENTATION_ITEM('')
);
#19=(
BOUNDED_CURVE()
B_SPLINE_CURVE(2,(#14302,#14303,#14304),.UNSPECIFIED.,.F.,.F.)
B_SPLINE_CURVE_WITH_KNOTS((3,3),(0.,0.186702463570892),.UNSPECIFIED.)
CURVE()
GEOMETRIC_REPRESENTATION_ITEM()
RATIONAL_B_SPLINE_CURVE((1.,1.01835553025609,1.02624066106566))
REPRESENTATION_ITEM('')
);
#20=(
BOUNDED_CURVE()
B_SPLINE_CURVE(2,(#14319,#14320,#14321),.UNSPECIFIED.,.F.,.F.)
B_SPLINE_CURVE_WITH_KNOTS((3,3),(0.467890272778771,0.654562245633025),
 .UNSPECIFIED.)
CURVE()
GEOMETRIC_REPRESENTATION_ITEM()
RATIONAL_B_SPLINE_CURVE((1.02623068755934,1.01834791055964,1.))
REPRESENTATION_ITEM('')
);
#21=(
BOUNDED_CURVE()
B_SPLINE_CURVE(2,(#14325,#14326,#14327),.UNSPECIFIED.,.F.,.F.)
B_SPLINE_CURVE_WITH_KNOTS((3,3),(0.,0.186702463570764),.UNSPECIFIED.)
CURVE()
GEOMETRIC_REPRESENTATION_ITEM()
RATIONAL_B_SPLINE_CURVE((1.,1.01835553025727,1.02624066106735))
REPRESENTATION_ITEM('')
);
#22=ELLIPSE('',#8337,0.707106781186548,0.5);
#23=ELLIPSE('',#8339,0.707106781186544,0.5);
#24=ELLIPSE('',#8386,1.75488278791826,1.5);
#25=ELLIPSE('',#8387,1.75488278791826,1.5);
#26=ELLIPSE('',#8492,1.74865162594511,1.5);
#27=ELLIPSE('',#8495,1.74865162594511,1.5);
#28=STYLED_ITEM('',(#14446),#34);
#29=STYLED_ITEM('',(#14446),#35);
#30=STYLED_ITEM('',(#14446),#36);
#31=STYLED_ITEM('',(#14446),#37);
#32=STYLED_ITEM('',(#14446),#38);
#33=STYLED_ITEM('',(#14446),#39);
#34=MANIFOLD_SOLID_BREP('Body59',#8095);
#35=MANIFOLD_SOLID_BREP('Body79',#8096);
#36=MANIFOLD_SOLID_BREP('Body34',#8097);
#37=MANIFOLD_SOLID_BREP('Body66',#8098);
#38=MANIFOLD_SOLID_BREP('Body71',#8099);
#39=MANIFOLD_SOLID_BREP('Body74',#8100);
#40=B_SPLINE_SURFACE_WITH_KNOTS('',3,1,((#11982,#11983),(#11984,#11985),
(#11986,#11987),(#11988,#11989),(#11990,#11991)),.UNSPECIFIED.,.F.,.F.,
 .F.,(4,1,4),(2,2),(0.,0.109052398763077,0.188666367869554),(0.,0.6),
 .UNSPECIFIED.);
#41=B_SPLINE_SURFACE_WITH_KNOTS('',3,1,((#11993,#11994),(#11995,#11996),
(#11997,#11998),(#11999,#12000),(#12001,#12002)),.UNSPECIFIED.,.F.,.F.,
 .F.,(4,1,4),(2,2),(0.,0.0835214442006094,0.195138204508923),(0.,0.6),
 .UNSPECIFIED.);
#42=B_SPLINE_SURFACE_WITH_KNOTS('',3,1,((#12009,#12010),(#12011,#12012),
(#12013,#12014),(#12015,#12016),(#12017,#12018)),.UNSPECIFIED.,.F.,.F.,
 .F.,(4,1,4),(2,2),(0.,0.0340098539125814,0.0889711527036745),(0.,0.6),
 .UNSPECIFIED.);
#43=B_SPLINE_SURFACE_WITH_KNOTS('',3,1,((#12028,#12029),(#12030,#12031),
(#12032,#12033),(#12034,#12035),(#12036,#12037)),.UNSPECIFIED.,.F.,.F.,
 .F.,(4,1,4),(2,2),(0.,0.0500698209657225,0.0962463857493197),(0.,0.6),
 .UNSPECIFIED.);
#44=B_SPLINE_SURFACE_WITH_KNOTS('',3,1,((#12040,#12041),(#12042,#12043),
(#12044,#12045),(#12046,#12047),(#12048,#12049)),.UNSPECIFIED.,.F.,.F.,
 .F.,(4,1,4),(2,2),(0.,0.0681940670532092,0.18662135307922),(0.,0.6),
 .UNSPECIFIED.);
#45=B_SPLINE_SURFACE_WITH_KNOTS('',3,1,((#12051,#12052),(#12053,#12054),
(#12055,#12056),(#12057,#12058),(#12059,#12060)),.UNSPECIFIED.,.F.,.F.,
 .F.,(4,1,4),(2,2),(0.,0.0955097419762532,0.169093501455082),(0.,0.6),
 .UNSPECIFIED.);
#46=B_SPLINE_SURFACE_WITH_KNOTS('',3,1,((#12062,#12063),(#12064,#12065),
(#12066,#12067),(#12068,#12069),(#12070,#12071)),.UNSPECIFIED.,.F.,.F.,
 .F.,(4,1,4),(2,2),(0.,0.061897731571002,0.125589135157009),(0.,0.6),
 .UNSPECIFIED.);
#47=B_SPLINE_SURFACE_WITH_KNOTS('',3,1,((#12073,#12074),(#12075,#12076),
(#12077,#12078),(#12079,#12080),(#12081,#12082)),.UNSPECIFIED.,.F.,.F.,
 .F.,(4,1,4),(2,2),(0.,0.0723204475214482,0.158137402789532),(0.,0.6),
 .UNSPECIFIED.);
#48=B_SPLINE_SURFACE_WITH_KNOTS('',3,1,((#12089,#12090),(#12091,#12092),
(#12093,#12094),(#12095,#12096),(#12097,#12098)),.UNSPECIFIED.,.F.,.F.,
 .F.,(4,1,4),(2,2),(0.,0.0725262164917726,0.181934797910448),(0.,0.6),
 .UNSPECIFIED.);
#49=B_SPLINE_SURFACE_WITH_KNOTS('',3,1,((#12108,#12109),(#12110,#12111),
(#12112,#12113),(#12114,#12115),(#12116,#12117)),.UNSPECIFIED.,.F.,.F.,
 .F.,(4,1,4),(2,2),(0.,0.11584645191697,0.19222463529197),(0.,0.6),
 .UNSPECIFIED.);
#50=B_SPLINE_SURFACE_WITH_KNOTS('',3,1,((#12119,#12120),(#12121,#12122),
(#12123,#12124),(#12125,#12126),(#12127,#12128)),.UNSPECIFIED.,.F.,.F.,
 .F.,(4,1,4),(2,2),(0.,0.0555824741456955,0.111555177424662),(0.,0.6),
 .UNSPECIFIED.);
#51=B_SPLINE_SURFACE_WITH_KNOTS('',3,1,((#12130,#12131),(#12132,#12133),
(#12134,#12135),(#12136,#12137),(#12138,#12139)),.UNSPECIFIED.,.F.,.F.,
 .F.,(4,1,4),(2,2),(0.,0.0571570810901399,0.116850239021412),(0.,0.6),
 .UNSPECIFIED.);
#52=B_SPLINE_SURFACE_WITH_KNOTS('',3,1,((#12141,#12142),(#12143,#12144),
(#12145,#12146),(#12147,#12148),(#12149,#12150)),.UNSPECIFIED.,.F.,.F.,
 .F.,(4,1,4),(2,2),(0.,0.0647598725960345,0.136466173598603),(0.,0.6),
 .UNSPECIFIED.);
#53=B_SPLINE_SURFACE_WITH_KNOTS('',3,1,((#12172,#12173),(#12174,#12175),
(#12176,#12177),(#12178,#12179),(#12180,#12181)),.UNSPECIFIED.,.F.,.F.,
 .F.,(4,1,4),(2,2),(0.,0.115846455206237,0.192224623615015),(0.,0.6),
 .UNSPECIFIED.);
#54=B_SPLINE_SURFACE_WITH_KNOTS('',3,1,((#12183,#12184),(#12185,#12186),
(#12187,#12188),(#12189,#12190),(#12191,#12192)),.UNSPECIFIED.,.F.,.F.,
 .F.,(4,1,4),(2,2),(0.,0.0555824741456955,0.111555177424662),(0.,0.6),
 .UNSPECIFIED.);
#55=B_SPLINE_SURFACE_WITH_KNOTS('',3,1,((#12194,#12195),(#12196,#12197),
(#12198,#12199),(#12200,#12201),(#12202,#12203)),.UNSPECIFIED.,.F.,.F.,
 .F.,(4,1,4),(2,2),(0.,0.0571570810901399,0.116850239021412),(0.,0.6),
 .UNSPECIFIED.);
#56=B_SPLINE_SURFACE_WITH_KNOTS('',3,1,((#12205,#12206),(#12207,#12208),
(#12209,#12210),(#12211,#12212),(#12213,#12214)),.UNSPECIFIED.,.F.,.F.,
 .F.,(4,1,4),(2,2),(0.,0.0647598725960345,0.136466173598603),(0.,0.6),
 .UNSPECIFIED.);
#57=B_SPLINE_SURFACE_WITH_KNOTS('',3,1,((#12228,#12229),(#12230,#12231),
(#12232,#12233),(#12234,#12235),(#12236,#12237)),.UNSPECIFIED.,.F.,.F.,
 .F.,(4,1,4),(2,2),(0.,0.154623999131737,0.431040815043687),(0.,0.6),
 .UNSPECIFIED.);
#58=B_SPLINE_SURFACE_WITH_KNOTS('',3,1,((#12248,#12249),(#12250,#12251),
(#12252,#12253),(#12254,#12255),(#12256,#12257)),.UNSPECIFIED.,.F.,.F.,
 .F.,(4,1,4),(2,2),(0.,0.339300786531385,0.515469106693169),(0.,0.6),
 .UNSPECIFIED.);
#59=B_SPLINE_SURFACE_WITH_KNOTS('',3,1,((#12259,#12260),(#12261,#12262),
(#12263,#12264),(#12265,#12266),(#12267,#12268)),.UNSPECIFIED.,.F.,.F.,
 .F.,(4,1,4),(2,2),(0.,0.0820555297580763,0.140173377649783),(0.,0.6),
 .UNSPECIFIED.);
#60=B_SPLINE_SURFACE_WITH_KNOTS('',3,1,((#12270,#12271),(#12272,#12273),
(#12274,#12275),(#12276,#12277),(#12278,#12279)),.UNSPECIFIED.,.F.,.F.,
 .F.,(4,1,4),(2,2),(0.,0.032186369398489,0.0567739120055849),(0.,0.6),
 .UNSPECIFIED.);
#61=B_SPLINE_SURFACE_WITH_KNOTS('',3,1,((#12281,#12282),(#12283,#12284),
(#12285,#12286),(#12287,#12288),(#12289,#12290)),.UNSPECIFIED.,.F.,.F.,
 .F.,(4,1,4),(2,2),(0.,0.0208108862442321,0.0435989840034055),(0.,0.6),
 .UNSPECIFIED.);
#62=B_SPLINE_SURFACE_WITH_KNOTS('',3,1,((#12292,#12293),(#12294,#12295),
(#12296,#12297),(#12298,#12299),(#12300,#12301)),.UNSPECIFIED.,.F.,.F.,
 .F.,(4,1,4),(2,2),(0.,0.0228894763524948,0.0446786051930051),(0.,0.6),
 .UNSPECIFIED.);
#63=B_SPLINE_SURFACE_WITH_KNOTS('',3,1,((#12303,#12304),(#12305,#12306),
(#12307,#12308),(#12309,#12310),(#12311,#12312)),.UNSPECIFIED.,.F.,.F.,
 .F.,(4,1,4),(2,2),(0.,0.0289382613658547,0.0846507268196746),(0.,0.6),
 .UNSPECIFIED.);
#64=B_SPLINE_SURFACE_WITH_KNOTS('',3,1,((#12332,#12333),(#12334,#12335),
(#12336,#12337),(#12338,#12339),(#12340,#12341)),.UNSPECIFIED.,.F.,.F.,
 .F.,(4,1,4),(2,2),(0.,0.0633926401811476,0.0970894124702978),(0.,0.6),
 .UNSPECIFIED.);
#65=B_SPLINE_SURFACE_WITH_KNOTS('',3,1,((#12355,#12356),(#12357,#12358),
(#12359,#12360),(#12361,#12362),(#12363,#12364)),.UNSPECIFIED.,.F.,.F.,
 .F.,(4,1,4),(2,2),(0.,0.0688378180184969,0.132568878378658),(0.,0.6),
 .UNSPECIFIED.);
#66=B_SPLINE_SURFACE_WITH_KNOTS('',3,1,((#12366,#12367),(#12368,#12369),
(#12370,#12371),(#12372,#12373),(#12374,#12375)),.UNSPECIFIED.,.F.,.F.,
 .F.,(4,1,4),(2,2),(0.,0.0597202757980056,0.117701502735996),(0.,0.6),
 .UNSPECIFIED.);
#67=B_SPLINE_SURFACE_WITH_KNOTS('',3,1,((#12377,#12378),(#12379,#12380),
(#12381,#12382),(#12383,#12384),(#12385,#12386)),.UNSPECIFIED.,.F.,.F.,
 .F.,(4,1,4),(2,2),(0.,0.0566952164329972,0.11194107814955),(0.,0.6),
 .UNSPECIFIED.);
#68=B_SPLINE_SURFACE_WITH_KNOTS('',3,1,((#12388,#12389),(#12390,#12391),
(#12392,#12393),(#12394,#12395),(#12396,#12397)),.UNSPECIFIED.,.F.,.F.,
 .F.,(4,1,4),(2,2),(0.,0.0289382613658547,0.0846507268196746),(0.,0.6),
 .UNSPECIFIED.);
#69=B_SPLINE_SURFACE_WITH_KNOTS('',3,1,((#12417,#12418),(#12419,#12420),
(#12421,#12422),(#12423,#12424),(#12425,#12426)),.UNSPECIFIED.,.F.,.F.,
 .F.,(4,1,4),(2,2),(0.,0.0633926401811476,0.0970894294323835),(0.,0.6),
 .UNSPECIFIED.);
#70=B_SPLINE_SURFACE_WITH_KNOTS('',3,1,((#12440,#12441),(#12442,#12443),
(#12444,#12445),(#12446,#12447),(#12448,#12449)),.UNSPECIFIED.,.F.,.F.,
 .F.,(4,1,4),(2,2),(0.,0.06883793678818,0.132568997148341),(0.,0.6),
 .UNSPECIFIED.);
#71=B_SPLINE_SURFACE_WITH_KNOTS('',3,1,((#12451,#12452),(#12453,#12454),
(#12455,#12456),(#12457,#12458),(#12459,#12460)),.UNSPECIFIED.,.F.,.F.,
 .F.,(4,1,4),(2,2),(0.,0.059720068570932,0.117701379085081),(0.,0.6),
 .UNSPECIFIED.);
#72=B_SPLINE_SURFACE_WITH_KNOTS('',3,1,((#12462,#12463),(#12464,#12465),
(#12466,#12467),(#12468,#12469),(#12470,#12471)),.UNSPECIFIED.,.F.,.F.,
 .F.,(4,1,4),(2,2),(0.,0.0566952164329972,0.111941048461293),(0.,0.6),
 .UNSPECIFIED.);
#73=B_SPLINE_SURFACE_WITH_KNOTS('',3,1,((#12546,#12547),(#12548,#12549),
(#12550,#12551),(#12552,#12553),(#12554,#12555)),.UNSPECIFIED.,.F.,.F.,
 .F.,(4,1,4),(2,2),(0.,0.0313215438999347,0.081034187272414),(0.,0.6),
 .UNSPECIFIED.);
#74=B_SPLINE_SURFACE_WITH_KNOTS('',3,1,((#12557,#12558),(#12559,#12560),
(#12561,#12562),(#12563,#12564),(#12565,#12566)),.UNSPECIFIED.,.F.,.F.,
 .F.,(4,1,4),(2,2),(0.,0.0800781669378989,0.168879476972675),(0.,0.6),
 .UNSPECIFIED.);
#75=B_SPLINE_SURFACE_WITH_KNOTS('',3,1,((#12568,#12569),(#12570,#12571),
(#12572,#12573),(#12574,#12575),(#12576,#12577)),.UNSPECIFIED.,.F.,.F.,
 .F.,(4,1,4),(2,2),(0.,0.0911840792696588,0.185660725955994),(0.,0.6),
 .UNSPECIFIED.);
#76=B_SPLINE_SURFACE_WITH_KNOTS('',3,1,((#12579,#12580),(#12581,#12582),
(#12583,#12584),(#12585,#12586),(#12587,#12588)),.UNSPECIFIED.,.F.,.F.,
 .F.,(4,1,4),(2,2),(0.,0.118808377431685,0.217319524383103),(0.,0.6),
 .UNSPECIFIED.);
#77=B_SPLINE_SURFACE_WITH_KNOTS('',3,1,((#12590,#12591),(#12592,#12593),
(#12594,#12595),(#12596,#12597),(#12598,#12599)),.UNSPECIFIED.,.F.,.F.,
 .F.,(4,1,4),(2,2),(0.,0.0561871346614821,0.119929355498075),(0.,0.6),
 .UNSPECIFIED.);
#78=B_SPLINE_SURFACE_WITH_KNOTS('',3,1,((#12601,#12602),(#12603,#12604),
(#12605,#12606),(#12607,#12608),(#12609,#12610)),.UNSPECIFIED.,.F.,.F.,
 .F.,(4,1,4),(2,2),(0.,0.0511188748586584,0.102934294706643),(0.,0.6),
 .UNSPECIFIED.);
#79=B_SPLINE_SURFACE_WITH_KNOTS('',3,1,((#12612,#12613),(#12614,#12615),
(#12616,#12617),(#12618,#12619),(#12620,#12621)),.UNSPECIFIED.,.F.,.F.,
 .F.,(4,1,4),(2,2),(0.,0.0453409928999749,0.0946688995484754),(0.,0.6),
 .UNSPECIFIED.);
#80=B_SPLINE_SURFACE_WITH_KNOTS('',3,1,((#12623,#12624),(#12625,#12626),
(#12627,#12628),(#12629,#12630),(#12631,#12632)),.UNSPECIFIED.,.F.,.F.,
 .F.,(4,1,4),(2,2),(0.,0.0676391564150016,0.119597072872857),(0.,0.6),
 .UNSPECIFIED.);
#81=B_SPLINE_SURFACE_WITH_KNOTS('',3,1,((#12644,#12645),(#12646,#12647),
(#12648,#12649),(#12650,#12651),(#12652,#12653)),.UNSPECIFIED.,.F.,.F.,
 .F.,(4,1,4),(2,2),(0.,0.0643105316215468,0.120658617630768),(0.,0.6),
 .UNSPECIFIED.);
#82=B_SPLINE_SURFACE_WITH_KNOTS('',3,1,((#12655,#12656),(#12657,#12658),
(#12659,#12660),(#12661,#12662),(#12663,#12664)),.UNSPECIFIED.,.F.,.F.,
 .F.,(4,1,4),(2,2),(0.,0.0956880866242623,0.172861381502212),(0.,0.6),
 .UNSPECIFIED.);
#83=B_SPLINE_SURFACE_WITH_KNOTS('',3,1,((#12665,#12666),(#12667,#12668),
(#12669,#12670),(#12671,#12672),(#12673,#12674)),.UNSPECIFIED.,.F.,.F.,
 .F.,(4,1,4),(2,2),(0.,0.0428666247871286,0.0956238075756372),(0.,0.6),
 .UNSPECIFIED.);
#84=B_SPLINE_SURFACE_WITH_KNOTS('',3,1,((#12676,#12677),(#12678,#12679),
(#12680,#12681),(#12682,#12683),(#12684,#12685)),.UNSPECIFIED.,.F.,.F.,
 .F.,(4,1,4),(2,2),(0.,0.0652679687516786,0.111983591283022),(0.,0.6),
 .UNSPECIFIED.);
#85=B_SPLINE_SURFACE_WITH_KNOTS('',3,1,((#12687,#12688),(#12689,#12690),
(#12691,#12692),(#12693,#12694),(#12695,#12696)),.UNSPECIFIED.,.F.,.F.,
 .F.,(4,1,4),(2,2),(0.,0.0864189349332164,0.186880406920119),(0.,0.6),
 .UNSPECIFIED.);
#86=B_SPLINE_SURFACE_WITH_KNOTS('',3,1,((#12698,#12699),(#12700,#12701),
(#12702,#12703),(#12704,#12705),(#12706,#12707)),.UNSPECIFIED.,.F.,.F.,
 .F.,(4,1,4),(2,2),(0.,0.135716064355174,0.231231943020985),(0.,0.6),
 .UNSPECIFIED.);
#87=B_SPLINE_SURFACE_WITH_KNOTS('',3,1,((#12708,#12709),(#12710,#12711),
(#12712,#12713),(#12714,#12715),(#12716,#12717)),.UNSPECIFIED.,.F.,.F.,
 .F.,(4,1,4),(2,2),(0.,0.076599597911614,0.194739908013804),(0.,0.6),
 .UNSPECIFIED.);
#88=B_SPLINE_SURFACE_WITH_KNOTS('',3,1,((#12719,#12720),(#12721,#12722),
(#12723,#12724),(#12725,#12726),(#12727,#12728)),.UNSPECIFIED.,.F.,.F.,
 .F.,(4,1,4),(2,2),(0.,0.076599672961262,0.194739860500622),(0.,0.6),
 .UNSPECIFIED.);
#89=B_SPLINE_SURFACE_WITH_KNOTS('',3,1,((#12730,#12731),(#12732,#12733),
(#12734,#12735),(#12736,#12737),(#12738,#12739)),.UNSPECIFIED.,.F.,.F.,
 .F.,(4,1,4),(2,2),(0.,0.0566952820349031,0.111941142101876),(0.,0.6),
 .UNSPECIFIED.);
#90=B_SPLINE_SURFACE_WITH_KNOTS('',3,1,((#12741,#12742),(#12743,#12744),
(#12745,#12746),(#12747,#12748),(#12749,#12750)),.UNSPECIFIED.,.F.,.F.,
 .F.,(4,1,4),(2,2),(0.,0.0597198613440912,0.117701255434524),(0.,0.6),
 .UNSPECIFIED.);
#91=B_SPLINE_SURFACE_WITH_KNOTS('',3,1,((#12752,#12753),(#12754,#12755),
(#12756,#12757),(#12758,#12759),(#12760,#12761)),.UNSPECIFIED.,.F.,.F.,
 .F.,(4,1,4),(2,2),(0.,0.0688378231326518,0.13256912908298),(0.,0.6),
 .UNSPECIFIED.);
#92=B_SPLINE_SURFACE_WITH_KNOTS('',3,1,((#12762,#12763),(#12764,#12765),
(#12766,#12767),(#12768,#12769),(#12770,#12771)),.UNSPECIFIED.,.F.,.F.,
 .F.,(4,1,4),(2,2),(0.,0.0647598898640595,0.13646619606505),(0.,0.6),
 .UNSPECIFIED.);
#93=B_SPLINE_SURFACE_WITH_KNOTS('',3,1,((#12773,#12774),(#12775,#12776),
(#12777,#12778),(#12779,#12780),(#12781,#12782)),.UNSPECIFIED.,.F.,.F.,
 .F.,(4,1,4),(2,2),(0.,0.0571572029724932,0.116850155803229),(0.,0.6),
 .UNSPECIFIED.);
#94=B_SPLINE_SURFACE_WITH_KNOTS('',3,1,((#12784,#12785),(#12786,#12787),
(#12788,#12789),(#12790,#12791),(#12792,#12793)),.UNSPECIFIED.,.F.,.F.,
 .F.,(4,1,4),(2,2),(0.,0.0555824741456955,0.111555177424662),(0.,0.6),
 .UNSPECIFIED.);
#95=B_SPLINE_SURFACE_WITH_KNOTS('',3,1,((#12795,#12796),(#12797,#12798),
(#12799,#12800),(#12801,#12802),(#12803,#12804)),.UNSPECIFIED.,.F.,.F.,
 .F.,(4,1,4),(2,2),(0.,0.115846392317997,0.192224635180086),(0.,0.6),
 .UNSPECIFIED.);
#96=B_SPLINE_SURFACE_WITH_KNOTS('',3,1,((#12807,#12808),(#12809,#12810),
(#12811,#12812),(#12813,#12814),(#12815,#12816)),.UNSPECIFIED.,.F.,.F.,
 .F.,(4,1,4),(2,2),(0.,0.076599605697663,0.194739915799853),(0.,0.6),
 .UNSPECIFIED.);
#97=B_SPLINE_SURFACE_WITH_KNOTS('',3,1,((#12818,#12819),(#12820,#12821),
(#12822,#12823),(#12824,#12825),(#12826,#12827)),.UNSPECIFIED.,.F.,.F.,
 .F.,(4,1,4),(2,2),(0.,0.076599672961262,0.194739860500622),(0.,0.6),
 .UNSPECIFIED.);
#98=B_SPLINE_SURFACE_WITH_KNOTS('',3,1,((#12829,#12830),(#12831,#12832),
(#12833,#12834),(#12835,#12836),(#12837,#12838)),.UNSPECIFIED.,.F.,.F.,
 .F.,(4,1,4),(2,2),(0.,0.0566952820349031,0.111941142101876),(0.,0.6),
 .UNSPECIFIED.);
#99=B_SPLINE_SURFACE_WITH_KNOTS('',3,1,((#12840,#12841),(#12842,#12843),
(#12844,#12845),(#12846,#12847),(#12848,#12849)),.UNSPECIFIED.,.F.,.F.,
 .F.,(4,1,4),(2,2),(0.,0.059720068570932,0.117701379085081),(0.,0.6),
 .UNSPECIFIED.);
#100=B_SPLINE_SURFACE_WITH_KNOTS('',3,1,((#12851,#12852),(#12853,#12854),
(#12855,#12856),(#12857,#12858),(#12859,#12860)),.UNSPECIFIED.,.F.,.F.,
 .F.,(4,1,4),(2,2),(0.,0.0688378231326518,0.132569014573897),(0.,0.6),
 .UNSPECIFIED.);
#101=B_SPLINE_SURFACE_WITH_KNOTS('',3,1,((#12861,#12862),(#12863,#12864),
(#12865,#12866),(#12867,#12868),(#12869,#12870)),.UNSPECIFIED.,.F.,.F.,
 .F.,(4,1,4),(2,2),(0.,0.0647598898640595,0.13646619606505),(0.,0.6),
 .UNSPECIFIED.);
#102=B_SPLINE_SURFACE_WITH_KNOTS('',3,1,((#12872,#12873),(#12874,#12875),
(#12876,#12877),(#12878,#12879),(#12880,#12881)),.UNSPECIFIED.,.F.,.F.,
 .F.,(4,1,4),(2,2),(0.,0.0571571205097648,0.116850073340501),(0.,0.6),
 .UNSPECIFIED.);
#103=B_SPLINE_SURFACE_WITH_KNOTS('',3,1,((#12883,#12884),(#12885,#12886),
(#12887,#12888),(#12889,#12890),(#12891,#12892)),.UNSPECIFIED.,.F.,.F.,
 .F.,(4,1,4),(2,2),(0.,0.0555824741456955,0.111555177424662),(0.,0.6),
 .UNSPECIFIED.);
#104=B_SPLINE_SURFACE_WITH_KNOTS('',3,1,((#12894,#12895),(#12896,#12897),
(#12898,#12899),(#12900,#12901),(#12902,#12903)),.UNSPECIFIED.,.F.,.F.,
 .F.,(4,1,4),(2,2),(0.,0.11584639396257,0.192224636824659),(0.,0.6),
 .UNSPECIFIED.);
#105=B_SPLINE_SURFACE_WITH_KNOTS('',3,3,((#13063,#13064,#13065,#13066),
(#13067,#13068,#13069,#13070),(#13071,#13072,#13073,#13074),(#13075,#13076,
#13077,#13078),(#13079,#13080,#13081,#13082),(#13083,#13084,#13085,#13086)),
 .UNSPECIFIED.,.F.,.F.,.F.,(4,1,1,4),(4,4),(0.,0.285714285714286,0.571428571428571,
1.),(-0.220196159604071,0.688182436558468),.UNSPECIFIED.);
#106=B_SPLINE_SURFACE_WITH_KNOTS('',3,3,((#13922,#13923,#13924,#13925),
(#13926,#13927,#13928,#13929),(#13930,#13931,#13932,#13933),(#13934,#13935,
#13936,#13937),(#13938,#13939,#13940,#13941),(#13942,#13943,#13944,#13945),
(#13946,#13947,#13948,#13949),(#13950,#13951,#13952,#13953),(#13954,#13955,
#13956,#13957),(#13958,#13959,#13960,#13961)),.UNSPECIFIED.,.F.,.F.,.F.,
(4,1,1,1,1,1,1,4),(4,4),(0.,0.142857142857143,0.285714285714286,0.428571428571429,
0.571428571428571,0.714285714285714,0.857142857142857,1.),(-7.08823702427375,
2.21176297572625),.UNSPECIFIED.);
#107=FACE_BOUND('',#1076,.T.);
#108=FACE_BOUND('',#1077,.T.);
#109=FACE_BOUND('',#1078,.T.);
#110=FACE_BOUND('',#1079,.T.);
#111=FACE_BOUND('',#1080,.T.);
#112=FACE_BOUND('',#1081,.T.);
#113=FACE_BOUND('',#1082,.T.);
#114=FACE_BOUND('',#1083,.T.);
#115=FACE_BOUND('',#1084,.T.);
#116=FACE_BOUND('',#1085,.T.);
#117=FACE_BOUND('',#1086,.T.);
#118=FACE_BOUND('',#1087,.T.);
#119=FACE_BOUND('',#1088,.T.);
#120=FACE_BOUND('',#1089,.T.);
#121=FACE_BOUND('',#1103,.T.);
#122=FACE_BOUND('',#1108,.T.);
#123=FACE_BOUND('',#1113,.T.);
#124=FACE_BOUND('',#1114,.T.);
#125=FACE_BOUND('',#1115,.T.);
#126=FACE_BOUND('',#1116,.T.);
#127=FACE_BOUND('',#1117,.T.);
#128=FACE_BOUND('',#1120,.T.);
#129=FACE_BOUND('',#1125,.T.);
#130=FACE_BOUND('',#1136,.T.);
#131=FACE_BOUND('',#1137,.T.);
#132=FACE_BOUND('',#1144,.T.);
#133=FACE_BOUND('',#1145,.T.);
#134=FACE_BOUND('',#1146,.T.);
#135=FACE_BOUND('',#1147,.T.);
#136=FACE_BOUND('',#1148,.T.);
#137=FACE_BOUND('',#1149,.T.);
#138=FACE_BOUND('',#1150,.T.);
#139=FACE_BOUND('',#1151,.T.);
#140=FACE_BOUND('',#1152,.T.);
#141=FACE_BOUND('',#1153,.T.);
#142=FACE_BOUND('',#1154,.T.);
#143=FACE_BOUND('',#1155,.T.);
#144=FACE_BOUND('',#1156,.T.);
#145=FACE_BOUND('',#1284,.T.);
#146=FACE_BOUND('',#1285,.T.);
#147=FACE_BOUND('',#1306,.T.);
#148=FACE_BOUND('',#1307,.T.);
#149=FACE_BOUND('',#1308,.T.);
#150=FACE_BOUND('',#1309,.T.);
#151=FACE_BOUND('',#1310,.T.);
#152=FACE_BOUND('',#1311,.T.);
#153=FACE_BOUND('',#1312,.T.);
#154=FACE_BOUND('',#1322,.T.);
#155=FACE_BOUND('',#1323,.T.);
#156=FACE_BOUND('',#1324,.T.);
#157=FACE_BOUND('',#1325,.T.);
#158=FACE_BOUND('',#1326,.T.);
#159=FACE_BOUND('',#1327,.T.);
#160=FACE_BOUND('',#1328,.T.);
#161=FACE_BOUND('',#1344,.T.);
#162=FACE_BOUND('',#1345,.T.);
#163=FACE_BOUND('',#1346,.T.);
#164=FACE_BOUND('',#1347,.T.);
#165=FACE_BOUND('',#1348,.T.);
#166=FACE_BOUND('',#1355,.T.);
#167=FACE_BOUND('',#1356,.T.);
#168=FACE_BOUND('',#1357,.T.);
#169=FACE_BOUND('',#1358,.T.);
#170=FACE_BOUND('',#1359,.T.);
#171=FACE_BOUND('',#1364,.T.);
#172=FACE_BOUND('',#1368,.T.);
#173=FACE_BOUND('',#1393,.T.);
#174=FACE_BOUND('',#1394,.T.);
#175=FACE_BOUND('',#1438,.T.);
#176=FACE_BOUND('',#1441,.T.);
#177=FACE_BOUND('',#1442,.T.);
#178=FACE_BOUND('',#1443,.T.);
#179=FACE_BOUND('',#1444,.T.);
#180=FACE_BOUND('',#1465,.T.);
#181=FACE_BOUND('',#1470,.T.);
#182=FACE_BOUND('',#1478,.T.);
#183=FACE_BOUND('',#1484,.T.);
#184=FACE_BOUND('',#1494,.T.);
#185=FACE_BOUND('',#1511,.T.);
#186=FACE_BOUND('',#1512,.T.);
#187=FACE_BOUND('',#1514,.T.);
#188=FACE_BOUND('',#1516,.T.);
#189=FACE_BOUND('',#1525,.T.);
#190=FACE_BOUND('',#1526,.T.);
#191=FACE_BOUND('',#1546,.T.);
#192=FACE_BOUND('',#1547,.T.);
#193=B_SPLINE_CURVE_WITH_KNOTS('',3,(#10586,#10587,#10588,#10589),
 .UNSPECIFIED.,.F.,.F.,(4,4),(0.0372412048948315,0.0889711527036745),
 .UNSPECIFIED.);
#194=B_SPLINE_CURVE_WITH_KNOTS('',3,(#10593,#10594,#10595,#10596),
 .UNSPECIFIED.,.F.,.F.,(4,4),(0.0529289804307069,0.0811715018792335),
 .UNSPECIFIED.);
#195=B_SPLINE_CURVE_WITH_KNOTS('',3,(#10600,#10601,#10602,#10603),
 .UNSPECIFIED.,.F.,.F.,(4,4),(0.0068317691977563,0.0330960464496073),
 .UNSPECIFIED.);
#196=B_SPLINE_CURVE_WITH_KNOTS('',3,(#10607,#10608,#10609,#10610,#10611),
 .UNSPECIFIED.,.F.,.F.,(4,1,4),(0.0366666545311112,0.06883793678818,0.132568997148341),
 .UNSPECIFIED.);
#197=B_SPLINE_CURVE_WITH_KNOTS('',3,(#10613,#10614,#10615,#10616,#10617),
 .UNSPECIFIED.,.F.,.F.,(4,1,4),(0.,0.059720068570932,0.117701379085081),
 .UNSPECIFIED.);
#198=B_SPLINE_CURVE_WITH_KNOTS('',3,(#10619,#10620,#10621,#10622,#10623),
 .UNSPECIFIED.,.F.,.F.,(4,1,4),(0.,0.0566952164329972,0.111941048461293),
 .UNSPECIFIED.);
#199=B_SPLINE_CURVE_WITH_KNOTS('',3,(#10625,#10626,#10627,#10628,#10629),
 .UNSPECIFIED.,.F.,.F.,(4,1,4),(0.,0.076599605697663,0.194739915799853),
 .UNSPECIFIED.);
#200=B_SPLINE_CURVE_WITH_KNOTS('',3,(#10633,#10634,#10635,#10636,#10637),
 .UNSPECIFIED.,.F.,.F.,(4,1,4),(0.,0.11584639396257,0.192224636824659),
 .UNSPECIFIED.);
#201=B_SPLINE_CURVE_WITH_KNOTS('',3,(#10639,#10640,#10641,#10642,#10643),
 .UNSPECIFIED.,.F.,.F.,(4,1,4),(0.,0.0555824741456955,0.111555177424662),
 .UNSPECIFIED.);
#202=B_SPLINE_CURVE_WITH_KNOTS('',3,(#10645,#10646,#10647,#10648,#10649),
 .UNSPECIFIED.,.F.,.F.,(4,1,4),(0.,0.0571571205097648,0.116850073340501),
 .UNSPECIFIED.);
#203=B_SPLINE_CURVE_WITH_KNOTS('',3,(#10651,#10652,#10653,#10654,#10655),
 .UNSPECIFIED.,.F.,.F.,(4,1,4),(0.,0.0647598898640595,0.0998293711136582),
 .UNSPECIFIED.);
#204=B_SPLINE_CURVE_WITH_KNOTS('',3,(#10661,#10662,#10663,#10664,#10665),
 .UNSPECIFIED.,.F.,.F.,(4,1,4),(0.0368668348725533,0.0688378231326518,0.132569014573897),
 .UNSPECIFIED.);
#205=B_SPLINE_CURVE_WITH_KNOTS('',3,(#10667,#10668,#10669,#10670,#10671),
 .UNSPECIFIED.,.F.,.F.,(4,1,4),(0.,0.059720068570932,0.117701379085081),
 .UNSPECIFIED.);
#206=B_SPLINE_CURVE_WITH_KNOTS('',3,(#10673,#10674,#10675,#10676,#10677),
 .UNSPECIFIED.,.F.,.F.,(4,1,4),(0.,0.0566952820349031,0.111941142101876),
 .UNSPECIFIED.);
#207=B_SPLINE_CURVE_WITH_KNOTS('',3,(#10679,#10680,#10681,#10682,#10683),
 .UNSPECIFIED.,.F.,.F.,(4,1,4),(0.,0.076599672961262,0.194739860500622),
 .UNSPECIFIED.);
#208=B_SPLINE_CURVE_WITH_KNOTS('',3,(#10687,#10688,#10689,#10690,#10691),
 .UNSPECIFIED.,.F.,.F.,(4,1,4),(0.,0.11584645191697,0.19222463529197),
 .UNSPECIFIED.);
#209=B_SPLINE_CURVE_WITH_KNOTS('',3,(#10693,#10694,#10695,#10696,#10697),
 .UNSPECIFIED.,.F.,.F.,(4,1,4),(0.,0.0555824741456955,0.111555177424662),
 .UNSPECIFIED.);
#210=B_SPLINE_CURVE_WITH_KNOTS('',3,(#10699,#10700,#10701,#10702,#10703),
 .UNSPECIFIED.,.F.,.F.,(4,1,4),(0.,0.0571570810901399,0.116850239021412),
 .UNSPECIFIED.);
#211=B_SPLINE_CURVE_WITH_KNOTS('',3,(#10704,#10705,#10706,#10707,#10708),
 .UNSPECIFIED.,.F.,.F.,(4,1,4),(0.,0.0647598725960345,0.0996293181625661),
 .UNSPECIFIED.);
#212=B_SPLINE_CURVE_WITH_KNOTS('',3,(#10721,#10722,#10723,#10724,#10725),
 .UNSPECIFIED.,.F.,.F.,(4,1,4),(0.0368640829042443,0.0688378231326518,0.13256912908298),
 .UNSPECIFIED.);
#213=B_SPLINE_CURVE_WITH_KNOTS('',3,(#10727,#10728,#10729,#10730,#10731),
 .UNSPECIFIED.,.F.,.F.,(4,1,4),(0.,0.0597198613440912,0.117701255434524),
 .UNSPECIFIED.);
#214=B_SPLINE_CURVE_WITH_KNOTS('',3,(#10733,#10734,#10735,#10736,#10737),
 .UNSPECIFIED.,.F.,.F.,(4,1,4),(0.,0.0566952820349031,0.111941142101876),
 .UNSPECIFIED.);
#215=B_SPLINE_CURVE_WITH_KNOTS('',3,(#10739,#10740,#10741,#10742,#10743),
 .UNSPECIFIED.,.F.,.F.,(4,1,4),(0.,0.076599672961262,0.194739860500622),
 .UNSPECIFIED.);
#216=B_SPLINE_CURVE_WITH_KNOTS('',3,(#10747,#10748,#10749,#10750,#10751),
 .UNSPECIFIED.,.F.,.F.,(4,1,4),(0.,0.115846455206237,0.192224623615015),
 .UNSPECIFIED.);
#217=B_SPLINE_CURVE_WITH_KNOTS('',3,(#10753,#10754,#10755,#10756,#10757),
 .UNSPECIFIED.,.F.,.F.,(4,1,4),(0.,0.0555824741456955,0.111555177424662),
 .UNSPECIFIED.);
#218=B_SPLINE_CURVE_WITH_KNOTS('',3,(#10759,#10760,#10761,#10762,#10763),
 .UNSPECIFIED.,.F.,.F.,(4,1,4),(0.,0.0571570810901399,0.116850239021412),
 .UNSPECIFIED.);
#219=B_SPLINE_CURVE_WITH_KNOTS('',3,(#10764,#10765,#10766,#10767,#10768),
 .UNSPECIFIED.,.F.,.F.,(4,1,4),(0.,0.0647598725960345,0.0996320693436397),
 .UNSPECIFIED.);
#220=B_SPLINE_CURVE_WITH_KNOTS('',3,(#10791,#10792,#10793,#10794,#10795),
 .UNSPECIFIED.,.F.,.F.,(4,1,4),(0.,0.154623999131737,0.431040815043687),
 .UNSPECIFIED.);
#221=B_SPLINE_CURVE_WITH_KNOTS('',3,(#10805,#10806,#10807,#10808,#10809),
 .UNSPECIFIED.,.F.,.F.,(4,1,4),(0.,0.339300786531385,0.515469106693169),
 .UNSPECIFIED.);
#222=B_SPLINE_CURVE_WITH_KNOTS('',3,(#10811,#10812,#10813,#10814,#10815),
 .UNSPECIFIED.,.F.,.F.,(4,1,4),(0.,0.0820555297580763,0.140173377649783),
 .UNSPECIFIED.);
#223=B_SPLINE_CURVE_WITH_KNOTS('',3,(#10817,#10818,#10819,#10820,#10821),
 .UNSPECIFIED.,.F.,.F.,(4,1,4),(0.,0.032186369398489,0.0567739120055849),
 .UNSPECIFIED.);
#224=B_SPLINE_CURVE_WITH_KNOTS('',3,(#10823,#10824,#10825,#10826,#10827),
 .UNSPECIFIED.,.F.,.F.,(4,1,4),(0.,0.0208108862442321,0.0435989840034055),
 .UNSPECIFIED.);
#225=B_SPLINE_CURVE_WITH_KNOTS('',3,(#10829,#10830,#10831,#10832,#10833),
 .UNSPECIFIED.,.F.,.F.,(4,1,4),(0.,0.0228894763524948,0.0446786051930051),
 .UNSPECIFIED.);
#226=B_SPLINE_CURVE_WITH_KNOTS('',3,(#10835,#10836,#10837,#10838,#10839),
 .UNSPECIFIED.,.F.,.F.,(4,1,4),(0.,0.0313215438999347,0.081034187272414),
 .UNSPECIFIED.);
#227=B_SPLINE_CURVE_WITH_KNOTS('',3,(#10847,#10848,#10849,#10850,#10851),
 .UNSPECIFIED.,.F.,.F.,(4,1,4),(0.,0.0676391564150016,0.119597072872857),
 .UNSPECIFIED.);
#228=B_SPLINE_CURVE_WITH_KNOTS('',3,(#10853,#10854,#10855,#10856,#10857),
 .UNSPECIFIED.,.F.,.F.,(4,1,4),(0.,0.0453409928999749,0.0946688995484754),
 .UNSPECIFIED.);
#229=B_SPLINE_CURVE_WITH_KNOTS('',3,(#10859,#10860,#10861,#10862,#10863),
 .UNSPECIFIED.,.F.,.F.,(4,1,4),(0.,0.0511188748586584,0.102934294706643),
 .UNSPECIFIED.);
#230=B_SPLINE_CURVE_WITH_KNOTS('',3,(#10865,#10866,#10867,#10868,#10869),
 .UNSPECIFIED.,.F.,.F.,(4,1,4),(0.,0.0561871346614821,0.119929355498075),
 .UNSPECIFIED.);
#231=B_SPLINE_CURVE_WITH_KNOTS('',3,(#10871,#10872,#10873,#10874,#10875),
 .UNSPECIFIED.,.F.,.F.,(4,1,4),(0.,0.118808377431685,0.217319524383103),
 .UNSPECIFIED.);
#232=B_SPLINE_CURVE_WITH_KNOTS('',3,(#10877,#10878,#10879,#10880,#10881),
 .UNSPECIFIED.,.F.,.F.,(4,1,4),(0.,0.0911840792696588,0.185660725955994),
 .UNSPECIFIED.);
#233=B_SPLINE_CURVE_WITH_KNOTS('',3,(#10882,#10883,#10884,#10885,#10886),
 .UNSPECIFIED.,.F.,.F.,(4,1,4),(0.,0.0800781669378989,0.168879476972675),
 .UNSPECIFIED.);
#234=B_SPLINE_CURVE_WITH_KNOTS('',3,(#10901,#10902,#10903,#10904,#10905),
 .UNSPECIFIED.,.F.,.F.,(4,1,4),(0.0366694085566539,0.0688378180184969,0.132568878378658),
 .UNSPECIFIED.);
#235=B_SPLINE_CURVE_WITH_KNOTS('',3,(#10907,#10908,#10909,#10910,#10911),
 .UNSPECIFIED.,.F.,.F.,(4,1,4),(0.,0.0597202757980056,0.117701502735996),
 .UNSPECIFIED.);
#236=B_SPLINE_CURVE_WITH_KNOTS('',3,(#10913,#10914,#10915,#10916,#10917),
 .UNSPECIFIED.,.F.,.F.,(4,1,4),(0.,0.0566952164329972,0.11194107814955),
 .UNSPECIFIED.);
#237=B_SPLINE_CURVE_WITH_KNOTS('',3,(#10919,#10920,#10921,#10922,#10923),
 .UNSPECIFIED.,.F.,.F.,(4,1,4),(0.,0.076599597911614,0.194739908013804),
 .UNSPECIFIED.);
#238=B_SPLINE_CURVE_WITH_KNOTS('',3,(#10927,#10928,#10929,#10930,#10931),
 .UNSPECIFIED.,.F.,.F.,(4,1,4),(0.,0.115846392317997,0.192224635180086),
 .UNSPECIFIED.);
#239=B_SPLINE_CURVE_WITH_KNOTS('',3,(#10933,#10934,#10935,#10936,#10937),
 .UNSPECIFIED.,.F.,.F.,(4,1,4),(0.,0.0555824741456955,0.111555177424662),
 .UNSPECIFIED.);
#240=B_SPLINE_CURVE_WITH_KNOTS('',3,(#10939,#10940,#10941,#10942,#10943),
 .UNSPECIFIED.,.F.,.F.,(4,1,4),(0.,0.0571572029724932,0.116850155803229),
 .UNSPECIFIED.);
#241=B_SPLINE_CURVE_WITH_KNOTS('',3,(#10945,#10946,#10947,#10948,#10949),
 .UNSPECIFIED.,.F.,.F.,(4,1,4),(0.,0.0647598898640595,0.0998266201716534),
 .UNSPECIFIED.);
#242=B_SPLINE_CURVE_WITH_KNOTS('',3,(#10953,#10954,#10955,#10956),
 .UNSPECIFIED.,.F.,.F.,(4,4),(0.0529949473641011,0.0810576224524599),
 .UNSPECIFIED.);
#243=B_SPLINE_CURVE_WITH_KNOTS('',3,(#10960,#10961,#10962,#10963),
 .UNSPECIFIED.,.F.,.F.,(4,4),(0.00706852085582184,0.0329427859952548),
 .UNSPECIFIED.);
#244=B_SPLINE_CURVE_WITH_KNOTS('',3,(#10981,#10982,#10983,#10984,#10985),
 .UNSPECIFIED.,.F.,.F.,(4,1,4),(0.0441115786096813,0.0956880866242623,0.172861381502212),
 .UNSPECIFIED.);
#245=B_SPLINE_CURVE_WITH_KNOTS('',3,(#10987,#10988,#10989,#10990,#10991),
 .UNSPECIFIED.,.F.,.F.,(4,1,4),(0.,0.0643105316215468,0.120658617630768),
 .UNSPECIFIED.);
#246=B_SPLINE_CURVE_WITH_KNOTS('',3,(#10993,#10994,#10995,#10996,#10997),
 .UNSPECIFIED.,.F.,.F.,(4,1,4),(0.,0.0725262164917726,0.181934797910448),
 .UNSPECIFIED.);
#247=B_SPLINE_CURVE_WITH_KNOTS('',3,(#11015,#11016,#11017,#11018,#11019),
 .UNSPECIFIED.,.F.,.F.,(4,1,4),(0.,0.109052398763077,0.188666367869554),
 .UNSPECIFIED.);
#248=B_SPLINE_CURVE_WITH_KNOTS('',3,(#11020,#11021,#11022,#11023,#11024),
 .UNSPECIFIED.,.F.,.F.,(4,1,4),(0.,0.0835214442006094,0.171630369338429),
 .UNSPECIFIED.);
#249=B_SPLINE_CURVE_WITH_KNOTS('',3,(#11027,#11028,#11029,#11030,#11031),
 .UNSPECIFIED.,.F.,.F.,(4,1,4),(0.0647172028305832,0.135716064355174,0.231231943020985),
 .UNSPECIFIED.);
#250=B_SPLINE_CURVE_WITH_KNOTS('',3,(#11033,#11034,#11035,#11036,#11037),
 .UNSPECIFIED.,.F.,.F.,(4,1,4),(0.,0.0864189349332164,0.186880406920119),
 .UNSPECIFIED.);
#251=B_SPLINE_CURVE_WITH_KNOTS('',3,(#11039,#11040,#11041,#11042,#11043),
 .UNSPECIFIED.,.F.,.F.,(4,1,4),(0.,0.0652679687516786,0.111983591283022),
 .UNSPECIFIED.);
#252=B_SPLINE_CURVE_WITH_KNOTS('',3,(#11045,#11046,#11047,#11048,#11049),
 .UNSPECIFIED.,.F.,.F.,(4,1,4),(0.,0.0428666247871286,0.0956238075756372),
 .UNSPECIFIED.);
#253=B_SPLINE_CURVE_WITH_KNOTS('',3,(#11051,#11052,#11053,#11054,#11055),
 .UNSPECIFIED.,.F.,.F.,(4,1,4),(0.,0.0500698209657225,0.0962463857493197),
 .UNSPECIFIED.);
#254=B_SPLINE_CURVE_WITH_KNOTS('',3,(#11057,#11058,#11059,#11060,#11061),
 .UNSPECIFIED.,.F.,.F.,(4,1,4),(0.,0.0681940670532092,0.18662135307922),
 .UNSPECIFIED.);
#255=B_SPLINE_CURVE_WITH_KNOTS('',3,(#11063,#11064,#11065,#11066,#11067),
 .UNSPECIFIED.,.F.,.F.,(4,1,4),(0.,0.0955097419762532,0.169093501455082),
 .UNSPECIFIED.);
#256=B_SPLINE_CURVE_WITH_KNOTS('',3,(#11069,#11070,#11071,#11072,#11073),
 .UNSPECIFIED.,.F.,.F.,(4,1,4),(0.,0.061897731571002,0.125589135157009),
 .UNSPECIFIED.);
#257=B_SPLINE_CURVE_WITH_KNOTS('',3,(#11075,#11076,#11077,#11078,#11079),
 .UNSPECIFIED.,.F.,.F.,(4,1,4),(0.,0.0723204475214482,0.112862521258507),
 .UNSPECIFIED.);
#258=B_SPLINE_CURVE_WITH_KNOTS('',3,(#11164,#11165,#11166,#11167,#11168,
#11169,#11170,#11171,#11172,#11173,#11174,#11175,#11176,#11177,#11178),
 .UNSPECIFIED.,.F.,.F.,(4,2,2,3,2,2,4),(-0.386310089905366,-0.339691337780076,
-0.169845668890038,0.,0.169845668890038,0.339691337780076,0.386310089918942),
 .UNSPECIFIED.);
#259=B_SPLINE_CURVE_WITH_KNOTS('',3,(#11280,#11281,#11282,#11283,#11284,
#11285,#11286,#11287,#11288,#11289,#11290,#11291,#11292,#11293,#11294),
 .UNSPECIFIED.,.F.,.F.,(4,2,2,3,2,2,4),(-0.386310089905366,-0.339691337780076,
-0.169845668890038,0.,0.169845668890038,0.339691337780075,0.386310089918942),
 .UNSPECIFIED.);
#260=B_SPLINE_CURVE_WITH_KNOTS('',3,(#11384,#11385,#11386,#11387,#11388,
#11389,#11390),.UNSPECIFIED.,.F.,.F.,(4,3,4),(-0.201055469158728,-0.12197168401041,
2.77555756156289E-17),.UNSPECIFIED.);
#261=B_SPLINE_CURVE_WITH_KNOTS('',3,(#11392,#11393,#11394,#11395,#11396,
#11397,#11398),.UNSPECIFIED.,.F.,.F.,(4,3,4),(-0.11585096228143,-0.0571754766503672,
0.),.UNSPECIFIED.);
#262=B_SPLINE_CURVE_WITH_KNOTS('',3,(#11400,#11401,#11402,#11403,#11404,
#11405,#11406),.UNSPECIFIED.,.F.,.F.,(4,3,4),(-0.122309306065324,-0.0602512384210672,
0.),.UNSPECIFIED.);
#263=B_SPLINE_CURVE_WITH_KNOTS('',3,(#11408,#11409,#11410,#11411,#11412,
#11413),.UNSPECIFIED.,.F.,.F.,(4,2,4),(-0.0951008507923125,-0.0482236759864157,
0.),.UNSPECIFIED.);
#264=B_SPLINE_CURVE_WITH_KNOTS('',3,(#11417,#11418,#11419,#11420),
 .UNSPECIFIED.,.F.,.F.,(4,4),(-0.026310206377972,0.),.UNSPECIFIED.);
#265=B_SPLINE_CURVE_WITH_KNOTS('',3,(#11424,#11425,#11426,#11427),
 .UNSPECIFIED.,.F.,.F.,(4,4),(-0.0283347990763443,3.46944695195361E-18),
 .UNSPECIFIED.);
#266=B_SPLINE_CURVE_WITH_KNOTS('',3,(#11431,#11432,#11433,#11434,#11435,
#11436),.UNSPECIFIED.,.F.,.F.,(4,2,4),(-0.132689082212281,-0.0622612167145993,
0.),.UNSPECIFIED.);
#267=B_SPLINE_CURVE_WITH_KNOTS('',3,(#11438,#11439,#11440,#11441,#11442,
#11443,#11444),.UNSPECIFIED.,.F.,.F.,(4,3,4),(-0.118271593333484,-0.0604191374488816,
0.),.UNSPECIFIED.);
#268=B_SPLINE_CURVE_WITH_KNOTS('',3,(#11446,#11447,#11448,#11449,#11450,
#11451,#11452),.UNSPECIFIED.,.F.,.F.,(4,3,4),(-0.112726268913681,-0.0565602973103746,
0.),.UNSPECIFIED.);
#269=B_SPLINE_CURVE_WITH_KNOTS('',3,(#11454,#11455,#11456,#11457,#11458,
#11459,#11460),.UNSPECIFIED.,.F.,.F.,(4,3,4),(-0.213776003811258,-0.0849414300211521,
0.),.UNSPECIFIED.);
#270=B_SPLINE_CURVE_WITH_KNOTS('',3,(#11464,#11465,#11466,#11467,#11468,
#11469,#11470),.UNSPECIFIED.,.F.,.F.,(4,3,4),(-0.201055457212466,-0.121971681639773,
0.),.UNSPECIFIED.);
#271=B_SPLINE_CURVE_WITH_KNOTS('',3,(#11472,#11473,#11474,#11475,#11476,
#11477),.UNSPECIFIED.,.F.,.F.,(4,2,4),(-0.115850921867108,-0.0579349247443252,
0.),.UNSPECIFIED.);
#272=B_SPLINE_CURVE_WITH_KNOTS('',3,(#11479,#11480,#11481,#11482,#11483,
#11484,#11485),.UNSPECIFIED.,.F.,.F.,(4,3,4),(-0.122309959637708,-0.0602514102342176,
0.),.UNSPECIFIED.);
#273=B_SPLINE_CURVE_WITH_KNOTS('',3,(#11487,#11488,#11489,#11490,#11491,
#11492,#11493),.UNSPECIFIED.,.F.,.F.,(4,3,4),(-0.0950975942524487,-0.0631981650227882,
0.),.UNSPECIFIED.);
#274=B_SPLINE_CURVE_WITH_KNOTS('',3,(#11497,#11498,#11499,#11500),
 .UNSPECIFIED.,.F.,.F.,(4,4),(-0.02591954002591,0.),.UNSPECIFIED.);
#275=B_SPLINE_CURVE_WITH_KNOTS('',3,(#11504,#11505,#11506,#11507),
 .UNSPECIFIED.,.F.,.F.,(4,4),(-0.0281568171671041,0.),.UNSPECIFIED.);
#276=B_SPLINE_CURVE_WITH_KNOTS('',3,(#11511,#11512,#11513,#11514,#11515,
#11516,#11517),.UNSPECIFIED.,.F.,.F.,(4,3,4),(-0.132681761950134,-0.0466079644391593,
0.),.UNSPECIFIED.);
#277=B_SPLINE_CURVE_WITH_KNOTS('',3,(#11519,#11520,#11521,#11522,#11523,
#11524,#11525),.UNSPECIFIED.,.F.,.F.,(4,3,4),(-0.118271657186345,-0.0604191274295446,
0.),.UNSPECIFIED.);
#278=B_SPLINE_CURVE_WITH_KNOTS('',3,(#11527,#11528,#11529,#11530,#11531,
#11532,#11533),.UNSPECIFIED.,.F.,.F.,(4,3,4),(-0.112726268913681,-0.0565602973103746,
0.),.UNSPECIFIED.);
#279=B_SPLINE_CURVE_WITH_KNOTS('',3,(#11535,#11536,#11537,#11538,#11539,
#11540,#11541),.UNSPECIFIED.,.F.,.F.,(4,3,4),(-0.213776005028078,-0.0849414312313555,
0.),.UNSPECIFIED.);
#280=B_SPLINE_CURVE_WITH_KNOTS('',3,(#11545,#11546,#11547,#11548,#11549,
#11550,#11551),.UNSPECIFIED.,.F.,.F.,(4,3,4),(-0.0848761409985374,-0.0520695951957668,
0.),.UNSPECIFIED.);
#281=B_SPLINE_CURVE_WITH_KNOTS('',3,(#11553,#11554,#11555,#11556,#11557,
#11558,#11559),.UNSPECIFIED.,.F.,.F.,(4,3,4),(-0.0478818767759217,-0.0233513194444874,
0.),.UNSPECIFIED.);
#282=B_SPLINE_CURVE_WITH_KNOTS('',3,(#11561,#11562,#11563,#11564,#11565,
#11566,#11567),.UNSPECIFIED.,.F.,.F.,(4,3,4),(-0.0394471082099919,-0.0206180161935832,
0.),.UNSPECIFIED.);
#283=B_SPLINE_CURVE_WITH_KNOTS('',3,(#11569,#11570,#11571,#11572,#11573,
#11574,#11575),.UNSPECIFIED.,.F.,.F.,(4,3,4),(-0.0644216313416059,-0.027899602995026,
0.),.UNSPECIFIED.);
#284=B_SPLINE_CURVE_WITH_KNOTS('',3,(#11577,#11578,#11579,#11580,#11581,
#11582,#11583),.UNSPECIFIED.,.F.,.F.,(4,3,4),(-0.1579938818664,-0.0655064788199168,
0.),.UNSPECIFIED.);
#285=B_SPLINE_CURVE_WITH_KNOTS('',3,(#11585,#11586,#11587,#11588,#11589,
#11590,#11591),.UNSPECIFIED.,.F.,.F.,(4,3,4),(-0.538767714077946,-0.184130924461034,
0.),.UNSPECIFIED.);
#286=B_SPLINE_CURVE_WITH_KNOTS('',3,(#11601,#11602,#11603,#11604,#11605,
#11606,#11607),.UNSPECIFIED.,.F.,.F.,(4,3,4),(-0.453423450125064,-0.290770298238876,
0.),.UNSPECIFIED.);
#287=B_SPLINE_CURVE_WITH_KNOTS('',3,(#11609,#11610,#11611,#11612,#11613,
#11614,#11615),.UNSPECIFIED.,.F.,.F.,(4,3,4),(-0.17053556764651,-0.0896721264537345,
0.),.UNSPECIFIED.);
#288=B_SPLINE_CURVE_WITH_KNOTS('',3,(#11617,#11618,#11619,#11620,#11621,
#11622,#11623),.UNSPECIFIED.,.F.,.F.,(4,3,4),(-0.190737575268526,-0.0970600885872005,
0.),.UNSPECIFIED.);
#289=B_SPLINE_CURVE_WITH_KNOTS('',3,(#11625,#11626,#11627,#11628,#11629,
#11630,#11631),.UNSPECIFIED.,.F.,.F.,(4,3,4),(-0.246130319553697,-0.1115711077851,
0.),.UNSPECIFIED.);
#290=B_SPLINE_CURVE_WITH_KNOTS('',3,(#11633,#11634,#11635,#11636,#11637,
#11638,#11639),.UNSPECIFIED.,.F.,.F.,(4,3,4),(-0.12122528142025,-0.0644310029615034,
1.38777878078145E-17),.UNSPECIFIED.);
#291=B_SPLINE_CURVE_WITH_KNOTS('',3,(#11641,#11642,#11643,#11644,#11645,
#11646,#11647),.UNSPECIFIED.,.F.,.F.,(4,3,4),(-0.10409202607155,-0.0523982026504979,
-1.38777878078145E-17),.UNSPECIFIED.);
#292=B_SPLINE_CURVE_WITH_KNOTS('',3,(#11649,#11650,#11651,#11652,#11653,
#11654,#11655),.UNSPECIFIED.,.F.,.F.,(4,3,4),(-0.0956172336980233,-0.049822042934267,
0.),.UNSPECIFIED.);
#293=B_SPLINE_CURVE_WITH_KNOTS('',3,(#11657,#11658,#11659,#11660,#11661,
#11662,#11663),.UNSPECIFIED.,.F.,.F.,(4,3,4),(-0.134275490910067,-0.0583348285326316,
0.),.UNSPECIFIED.);
#294=B_SPLINE_CURVE_WITH_KNOTS('',3,(#11685,#11686,#11687,#11688,#11689,
#11690,#11691),.UNSPECIFIED.,.F.,.F.,(4,3,4),(-0.132161053847283,-0.0462576588290804,
0.),.UNSPECIFIED.);
#295=B_SPLINE_CURVE_WITH_KNOTS('',3,(#11693,#11694,#11695,#11696,#11697,
#11698,#11699),.UNSPECIFIED.,.F.,.F.,(4,3,4),(-0.11827181668909,-0.0604193734781032,
-1.38777878078145E-17),.UNSPECIFIED.);
#296=B_SPLINE_CURVE_WITH_KNOTS('',3,(#11701,#11702,#11703,#11704,#11705,
#11706,#11707),.UNSPECIFIED.,.F.,.F.,(4,3,4),(-0.112726268913687,-0.0565602973103775,
1.38777878078145E-17),.UNSPECIFIED.);
#297=B_SPLINE_CURVE_WITH_KNOTS('',3,(#11709,#11710,#11711,#11712,#11713,
#11714,#11715),.UNSPECIFIED.,.F.,.F.,(4,3,4),(-0.213775928159326,-0.0849413229982286,
0.),.UNSPECIFIED.);
#298=B_SPLINE_CURVE_WITH_KNOTS('',3,(#11719,#11720,#11721,#11722,#11723,
#11724,#11725),.UNSPECIFIED.,.F.,.F.,(4,3,4),(-0.201055380925012,-0.121971538580837,
0.),.UNSPECIFIED.);
#299=B_SPLINE_CURVE_WITH_KNOTS('',3,(#11727,#11728,#11729,#11730,#11731,
#11732,#11733),.UNSPECIFIED.,.F.,.F.,(4,3,4),(-0.11585118163588,-0.0571755660972665,
0.),.UNSPECIFIED.);
#300=B_SPLINE_CURVE_WITH_KNOTS('',3,(#11735,#11736,#11737,#11738,#11739,
#11740,#11741),.UNSPECIFIED.,.F.,.F.,(4,3,4),(-0.1223086524801,-0.0602510666002493,
0.),.UNSPECIFIED.);
#301=B_SPLINE_CURVE_WITH_KNOTS('',3,(#11742,#11743,#11744,#11745,#11746,
#11747),.UNSPECIFIED.,.F.,.F.,(4,2,4),(-0.09487651299441,-0.048124464895499,
0.),.UNSPECIFIED.);
#302=B_SPLINE_CURVE_WITH_KNOTS('',3,(#11774,#11775,#11776,#11777,#11778,
#11779,#11780),.UNSPECIFIED.,.F.,.F.,(4,3,4),(-0.132153646936414,-0.0462526943198475,
0.),.UNSPECIFIED.);
#303=B_SPLINE_CURVE_WITH_KNOTS('',3,(#11782,#11783,#11784,#11785,#11786,
#11787,#11788),.UNSPECIFIED.,.F.,.F.,(4,3,4),(-0.11827181668909,-0.0604193734781032,
-1.38777878078145E-17),.UNSPECIFIED.);
#304=B_SPLINE_CURVE_WITH_KNOTS('',3,(#11790,#11791,#11792,#11793,#11794,
#11795,#11796),.UNSPECIFIED.,.F.,.F.,(4,3,4),(-0.112726268913659,-0.0565602973103637,
-1.38777878078145E-17),.UNSPECIFIED.);
#305=B_SPLINE_CURVE_WITH_KNOTS('',3,(#11798,#11799,#11800,#11801,#11802,
#11803,#11804),.UNSPECIFIED.,.F.,.F.,(4,3,4),(-0.213775961618761,-0.0849413477772209,
0.),.UNSPECIFIED.);
#306=B_SPLINE_CURVE_WITH_KNOTS('',3,(#11808,#11809,#11810,#11811,#11812,
#11813,#11814),.UNSPECIFIED.,.F.,.F.,(4,3,4),(-0.201055380925824,-0.121971538581329,
0.),.UNSPECIFIED.);
#307=B_SPLINE_CURVE_WITH_KNOTS('',3,(#11816,#11817,#11818,#11819,#11820,
#11821,#11822),.UNSPECIFIED.,.F.,.F.,(4,3,4),(-0.115851181635954,-0.0571755660973029,
0.),.UNSPECIFIED.);
#308=B_SPLINE_CURVE_WITH_KNOTS('',3,(#11824,#11825,#11826,#11827,#11828,
#11829,#11830),.UNSPECIFIED.,.F.,.F.,(4,3,4),(-0.122309306065453,-0.0602512384211306,
-1.38777878078145E-17),.UNSPECIFIED.);
#309=B_SPLINE_CURVE_WITH_KNOTS('',3,(#11831,#11832,#11833,#11834,#11835,
#11836,#11837),.UNSPECIFIED.,.F.,.F.,(4,3,4),(-0.094873272059082,-0.0631791949057326,
0.),.UNSPECIFIED.);
#310=B_SPLINE_CURVE_WITH_KNOTS('',3,(#11846,#11847,#11848,#11849,#11850,
#11851,#11852),.UNSPECIFIED.,.F.,.F.,(4,3,4),(-0.188139819616709,-0.113140042526452,
0.),.UNSPECIFIED.);
#311=B_SPLINE_CURVE_WITH_KNOTS('',3,(#11854,#11855,#11856,#11857,#11858,
#11859,#11860),.UNSPECIFIED.,.F.,.F.,(4,3,4),(-0.133909539095863,-0.0625363225154733,
0.),.UNSPECIFIED.);
#312=B_SPLINE_CURVE_WITH_KNOTS('',3,(#11861,#11862,#11863,#11864,#11865,
#11866,#11867),.UNSPECIFIED.,.F.,.F.,(4,3,4),(-0.121057462367787,-0.0725624663540942,
0.),.UNSPECIFIED.);
#313=B_SPLINE_CURVE_WITH_KNOTS('',3,(#11872,#11873,#11874,#11875,#11876,
#11877,#11878),.UNSPECIFIED.,.F.,.F.,(4,3,4),(-0.154207672110007,-0.0553939318720732,
0.),.UNSPECIFIED.);
#314=B_SPLINE_CURVE_WITH_KNOTS('',3,(#11880,#11881,#11882,#11883,#11884,
#11885,#11886),.UNSPECIFIED.,.F.,.F.,(4,3,4),(-0.128192299592851,-0.0650115750839367,
0.),.UNSPECIFIED.);
#315=B_SPLINE_CURVE_WITH_KNOTS('',3,(#11888,#11889,#11890,#11891,#11892,
#11893,#11894),.UNSPECIFIED.,.F.,.F.,(4,3,4),(-0.190516902665941,-0.0829064974217598,
0.),.UNSPECIFIED.);
#316=B_SPLINE_CURVE_WITH_KNOTS('',3,(#11896,#11897,#11898,#11899,#11900,
#11901,#11902),.UNSPECIFIED.,.F.,.F.,(4,3,4),(-0.197474873914855,-0.125314777704658,
2.77555756156289E-17),.UNSPECIFIED.);
#317=B_SPLINE_CURVE_WITH_KNOTS('',3,(#11904,#11905,#11906,#11907,#11908,
#11909,#11910),.UNSPECIFIED.,.F.,.F.,(4,3,4),(-0.104268164680256,-0.0500252100246646,
0.),.UNSPECIFIED.);
#318=B_SPLINE_CURVE_WITH_KNOTS('',3,(#11912,#11913,#11914,#11915,#11916,
#11917,#11918),.UNSPECIFIED.,.F.,.F.,(4,3,4),(-0.0976127509381857,-0.0538545146266176,
0.),.UNSPECIFIED.);
#319=B_SPLINE_CURVE_WITH_KNOTS('',3,(#11920,#11921,#11922,#11923,#11924,
#11925,#11926),.UNSPECIFIED.,.F.,.F.,(4,3,4),(-0.126660900524654,-0.0528384806255704,
0.),.UNSPECIFIED.);
#320=B_SPLINE_CURVE_WITH_KNOTS('',3,(#11928,#11929,#11930,#11931,#11932,
#11933,#11934),.UNSPECIFIED.,.F.,.F.,(4,3,4),(-0.192244318350291,-0.103344954780863,
0.),.UNSPECIFIED.);
#321=B_SPLINE_CURVE_WITH_KNOTS('',3,(#11935,#11936,#11937,#11938,#11939,
#11940,#11941),.UNSPECIFIED.,.F.,.F.,(4,3,4),(-0.151672784118104,-0.087002263151989,
0.),.UNSPECIFIED.);
#322=B_SPLINE_CURVE_WITH_KNOTS('',3,(#11948,#11949,#11950,#11951),
 .UNSPECIFIED.,.F.,.F.,(4,4),(-0.0518451860225987,6.93889390390723E-18),
 .UNSPECIFIED.);
#323=B_SPLINE_CURVE_WITH_KNOTS('',3,(#11957,#11958,#11959,#11960,#11961,
#11962,#11963),.UNSPECIFIED.,.F.,.F.,(4,3,4),(-0.174267830566708,-0.0894629038935148,
0.),.UNSPECIFIED.);
#324=B_SPLINE_CURVE_WITH_KNOTS('',3,(#11965,#11966,#11967,#11968,#11969,
#11970,#11971),.UNSPECIFIED.,.F.,.F.,(4,3,4),(-0.21719797521304,-0.0916538177093451,
0.),.UNSPECIFIED.);
#325=B_SPLINE_CURVE_WITH_KNOTS('',3,(#12003,#12004,#12005,#12006,#12007,
#12008),.UNSPECIFIED.,.F.,.F.,(4,2,4),(-0.1,-0.0800000000000001,0.),
 .UNSPECIFIED.);
#326=B_SPLINE_CURVE_WITH_KNOTS('',3,(#12020,#12021,#12022,#12023,#12024,
#12025),.UNSPECIFIED.,.F.,.F.,(4,2,4),(-0.160000000000001,-0.0800000000000005,
-0.0600000000000005),.UNSPECIFIED.);
#327=B_SPLINE_CURVE_WITH_KNOTS('',3,(#12083,#12084,#12085,#12086,#12087,
#12088),.UNSPECIFIED.,.F.,.F.,(4,2,4),(-0.1,-0.0800000000000001,0.),
 .UNSPECIFIED.);
#328=B_SPLINE_CURVE_WITH_KNOTS('',3,(#12151,#12152,#12153,#12154,#12155,
#12156),.UNSPECIFIED.,.F.,.F.,(4,2,4),(-0.1,-0.0800000000000001,0.),
 .UNSPECIFIED.);
#329=B_SPLINE_CURVE_WITH_KNOTS('',3,(#12215,#12216,#12217,#12218,#12219,
#12220),.UNSPECIFIED.,.F.,.F.,(4,2,4),(-0.1,-0.0800000000000001,0.),
 .UNSPECIFIED.);
#330=B_SPLINE_CURVE_WITH_KNOTS('',3,(#12313,#12314,#12315,#12316,#12317,
#12318),.UNSPECIFIED.,.F.,.F.,(4,2,4),(-0.100000000000001,-0.0530418129038432,
0.),.UNSPECIFIED.);
#331=B_SPLINE_CURVE_WITH_KNOTS('',3,(#12319,#12320,#12321,#12322,#12323,
#12324),.UNSPECIFIED.,.F.,.F.,(4,2,4),(-0.16,-0.0800000000000001,-0.0600000000000001),
 .UNSPECIFIED.);
#332=B_SPLINE_CURVE_WITH_KNOTS('',3,(#12326,#12327,#12328,#12329,#12330,
#12331),.UNSPECIFIED.,.F.,.F.,(4,2,4),(-0.160000000000001,-0.0800000000000005,
-0.0600000000000005),.UNSPECIFIED.);
#333=B_SPLINE_CURVE_WITH_KNOTS('',3,(#12342,#12343,#12344,#12345,#12346,
#12347),.UNSPECIFIED.,.F.,.F.,(4,2,4),(-0.1,-0.0426398957101561,0.),
 .UNSPECIFIED.);
#334=B_SPLINE_CURVE_WITH_KNOTS('',3,(#12349,#12350,#12351,#12352,#12353,
#12354),.UNSPECIFIED.,.F.,.F.,(4,2,4),(-0.16,-0.0800000000000001,-0.0600000000000001),
 .UNSPECIFIED.);
#335=B_SPLINE_CURVE_WITH_KNOTS('',3,(#12398,#12399,#12400,#12401,#12402,
#12403),.UNSPECIFIED.,.F.,.F.,(4,2,4),(-0.0999999999999996,-0.0533817440385356,
0.),.UNSPECIFIED.);
#336=B_SPLINE_CURVE_WITH_KNOTS('',3,(#12404,#12405,#12406,#12407,#12408,
#12409),.UNSPECIFIED.,.F.,.F.,(4,2,4),(-0.160000000000001,-0.0800000000000005,
-0.0600000000000005),.UNSPECIFIED.);
#337=B_SPLINE_CURVE_WITH_KNOTS('',3,(#12411,#12412,#12413,#12414,#12415,
#12416),.UNSPECIFIED.,.F.,.F.,(4,2,4),(-0.160000000000001,-0.0800000000000005,
-0.0600000000000014),.UNSPECIFIED.);
#338=B_SPLINE_CURVE_WITH_KNOTS('',3,(#12427,#12428,#12429,#12430,#12431,
#12432),.UNSPECIFIED.,.F.,.F.,(4,2,4),(-0.1,-0.0432826146457628,0.),
 .UNSPECIFIED.);
#339=B_SPLINE_CURVE_WITH_KNOTS('',3,(#12434,#12435,#12436,#12437,#12438,
#12439),.UNSPECIFIED.,.F.,.F.,(4,2,4),(-0.16,-0.0800000000000001,-0.0600000000000001),
 .UNSPECIFIED.);
#340=B_SPLINE_CURVE_WITH_KNOTS('',3,(#12489,#12490,#12491,#12492,#12493,
#12494),.UNSPECIFIED.,.F.,.F.,(4,2,4),(-0.160000000000001,-0.080000000000001,
-0.0600000000000013),.UNSPECIFIED.);
#341=B_SPLINE_CURVE_WITH_KNOTS('',3,(#12497,#12498,#12499,#12500,#12501,
#12502),.UNSPECIFIED.,.F.,.F.,(4,2,4),(-0.16,-0.0800000000000001,-0.0600000000000001),
 .UNSPECIFIED.);
#342=B_SPLINE_CURVE_WITH_KNOTS('',3,(#12509,#12510,#12511,#12512,#12513,
#12514),.UNSPECIFIED.,.F.,.F.,(4,2,4),(-0.16,-0.0800000000000001,-0.0600000000000001),
 .UNSPECIFIED.);
#343=B_SPLINE_CURVE_WITH_KNOTS('',3,(#12516,#12517,#12518,#12519,#12520,
#12521),.UNSPECIFIED.,.F.,.F.,(4,2,4),(-0.0999999999999999,-0.0800000000000005,
0.),.UNSPECIFIED.);
#344=B_SPLINE_CURVE_WITH_KNOTS('',3,(#12528,#12529,#12530,#12531,#12532,
#12533),.UNSPECIFIED.,.F.,.F.,(4,2,4),(-0.16,-0.0800000000000001,-0.0600000000000001),
 .UNSPECIFIED.);
#345=B_SPLINE_CURVE_WITH_KNOTS('',3,(#12535,#12536,#12537,#12538,#12539,
#12540),.UNSPECIFIED.,.F.,.F.,(4,2,4),(-0.1,-0.0800000000000001,0.),
 .UNSPECIFIED.);
#346=B_SPLINE_CURVE_WITH_KNOTS('',3,(#13040,#13041,#13042,#13043,#13044,
#13045,#13046,#13047,#13048,#13049),.UNSPECIFIED.,.F.,.F.,(4,3,3,4),(0.,
0.124406633056046,0.248813266112093,0.435423215696162),.UNSPECIFIED.);
#347=B_SPLINE_CURVE_WITH_KNOTS('',3,(#13088,#13089,#13090,#13091),
 .UNSPECIFIED.,.F.,.F.,(4,4),(-0.688182436558468,0.220196159604071),
 .UNSPECIFIED.);
#348=B_SPLINE_CURVE_WITH_KNOTS('',3,(#13093,#13094,#13095,#13096),
 .UNSPECIFIED.,.F.,.F.,(4,4),(0.0706644771219865,0.169642858197961),
 .UNSPECIFIED.);
#349=B_SPLINE_CURVE_WITH_KNOTS('',3,(#13098,#13099,#13100,#13101),
 .UNSPECIFIED.,.F.,.F.,(4,4),(0.0499999999999987,0.270196159604064),
 .UNSPECIFIED.);
#350=B_SPLINE_CURVE_WITH_KNOTS('',3,(#13103,#13104,#13105,#13106,#13107,
#13108,#13109,#13110,#13111,#13112),.UNSPECIFIED.,.F.,.F.,(4,3,3,4),(0.,
0.258377269098597,0.430628781830995,0.460416666641856),.UNSPECIFIED.);
#351=B_SPLINE_CURVE_WITH_KNOTS('',3,(#13113,#13114,#13115,#13116),
 .UNSPECIFIED.,.F.,.F.,(4,4),(0.,0.688182436558468),.UNSPECIFIED.);
#352=B_SPLINE_CURVE_WITH_KNOTS('',3,(#13126,#13127,#13128,#13129),
 .UNSPECIFIED.,.F.,.F.,(4,4),(5.09705410000987,7.08823702427375),
 .UNSPECIFIED.);
#353=B_SPLINE_CURVE_WITH_KNOTS('',3,(#13139,#13140,#13141,#13142),
 .UNSPECIFIED.,.F.,.F.,(4,4),(-0.970460386144433,4.84710303783122),
 .UNSPECIFIED.);
#354=B_SPLINE_CURVE_WITH_KNOTS('',3,(#13267,#13268,#13269,#13270),
 .UNSPECIFIED.,.F.,.F.,(4,4),(4.44089209850063E-16,0.0100019302079088),
 .UNSPECIFIED.);
#355=B_SPLINE_CURVE_WITH_KNOTS('',3,(#13272,#13273,#13274,#13275,#13276,
#13277,#13278,#13279,#13280,#13281,#13282,#13283,#13284,#13285,#13286,#13287,
#13288,#13289,#13290),.UNSPECIFIED.,.F.,.F.,(4,3,3,3,3,3,4),(0.0100019302079088,
0.906130095479742,1.81488608723723,2.72364207899472,3.63239807075221,4.54115406250969,
5.31942390009255),.UNSPECIFIED.);
#356=B_SPLINE_CURVE_WITH_KNOTS('',3,(#13291,#13292,#13293,#13294,#13295,
#13296,#13297),.UNSPECIFIED.,.F.,.F.,(4,3,4),(5.31942390009255,5.45719005059572,
6.4166467494541),.UNSPECIFIED.);
#357=B_SPLINE_CURVE_WITH_KNOTS('',3,(#13545,#13546,#13547,#13548),
 .UNSPECIFIED.,.F.,.F.,(4,4),(0.,0.0587532261885793),.UNSPECIFIED.);
#358=B_SPLINE_CURVE_WITH_KNOTS('',3,(#13569,#13570,#13571,#13572),
 .UNSPECIFIED.,.F.,.F.,(4,4),(0.,0.0705743404160889),.UNSPECIFIED.);
#359=B_SPLINE_CURVE_WITH_KNOTS('',3,(#13651,#13652,#13653,#13654),
 .UNSPECIFIED.,.F.,.F.,(4,4),(0.00961950221663907,0.00962240921990009),
 .UNSPECIFIED.);
#360=B_SPLINE_CURVE_WITH_KNOTS('',3,(#13656,#13657,#13658,#13659,#13660,
#13661),.UNSPECIFIED.,.F.,.F.,(4,2,4),(0.00962240921990009,0.188458192051791,
0.21124312040308),.UNSPECIFIED.);
#361=B_SPLINE_CURVE_WITH_KNOTS('',3,(#13667,#13668,#13669,#13670,#13671,
#13672),.UNSPECIFIED.,.F.,.F.,(4,2,4),(2.82980641195308,2.86027975814421,
2.99017715056996),.UNSPECIFIED.);
#362=B_SPLINE_CURVE_WITH_KNOTS('',3,(#13679,#13680,#13681,#13682,#13683,
#13684,#13685,#13686),.UNSPECIFIED.,.F.,.F.,(4,2,2,4),(1.51208404782982,
1.52454724103332,1.71300627240654,1.73724345384052),.UNSPECIFIED.);
#363=B_SPLINE_CURVE_WITH_KNOTS('',3,(#13690,#13691,#13692,#13693,#13694,
#13695,#13696,#13697),.UNSPECIFIED.,.F.,.F.,(4,2,2,4),(1.31137328136257,
1.33607509156675,1.52453441938006,1.54361880944656),.UNSPECIFIED.);
#364=B_SPLINE_CURVE_WITH_KNOTS('',3,(#13821,#13822,#13823,#13824),
 .UNSPECIFIED.,.F.,.F.,(4,4),(0.0603122353176084,0.744801741378077),
 .UNSPECIFIED.);
#365=B_SPLINE_CURVE_WITH_KNOTS('',3,(#13891,#13892,#13893,#13894,#13895,
#13896,#13897),.UNSPECIFIED.,.F.,.F.,(4,3,4),(0.744835999528679,0.999240684224863,
1.10415566233732),.UNSPECIFIED.);
#366=B_SPLINE_CURVE_WITH_KNOTS('',3,(#13899,#13900,#13901,#13902,#13903,
#13904,#13905,#13906,#13907,#13908,#13909,#13910,#13911,#13912,#13913,#13914,
#13915,#13916,#13917),.UNSPECIFIED.,.F.,.F.,(4,3,3,3,3,3,4),(1.10415566233732,
1.93783271169768,2.91128559039321,3.88473846908874,4.85819134778427,5.8316442264798,
6.79157026831746),.UNSPECIFIED.);
#367=B_SPLINE_CURVE_WITH_KNOTS('',3,(#13918,#13919,#13920,#13921),
 .UNSPECIFIED.,.F.,.F.,(4,4),(6.79157026831746,6.80266516224688),
 .UNSPECIFIED.);
#368=B_SPLINE_CURVE_WITH_KNOTS('',3,(#13962,#13963,#13964,#13965),
 .UNSPECIFIED.,.F.,.F.,(4,4),(-19.327,-18.357),.UNSPECIFIED.);
#369=B_SPLINE_CURVE_WITH_KNOTS('',3,(#13966,#13967,#13968,#13969),
 .UNSPECIFIED.,.F.,.F.,(4,4),(0.340272953168018,0.574945511908872),
 .UNSPECIFIED.);
#370=B_SPLINE_CURVE_WITH_KNOTS('',3,(#13971,#13972,#13973,#13974),
 .UNSPECIFIED.,.F.,.F.,(4,4),(0.0501175245818538,0.110442167912711),
 .UNSPECIFIED.);
#371=B_SPLINE_CURVE_WITH_KNOTS('',3,(#13975,#13976,#13977,#13978),
 .UNSPECIFIED.,.F.,.F.,(4,4),(0.0526565006481607,0.30265638495713),
 .UNSPECIFIED.);
#372=CONICAL_SURFACE('',#8137,25.449596478862,1.09345094442123);
#373=CONICAL_SURFACE('',#8350,2.2,0.785398163397446);
#374=CONICAL_SURFACE('',#8354,2.20000000000001,0.785398163397448);
#375=CONICAL_SURFACE('',#8358,2.2,0.785398163397436);
#376=CONICAL_SURFACE('',#8367,2.20000000000001,0.785398163397447);
#377=CONICAL_SURFACE('',#8568,6.6,0.785398163397446);
#378=CONICAL_SURFACE('',#8574,6.6,0.785398163397444);
#379=CONICAL_SURFACE('',#8605,5.,0.785398163397451);
#380=CONICAL_SURFACE('',#8609,5.,0.785398163397448);
#381=PLANE('',#8129);
#382=PLANE('',#8132);
#383=PLANE('',#8135);
#384=PLANE('',#8136);
#385=PLANE('',#8142);
#386=PLANE('',#8143);
#387=PLANE('',#8144);
#388=PLANE('',#8145);
#389=PLANE('',#8146);
#390=PLANE('',#8147);
#391=PLANE('',#8151);
#392=PLANE('',#8158);
#393=PLANE('',#8165);
#394=PLANE('',#8167);
#395=PLANE('',#8173);
#396=PLANE('',#8177);
#397=PLANE('',#8184);
#398=PLANE('',#8190);
#399=PLANE('',#8195);
#400=PLANE('',#8199);
#401=PLANE('',#8206);
#402=PLANE('',#8212);
#403=PLANE('',#8215);
#404=PLANE('',#8217);
#405=PLANE('',#8220);
#406=PLANE('',#8221);
#407=PLANE('',#8222);
#408=PLANE('',#8223);
#409=PLANE('',#8224);
#410=PLANE('',#8225);
#411=PLANE('',#8226);
#412=PLANE('',#8227);
#413=PLANE('',#8228);
#414=PLANE('',#8229);
#415=PLANE('',#8230);
#416=PLANE('',#8231);
#417=PLANE('',#8232);
#418=PLANE('',#8233);
#419=PLANE('',#8234);
#420=PLANE('',#8235);
#421=PLANE('',#8236);
#422=PLANE('',#8237);
#423=PLANE('',#8238);
#424=PLANE('',#8239);
#425=PLANE('',#8240);
#426=PLANE('',#8241);
#427=PLANE('',#8242);
#428=PLANE('',#8243);
#429=PLANE('',#8244);
#430=PLANE('',#8245);
#431=PLANE('',#8246);
#432=PLANE('',#8247);
#433=PLANE('',#8248);
#434=PLANE('',#8249);
#435=PLANE('',#8250);
#436=PLANE('',#8251);
#437=PLANE('',#8252);
#438=PLANE('',#8253);
#439=PLANE('',#8254);
#440=PLANE('',#8255);
#441=PLANE('',#8256);
#442=PLANE('',#8257);
#443=PLANE('',#8258);
#444=PLANE('',#8259);
#445=PLANE('',#8260);
#446=PLANE('',#8261);
#447=PLANE('',#8262);
#448=PLANE('',#8263);
#449=PLANE('',#8264);
#450=PLANE('',#8265);
#451=PLANE('',#8266);
#452=PLANE('',#8267);
#453=PLANE('',#8268);
#454=PLANE('',#8269);
#455=PLANE('',#8270);
#456=PLANE('',#8271);
#457=PLANE('',#8272);
#458=PLANE('',#8273);
#459=PLANE('',#8274);
#460=PLANE('',#8275);
#461=PLANE('',#8276);
#462=PLANE('',#8277);
#463=PLANE('',#8278);
#464=PLANE('',#8279);
#465=PLANE('',#8280);
#466=PLANE('',#8281);
#467=PLANE('',#8282);
#468=PLANE('',#8285);
#469=PLANE('',#8287);
#470=PLANE('',#8288);
#471=PLANE('',#8289);
#472=PLANE('',#8290);
#473=PLANE('',#8291);
#474=PLANE('',#8292);
#475=PLANE('',#8293);
#476=PLANE('',#8294);
#477=PLANE('',#8295);
#478=PLANE('',#8296);
#479=PLANE('',#8297);
#480=PLANE('',#8298);
#481=PLANE('',#8299);
#482=PLANE('',#8300);
#483=PLANE('',#8301);
#484=PLANE('',#8302);
#485=PLANE('',#8303);
#486=PLANE('',#8304);
#487=PLANE('',#8305);
#488=PLANE('',#8306);
#489=PLANE('',#8313);
#490=PLANE('',#8314);
#491=PLANE('',#8315);
#492=PLANE('',#8316);
#493=PLANE('',#8317);
#494=PLANE('',#8318);
#495=PLANE('',#8319);
#496=PLANE('',#8320);
#497=PLANE('',#8321);
#498=PLANE('',#8326);
#499=PLANE('',#8327);
#500=PLANE('',#8328);
#501=PLANE('',#8329);
#502=PLANE('',#8330);
#503=PLANE('',#8331);
#504=PLANE('',#8332);
#505=PLANE('',#8333);
#506=PLANE('',#8334);
#507=PLANE('',#8342);
#508=PLANE('',#8343);
#509=PLANE('',#8344);
#510=PLANE('',#8361);
#511=PLANE('',#8370);
#512=PLANE('',#8372);
#513=PLANE('',#8373);
#514=PLANE('',#8374);
#515=PLANE('',#8376);
#516=PLANE('',#8377);
#517=PLANE('',#8378);
#518=PLANE('',#8379);
#519=PLANE('',#8380);
#520=PLANE('',#8381);
#521=PLANE('',#8384);
#522=PLANE('',#8385);
#523=PLANE('',#8388);
#524=PLANE('',#8389);
#525=PLANE('',#8390);
#526=PLANE('',#8393);
#527=PLANE('',#8394);
#528=PLANE('',#8395);
#529=PLANE('',#8396);
#530=PLANE('',#8397);
#531=PLANE('',#8401);
#532=PLANE('',#8407);
#533=PLANE('',#8410);
#534=PLANE('',#8427);
#535=PLANE('',#8430);
#536=PLANE('',#8435);
#537=PLANE('',#8438);
#538=PLANE('',#8443);
#539=PLANE('',#8446);
#540=PLANE('',#8451);
#541=PLANE('',#8454);
#542=PLANE('',#8459);
#543=PLANE('',#8460);
#544=PLANE('',#8461);
#545=PLANE('',#8462);
#546=PLANE('',#8463);
#547=PLANE('',#8464);
#548=PLANE('',#8465);
#549=PLANE('',#8466);
#550=PLANE('',#8467);
#551=PLANE('',#8468);
#552=PLANE('',#8469);
#553=PLANE('',#8470);
#554=PLANE('',#8476);
#555=PLANE('',#8480);
#556=PLANE('',#8482);
#557=PLANE('',#8483);
#558=PLANE('',#8484);
#559=PLANE('',#8485);
#560=PLANE('',#8486);
#561=PLANE('',#8487);
#562=PLANE('',#8490);
#563=PLANE('',#8493);
#564=PLANE('',#8497);
#565=PLANE('',#8499);
#566=PLANE('',#8500);
#567=PLANE('',#8501);
#568=PLANE('',#8502);
#569=PLANE('',#8503);
#570=PLANE('',#8504);
#571=PLANE('',#8505);
#572=PLANE('',#8506);
#573=PLANE('',#8507);
#574=PLANE('',#8508);
#575=PLANE('',#8511);
#576=PLANE('',#8515);
#577=PLANE('',#8516);
#578=PLANE('',#8517);
#579=PLANE('',#8518);
#580=PLANE('',#8519);
#581=PLANE('',#8520);
#582=PLANE('',#8521);
#583=PLANE('',#8522);
#584=PLANE('',#8523);
#585=PLANE('',#8524);
#586=PLANE('',#8529);
#587=PLANE('',#8533);
#588=PLANE('',#8534);
#589=PLANE('',#8535);
#590=PLANE('',#8536);
#591=PLANE('',#8537);
#592=PLANE('',#8538);
#593=PLANE('',#8541);
#594=PLANE('',#8543);
#595=PLANE('',#8544);
#596=PLANE('',#8545);
#597=PLANE('',#8546);
#598=PLANE('',#8547);
#599=PLANE('',#8548);
#600=PLANE('',#8549);
#601=PLANE('',#8552);
#602=PLANE('',#8555);
#603=PLANE('',#8556);
#604=PLANE('',#8557);
#605=PLANE('',#8561);
#606=PLANE('',#8562);
#607=PLANE('',#8563);
#608=PLANE('',#8564);
#609=PLANE('',#8565);
#610=PLANE('',#8571);
#611=PLANE('',#8579);
#612=PLANE('',#8580);
#613=PLANE('',#8587);
#614=PLANE('',#8589);
#615=PLANE('',#8591);
#616=PLANE('',#8596);
#617=PLANE('',#8597);
#618=PLANE('',#8598);
#619=PLANE('',#8603);
#620=PLANE('',#8604);
#621=PLANE('',#8608);
#622=PLANE('',#8612);
#623=PLANE('',#8613);
#624=PLANE('',#8622);
#625=PLANE('',#8625);
#626=PLANE('',#8626);
#627=PLANE('',#8627);
#628=PLANE('',#8630);
#629=PLANE('',#8633);
#630=PLANE('',#8636);
#631=PLANE('',#8637);
#632=PLANE('',#8640);
#633=PLANE('',#8641);
#634=PLANE('',#8642);
#635=PLANE('',#8643);
#636=PLANE('',#8644);
#637=PLANE('',#8645);
#638=PLANE('',#8646);
#639=TOROIDAL_SURFACE('',#8117,24.5,0.5);
#640=TOROIDAL_SURFACE('',#8123,24.5,0.5);
#641=FACE_OUTER_BOUND('',#1062,.T.);
#642=FACE_OUTER_BOUND('',#1063,.T.);
#643=FACE_OUTER_BOUND('',#1064,.T.);
#644=FACE_OUTER_BOUND('',#1065,.T.);
#645=FACE_OUTER_BOUND('',#1066,.T.);
#646=FACE_OUTER_BOUND('',#1067,.T.);
#647=FACE_OUTER_BOUND('',#1068,.T.);
#648=FACE_OUTER_BOUND('',#1069,.T.);
#649=FACE_OUTER_BOUND('',#1070,.T.);
#650=FACE_OUTER_BOUND('',#1071,.T.);
#651=FACE_OUTER_BOUND('',#1072,.T.);
#652=FACE_OUTER_BOUND('',#1073,.T.);
#653=FACE_OUTER_BOUND('',#1074,.T.);
#654=FACE_OUTER_BOUND('',#1075,.T.);
#655=FACE_OUTER_BOUND('',#1090,.T.);
#656=FACE_OUTER_BOUND('',#1091,.T.);
#657=FACE_OUTER_BOUND('',#1092,.T.);
#658=FACE_OUTER_BOUND('',#1093,.T.);
#659=FACE_OUTER_BOUND('',#1094,.T.);
#660=FACE_OUTER_BOUND('',#1095,.T.);
#661=FACE_OUTER_BOUND('',#1096,.T.);
#662=FACE_OUTER_BOUND('',#1097,.T.);
#663=FACE_OUTER_BOUND('',#1098,.T.);
#664=FACE_OUTER_BOUND('',#1099,.T.);
#665=FACE_OUTER_BOUND('',#1100,.T.);
#666=FACE_OUTER_BOUND('',#1101,.T.);
#667=FACE_OUTER_BOUND('',#1102,.T.);
#668=FACE_OUTER_BOUND('',#1104,.T.);
#669=FACE_OUTER_BOUND('',#1105,.T.);
#670=FACE_OUTER_BOUND('',#1106,.T.);
#671=FACE_OUTER_BOUND('',#1107,.T.);
#672=FACE_OUTER_BOUND('',#1109,.T.);
#673=FACE_OUTER_BOUND('',#1110,.T.);
#674=FACE_OUTER_BOUND('',#1111,.T.);
#675=FACE_OUTER_BOUND('',#1112,.T.);
#676=FACE_OUTER_BOUND('',#1118,.T.);
#677=FACE_OUTER_BOUND('',#1119,.T.);
#678=FACE_OUTER_BOUND('',#1121,.T.);
#679=FACE_OUTER_BOUND('',#1122,.T.);
#680=FACE_OUTER_BOUND('',#1123,.T.);
#681=FACE_OUTER_BOUND('',#1124,.T.);
#682=FACE_OUTER_BOUND('',#1126,.T.);
#683=FACE_OUTER_BOUND('',#1127,.T.);
#684=FACE_OUTER_BOUND('',#1128,.T.);
#685=FACE_OUTER_BOUND('',#1129,.T.);
#686=FACE_OUTER_BOUND('',#1130,.T.);
#687=FACE_OUTER_BOUND('',#1131,.T.);
#688=FACE_OUTER_BOUND('',#1132,.T.);
#689=FACE_OUTER_BOUND('',#1133,.T.);
#690=FACE_OUTER_BOUND('',#1134,.T.);
#691=FACE_OUTER_BOUND('',#1135,.T.);
#692=FACE_OUTER_BOUND('',#1138,.T.);
#693=FACE_OUTER_BOUND('',#1139,.T.);
#694=FACE_OUTER_BOUND('',#1140,.T.);
#695=FACE_OUTER_BOUND('',#1141,.T.);
#696=FACE_OUTER_BOUND('',#1142,.T.);
#697=FACE_OUTER_BOUND('',#1143,.T.);
#698=FACE_OUTER_BOUND('',#1157,.T.);
#699=FACE_OUTER_BOUND('',#1158,.T.);
#700=FACE_OUTER_BOUND('',#1159,.T.);
#701=FACE_OUTER_BOUND('',#1160,.T.);
#702=FACE_OUTER_BOUND('',#1161,.T.);
#703=FACE_OUTER_BOUND('',#1162,.T.);
#704=FACE_OUTER_BOUND('',#1163,.T.);
#705=FACE_OUTER_BOUND('',#1164,.T.);
#706=FACE_OUTER_BOUND('',#1165,.T.);
#707=FACE_OUTER_BOUND('',#1166,.T.);
#708=FACE_OUTER_BOUND('',#1167,.T.);
#709=FACE_OUTER_BOUND('',#1168,.T.);
#710=FACE_OUTER_BOUND('',#1169,.T.);
#711=FACE_OUTER_BOUND('',#1170,.T.);
#712=FACE_OUTER_BOUND('',#1171,.T.);
#713=FACE_OUTER_BOUND('',#1172,.T.);
#714=FACE_OUTER_BOUND('',#1173,.T.);
#715=FACE_OUTER_BOUND('',#1174,.T.);
#716=FACE_OUTER_BOUND('',#1175,.T.);
#717=FACE_OUTER_BOUND('',#1176,.T.);
#718=FACE_OUTER_BOUND('',#1177,.T.);
#719=FACE_OUTER_BOUND('',#1178,.T.);
#720=FACE_OUTER_BOUND('',#1179,.T.);
#721=FACE_OUTER_BOUND('',#1180,.T.);
#722=FACE_OUTER_BOUND('',#1181,.T.);
#723=FACE_OUTER_BOUND('',#1182,.T.);
#724=FACE_OUTER_BOUND('',#1183,.T.);
#725=FACE_OUTER_BOUND('',#1184,.T.);
#726=FACE_OUTER_BOUND('',#1185,.T.);
#727=FACE_OUTER_BOUND('',#1186,.T.);
#728=FACE_OUTER_BOUND('',#1187,.T.);
#729=FACE_OUTER_BOUND('',#1188,.T.);
#730=FACE_OUTER_BOUND('',#1189,.T.);
#731=FACE_OUTER_BOUND('',#1190,.T.);
#732=FACE_OUTER_BOUND('',#1191,.T.);
#733=FACE_OUTER_BOUND('',#1192,.T.);
#734=FACE_OUTER_BOUND('',#1193,.T.);
#735=FACE_OUTER_BOUND('',#1194,.T.);
#736=FACE_OUTER_BOUND('',#1195,.T.);
#737=FACE_OUTER_BOUND('',#1196,.T.);
#738=FACE_OUTER_BOUND('',#1197,.T.);
#739=FACE_OUTER_BOUND('',#1198,.T.);
#740=FACE_OUTER_BOUND('',#1199,.T.);
#741=FACE_OUTER_BOUND('',#1200,.T.);
#742=FACE_OUTER_BOUND('',#1201,.T.);
#743=FACE_OUTER_BOUND('',#1202,.T.);
#744=FACE_OUTER_BOUND('',#1203,.T.);
#745=FACE_OUTER_BOUND('',#1204,.T.);
#746=FACE_OUTER_BOUND('',#1205,.T.);
#747=FACE_OUTER_BOUND('',#1206,.T.);
#748=FACE_OUTER_BOUND('',#1207,.T.);
#749=FACE_OUTER_BOUND('',#1208,.T.);
#750=FACE_OUTER_BOUND('',#1209,.T.);
#751=FACE_OUTER_BOUND('',#1210,.T.);
#752=FACE_OUTER_BOUND('',#1211,.T.);
#753=FACE_OUTER_BOUND('',#1212,.T.);
#754=FACE_OUTER_BOUND('',#1213,.T.);
#755=FACE_OUTER_BOUND('',#1214,.T.);
#756=FACE_OUTER_BOUND('',#1215,.T.);
#757=FACE_OUTER_BOUND('',#1216,.T.);
#758=FACE_OUTER_BOUND('',#1217,.T.);
#759=FACE_OUTER_BOUND('',#1218,.T.);
#760=FACE_OUTER_BOUND('',#1219,.T.);
#761=FACE_OUTER_BOUND('',#1220,.T.);
#762=FACE_OUTER_BOUND('',#1221,.T.);
#763=FACE_OUTER_BOUND('',#1222,.T.);
#764=FACE_OUTER_BOUND('',#1223,.T.);
#765=FACE_OUTER_BOUND('',#1224,.T.);
#766=FACE_OUTER_BOUND('',#1225,.T.);
#767=FACE_OUTER_BOUND('',#1226,.T.);
#768=FACE_OUTER_BOUND('',#1227,.T.);
#769=FACE_OUTER_BOUND('',#1228,.T.);
#770=FACE_OUTER_BOUND('',#1229,.T.);
#771=FACE_OUTER_BOUND('',#1230,.T.);
#772=FACE_OUTER_BOUND('',#1231,.T.);
#773=FACE_OUTER_BOUND('',#1232,.T.);
#774=FACE_OUTER_BOUND('',#1233,.T.);
#775=FACE_OUTER_BOUND('',#1234,.T.);
#776=FACE_OUTER_BOUND('',#1235,.T.);
#777=FACE_OUTER_BOUND('',#1236,.T.);
#778=FACE_OUTER_BOUND('',#1237,.T.);
#779=FACE_OUTER_BOUND('',#1238,.T.);
#780=FACE_OUTER_BOUND('',#1239,.T.);
#781=FACE_OUTER_BOUND('',#1240,.T.);
#782=FACE_OUTER_BOUND('',#1241,.T.);
#783=FACE_OUTER_BOUND('',#1242,.T.);
#784=FACE_OUTER_BOUND('',#1243,.T.);
#785=FACE_OUTER_BOUND('',#1244,.T.);
#786=FACE_OUTER_BOUND('',#1245,.T.);
#787=FACE_OUTER_BOUND('',#1246,.T.);
#788=FACE_OUTER_BOUND('',#1247,.T.);
#789=FACE_OUTER_BOUND('',#1248,.T.);
#790=FACE_OUTER_BOUND('',#1249,.T.);
#791=FACE_OUTER_BOUND('',#1250,.T.);
#792=FACE_OUTER_BOUND('',#1251,.T.);
#793=FACE_OUTER_BOUND('',#1252,.T.);
#794=FACE_OUTER_BOUND('',#1253,.T.);
#795=FACE_OUTER_BOUND('',#1254,.T.);
#796=FACE_OUTER_BOUND('',#1255,.T.);
#797=FACE_OUTER_BOUND('',#1256,.T.);
#798=FACE_OUTER_BOUND('',#1257,.T.);
#799=FACE_OUTER_BOUND('',#1258,.T.);
#800=FACE_OUTER_BOUND('',#1259,.T.);
#801=FACE_OUTER_BOUND('',#1260,.T.);
#802=FACE_OUTER_BOUND('',#1261,.T.);
#803=FACE_OUTER_BOUND('',#1262,.T.);
#804=FACE_OUTER_BOUND('',#1263,.T.);
#805=FACE_OUTER_BOUND('',#1264,.T.);
#806=FACE_OUTER_BOUND('',#1265,.T.);
#807=FACE_OUTER_BOUND('',#1266,.T.);
#808=FACE_OUTER_BOUND('',#1267,.T.);
#809=FACE_OUTER_BOUND('',#1268,.T.);
#810=FACE_OUTER_BOUND('',#1269,.T.);
#811=FACE_OUTER_BOUND('',#1270,.T.);
#812=FACE_OUTER_BOUND('',#1271,.T.);
#813=FACE_OUTER_BOUND('',#1272,.T.);
#814=FACE_OUTER_BOUND('',#1273,.T.);
#815=FACE_OUTER_BOUND('',#1274,.T.);
#816=FACE_OUTER_BOUND('',#1275,.T.);
#817=FACE_OUTER_BOUND('',#1276,.T.);
#818=FACE_OUTER_BOUND('',#1277,.T.);
#819=FACE_OUTER_BOUND('',#1278,.T.);
#820=FACE_OUTER_BOUND('',#1279,.T.);
#821=FACE_OUTER_BOUND('',#1280,.T.);
#822=FACE_OUTER_BOUND('',#1281,.T.);
#823=FACE_OUTER_BOUND('',#1282,.T.);
#824=FACE_OUTER_BOUND('',#1283,.T.);
#825=FACE_OUTER_BOUND('',#1286,.T.);
#826=FACE_OUTER_BOUND('',#1287,.T.);
#827=FACE_OUTER_BOUND('',#1288,.T.);
#828=FACE_OUTER_BOUND('',#1289,.T.);
#829=FACE_OUTER_BOUND('',#1290,.T.);
#830=FACE_OUTER_BOUND('',#1291,.T.);
#831=FACE_OUTER_BOUND('',#1292,.T.);
#832=FACE_OUTER_BOUND('',#1293,.T.);
#833=FACE_OUTER_BOUND('',#1294,.T.);
#834=FACE_OUTER_BOUND('',#1295,.T.);
#835=FACE_OUTER_BOUND('',#1296,.T.);
#836=FACE_OUTER_BOUND('',#1297,.T.);
#837=FACE_OUTER_BOUND('',#1298,.T.);
#838=FACE_OUTER_BOUND('',#1299,.T.);
#839=FACE_OUTER_BOUND('',#1300,.T.);
#840=FACE_OUTER_BOUND('',#1301,.T.);
#841=FACE_OUTER_BOUND('',#1302,.T.);
#842=FACE_OUTER_BOUND('',#1303,.T.);
#843=FACE_OUTER_BOUND('',#1304,.T.);
#844=FACE_OUTER_BOUND('',#1305,.T.);
#845=FACE_OUTER_BOUND('',#1313,.T.);
#846=FACE_OUTER_BOUND('',#1314,.T.);
#847=FACE_OUTER_BOUND('',#1315,.T.);
#848=FACE_OUTER_BOUND('',#1316,.T.);
#849=FACE_OUTER_BOUND('',#1317,.T.);
#850=FACE_OUTER_BOUND('',#1318,.T.);
#851=FACE_OUTER_BOUND('',#1319,.T.);
#852=FACE_OUTER_BOUND('',#1320,.T.);
#853=FACE_OUTER_BOUND('',#1321,.T.);
#854=FACE_OUTER_BOUND('',#1329,.T.);
#855=FACE_OUTER_BOUND('',#1330,.T.);
#856=FACE_OUTER_BOUND('',#1331,.T.);
#857=FACE_OUTER_BOUND('',#1332,.T.);
#858=FACE_OUTER_BOUND('',#1333,.T.);
#859=FACE_OUTER_BOUND('',#1334,.T.);
#860=FACE_OUTER_BOUND('',#1335,.T.);
#861=FACE_OUTER_BOUND('',#1336,.T.);
#862=FACE_OUTER_BOUND('',#1337,.T.);
#863=FACE_OUTER_BOUND('',#1338,.T.);
#864=FACE_OUTER_BOUND('',#1339,.T.);
#865=FACE_OUTER_BOUND('',#1340,.T.);
#866=FACE_OUTER_BOUND('',#1341,.T.);
#867=FACE_OUTER_BOUND('',#1342,.T.);
#868=FACE_OUTER_BOUND('',#1343,.T.);
#869=FACE_OUTER_BOUND('',#1349,.T.);
#870=FACE_OUTER_BOUND('',#1350,.T.);
#871=FACE_OUTER_BOUND('',#1351,.T.);
#872=FACE_OUTER_BOUND('',#1352,.T.);
#873=FACE_OUTER_BOUND('',#1353,.T.);
#874=FACE_OUTER_BOUND('',#1354,.T.);
#875=FACE_OUTER_BOUND('',#1360,.T.);
#876=FACE_OUTER_BOUND('',#1361,.T.);
#877=FACE_OUTER_BOUND('',#1362,.T.);
#878=FACE_OUTER_BOUND('',#1363,.T.);
#879=FACE_OUTER_BOUND('',#1365,.T.);
#880=FACE_OUTER_BOUND('',#1366,.T.);
#881=FACE_OUTER_BOUND('',#1367,.T.);
#882=FACE_OUTER_BOUND('',#1369,.T.);
#883=FACE_OUTER_BOUND('',#1370,.T.);
#884=FACE_OUTER_BOUND('',#1371,.T.);
#885=FACE_OUTER_BOUND('',#1372,.T.);
#886=FACE_OUTER_BOUND('',#1373,.T.);
#887=FACE_OUTER_BOUND('',#1374,.T.);
#888=FACE_OUTER_BOUND('',#1375,.T.);
#889=FACE_OUTER_BOUND('',#1376,.T.);
#890=FACE_OUTER_BOUND('',#1377,.T.);
#891=FACE_OUTER_BOUND('',#1378,.T.);
#892=FACE_OUTER_BOUND('',#1379,.T.);
#893=FACE_OUTER_BOUND('',#1380,.T.);
#894=FACE_OUTER_BOUND('',#1381,.T.);
#895=FACE_OUTER_BOUND('',#1382,.T.);
#896=FACE_OUTER_BOUND('',#1383,.T.);
#897=FACE_OUTER_BOUND('',#1384,.T.);
#898=FACE_OUTER_BOUND('',#1385,.T.);
#899=FACE_OUTER_BOUND('',#1386,.T.);
#900=FACE_OUTER_BOUND('',#1387,.T.);
#901=FACE_OUTER_BOUND('',#1388,.T.);
#902=FACE_OUTER_BOUND('',#1389,.T.);
#903=FACE_OUTER_BOUND('',#1390,.T.);
#904=FACE_OUTER_BOUND('',#1391,.T.);
#905=FACE_OUTER_BOUND('',#1392,.T.);
#906=FACE_OUTER_BOUND('',#1395,.T.);
#907=FACE_OUTER_BOUND('',#1396,.T.);
#908=FACE_OUTER_BOUND('',#1397,.T.);
#909=FACE_OUTER_BOUND('',#1398,.T.);
#910=FACE_OUTER_BOUND('',#1399,.T.);
#911=FACE_OUTER_BOUND('',#1400,.T.);
#912=FACE_OUTER_BOUND('',#1401,.T.);
#913=FACE_OUTER_BOUND('',#1402,.T.);
#914=FACE_OUTER_BOUND('',#1403,.T.);
#915=FACE_OUTER_BOUND('',#1404,.T.);
#916=FACE_OUTER_BOUND('',#1405,.T.);
#917=FACE_OUTER_BOUND('',#1406,.T.);
#918=FACE_OUTER_BOUND('',#1407,.T.);
#919=FACE_OUTER_BOUND('',#1408,.T.);
#920=FACE_OUTER_BOUND('',#1409,.T.);
#921=FACE_OUTER_BOUND('',#1410,.T.);
#922=FACE_OUTER_BOUND('',#1411,.T.);
#923=FACE_OUTER_BOUND('',#1412,.T.);
#924=FACE_OUTER_BOUND('',#1413,.T.);
#925=FACE_OUTER_BOUND('',#1414,.T.);
#926=FACE_OUTER_BOUND('',#1415,.T.);
#927=FACE_OUTER_BOUND('',#1416,.T.);
#928=FACE_OUTER_BOUND('',#1417,.T.);
#929=FACE_OUTER_BOUND('',#1418,.T.);
#930=FACE_OUTER_BOUND('',#1419,.T.);
#931=FACE_OUTER_BOUND('',#1420,.T.);
#932=FACE_OUTER_BOUND('',#1421,.T.);
#933=FACE_OUTER_BOUND('',#1422,.T.);
#934=FACE_OUTER_BOUND('',#1423,.T.);
#935=FACE_OUTER_BOUND('',#1424,.T.);
#936=FACE_OUTER_BOUND('',#1425,.T.);
#937=FACE_OUTER_BOUND('',#1426,.T.);
#938=FACE_OUTER_BOUND('',#1427,.T.);
#939=FACE_OUTER_BOUND('',#1428,.T.);
#940=FACE_OUTER_BOUND('',#1429,.T.);
#941=FACE_OUTER_BOUND('',#1430,.T.);
#942=FACE_OUTER_BOUND('',#1431,.T.);
#943=FACE_OUTER_BOUND('',#1432,.T.);
#944=FACE_OUTER_BOUND('',#1433,.T.);
#945=FACE_OUTER_BOUND('',#1434,.T.);
#946=FACE_OUTER_BOUND('',#1435,.T.);
#947=FACE_OUTER_BOUND('',#1436,.T.);
#948=FACE_OUTER_BOUND('',#1437,.T.);
#949=FACE_OUTER_BOUND('',#1439,.T.);
#950=FACE_OUTER_BOUND('',#1440,.T.);
#951=FACE_OUTER_BOUND('',#1445,.T.);
#952=FACE_OUTER_BOUND('',#1446,.T.);
#953=FACE_OUTER_BOUND('',#1447,.T.);
#954=FACE_OUTER_BOUND('',#1448,.T.);
#955=FACE_OUTER_BOUND('',#1449,.T.);
#956=FACE_OUTER_BOUND('',#1450,.T.);
#957=FACE_OUTER_BOUND('',#1451,.T.);
#958=FACE_OUTER_BOUND('',#1452,.T.);
#959=FACE_OUTER_BOUND('',#1453,.T.);
#960=FACE_OUTER_BOUND('',#1454,.T.);
#961=FACE_OUTER_BOUND('',#1455,.T.);
#962=FACE_OUTER_BOUND('',#1456,.T.);
#963=FACE_OUTER_BOUND('',#1457,.T.);
#964=FACE_OUTER_BOUND('',#1458,.T.);
#965=FACE_OUTER_BOUND('',#1459,.T.);
#966=FACE_OUTER_BOUND('',#1460,.T.);
#967=FACE_OUTER_BOUND('',#1461,.T.);
#968=FACE_OUTER_BOUND('',#1462,.T.);
#969=FACE_OUTER_BOUND('',#1463,.T.);
#970=FACE_OUTER_BOUND('',#1464,.T.);
#971=FACE_OUTER_BOUND('',#1466,.T.);
#972=FACE_OUTER_BOUND('',#1467,.T.);
#973=FACE_OUTER_BOUND('',#1468,.T.);
#974=FACE_OUTER_BOUND('',#1469,.T.);
#975=FACE_OUTER_BOUND('',#1471,.T.);
#976=FACE_OUTER_BOUND('',#1472,.T.);
#977=FACE_OUTER_BOUND('',#1473,.T.);
#978=FACE_OUTER_BOUND('',#1474,.T.);
#979=FACE_OUTER_BOUND('',#1475,.T.);
#980=FACE_OUTER_BOUND('',#1476,.T.);
#981=FACE_OUTER_BOUND('',#1477,.T.);
#982=FACE_OUTER_BOUND('',#1479,.T.);
#983=FACE_OUTER_BOUND('',#1480,.T.);
#984=FACE_OUTER_BOUND('',#1481,.T.);
#985=FACE_OUTER_BOUND('',#1482,.T.);
#986=FACE_OUTER_BOUND('',#1483,.T.);
#987=FACE_OUTER_BOUND('',#1485,.T.);
#988=FACE_OUTER_BOUND('',#1486,.T.);
#989=FACE_OUTER_BOUND('',#1487,.T.);
#990=FACE_OUTER_BOUND('',#1488,.T.);
#991=FACE_OUTER_BOUND('',#1489,.T.);
#992=FACE_OUTER_BOUND('',#1490,.T.);
#993=FACE_OUTER_BOUND('',#1491,.T.);
#994=FACE_OUTER_BOUND('',#1492,.T.);
#995=FACE_OUTER_BOUND('',#1493,.T.);
#996=FACE_OUTER_BOUND('',#1495,.T.);
#997=FACE_OUTER_BOUND('',#1496,.T.);
#998=FACE_OUTER_BOUND('',#1497,.T.);
#999=FACE_OUTER_BOUND('',#1498,.T.);
#1000=FACE_OUTER_BOUND('',#1499,.T.);
#1001=FACE_OUTER_BOUND('',#1500,.T.);
#1002=FACE_OUTER_BOUND('',#1501,.T.);
#1003=FACE_OUTER_BOUND('',#1502,.T.);
#1004=FACE_OUTER_BOUND('',#1503,.T.);
#1005=FACE_OUTER_BOUND('',#1504,.T.);
#1006=FACE_OUTER_BOUND('',#1505,.T.);
#1007=FACE_OUTER_BOUND('',#1506,.T.);
#1008=FACE_OUTER_BOUND('',#1507,.T.);
#1009=FACE_OUTER_BOUND('',#1508,.T.);
#1010=FACE_OUTER_BOUND('',#1509,.T.);
#1011=FACE_OUTER_BOUND('',#1510,.T.);
#1012=FACE_OUTER_BOUND('',#1513,.T.);
#1013=FACE_OUTER_BOUND('',#1515,.T.);
#1014=FACE_OUTER_BOUND('',#1517,.T.);
#1015=FACE_OUTER_BOUND('',#1518,.T.);
#1016=FACE_OUTER_BOUND('',#1519,.T.);
#1017=FACE_OUTER_BOUND('',#1520,.T.);
#1018=FACE_OUTER_BOUND('',#1521,.T.);
#1019=FACE_OUTER_BOUND('',#1522,.T.);
#1020=FACE_OUTER_BOUND('',#1523,.T.);
#1021=FACE_OUTER_BOUND('',#1524,.T.);
#1022=FACE_OUTER_BOUND('',#1527,.T.);
#1023=FACE_OUTER_BOUND('',#1528,.T.);
#1024=FACE_OUTER_BOUND('',#1529,.T.);
#1025=FACE_OUTER_BOUND('',#1530,.T.);
#1026=FACE_OUTER_BOUND('',#1531,.T.);
#1027=FACE_OUTER_BOUND('',#1532,.T.);
#1028=FACE_OUTER_BOUND('',#1533,.T.);
#1029=FACE_OUTER_BOUND('',#1534,.T.);
#1030=FACE_OUTER_BOUND('',#1535,.T.);
#1031=FACE_OUTER_BOUND('',#1536,.T.);
#1032=FACE_OUTER_BOUND('',#1537,.T.);
#1033=FACE_OUTER_BOUND('',#1538,.T.);
#1034=FACE_OUTER_BOUND('',#1539,.T.);
#1035=FACE_OUTER_BOUND('',#1540,.T.);
#1036=FACE_OUTER_BOUND('',#1541,.T.);
#1037=FACE_OUTER_BOUND('',#1542,.T.);
#1038=FACE_OUTER_BOUND('',#1543,.T.);
#1039=FACE_OUTER_BOUND('',#1544,.T.);
#1040=FACE_OUTER_BOUND('',#1545,.T.);
#1041=FACE_OUTER_BOUND('',#1548,.T.);
#1042=FACE_OUTER_BOUND('',#1549,.T.);
#1043=FACE_OUTER_BOUND('',#1550,.T.);
#1044=FACE_OUTER_BOUND('',#1551,.T.);
#1045=FACE_OUTER_BOUND('',#1552,.T.);
#1046=FACE_OUTER_BOUND('',#1553,.T.);
#1047=FACE_OUTER_BOUND('',#1554,.T.);
#1048=FACE_OUTER_BOUND('',#1555,.T.);
#1049=FACE_OUTER_BOUND('',#1556,.T.);
#1050=FACE_OUTER_BOUND('',#1557,.T.);
#1051=FACE_OUTER_BOUND('',#1558,.T.);
#1052=FACE_OUTER_BOUND('',#1559,.T.);
#1053=FACE_OUTER_BOUND('',#1560,.T.);
#1054=FACE_OUTER_BOUND('',#1561,.T.);
#1055=FACE_OUTER_BOUND('',#1562,.T.);
#1056=FACE_OUTER_BOUND('',#1563,.T.);
#1057=FACE_OUTER_BOUND('',#1564,.T.);
#1058=FACE_OUTER_BOUND('',#1565,.T.);
#1059=FACE_OUTER_BOUND('',#1566,.T.);
#1060=FACE_OUTER_BOUND('',#1567,.T.);
#1061=FACE_OUTER_BOUND('',#1568,.T.);
#1062=EDGE_LOOP('',(#5265,#5266,#5267,#5268));
#1063=EDGE_LOOP('',(#5269,#5270,#5271,#5272));
#1064=EDGE_LOOP('',(#5273,#5274,#5275,#5276));
#1065=EDGE_LOOP('',(#5277,#5278,#5279,#5280));
#1066=EDGE_LOOP('',(#5281,#5282,#5283,#5284));
#1067=EDGE_LOOP('',(#5285,#5286,#5287,#5288));
#1068=EDGE_LOOP('',(#5289,#5290,#5291,#5292));
#1069=EDGE_LOOP('',(#5293,#5294,#5295,#5296));
#1070=EDGE_LOOP('',(#5297,#5298,#5299,#5300));
#1071=EDGE_LOOP('',(#5301,#5302,#5303,#5304,#5305,#5306));
#1072=EDGE_LOOP('',(#5307,#5308,#5309,#5310));
#1073=EDGE_LOOP('',(#5311,#5312,#5313,#5314));
#1074=EDGE_LOOP('',(#5315,#5316,#5317,#5318));
#1075=EDGE_LOOP('',(#5319,#5320,#5321,#5322,#5323,#5324));
#1076=EDGE_LOOP('',(#5325,#5326,#5327,#5328));
#1077=EDGE_LOOP('',(#5329,#5330,#5331,#5332,#5333,#5334,#5335,#5336,#5337,
#5338,#5339,#5340,#5341,#5342));
#1078=EDGE_LOOP('',(#5343,#5344,#5345,#5346,#5347,#5348,#5349,#5350,#5351,
#5352));
#1079=EDGE_LOOP('',(#5353,#5354,#5355,#5356));
#1080=EDGE_LOOP('',(#5357,#5358,#5359,#5360,#5361,#5362,#5363,#5364,#5365,
#5366));
#1081=EDGE_LOOP('',(#5367,#5368,#5369,#5370,#5371,#5372,#5373,#5374,#5375,
#5376));
#1082=EDGE_LOOP('',(#5377,#5378,#5379,#5380,#5381,#5382,#5383,#5384,#5385,
#5386,#5387,#5388,#5389,#5390,#5391,#5392,#5393,#5394,#5395,#5396,#5397));
#1083=EDGE_LOOP('',(#5398,#5399,#5400,#5401,#5402,#5403));
#1084=EDGE_LOOP('',(#5404,#5405,#5406,#5407,#5408,#5409,#5410,#5411,#5412,
#5413,#5414,#5415,#5416,#5417));
#1085=EDGE_LOOP('',(#5418,#5419,#5420,#5421,#5422,#5423,#5424));
#1086=EDGE_LOOP('',(#5425,#5426,#5427,#5428,#5429,#5430));
#1087=EDGE_LOOP('',(#5431,#5432,#5433,#5434,#5435,#5436,#5437));
#1088=EDGE_LOOP('',(#5438,#5439,#5440,#5441,#5442,#5443,#5444,#5445,#5446,
#5447));
#1089=EDGE_LOOP('',(#5448));
#1090=EDGE_LOOP('',(#5449,#5450,#5451,#5452));
#1091=EDGE_LOOP('',(#5453,#5454,#5455,#5456));
#1092=EDGE_LOOP('',(#5457,#5458,#5459,#5460));
#1093=EDGE_LOOP('',(#5461,#5462,#5463,#5464));
#1094=EDGE_LOOP('',(#5465,#5466,#5467,#5468));
#1095=EDGE_LOOP('',(#5469,#5470,#5471,#5472));
#1096=EDGE_LOOP('',(#5473));
#1097=EDGE_LOOP('',(#5474,#5475,#5476,#5477));
#1098=EDGE_LOOP('',(#5478,#5479,#5480,#5481));
#1099=EDGE_LOOP('',(#5482,#5483));
#1100=EDGE_LOOP('',(#5484,#5485,#5486,#5487));
#1101=EDGE_LOOP('',(#5488,#5489,#5490,#5491));
#1102=EDGE_LOOP('',(#5492,#5493,#5494,#5495));
#1103=EDGE_LOOP('',(#5496));
#1104=EDGE_LOOP('',(#5497,#5498,#5499,#5500));
#1105=EDGE_LOOP('',(#5501,#5502,#5503,#5504));
#1106=EDGE_LOOP('',(#5505,#5506,#5507,#5508));
#1107=EDGE_LOOP('',(#5509,#5510,#5511,#5512));
#1108=EDGE_LOOP('',(#5513));
#1109=EDGE_LOOP('',(#5514,#5515,#5516,#5517));
#1110=EDGE_LOOP('',(#5518,#5519,#5520,#5521,#5522,#5523,#5524,#5525,#5526,
#5527,#5528,#5529,#5530,#5531,#5532,#5533,#5534,#5535,#5536,#5537,#5538,
#5539,#5540,#5541,#5542,#5543));
#1111=EDGE_LOOP('',(#5544,#5545,#5546,#5547));
#1112=EDGE_LOOP('',(#5548,#5549,#5550,#5551,#5552,#5553));
#1113=EDGE_LOOP('',(#5554,#5555,#5556,#5557));
#1114=EDGE_LOOP('',(#5558));
#1115=EDGE_LOOP('',(#5559,#5560));
#1116=EDGE_LOOP('',(#5561,#5562,#5563,#5564,#5565,#5566,#5567,#5568,#5569,
#5570,#5571,#5572,#5573,#5574,#5575,#5576,#5577,#5578,#5579,#5580,#5581,
#5582,#5583,#5584,#5585,#5586,#5587,#5588,#5589,#5590));
#1117=EDGE_LOOP('',(#5591));
#1118=EDGE_LOOP('',(#5592,#5593,#5594,#5595));
#1119=EDGE_LOOP('',(#5596,#5597,#5598,#5599));
#1120=EDGE_LOOP('',(#5600));
#1121=EDGE_LOOP('',(#5601,#5602,#5603,#5604));
#1122=EDGE_LOOP('',(#5605,#5606,#5607,#5608,#5609,#5610,#5611,#5612));
#1123=EDGE_LOOP('',(#5613,#5614,#5615,#5616));
#1124=EDGE_LOOP('',(#5617,#5618,#5619,#5620));
#1125=EDGE_LOOP('',(#5621));
#1126=EDGE_LOOP('',(#5622,#5623,#5624,#5625));
#1127=EDGE_LOOP('',(#5626,#5627,#5628,#5629));
#1128=EDGE_LOOP('',(#5630,#5631,#5632,#5633,#5634));
#1129=EDGE_LOOP('',(#5635,#5636,#5637,#5638));
#1130=EDGE_LOOP('',(#5639,#5640,#5641,#5642));
#1131=EDGE_LOOP('',(#5643,#5644,#5645,#5646,#5647));
#1132=EDGE_LOOP('',(#5648,#5649,#5650,#5651));
#1133=EDGE_LOOP('',(#5652,#5653,#5654,#5655));
#1134=EDGE_LOOP('',(#5656,#5657,#5658,#5659));
#1135=EDGE_LOOP('',(#5660,#5661,#5662,#5663,#5664));
#1136=EDGE_LOOP('',(#5665));
#1137=EDGE_LOOP('',(#5666));
#1138=EDGE_LOOP('',(#5667,#5668,#5669,#5670));
#1139=EDGE_LOOP('',(#5671,#5672,#5673,#5674));
#1140=EDGE_LOOP('',(#5675,#5676,#5677,#5678));
#1141=EDGE_LOOP('',(#5679,#5680,#5681,#5682));
#1142=EDGE_LOOP('',(#5683,#5684,#5685,#5686));
#1143=EDGE_LOOP('',(#5687,#5688,#5689,#5690));
#1144=EDGE_LOOP('',(#5691,#5692,#5693,#5694,#5695,#5696,#5697,#5698,#5699,
#5700));
#1145=EDGE_LOOP('',(#5701,#5702,#5703,#5704,#5705,#5706,#5707,#5708,#5709,
#5710,#5711,#5712,#5713,#5714));
#1146=EDGE_LOOP('',(#5715,#5716,#5717,#5718,#5719,#5720,#5721,#5722,#5723,
#5724,#5725,#5726,#5727,#5728));
#1147=EDGE_LOOP('',(#5729,#5730,#5731,#5732,#5733,#5734,#5735,#5736,#5737,
#5738,#5739,#5740,#5741,#5742,#5743,#5744,#5745,#5746,#5747,#5748,#5749));
#1148=EDGE_LOOP('',(#5750,#5751,#5752,#5753,#5754,#5755));
#1149=EDGE_LOOP('',(#5756,#5757,#5758,#5759,#5760,#5761,#5762,#5763,#5764,
#5765));
#1150=EDGE_LOOP('',(#5766,#5767,#5768,#5769));
#1151=EDGE_LOOP('',(#5770,#5771,#5772,#5773,#5774,#5775,#5776));
#1152=EDGE_LOOP('',(#5777,#5778,#5779,#5780,#5781,#5782,#5783,#5784,#5785,
#5786));
#1153=EDGE_LOOP('',(#5787,#5788,#5789,#5790,#5791,#5792));
#1154=EDGE_LOOP('',(#5793,#5794,#5795,#5796,#5797,#5798,#5799,#5800,#5801,
#5802));
#1155=EDGE_LOOP('',(#5803,#5804,#5805,#5806));
#1156=EDGE_LOOP('',(#5807,#5808,#5809,#5810,#5811,#5812,#5813));
#1157=EDGE_LOOP('',(#5814,#5815,#5816,#5817));
#1158=EDGE_LOOP('',(#5818,#5819,#5820,#5821));
#1159=EDGE_LOOP('',(#5822,#5823,#5824,#5825));
#1160=EDGE_LOOP('',(#5826,#5827,#5828,#5829));
#1161=EDGE_LOOP('',(#5830,#5831,#5832,#5833));
#1162=EDGE_LOOP('',(#5834,#5835,#5836,#5837));
#1163=EDGE_LOOP('',(#5838,#5839,#5840,#5841));
#1164=EDGE_LOOP('',(#5842,#5843,#5844,#5845));
#1165=EDGE_LOOP('',(#5846,#5847,#5848,#5849));
#1166=EDGE_LOOP('',(#5850,#5851,#5852,#5853));
#1167=EDGE_LOOP('',(#5854,#5855,#5856,#5857));
#1168=EDGE_LOOP('',(#5858,#5859,#5860,#5861));
#1169=EDGE_LOOP('',(#5862,#5863,#5864,#5865));
#1170=EDGE_LOOP('',(#5866,#5867,#5868,#5869));
#1171=EDGE_LOOP('',(#5870,#5871,#5872,#5873));
#1172=EDGE_LOOP('',(#5874,#5875,#5876,#5877));
#1173=EDGE_LOOP('',(#5878,#5879,#5880,#5881));
#1174=EDGE_LOOP('',(#5882,#5883,#5884,#5885));
#1175=EDGE_LOOP('',(#5886,#5887,#5888,#5889));
#1176=EDGE_LOOP('',(#5890,#5891,#5892,#5893));
#1177=EDGE_LOOP('',(#5894,#5895,#5896,#5897));
#1178=EDGE_LOOP('',(#5898,#5899,#5900,#5901));
#1179=EDGE_LOOP('',(#5902,#5903,#5904,#5905));
#1180=EDGE_LOOP('',(#5906,#5907,#5908,#5909));
#1181=EDGE_LOOP('',(#5910,#5911,#5912,#5913));
#1182=EDGE_LOOP('',(#5914,#5915,#5916,#5917));
#1183=EDGE_LOOP('',(#5918,#5919,#5920,#5921));
#1184=EDGE_LOOP('',(#5922,#5923,#5924,#5925));
#1185=EDGE_LOOP('',(#5926,#5927,#5928,#5929));
#1186=EDGE_LOOP('',(#5930,#5931,#5932,#5933));
#1187=EDGE_LOOP('',(#5934,#5935,#5936,#5937));
#1188=EDGE_LOOP('',(#5938,#5939,#5940,#5941));
#1189=EDGE_LOOP('',(#5942,#5943,#5944,#5945));
#1190=EDGE_LOOP('',(#5946,#5947,#5948,#5949));
#1191=EDGE_LOOP('',(#5950,#5951,#5952,#5953));
#1192=EDGE_LOOP('',(#5954,#5955,#5956,#5957));
#1193=EDGE_LOOP('',(#5958,#5959,#5960,#5961));
#1194=EDGE_LOOP('',(#5962,#5963,#5964,#5965));
#1195=EDGE_LOOP('',(#5966,#5967,#5968,#5969));
#1196=EDGE_LOOP('',(#5970,#5971,#5972,#5973));
#1197=EDGE_LOOP('',(#5974,#5975,#5976,#5977));
#1198=EDGE_LOOP('',(#5978,#5979,#5980,#5981));
#1199=EDGE_LOOP('',(#5982,#5983,#5984,#5985));
#1200=EDGE_LOOP('',(#5986,#5987,#5988,#5989));
#1201=EDGE_LOOP('',(#5990,#5991,#5992,#5993));
#1202=EDGE_LOOP('',(#5994,#5995,#5996,#5997));
#1203=EDGE_LOOP('',(#5998,#5999,#6000,#6001));
#1204=EDGE_LOOP('',(#6002,#6003,#6004,#6005));
#1205=EDGE_LOOP('',(#6006,#6007,#6008,#6009));
#1206=EDGE_LOOP('',(#6010,#6011,#6012,#6013));
#1207=EDGE_LOOP('',(#6014,#6015,#6016,#6017));
#1208=EDGE_LOOP('',(#6018,#6019,#6020,#6021));
#1209=EDGE_LOOP('',(#6022,#6023,#6024,#6025));
#1210=EDGE_LOOP('',(#6026,#6027,#6028,#6029));
#1211=EDGE_LOOP('',(#6030,#6031,#6032,#6033));
#1212=EDGE_LOOP('',(#6034,#6035,#6036,#6037));
#1213=EDGE_LOOP('',(#6038,#6039,#6040,#6041));
#1214=EDGE_LOOP('',(#6042,#6043,#6044,#6045));
#1215=EDGE_LOOP('',(#6046,#6047,#6048,#6049));
#1216=EDGE_LOOP('',(#6050,#6051,#6052,#6053));
#1217=EDGE_LOOP('',(#6054,#6055,#6056,#6057));
#1218=EDGE_LOOP('',(#6058,#6059,#6060,#6061));
#1219=EDGE_LOOP('',(#6062,#6063,#6064,#6065));
#1220=EDGE_LOOP('',(#6066,#6067,#6068,#6069));
#1221=EDGE_LOOP('',(#6070,#6071,#6072,#6073));
#1222=EDGE_LOOP('',(#6074,#6075,#6076,#6077));
#1223=EDGE_LOOP('',(#6078,#6079,#6080,#6081));
#1224=EDGE_LOOP('',(#6082,#6083,#6084,#6085));
#1225=EDGE_LOOP('',(#6086,#6087,#6088,#6089));
#1226=EDGE_LOOP('',(#6090,#6091,#6092,#6093));
#1227=EDGE_LOOP('',(#6094,#6095,#6096,#6097));
#1228=EDGE_LOOP('',(#6098,#6099,#6100,#6101));
#1229=EDGE_LOOP('',(#6102,#6103,#6104,#6105));
#1230=EDGE_LOOP('',(#6106,#6107,#6108,#6109));
#1231=EDGE_LOOP('',(#6110,#6111,#6112,#6113));
#1232=EDGE_LOOP('',(#6114,#6115,#6116,#6117));
#1233=EDGE_LOOP('',(#6118,#6119,#6120,#6121));
#1234=EDGE_LOOP('',(#6122,#6123,#6124,#6125));
#1235=EDGE_LOOP('',(#6126,#6127,#6128,#6129));
#1236=EDGE_LOOP('',(#6130,#6131,#6132,#6133));
#1237=EDGE_LOOP('',(#6134,#6135,#6136,#6137));
#1238=EDGE_LOOP('',(#6138,#6139,#6140,#6141));
#1239=EDGE_LOOP('',(#6142,#6143,#6144,#6145));
#1240=EDGE_LOOP('',(#6146,#6147,#6148,#6149));
#1241=EDGE_LOOP('',(#6150,#6151,#6152,#6153));
#1242=EDGE_LOOP('',(#6154,#6155,#6156,#6157));
#1243=EDGE_LOOP('',(#6158,#6159,#6160,#6161));
#1244=EDGE_LOOP('',(#6162,#6163,#6164,#6165));
#1245=EDGE_LOOP('',(#6166,#6167,#6168,#6169));
#1246=EDGE_LOOP('',(#6170,#6171,#6172,#6173));
#1247=EDGE_LOOP('',(#6174,#6175,#6176,#6177));
#1248=EDGE_LOOP('',(#6178,#6179,#6180,#6181));
#1249=EDGE_LOOP('',(#6182,#6183,#6184,#6185));
#1250=EDGE_LOOP('',(#6186,#6187,#6188,#6189));
#1251=EDGE_LOOP('',(#6190,#6191,#6192,#6193));
#1252=EDGE_LOOP('',(#6194,#6195,#6196,#6197));
#1253=EDGE_LOOP('',(#6198,#6199,#6200,#6201));
#1254=EDGE_LOOP('',(#6202,#6203,#6204,#6205));
#1255=EDGE_LOOP('',(#6206,#6207,#6208,#6209));
#1256=EDGE_LOOP('',(#6210,#6211,#6212,#6213));
#1257=EDGE_LOOP('',(#6214,#6215,#6216,#6217));
#1258=EDGE_LOOP('',(#6218,#6219,#6220,#6221));
#1259=EDGE_LOOP('',(#6222,#6223,#6224,#6225));
#1260=EDGE_LOOP('',(#6226,#6227,#6228,#6229));
#1261=EDGE_LOOP('',(#6230,#6231,#6232,#6233));
#1262=EDGE_LOOP('',(#6234,#6235,#6236,#6237));
#1263=EDGE_LOOP('',(#6238,#6239,#6240,#6241));
#1264=EDGE_LOOP('',(#6242,#6243,#6244,#6245));
#1265=EDGE_LOOP('',(#6246,#6247,#6248,#6249));
#1266=EDGE_LOOP('',(#6250,#6251,#6252,#6253));
#1267=EDGE_LOOP('',(#6254,#6255,#6256,#6257));
#1268=EDGE_LOOP('',(#6258,#6259,#6260,#6261));
#1269=EDGE_LOOP('',(#6262,#6263,#6264,#6265));
#1270=EDGE_LOOP('',(#6266,#6267,#6268,#6269));
#1271=EDGE_LOOP('',(#6270,#6271,#6272,#6273));
#1272=EDGE_LOOP('',(#6274,#6275,#6276,#6277));
#1273=EDGE_LOOP('',(#6278,#6279,#6280,#6281));
#1274=EDGE_LOOP('',(#6282,#6283,#6284,#6285));
#1275=EDGE_LOOP('',(#6286,#6287,#6288,#6289));
#1276=EDGE_LOOP('',(#6290,#6291,#6292,#6293));
#1277=EDGE_LOOP('',(#6294,#6295,#6296,#6297));
#1278=EDGE_LOOP('',(#6298,#6299,#6300,#6301));
#1279=EDGE_LOOP('',(#6302,#6303,#6304,#6305));
#1280=EDGE_LOOP('',(#6306,#6307,#6308,#6309));
#1281=EDGE_LOOP('',(#6310,#6311,#6312,#6313));
#1282=EDGE_LOOP('',(#6314,#6315,#6316,#6317));
#1283=EDGE_LOOP('',(#6318,#6319,#6320,#6321,#6322));
#1284=EDGE_LOOP('',(#6323));
#1285=EDGE_LOOP('',(#6324));
#1286=EDGE_LOOP('',(#6325,#6326,#6327,#6328));
#1287=EDGE_LOOP('',(#6329,#6330,#6331,#6332));
#1288=EDGE_LOOP('',(#6333,#6334,#6335,#6336));
#1289=EDGE_LOOP('',(#6337,#6338,#6339,#6340));
#1290=EDGE_LOOP('',(#6341,#6342,#6343,#6344));
#1291=EDGE_LOOP('',(#6345,#6346,#6347,#6348));
#1292=EDGE_LOOP('',(#6349,#6350,#6351,#6352));
#1293=EDGE_LOOP('',(#6353,#6354,#6355,#6356));
#1294=EDGE_LOOP('',(#6357,#6358,#6359,#6360,#6361,#6362,#6363,#6364,#6365,
#6366,#6367,#6368,#6369,#6370,#6371,#6372,#6373,#6374));
#1295=EDGE_LOOP('',(#6375,#6376,#6377,#6378));
#1296=EDGE_LOOP('',(#6379,#6380,#6381,#6382));
#1297=EDGE_LOOP('',(#6383,#6384,#6385,#6386,#6387,#6388));
#1298=EDGE_LOOP('',(#6389,#6390,#6391,#6392,#6393,#6394,#6395,#6396,#6397));
#1299=EDGE_LOOP('',(#6398,#6399,#6400,#6401));
#1300=EDGE_LOOP('',(#6402,#6403,#6404));
#1301=EDGE_LOOP('',(#6405,#6406,#6407,#6408,#6409,#6410));
#1302=EDGE_LOOP('',(#6411,#6412,#6413,#6414,#6415,#6416));
#1303=EDGE_LOOP('',(#6417,#6418,#6419,#6420));
#1304=EDGE_LOOP('',(#6421,#6422,#6423,#6424));
#1305=EDGE_LOOP('',(#6425,#6426,#6427,#6428,#6429,#6430,#6431,#6432,#6433,
#6434,#6435,#6436,#6437,#6438,#6439,#6440,#6441,#6442,#6443,#6444,#6445,
#6446,#6447,#6448,#6449));
#1306=EDGE_LOOP('',(#6450,#6451,#6452,#6453));
#1307=EDGE_LOOP('',(#6454,#6455,#6456,#6457,#6458,#6459,#6460,#6461));
#1308=EDGE_LOOP('',(#6462,#6463));
#1309=EDGE_LOOP('',(#6464));
#1310=EDGE_LOOP('',(#6465,#6466,#6467,#6468));
#1311=EDGE_LOOP('',(#6469));
#1312=EDGE_LOOP('',(#6470,#6471,#6472,#6473,#6474));
#1313=EDGE_LOOP('',(#6475,#6476,#6477,#6478));
#1314=EDGE_LOOP('',(#6479,#6480,#6481,#6482));
#1315=EDGE_LOOP('',(#6483,#6484,#6485,#6486));
#1316=EDGE_LOOP('',(#6487,#6488,#6489,#6490,#6491,#6492,#6493,#6494));
#1317=EDGE_LOOP('',(#6495,#6496,#6497,#6498,#6499,#6500,#6501,#6502));
#1318=EDGE_LOOP('',(#6503,#6504,#6505,#6506));
#1319=EDGE_LOOP('',(#6507,#6508,#6509,#6510));
#1320=EDGE_LOOP('',(#6511,#6512,#6513,#6514,#6515,#6516,#6517,#6518));
#1321=EDGE_LOOP('',(#6519,#6520,#6521,#6522,#6523,#6524,#6525,#6526,#6527,
#6528,#6529,#6530,#6531,#6532,#6533,#6534));
#1322=EDGE_LOOP('',(#6535,#6536,#6537,#6538));
#1323=EDGE_LOOP('',(#6539,#6540,#6541,#6542));
#1324=EDGE_LOOP('',(#6543));
#1325=EDGE_LOOP('',(#6544));
#1326=EDGE_LOOP('',(#6545,#6546,#6547,#6548,#6549,#6550,#6551,#6552));
#1327=EDGE_LOOP('',(#6553));
#1328=EDGE_LOOP('',(#6554));
#1329=EDGE_LOOP('',(#6555,#6556,#6557,#6558));
#1330=EDGE_LOOP('',(#6559,#6560,#6561,#6562));
#1331=EDGE_LOOP('',(#6563,#6564,#6565,#6566));
#1332=EDGE_LOOP('',(#6567,#6568,#6569,#6570));
#1333=EDGE_LOOP('',(#6571,#6572,#6573,#6574));
#1334=EDGE_LOOP('',(#6575,#6576,#6577,#6578));
#1335=EDGE_LOOP('',(#6579,#6580,#6581,#6582));
#1336=EDGE_LOOP('',(#6583,#6584,#6585,#6586));
#1337=EDGE_LOOP('',(#6587,#6588,#6589,#6590,#6591,#6592,#6593,#6594));
#1338=EDGE_LOOP('',(#6595,#6596,#6597,#6598));
#1339=EDGE_LOOP('',(#6599,#6600,#6601,#6602));
#1340=EDGE_LOOP('',(#6603,#6604,#6605,#6606));
#1341=EDGE_LOOP('',(#6607,#6608,#6609,#6610,#6611,#6612,#6613,#6614));
#1342=EDGE_LOOP('',(#6615,#6616,#6617,#6618,#6619));
#1343=EDGE_LOOP('',(#6620,#6621,#6622,#6623,#6624,#6625,#6626,#6627,#6628));
#1344=EDGE_LOOP('',(#6629));
#1345=EDGE_LOOP('',(#6630));
#1346=EDGE_LOOP('',(#6631));
#1347=EDGE_LOOP('',(#6632,#6633,#6634,#6635));
#1348=EDGE_LOOP('',(#6636));
#1349=EDGE_LOOP('',(#6637,#6638,#6639,#6640));
#1350=EDGE_LOOP('',(#6641,#6642,#6643,#6644));
#1351=EDGE_LOOP('',(#6645,#6646,#6647,#6648));
#1352=EDGE_LOOP('',(#6649,#6650,#6651,#6652));
#1353=EDGE_LOOP('',(#6653,#6654,#6655,#6656));
#1354=EDGE_LOOP('',(#6657,#6658,#6659,#6660,#6661,#6662,#6663,#6664,#6665));
#1355=EDGE_LOOP('',(#6666));
#1356=EDGE_LOOP('',(#6667,#6668,#6669,#6670));
#1357=EDGE_LOOP('',(#6671));
#1358=EDGE_LOOP('',(#6672));
#1359=EDGE_LOOP('',(#6673));
#1360=EDGE_LOOP('',(#6674,#6675,#6676,#6677));
#1361=EDGE_LOOP('',(#6678,#6679,#6680,#6681));
#1362=EDGE_LOOP('',(#6682,#6683,#6684,#6685));
#1363=EDGE_LOOP('',(#6686,#6687,#6688,#6689,#6690,#6691,#6692));
#1364=EDGE_LOOP('',(#6693));
#1365=EDGE_LOOP('',(#6694,#6695,#6696,#6697));
#1366=EDGE_LOOP('',(#6698,#6699,#6700,#6701));
#1367=EDGE_LOOP('',(#6702,#6703,#6704,#6705,#6706,#6707,#6708));
#1368=EDGE_LOOP('',(#6709));
#1369=EDGE_LOOP('',(#6710,#6711,#6712));
#1370=EDGE_LOOP('',(#6713,#6714,#6715,#6716,#6717));
#1371=EDGE_LOOP('',(#6718,#6719,#6720,#6721));
#1372=EDGE_LOOP('',(#6722,#6723,#6724,#6725,#6726));
#1373=EDGE_LOOP('',(#6727,#6728,#6729,#6730));
#1374=EDGE_LOOP('',(#6731,#6732,#6733,#6734,#6735,#6736,#6737,#6738,#6739,
#6740,#6741,#6742));
#1375=EDGE_LOOP('',(#6743,#6744,#6745,#6746));
#1376=EDGE_LOOP('',(#6747,#6748,#6749,#6750,#6751,#6752,#6753,#6754,#6755,
#6756,#6757,#6758));
#1377=EDGE_LOOP('',(#6759,#6760,#6761,#6762,#6763,#6764));
#1378=EDGE_LOOP('',(#6765,#6766,#6767,#6768,#6769));
#1379=EDGE_LOOP('',(#6770,#6771,#6772,#6773));
#1380=EDGE_LOOP('',(#6774,#6775,#6776,#6777));
#1381=EDGE_LOOP('',(#6778,#6779,#6780,#6781));
#1382=EDGE_LOOP('',(#6782,#6783,#6784,#6785));
#1383=EDGE_LOOP('',(#6786,#6787,#6788,#6789));
#1384=EDGE_LOOP('',(#6790,#6791,#6792,#6793));
#1385=EDGE_LOOP('',(#6794,#6795,#6796,#6797));
#1386=EDGE_LOOP('',(#6798,#6799,#6800,#6801));
#1387=EDGE_LOOP('',(#6802,#6803,#6804,#6805,#6806,#6807,#6808,#6809,#6810,
#6811,#6812,#6813));
#1388=EDGE_LOOP('',(#6814,#6815,#6816,#6817));
#1389=EDGE_LOOP('',(#6818,#6819,#6820,#6821,#6822,#6823));
#1390=EDGE_LOOP('',(#6824,#6825,#6826,#6827,#6828,#6829,#6830,#6831,#6832));
#1391=EDGE_LOOP('',(#6833,#6834,#6835,#6836,#6837,#6838,#6839));
#1392=EDGE_LOOP('',(#6840,#6841,#6842,#6843,#6844,#6845,#6846,#6847,#6848,
#6849,#6850,#6851,#6852));
#1393=EDGE_LOOP('',(#6853,#6854,#6855,#6856));
#1394=EDGE_LOOP('',(#6857,#6858,#6859,#6860));
#1395=EDGE_LOOP('',(#6861,#6862,#6863,#6864));
#1396=EDGE_LOOP('',(#6865,#6866,#6867,#6868));
#1397=EDGE_LOOP('',(#6869,#6870,#6871,#6872));
#1398=EDGE_LOOP('',(#6873,#6874,#6875,#6876));
#1399=EDGE_LOOP('',(#6877,#6878,#6879,#6880));
#1400=EDGE_LOOP('',(#6881,#6882,#6883,#6884));
#1401=EDGE_LOOP('',(#6885,#6886,#6887,#6888));
#1402=EDGE_LOOP('',(#6889,#6890,#6891,#6892));
#1403=EDGE_LOOP('',(#6893,#6894,#6895,#6896));
#1404=EDGE_LOOP('',(#6897,#6898,#6899,#6900));
#1405=EDGE_LOOP('',(#6901,#6902,#6903,#6904,#6905,#6906,#6907));
#1406=EDGE_LOOP('',(#6908,#6909,#6910,#6911));
#1407=EDGE_LOOP('',(#6912,#6913,#6914,#6915));
#1408=EDGE_LOOP('',(#6916,#6917,#6918,#6919,#6920));
#1409=EDGE_LOOP('',(#6921,#6922,#6923,#6924,#6925));
#1410=EDGE_LOOP('',(#6926,#6927,#6928,#6929));
#1411=EDGE_LOOP('',(#6930,#6931,#6932,#6933,#6934));
#1412=EDGE_LOOP('',(#6935,#6936,#6937,#6938));
#1413=EDGE_LOOP('',(#6939,#6940,#6941,#6942,#6943));
#1414=EDGE_LOOP('',(#6944,#6945,#6946,#6947));
#1415=EDGE_LOOP('',(#6948,#6949,#6950,#6951));
#1416=EDGE_LOOP('',(#6952,#6953,#6954,#6955));
#1417=EDGE_LOOP('',(#6956,#6957,#6958,#6959));
#1418=EDGE_LOOP('',(#6960,#6961,#6962,#6963,#6964,#6965,#6966));
#1419=EDGE_LOOP('',(#6967,#6968,#6969,#6970));
#1420=EDGE_LOOP('',(#6971,#6972,#6973,#6974));
#1421=EDGE_LOOP('',(#6975,#6976,#6977,#6978));
#1422=EDGE_LOOP('',(#6979,#6980,#6981,#6982));
#1423=EDGE_LOOP('',(#6983,#6984,#6985,#6986));
#1424=EDGE_LOOP('',(#6987,#6988,#6989,#6990));
#1425=EDGE_LOOP('',(#6991,#6992,#6993,#6994));
#1426=EDGE_LOOP('',(#6995,#6996,#6997,#6998));
#1427=EDGE_LOOP('',(#6999,#7000,#7001,#7002,#7003,#7004,#7005,#7006,#7007));
#1428=EDGE_LOOP('',(#7008,#7009,#7010,#7011));
#1429=EDGE_LOOP('',(#7012,#7013,#7014,#7015));
#1430=EDGE_LOOP('',(#7016,#7017,#7018,#7019));
#1431=EDGE_LOOP('',(#7020,#7021,#7022,#7023));
#1432=EDGE_LOOP('',(#7024,#7025,#7026,#7027));
#1433=EDGE_LOOP('',(#7028,#7029,#7030,#7031));
#1434=EDGE_LOOP('',(#7032,#7033,#7034,#7035));
#1435=EDGE_LOOP('',(#7036,#7037,#7038,#7039));
#1436=EDGE_LOOP('',(#7040,#7041,#7042,#7043));
#1437=EDGE_LOOP('',(#7044,#7045,#7046,#7047));
#1438=EDGE_LOOP('',(#7048,#7049,#7050,#7051));
#1439=EDGE_LOOP('',(#7052,#7053,#7054,#7055));
#1440=EDGE_LOOP('',(#7056,#7057,#7058,#7059,#7060,#7061,#7062,#7063,#7064,
#7065,#7066));
#1441=EDGE_LOOP('',(#7067));
#1442=EDGE_LOOP('',(#7068));
#1443=EDGE_LOOP('',(#7069));
#1444=EDGE_LOOP('',(#7070));
#1445=EDGE_LOOP('',(#7071,#7072,#7073,#7074,#7075,#7076,#7077,#7078,#7079,
#7080,#7081,#7082,#7083,#7084,#7085,#7086));
#1446=EDGE_LOOP('',(#7087,#7088,#7089,#7090));
#1447=EDGE_LOOP('',(#7091,#7092,#7093,#7094,#7095,#7096,#7097,#7098,#7099,
#7100,#7101,#7102));
#1448=EDGE_LOOP('',(#7103,#7104,#7105,#7106,#7107));
#1449=EDGE_LOOP('',(#7108,#7109,#7110,#7111));
#1450=EDGE_LOOP('',(#7112,#7113,#7114,#7115));
#1451=EDGE_LOOP('',(#7116,#7117,#7118,#7119));
#1452=EDGE_LOOP('',(#7120,#7121,#7122,#7123));
#1453=EDGE_LOOP('',(#7124,#7125,#7126,#7127));
#1454=EDGE_LOOP('',(#7128,#7129,#7130,#7131));
#1455=EDGE_LOOP('',(#7132,#7133,#7134,#7135));
#1456=EDGE_LOOP('',(#7136,#7137,#7138,#7139));
#1457=EDGE_LOOP('',(#7140,#7141,#7142,#7143));
#1458=EDGE_LOOP('',(#7144,#7145,#7146,#7147));
#1459=EDGE_LOOP('',(#7148,#7149,#7150,#7151,#7152,#7153,#7154,#7155,#7156,
#7157,#7158,#7159));
#1460=EDGE_LOOP('',(#7160,#7161,#7162,#7163));
#1461=EDGE_LOOP('',(#7164,#7165,#7166,#7167));
#1462=EDGE_LOOP('',(#7168,#7169,#7170,#7171));
#1463=EDGE_LOOP('',(#7172,#7173,#7174,#7175,#7176));
#1464=EDGE_LOOP('',(#7177,#7178,#7179,#7180));
#1465=EDGE_LOOP('',(#7181));
#1466=EDGE_LOOP('',(#7182,#7183,#7184,#7185));
#1467=EDGE_LOOP('',(#7186,#7187,#7188,#7189));
#1468=EDGE_LOOP('',(#7190,#7191,#7192,#7193));
#1469=EDGE_LOOP('',(#7194,#7195,#7196,#7197,#7198,#7199,#7200,#7201));
#1470=EDGE_LOOP('',(#7202));
#1471=EDGE_LOOP('',(#7203,#7204,#7205,#7206,#7207));
#1472=EDGE_LOOP('',(#7208,#7209,#7210,#7211));
#1473=EDGE_LOOP('',(#7212,#7213,#7214,#7215));
#1474=EDGE_LOOP('',(#7216,#7217,#7218,#7219,#7220));
#1475=EDGE_LOOP('',(#7221,#7222,#7223,#7224));
#1476=EDGE_LOOP('',(#7225,#7226,#7227,#7228));
#1477=EDGE_LOOP('',(#7229,#7230,#7231,#7232));
#1478=EDGE_LOOP('',(#7233));
#1479=EDGE_LOOP('',(#7234,#7235,#7236,#7237));
#1480=EDGE_LOOP('',(#7238,#7239,#7240,#7241));
#1481=EDGE_LOOP('',(#7242,#7243,#7244,#7245));
#1482=EDGE_LOOP('',(#7246,#7247,#7248,#7249));
#1483=EDGE_LOOP('',(#7250,#7251));
#1484=EDGE_LOOP('',(#7252));
#1485=EDGE_LOOP('',(#7253,#7254,#7255,#7256));
#1486=EDGE_LOOP('',(#7257));
#1487=EDGE_LOOP('',(#7258,#7259,#7260,#7261));
#1488=EDGE_LOOP('',(#7262,#7263,#7264,#7265));
#1489=EDGE_LOOP('',(#7266,#7267,#7268,#7269));
#1490=EDGE_LOOP('',(#7270,#7271,#7272,#7273));
#1491=EDGE_LOOP('',(#7274,#7275,#7276,#7277));
#1492=EDGE_LOOP('',(#7278,#7279,#7280,#7281));
#1493=EDGE_LOOP('',(#7282));
#1494=EDGE_LOOP('',(#7283));
#1495=EDGE_LOOP('',(#7284,#7285,#7286,#7287));
#1496=EDGE_LOOP('',(#7288,#7289,#7290,#7291,#7292));
#1497=EDGE_LOOP('',(#7293,#7294,#7295,#7296));
#1498=EDGE_LOOP('',(#7297,#7298,#7299,#7300,#7301));
#1499=EDGE_LOOP('',(#7302,#7303,#7304,#7305));
#1500=EDGE_LOOP('',(#7306,#7307,#7308,#7309));
#1501=EDGE_LOOP('',(#7310,#7311,#7312,#7313));
#1502=EDGE_LOOP('',(#7314,#7315,#7316,#7317));
#1503=EDGE_LOOP('',(#7318));
#1504=EDGE_LOOP('',(#7319,#7320,#7321,#7322));
#1505=EDGE_LOOP('',(#7323));
#1506=EDGE_LOOP('',(#7324,#7325,#7326,#7327));
#1507=EDGE_LOOP('',(#7328,#7329,#7330,#7331));
#1508=EDGE_LOOP('',(#7332,#7333,#7334,#7335));
#1509=EDGE_LOOP('',(#7336,#7337,#7338,#7339));
#1510=EDGE_LOOP('',(#7340,#7341,#7342,#7343));
#1511=EDGE_LOOP('',(#7344,#7345,#7346));
#1512=EDGE_LOOP('',(#7347));
#1513=EDGE_LOOP('',(#7348,#7349,#7350,#7351,#7352,#7353,#7354));
#1514=EDGE_LOOP('',(#7355));
#1515=EDGE_LOOP('',(#7356,#7357,#7358,#7359));
#1516=EDGE_LOOP('',(#7360));
#1517=EDGE_LOOP('',(#7361,#7362,#7363,#7364));
#1518=EDGE_LOOP('',(#7365,#7366,#7367,#7368));
#1519=EDGE_LOOP('',(#7369,#7370,#7371,#7372,#7373,#7374,#7375));
#1520=EDGE_LOOP('',(#7376,#7377,#7378,#7379));
#1521=EDGE_LOOP('',(#7380,#7381,#7382,#7383));
#1522=EDGE_LOOP('',(#7384,#7385,#7386,#7387));
#1523=EDGE_LOOP('',(#7388,#7389,#7390,#7391,#7392,#7393,#7394));
#1524=EDGE_LOOP('',(#7395,#7396,#7397,#7398));
#1525=EDGE_LOOP('',(#7399,#7400,#7401,#7402));
#1526=EDGE_LOOP('',(#7403,#7404,#7405,#7406));
#1527=EDGE_LOOP('',(#7407,#7408,#7409,#7410));
#1528=EDGE_LOOP('',(#7411,#7412,#7413,#7414));
#1529=EDGE_LOOP('',(#7415,#7416,#7417,#7418));
#1530=EDGE_LOOP('',(#7419,#7420,#7421,#7422));
#1531=EDGE_LOOP('',(#7423,#7424,#7425,#7426));
#1532=EDGE_LOOP('',(#7427,#7428,#7429,#7430));
#1533=EDGE_LOOP('',(#7431,#7432,#7433,#7434));
#1534=EDGE_LOOP('',(#7435,#7436,#7437,#7438,#7439,#7440,#7441));
#1535=EDGE_LOOP('',(#7442,#7443,#7444,#7445));
#1536=EDGE_LOOP('',(#7446,#7447,#7448,#7449));
#1537=EDGE_LOOP('',(#7450,#7451,#7452,#7453));
#1538=EDGE_LOOP('',(#7454,#7455,#7456,#7457));
#1539=EDGE_LOOP('',(#7458,#7459,#7460,#7461,#7462,#7463,#7464));
#1540=EDGE_LOOP('',(#7465,#7466,#7467,#7468));
#1541=EDGE_LOOP('',(#7469,#7470,#7471,#7472));
#1542=EDGE_LOOP('',(#7473,#7474,#7475,#7476,#7477,#7478));
#1543=EDGE_LOOP('',(#7479,#7480,#7481,#7482));
#1544=EDGE_LOOP('',(#7483,#7484,#7485,#7486,#7487,#7488));
#1545=EDGE_LOOP('',(#7489,#7490,#7491,#7492));
#1546=EDGE_LOOP('',(#7493,#7494,#7495,#7496));
#1547=EDGE_LOOP('',(#7497,#7498,#7499,#7500));
#1548=EDGE_LOOP('',(#7501,#7502,#7503,#7504));
#1549=EDGE_LOOP('',(#7505,#7506,#7507,#7508));
#1550=EDGE_LOOP('',(#7509,#7510,#7511,#7512));
#1551=EDGE_LOOP('',(#7513,#7514,#7515,#7516));
#1552=EDGE_LOOP('',(#7517,#7518,#7519,#7520));
#1553=EDGE_LOOP('',(#7521,#7522,#7523,#7524));
#1554=EDGE_LOOP('',(#7525,#7526,#7527,#7528));
#1555=EDGE_LOOP('',(#7529,#7530,#7531,#7532,#7533,#7534));
#1556=EDGE_LOOP('',(#7535,#7536,#7537,#7538));
#1557=EDGE_LOOP('',(#7539,#7540,#7541,#7542));
#1558=EDGE_LOOP('',(#7543,#7544,#7545,#7546));
#1559=EDGE_LOOP('',(#7547,#7548,#7549,#7550));
#1560=EDGE_LOOP('',(#7551,#7552,#7553,#7554,#7555,#7556));
#1561=EDGE_LOOP('',(#7557,#7558,#7559,#7560));
#1562=EDGE_LOOP('',(#7561,#7562,#7563,#7564));
#1563=EDGE_LOOP('',(#7565,#7566,#7567,#7568));
#1564=EDGE_LOOP('',(#7569,#7570,#7571,#7572));
#1565=EDGE_LOOP('',(#7573,#7574,#7575,#7576));
#1566=EDGE_LOOP('',(#7577,#7578,#7579,#7580));
#1567=EDGE_LOOP('',(#7581,#7582,#7583,#7584));
#1568=EDGE_LOOP('',(#7585,#7586,#7587,#7588));
#1569=LINE('',#10516,#2364);
#1570=LINE('',#10519,#2365);
#1571=LINE('',#10530,#2366);
#1572=LINE('',#10531,#2367);
#1573=LINE('',#10542,#2368);
#1574=LINE('',#10543,#2369);
#1575=LINE('',#10546,#2370);
#1576=LINE('',#10548,#2371);
#1577=LINE('',#10549,#2372);
#1578=LINE('',#10552,#2373);
#1579=LINE('',#10556,#2374);
#1580=LINE('',#10557,#2375);
#1581=LINE('',#10560,#2376);
#1582=LINE('',#10564,#2377);
#1583=LINE('',#10565,#2378);
#1584=LINE('',#10566,#2379);
#1585=LINE('',#10568,#2380);
#1586=LINE('',#10573,#2381);
#1587=LINE('',#10577,#2382);
#1588=LINE('',#10582,#2383);
#1589=LINE('',#10584,#2384);
#1590=LINE('',#10590,#2385);
#1591=LINE('',#10598,#2386);
#1592=LINE('',#10605,#2387);
#1593=LINE('',#10631,#2388);
#1594=LINE('',#10656,#2389);
#1595=LINE('',#10659,#2390);
#1596=LINE('',#10685,#2391);
#1597=LINE('',#10711,#2392);
#1598=LINE('',#10713,#2393);
#1599=LINE('',#10715,#2394);
#1600=LINE('',#10716,#2395);
#1601=LINE('',#10719,#2396);
#1602=LINE('',#10745,#2397);
#1603=LINE('',#10771,#2398);
#1604=LINE('',#10773,#2399);
#1605=LINE('',#10775,#2400);
#1606=LINE('',#10777,#2401);
#1607=LINE('',#10779,#2402);
#1608=LINE('',#10781,#2403);
#1609=LINE('',#10783,#2404);
#1610=LINE('',#10785,#2405);
#1611=LINE('',#10787,#2406);
#1612=LINE('',#10788,#2407);
#1613=LINE('',#10797,#2408);
#1614=LINE('',#10799,#2409);
#1615=LINE('',#10801,#2410);
#1616=LINE('',#10803,#2411);
#1617=LINE('',#10841,#2412);
#1618=LINE('',#10843,#2413);
#1619=LINE('',#10845,#2414);
#1620=LINE('',#10889,#2415);
#1621=LINE('',#10891,#2416);
#1622=LINE('',#10893,#2417);
#1623=LINE('',#10895,#2418);
#1624=LINE('',#10897,#2419);
#1625=LINE('',#10898,#2420);
#1626=LINE('',#10925,#2421);
#1627=LINE('',#10951,#2422);
#1628=LINE('',#10958,#2423);
#1629=LINE('',#10964,#2424);
#1630=LINE('',#10967,#2425);
#1631=LINE('',#10969,#2426);
#1632=LINE('',#10971,#2427);
#1633=LINE('',#10973,#2428);
#1634=LINE('',#10975,#2429);
#1635=LINE('',#10977,#2430);
#1636=LINE('',#10978,#2431);
#1637=LINE('',#10999,#2432);
#1638=LINE('',#11001,#2433);
#1639=LINE('',#11002,#2434);
#1640=LINE('',#11005,#2435);
#1641=LINE('',#11007,#2436);
#1642=LINE('',#11009,#2437);
#1643=LINE('',#11011,#2438);
#1644=LINE('',#11013,#2439);
#1645=LINE('',#11080,#2440);
#1646=LINE('',#11084,#2441);
#1647=LINE('',#11086,#2442);
#1648=LINE('',#11088,#2443);
#1649=LINE('',#11089,#2444);
#1650=LINE('',#11093,#2445);
#1651=LINE('',#11094,#2446);
#1652=LINE('',#11095,#2447);
#1653=LINE('',#11098,#2448);
#1654=LINE('',#11100,#2449);
#1655=LINE('',#11101,#2450);
#1656=LINE('',#11103,#2451);
#1657=LINE('',#11105,#2452);
#1658=LINE('',#11110,#2453);
#1659=LINE('',#11118,#2454);
#1660=LINE('',#11121,#2455);
#1661=LINE('',#11131,#2456);
#1662=LINE('',#11134,#2457);
#1663=LINE('',#11140,#2458);
#1664=LINE('',#11143,#2459);
#1665=LINE('',#11145,#2460);
#1666=LINE('',#11146,#2461);
#1667=LINE('',#11151,#2462);
#1668=LINE('',#11154,#2463);
#1669=LINE('',#11157,#2464);
#1670=LINE('',#11160,#2465);
#1671=LINE('',#11180,#2466);
#1672=LINE('',#11183,#2467);
#1673=LINE('',#11185,#2468);
#1674=LINE('',#11186,#2469);
#1675=LINE('',#11192,#2470);
#1676=LINE('',#11196,#2471);
#1677=LINE('',#11198,#2472);
#1678=LINE('',#11199,#2473);
#1679=LINE('',#11203,#2474);
#1680=LINE('',#11207,#2475);
#1681=LINE('',#11209,#2476);
#1682=LINE('',#11211,#2477);
#1683=LINE('',#11213,#2478);
#1684=LINE('',#11215,#2479);
#1685=LINE('',#11217,#2480);
#1686=LINE('',#11219,#2481);
#1687=LINE('',#11221,#2482);
#1688=LINE('',#11223,#2483);
#1689=LINE('',#11225,#2484);
#1690=LINE('',#11229,#2485);
#1691=LINE('',#11234,#2486);
#1692=LINE('',#11237,#2487);
#1693=LINE('',#11239,#2488);
#1694=LINE('',#11241,#2489);
#1695=LINE('',#11245,#2490);
#1696=LINE('',#11249,#2491);
#1697=LINE('',#11251,#2492);
#1698=LINE('',#11253,#2493);
#1699=LINE('',#11255,#2494);
#1700=LINE('',#11257,#2495);
#1701=LINE('',#11259,#2496);
#1702=LINE('',#11261,#2497);
#1703=LINE('',#11263,#2498);
#1704=LINE('',#11265,#2499);
#1705=LINE('',#11267,#2500);
#1706=LINE('',#11269,#2501);
#1707=LINE('',#11271,#2502);
#1708=LINE('',#11273,#2503);
#1709=LINE('',#11275,#2504);
#1710=LINE('',#11278,#2505);
#1711=LINE('',#11304,#2506);
#1712=LINE('',#11306,#2507);
#1713=LINE('',#11307,#2508);
#1714=LINE('',#11311,#2509);
#1715=LINE('',#11323,#2510);
#1716=LINE('',#11327,#2511);
#1717=LINE('',#11332,#2512);
#1718=LINE('',#11336,#2513);
#1719=LINE('',#11338,#2514);
#1720=LINE('',#11339,#2515);
#1721=LINE('',#11341,#2516);
#1722=LINE('',#11343,#2517);
#1723=LINE('',#11347,#2518);
#1724=LINE('',#11349,#2519);
#1725=LINE('',#11353,#2520);
#1726=LINE('',#11354,#2521);
#1727=LINE('',#11357,#2522);
#1728=LINE('',#11358,#2523);
#1729=LINE('',#11360,#2524);
#1730=LINE('',#11364,#2525);
#1731=LINE('',#11366,#2526);
#1732=LINE('',#11368,#2527);
#1733=LINE('',#11370,#2528);
#1734=LINE('',#11372,#2529);
#1735=LINE('',#11374,#2530);
#1736=LINE('',#11376,#2531);
#1737=LINE('',#11378,#2532);
#1738=LINE('',#11380,#2533);
#1739=LINE('',#11381,#2534);
#1740=LINE('',#11415,#2535);
#1741=LINE('',#11422,#2536);
#1742=LINE('',#11429,#2537);
#1743=LINE('',#11461,#2538);
#1744=LINE('',#11495,#2539);
#1745=LINE('',#11502,#2540);
#1746=LINE('',#11509,#2541);
#1747=LINE('',#11542,#2542);
#1748=LINE('',#11593,#2543);
#1749=LINE('',#11595,#2544);
#1750=LINE('',#11597,#2545);
#1751=LINE('',#11599,#2546);
#1752=LINE('',#11665,#2547);
#1753=LINE('',#11667,#2548);
#1754=LINE('',#11668,#2549);
#1755=LINE('',#11671,#2550);
#1756=LINE('',#11673,#2551);
#1757=LINE('',#11675,#2552);
#1758=LINE('',#11677,#2553);
#1759=LINE('',#11679,#2554);
#1760=LINE('',#11680,#2555);
#1761=LINE('',#11683,#2556);
#1762=LINE('',#11717,#2557);
#1763=LINE('',#11750,#2558);
#1764=LINE('',#11752,#2559);
#1765=LINE('',#11754,#2560);
#1766=LINE('',#11755,#2561);
#1767=LINE('',#11758,#2562);
#1768=LINE('',#11760,#2563);
#1769=LINE('',#11762,#2564);
#1770=LINE('',#11764,#2565);
#1771=LINE('',#11766,#2566);
#1772=LINE('',#11768,#2567);
#1773=LINE('',#11769,#2568);
#1774=LINE('',#11772,#2569);
#1775=LINE('',#11806,#2570);
#1776=LINE('',#11840,#2571);
#1777=LINE('',#11842,#2572);
#1778=LINE('',#11844,#2573);
#1779=LINE('',#11870,#2574);
#1780=LINE('',#11944,#2575);
#1781=LINE('',#11946,#2576);
#1782=LINE('',#11952,#2577);
#1783=LINE('',#11955,#2578);
#1784=LINE('',#11973,#2579);
#1785=LINE('',#11975,#2580);
#1786=LINE('',#11977,#2581);
#1787=LINE('',#11978,#2582);
#1788=LINE('',#11980,#2583);
#1789=LINE('',#11981,#2584);
#1790=LINE('',#11992,#2585);
#1791=LINE('',#12019,#2586);
#1792=LINE('',#12027,#2587);
#1793=LINE('',#12038,#2588);
#1794=LINE('',#12039,#2589);
#1795=LINE('',#12050,#2590);
#1796=LINE('',#12061,#2591);
#1797=LINE('',#12072,#2592);
#1798=LINE('',#12099,#2593);
#1799=LINE('',#12100,#2594);
#1800=LINE('',#12102,#2595);
#1801=LINE('',#12104,#2596);
#1802=LINE('',#12106,#2597);
#1803=LINE('',#12107,#2598);
#1804=LINE('',#12118,#2599);
#1805=LINE('',#12129,#2600);
#1806=LINE('',#12140,#2601);
#1807=LINE('',#12158,#2602);
#1808=LINE('',#12159,#2603);
#1809=LINE('',#12161,#2604);
#1810=LINE('',#12163,#2605);
#1811=LINE('',#12165,#2606);
#1812=LINE('',#12166,#2607);
#1813=LINE('',#12168,#2608);
#1814=LINE('',#12170,#2609);
#1815=LINE('',#12171,#2610);
#1816=LINE('',#12182,#2611);
#1817=LINE('',#12193,#2612);
#1818=LINE('',#12204,#2613);
#1819=LINE('',#12222,#2614);
#1820=LINE('',#12223,#2615);
#1821=LINE('',#12225,#2616);
#1822=LINE('',#12227,#2617);
#1823=LINE('',#12238,#2618);
#1824=LINE('',#12239,#2619);
#1825=LINE('',#12241,#2620);
#1826=LINE('',#12243,#2621);
#1827=LINE('',#12245,#2622);
#1828=LINE('',#12247,#2623);
#1829=LINE('',#12258,#2624);
#1830=LINE('',#12269,#2625);
#1831=LINE('',#12280,#2626);
#1832=LINE('',#12291,#2627);
#1833=LINE('',#12302,#2628);
#1834=LINE('',#12365,#2629);
#1835=LINE('',#12376,#2630);
#1836=LINE('',#12387,#2631);
#1837=LINE('',#12450,#2632);
#1838=LINE('',#12461,#2633);
#1839=LINE('',#12472,#2634);
#1840=LINE('',#12474,#2635);
#1841=LINE('',#12475,#2636);
#1842=LINE('',#12477,#2637);
#1843=LINE('',#12479,#2638);
#1844=LINE('',#12481,#2639);
#1845=LINE('',#12483,#2640);
#1846=LINE('',#12485,#2641);
#1847=LINE('',#12487,#2642);
#1848=LINE('',#12504,#2643);
#1849=LINE('',#12506,#2644);
#1850=LINE('',#12523,#2645);
#1851=LINE('',#12525,#2646);
#1852=LINE('',#12542,#2647);
#1853=LINE('',#12544,#2648);
#1854=LINE('',#12556,#2649);
#1855=LINE('',#12567,#2650);
#1856=LINE('',#12578,#2651);
#1857=LINE('',#12589,#2652);
#1858=LINE('',#12600,#2653);
#1859=LINE('',#12611,#2654);
#1860=LINE('',#12622,#2655);
#1861=LINE('',#12633,#2656);
#1862=LINE('',#12635,#2657);
#1863=LINE('',#12637,#2658);
#1864=LINE('',#12640,#2659);
#1865=LINE('',#12642,#2660);
#1866=LINE('',#12654,#2661);
#1867=LINE('',#12675,#2662);
#1868=LINE('',#12686,#2663);
#1869=LINE('',#12697,#2664);
#1870=LINE('',#12718,#2665);
#1871=LINE('',#12729,#2666);
#1872=LINE('',#12740,#2667);
#1873=LINE('',#12751,#2668);
#1874=LINE('',#12772,#2669);
#1875=LINE('',#12783,#2670);
#1876=LINE('',#12794,#2671);
#1877=LINE('',#12805,#2672);
#1878=LINE('',#12817,#2673);
#1879=LINE('',#12828,#2674);
#1880=LINE('',#12839,#2675);
#1881=LINE('',#12850,#2676);
#1882=LINE('',#12871,#2677);
#1883=LINE('',#12882,#2678);
#1884=LINE('',#12893,#2679);
#1885=LINE('',#12904,#2680);
#1886=LINE('',#12907,#2681);
#1887=LINE('',#12909,#2682);
#1888=LINE('',#12911,#2683);
#1889=LINE('',#12913,#2684);
#1890=LINE('',#12918,#2685);
#1891=LINE('',#12920,#2686);
#1892=LINE('',#12922,#2687);
#1893=LINE('',#12928,#2688);
#1894=LINE('',#12930,#2689);
#1895=LINE('',#12932,#2690);
#1896=LINE('',#12933,#2691);
#1897=LINE('',#12936,#2692);
#1898=LINE('',#12938,#2693);
#1899=LINE('',#12939,#2694);
#1900=LINE('',#12942,#2695);
#1901=LINE('',#12944,#2696);
#1902=LINE('',#12945,#2697);
#1903=LINE('',#12947,#2698);
#1904=LINE('',#12948,#2699);
#1905=LINE('',#12954,#2700);
#1906=LINE('',#12956,#2701);
#1907=LINE('',#12958,#2702);
#1908=LINE('',#12959,#2703);
#1909=LINE('',#12962,#2704);
#1910=LINE('',#12964,#2705);
#1911=LINE('',#12966,#2706);
#1912=LINE('',#12968,#2707);
#1913=LINE('',#12970,#2708);
#1914=LINE('',#12972,#2709);
#1915=LINE('',#12974,#2710);
#1916=LINE('',#12976,#2711);
#1917=LINE('',#12978,#2712);
#1918=LINE('',#12980,#2713);
#1919=LINE('',#12982,#2714);
#1920=LINE('',#12984,#2715);
#1921=LINE('',#12986,#2716);
#1922=LINE('',#12988,#2717);
#1923=LINE('',#12990,#2718);
#1924=LINE('',#12992,#2719);
#1925=LINE('',#12993,#2720);
#1926=LINE('',#12997,#2721);
#1927=LINE('',#12999,#2722);
#1928=LINE('',#13001,#2723);
#1929=LINE('',#13002,#2724);
#1930=LINE('',#13006,#2725);
#1931=LINE('',#13008,#2726);
#1932=LINE('',#13010,#2727);
#1933=LINE('',#13011,#2728);
#1934=LINE('',#13015,#2729);
#1935=LINE('',#13016,#2730);
#1936=LINE('',#13017,#2731);
#1937=LINE('',#13018,#2732);
#1938=LINE('',#13021,#2733);
#1939=LINE('',#13023,#2734);
#1940=LINE('',#13025,#2735);
#1941=LINE('',#13027,#2736);
#1942=LINE('',#13029,#2737);
#1943=LINE('',#13031,#2738);
#1944=LINE('',#13032,#2739);
#1945=LINE('',#13035,#2740);
#1946=LINE('',#13036,#2741);
#1947=LINE('',#13051,#2742);
#1948=LINE('',#13052,#2743);
#1949=LINE('',#13055,#2744);
#1950=LINE('',#13057,#2745);
#1951=LINE('',#13059,#2746);
#1952=LINE('',#13061,#2747);
#1953=LINE('',#13062,#2748);
#1954=LINE('',#13118,#2749);
#1955=LINE('',#13119,#2750);
#1956=LINE('',#13121,#2751);
#1957=LINE('',#13124,#2752);
#1958=LINE('',#13131,#2753);
#1959=LINE('',#13133,#2754);
#1960=LINE('',#13135,#2755);
#1961=LINE('',#13137,#2756);
#1962=LINE('',#13144,#2757);
#1963=LINE('',#13146,#2758);
#1964=LINE('',#13148,#2759);
#1965=LINE('',#13150,#2760);
#1966=LINE('',#13152,#2761);
#1967=LINE('',#13154,#2762);
#1968=LINE('',#13156,#2763);
#1969=LINE('',#13158,#2764);
#1970=LINE('',#13162,#2765);
#1971=LINE('',#13166,#2766);
#1972=LINE('',#13168,#2767);
#1973=LINE('',#13170,#2768);
#1974=LINE('',#13172,#2769);
#1975=LINE('',#13173,#2770);
#1976=LINE('',#13175,#2771);
#1977=LINE('',#13177,#2772);
#1978=LINE('',#13178,#2773);
#1979=LINE('',#13181,#2774);
#1980=LINE('',#13183,#2775);
#1981=LINE('',#13185,#2776);
#1982=LINE('',#13187,#2777);
#1983=LINE('',#13189,#2778);
#1984=LINE('',#13191,#2779);
#1985=LINE('',#13193,#2780);
#1986=LINE('',#13194,#2781);
#1987=LINE('',#13203,#2782);
#1988=LINE('',#13205,#2783);
#1989=LINE('',#13207,#2784);
#1990=LINE('',#13208,#2785);
#1991=LINE('',#13213,#2786);
#1992=LINE('',#13215,#2787);
#1993=LINE('',#13217,#2788);
#1994=LINE('',#13219,#2789);
#1995=LINE('',#13220,#2790);
#1996=LINE('',#13223,#2791);
#1997=LINE('',#13225,#2792);
#1998=LINE('',#13226,#2793);
#1999=LINE('',#13229,#2794);
#2000=LINE('',#13231,#2795);
#2001=LINE('',#13232,#2796);
#2002=LINE('',#13234,#2797);
#2003=LINE('',#13235,#2798);
#2004=LINE('',#13238,#2799);
#2005=LINE('',#13239,#2800);
#2006=LINE('',#13241,#2801);
#2007=LINE('',#13244,#2802);
#2008=LINE('',#13245,#2803);
#2009=LINE('',#13248,#2804);
#2010=LINE('',#13249,#2805);
#2011=LINE('',#13251,#2806);
#2012=LINE('',#13253,#2807);
#2013=LINE('',#13254,#2808);
#2014=LINE('',#13256,#2809);
#2015=LINE('',#13257,#2810);
#2016=LINE('',#13259,#2811);
#2017=LINE('',#13261,#2812);
#2018=LINE('',#13263,#2813);
#2019=LINE('',#13265,#2814);
#2020=LINE('',#13300,#2815);
#2021=LINE('',#13302,#2816);
#2022=LINE('',#13304,#2817);
#2023=LINE('',#13305,#2818);
#2024=LINE('',#13311,#2819);
#2025=LINE('',#13313,#2820);
#2026=LINE('',#13315,#2821);
#2027=LINE('',#13317,#2822);
#2028=LINE('',#13319,#2823);
#2029=LINE('',#13321,#2824);
#2030=LINE('',#13322,#2825);
#2031=LINE('',#13329,#2826);
#2032=LINE('',#13331,#2827);
#2033=LINE('',#13333,#2828);
#2034=LINE('',#13335,#2829);
#2035=LINE('',#13336,#2830);
#2036=LINE('',#13338,#2831);
#2037=LINE('',#13340,#2832);
#2038=LINE('',#13346,#2833);
#2039=LINE('',#13350,#2834);
#2040=LINE('',#13354,#2835);
#2041=LINE('',#13356,#2836);
#2042=LINE('',#13360,#2837);
#2043=LINE('',#13363,#2838);
#2044=LINE('',#13366,#2839);
#2045=LINE('',#13368,#2840);
#2046=LINE('',#13369,#2841);
#2047=LINE('',#13370,#2842);
#2048=LINE('',#13373,#2843);
#2049=LINE('',#13375,#2844);
#2050=LINE('',#13376,#2845);
#2051=LINE('',#13379,#2846);
#2052=LINE('',#13381,#2847);
#2053=LINE('',#13383,#2848);
#2054=LINE('',#13387,#2849);
#2055=LINE('',#13389,#2850);
#2056=LINE('',#13390,#2851);
#2057=LINE('',#13399,#2852);
#2058=LINE('',#13401,#2853);
#2059=LINE('',#13403,#2854);
#2060=LINE('',#13404,#2855);
#2061=LINE('',#13409,#2856);
#2062=LINE('',#13413,#2857);
#2063=LINE('',#13417,#2858);
#2064=LINE('',#13421,#2859);
#2065=LINE('',#13427,#2860);
#2066=LINE('',#13431,#2861);
#2067=LINE('',#13433,#2862);
#2068=LINE('',#13435,#2863);
#2069=LINE('',#13437,#2864);
#2070=LINE('',#13441,#2865);
#2071=LINE('',#13443,#2866);
#2072=LINE('',#13444,#2867);
#2073=LINE('',#13449,#2868);
#2074=LINE('',#13451,#2869);
#2075=LINE('',#13453,#2870);
#2076=LINE('',#13454,#2871);
#2077=LINE('',#13460,#2872);
#2078=LINE('',#13463,#2873);
#2079=LINE('',#13466,#2874);
#2080=LINE('',#13469,#2875);
#2081=LINE('',#13471,#2876);
#2082=LINE('',#13473,#2877);
#2083=LINE('',#13475,#2878);
#2084=LINE('',#13477,#2879);
#2085=LINE('',#13478,#2880);
#2086=LINE('',#13483,#2881);
#2087=LINE('',#13484,#2882);
#2088=LINE('',#13487,#2883);
#2089=LINE('',#13488,#2884);
#2090=LINE('',#13491,#2885);
#2091=LINE('',#13493,#2886);
#2092=LINE('',#13495,#2887);
#2093=LINE('',#13496,#2888);
#2094=LINE('',#13502,#2889);
#2095=LINE('',#13504,#2890);
#2096=LINE('',#13505,#2891);
#2097=LINE('',#13509,#2892);
#2098=LINE('',#13511,#2893);
#2099=LINE('',#13513,#2894);
#2100=LINE('',#13515,#2895);
#2101=LINE('',#13516,#2896);
#2102=LINE('',#13520,#2897);
#2103=LINE('',#13522,#2898);
#2104=LINE('',#13524,#2899);
#2105=LINE('',#13525,#2900);
#2106=LINE('',#13528,#2901);
#2107=LINE('',#13530,#2902);
#2108=LINE('',#13532,#2903);
#2109=LINE('',#13533,#2904);
#2110=LINE('',#13536,#2905);
#2111=LINE('',#13538,#2906);
#2112=LINE('',#13539,#2907);
#2113=LINE('',#13542,#2908);
#2114=LINE('',#13543,#2909);
#2115=LINE('',#13550,#2910);
#2116=LINE('',#13552,#2911);
#2117=LINE('',#13556,#2912);
#2118=LINE('',#13559,#2913);
#2119=LINE('',#13562,#2914);
#2120=LINE('',#13563,#2915);
#2121=LINE('',#13566,#2916);
#2122=LINE('',#13567,#2917);
#2123=LINE('',#13574,#2918);
#2124=LINE('',#13576,#2919);
#2125=LINE('',#13580,#2920);
#2126=LINE('',#13584,#2921);
#2127=LINE('',#13585,#2922);
#2128=LINE('',#13588,#2923);
#2129=LINE('',#13590,#2924);
#2130=LINE('',#13592,#2925);
#2131=LINE('',#13593,#2926);
#2132=LINE('',#13595,#2927);
#2133=LINE('',#13597,#2928);
#2134=LINE('',#13598,#2929);
#2135=LINE('',#13600,#2930);
#2136=LINE('',#13603,#2931);
#2137=LINE('',#13606,#2932);
#2138=LINE('',#13607,#2933);
#2139=LINE('',#13609,#2934);
#2140=LINE('',#13613,#2935);
#2141=LINE('',#13615,#2936);
#2142=LINE('',#13616,#2937);
#2143=LINE('',#13619,#2938);
#2144=LINE('',#13621,#2939);
#2145=LINE('',#13622,#2940);
#2146=LINE('',#13628,#2941);
#2147=LINE('',#13631,#2942);
#2148=LINE('',#13633,#2943);
#2149=LINE('',#13637,#2944);
#2150=LINE('',#13640,#2945);
#2151=LINE('',#13643,#2946);
#2152=LINE('',#13646,#2947);
#2153=LINE('',#13647,#2948);
#2154=LINE('',#13662,#2949);
#2155=LINE('',#13663,#2950);
#2156=LINE('',#13665,#2951);
#2157=LINE('',#13687,#2952);
#2158=LINE('',#13689,#2953);
#2159=LINE('',#13707,#2954);
#2160=LINE('',#13715,#2955);
#2161=LINE('',#13723,#2956);
#2162=LINE('',#13729,#2957);
#2163=LINE('',#13732,#2958);
#2164=LINE('',#13736,#2959);
#2165=LINE('',#13739,#2960);
#2166=LINE('',#13742,#2961);
#2167=LINE('',#13746,#2962);
#2168=LINE('',#13749,#2963);
#2169=LINE('',#13753,#2964);
#2170=LINE('',#13756,#2965);
#2171=LINE('',#13759,#2966);
#2172=LINE('',#13764,#2967);
#2173=LINE('',#13767,#2968);
#2174=LINE('',#13768,#2969);
#2175=LINE('',#13772,#2970);
#2176=LINE('',#13775,#2971);
#2177=LINE('',#13778,#2972);
#2178=LINE('',#13782,#2973);
#2179=LINE('',#13785,#2974);
#2180=LINE('',#13789,#2975);
#2181=LINE('',#13792,#2976);
#2182=LINE('',#13795,#2977);
#2183=LINE('',#13800,#2978);
#2184=LINE('',#13804,#2979);
#2185=LINE('',#13808,#2980);
#2186=LINE('',#13810,#2981);
#2187=LINE('',#13812,#2982);
#2188=LINE('',#13813,#2983);
#2189=LINE('',#13815,#2984);
#2190=LINE('',#13817,#2985);
#2191=LINE('',#13819,#2986);
#2192=LINE('',#13825,#2987);
#2193=LINE('',#13827,#2988);
#2194=LINE('',#13828,#2989);
#2195=LINE('',#13830,#2990);
#2196=LINE('',#13831,#2991);
#2197=LINE('',#13833,#2992);
#2198=LINE('',#13838,#2993);
#2199=LINE('',#13839,#2994);
#2200=LINE('',#13842,#2995);
#2201=LINE('',#13844,#2996);
#2202=LINE('',#13845,#2997);
#2203=LINE('',#13847,#2998);
#2204=LINE('',#13849,#2999);
#2205=LINE('',#13852,#3000);
#2206=LINE('',#13854,#3001);
#2207=LINE('',#13860,#3002);
#2208=LINE('',#13863,#3003);
#2209=LINE('',#13868,#3004);
#2210=LINE('',#13869,#3005);
#2211=LINE('',#13873,#3006);
#2212=LINE('',#13876,#3007);
#2213=LINE('',#13877,#3008);
#2214=LINE('',#13879,#3009);
#2215=LINE('',#13881,#3010);
#2216=LINE('',#13883,#3011);
#2217=LINE('',#13884,#3012);
#2218=LINE('',#13887,#3013);
#2219=LINE('',#13889,#3014);
#2220=LINE('',#13981,#3015);
#2221=LINE('',#13982,#3016);
#2222=LINE('',#13985,#3017);
#2223=LINE('',#13989,#3018);
#2224=LINE('',#13992,#3019);
#2225=LINE('',#13993,#3020);
#2226=LINE('',#13996,#3021);
#2227=LINE('',#13997,#3022);
#2228=LINE('',#14000,#3023);
#2229=LINE('',#14003,#3024);
#2230=LINE('',#14006,#3025);
#2231=LINE('',#14007,#3026);
#2232=LINE('',#14011,#3027);
#2233=LINE('',#14013,#3028);
#2234=LINE('',#14014,#3029);
#2235=LINE('',#14016,#3030);
#2236=LINE('',#14018,#3031);
#2237=LINE('',#14021,#3032);
#2238=LINE('',#14022,#3033);
#2239=LINE('',#14024,#3034);
#2240=LINE('',#14028,#3035);
#2241=LINE('',#14029,#3036);
#2242=LINE('',#14032,#3037);
#2243=LINE('',#14035,#3038);
#2244=LINE('',#14036,#3039);
#2245=LINE('',#14042,#3040);
#2246=LINE('',#14048,#3041);
#2247=LINE('',#14052,#3042);
#2248=LINE('',#14054,#3043);
#2249=LINE('',#14056,#3044);
#2250=LINE('',#14058,#3045);
#2251=LINE('',#14059,#3046);
#2252=LINE('',#14062,#3047);
#2253=LINE('',#14064,#3048);
#2254=LINE('',#14065,#3049);
#2255=LINE('',#14068,#3050);
#2256=LINE('',#14069,#3051);
#2257=LINE('',#14073,#3052);
#2258=LINE('',#14074,#3053);
#2259=LINE('',#14075,#3054);
#2260=LINE('',#14078,#3055);
#2261=LINE('',#14079,#3056);
#2262=LINE('',#14081,#3057);
#2263=LINE('',#14084,#3058);
#2264=LINE('',#14086,#3059);
#2265=LINE('',#14087,#3060);
#2266=LINE('',#14090,#3061);
#2267=LINE('',#14091,#3062);
#2268=LINE('',#14094,#3063);
#2269=LINE('',#14095,#3064);
#2270=LINE('',#14097,#3065);
#2271=LINE('',#14100,#3066);
#2272=LINE('',#14103,#3067);
#2273=LINE('',#14112,#3068);
#2274=LINE('',#14116,#3069);
#2275=LINE('',#14118,#3070);
#2276=LINE('',#14119,#3071);
#2277=LINE('',#14122,#3072);
#2278=LINE('',#14123,#3073);
#2279=LINE('',#14126,#3074);
#2280=LINE('',#14127,#3075);
#2281=LINE('',#14129,#3076);
#2282=LINE('',#14134,#3077);
#2283=LINE('',#14139,#3078);
#2284=LINE('',#14142,#3079);
#2285=LINE('',#14145,#3080);
#2286=LINE('',#14147,#3081);
#2287=LINE('',#14151,#3082);
#2288=LINE('',#14156,#3083);
#2289=LINE('',#14165,#3084);
#2290=LINE('',#14168,#3085);
#2291=LINE('',#14169,#3086);
#2292=LINE('',#14178,#3087);
#2293=LINE('',#14181,#3088);
#2294=LINE('',#14197,#3089);
#2295=LINE('',#14199,#3090);
#2296=LINE('',#14201,#3091);
#2297=LINE('',#14203,#3092);
#2298=LINE('',#14205,#3093);
#2299=LINE('',#14206,#3094);
#2300=LINE('',#14209,#3095);
#2301=LINE('',#14226,#3096);
#2302=LINE('',#14229,#3097);
#2303=LINE('',#14232,#3098);
#2304=LINE('',#14234,#3099);
#2305=LINE('',#14236,#3100);
#2306=LINE('',#14238,#3101);
#2307=LINE('',#14239,#3102);
#2308=LINE('',#14245,#3103);
#2309=LINE('',#14248,#3104);
#2310=LINE('',#14253,#3105);
#2311=LINE('',#14258,#3106);
#2312=LINE('',#14260,#3107);
#2313=LINE('',#14261,#3108);
#2314=LINE('',#14263,#3109);
#2315=LINE('',#14265,#3110);
#2316=LINE('',#14269,#3111);
#2317=LINE('',#14272,#3112);
#2318=LINE('',#14275,#3113);
#2319=LINE('',#14278,#3114);
#2320=LINE('',#14283,#3115);
#2321=LINE('',#14285,#3116);
#2322=LINE('',#14289,#3117);
#2323=LINE('',#14291,#3118);
#2324=LINE('',#14308,#3119);
#2325=LINE('',#14310,#3120);
#2326=LINE('',#14312,#3121);
#2327=LINE('',#14314,#3122);
#2328=LINE('',#14315,#3123);
#2329=LINE('',#14331,#3124);
#2330=LINE('',#14333,#3125);
#2331=LINE('',#14335,#3126);
#2332=LINE('',#14337,#3127);
#2333=LINE('',#14338,#3128);
#2334=LINE('',#14342,#3129);
#2335=LINE('',#14346,#3130);
#2336=LINE('',#14351,#3131);
#2337=LINE('',#14356,#3132);
#2338=LINE('',#14360,#3133);
#2339=LINE('',#14363,#3134);
#2340=LINE('',#14366,#3135);
#2341=LINE('',#14367,#3136);
#2342=LINE('',#14371,#3137);
#2343=LINE('',#14373,#3138);
#2344=LINE('',#14377,#3139);
#2345=LINE('',#14380,#3140);
#2346=LINE('',#14383,#3141);
#2347=LINE('',#14384,#3142);
#2348=LINE('',#14391,#3143);
#2349=LINE('',#14393,#3144);
#2350=LINE('',#14396,#3145);
#2351=LINE('',#14397,#3146);
#2352=LINE('',#14404,#3147);
#2353=LINE('',#14406,#3148);
#2354=LINE('',#14408,#3149);
#2355=LINE('',#14409,#3150);
#2356=LINE('',#14412,#3151);
#2357=LINE('',#14414,#3152);
#2358=LINE('',#14415,#3153);
#2359=LINE('',#14418,#3154);
#2360=LINE('',#14419,#3155);
#2361=LINE('',#14422,#3156);
#2362=LINE('',#14423,#3157);
#2363=LINE('',#14425,#3158);
#2364=VECTOR('',#8653,10.);
#2365=VECTOR('',#8656,10.);
#2366=VECTOR('',#8669,10.);
#2367=VECTOR('',#8670,10.);
#2368=VECTOR('',#8683,10.);
#2369=VECTOR('',#8684,10.);
#2370=VECTOR('',#8687,10.);
#2371=VECTOR('',#8688,10.);
#2372=VECTOR('',#8689,10.);
#2373=VECTOR('',#8692,10.);
#2374=VECTOR('',#8697,10.);
#2375=VECTOR('',#8698,10.);
#2376=VECTOR('',#8701,10.);
#2377=VECTOR('',#8706,10.);
#2378=VECTOR('',#8707,10.);
#2379=VECTOR('',#8708,10.);
#2380=VECTOR('',#8711,10.);
#2381=VECTOR('',#8716,25.449596478862);
#2382=VECTOR('',#8721,23.999596478862);
#2383=VECTOR('',#8726,10.);
#2384=VECTOR('',#8727,10.);
#2385=VECTOR('',#8728,10.);
#2386=VECTOR('',#8729,10.);
#2387=VECTOR('',#8730,10.);
#2388=VECTOR('',#8731,10.);
#2389=VECTOR('',#8732,10.);
#2390=VECTOR('',#8733,10.);
#2391=VECTOR('',#8734,10.);
#2392=VECTOR('',#8735,10.);
#2393=VECTOR('',#8736,10.);
#2394=VECTOR('',#8737,10.);
#2395=VECTOR('',#8738,10.);
#2396=VECTOR('',#8739,10.);
#2397=VECTOR('',#8740,10.);
#2398=VECTOR('',#8741,10.);
#2399=VECTOR('',#8742,10.);
#2400=VECTOR('',#8743,10.);
#2401=VECTOR('',#8744,10.);
#2402=VECTOR('',#8745,10.);
#2403=VECTOR('',#8746,10.);
#2404=VECTOR('',#8747,10.);
#2405=VECTOR('',#8748,10.);
#2406=VECTOR('',#8749,10.);
#2407=VECTOR('',#8750,10.);
#2408=VECTOR('',#8751,10.);
#2409=VECTOR('',#8752,10.);
#2410=VECTOR('',#8753,10.);
#2411=VECTOR('',#8754,10.);
#2412=VECTOR('',#8755,10.);
#2413=VECTOR('',#8756,10.);
#2414=VECTOR('',#8757,10.);
#2415=VECTOR('',#8758,10.);
#2416=VECTOR('',#8759,10.);
#2417=VECTOR('',#8760,10.);
#2418=VECTOR('',#8761,10.);
#2419=VECTOR('',#8762,10.);
#2420=VECTOR('',#8763,10.);
#2421=VECTOR('',#8764,10.);
#2422=VECTOR('',#8765,10.);
#2423=VECTOR('',#8766,10.);
#2424=VECTOR('',#8767,10.);
#2425=VECTOR('',#8768,10.);
#2426=VECTOR('',#8769,10.);
#2427=VECTOR('',#8770,10.);
#2428=VECTOR('',#8771,10.);
#2429=VECTOR('',#8772,10.);
#2430=VECTOR('',#8773,10.);
#2431=VECTOR('',#8774,10.);
#2432=VECTOR('',#8775,10.);
#2433=VECTOR('',#8776,10.);
#2434=VECTOR('',#8777,10.);
#2435=VECTOR('',#8778,10.);
#2436=VECTOR('',#8779,10.);
#2437=VECTOR('',#8780,10.);
#2438=VECTOR('',#8781,10.);
#2439=VECTOR('',#8782,10.);
#2440=VECTOR('',#8783,10.);
#2441=VECTOR('',#8786,10.);
#2442=VECTOR('',#8787,10.);
#2443=VECTOR('',#8788,10.);
#2444=VECTOR('',#8789,10.);
#2445=VECTOR('',#8792,10.);
#2446=VECTOR('',#8793,10.);
#2447=VECTOR('',#8794,10.);
#2448=VECTOR('',#8797,10.);
#2449=VECTOR('',#8798,10.);
#2450=VECTOR('',#8799,10.);
#2451=VECTOR('',#8802,10.);
#2452=VECTOR('',#8805,10.);
#2453=VECTOR('',#8810,4.);
#2454=VECTOR('',#8819,10.);
#2455=VECTOR('',#8822,10.);
#2456=VECTOR('',#8835,10.);
#2457=VECTOR('',#8838,10.);
#2458=VECTOR('',#8843,10.);
#2459=VECTOR('',#8846,10.);
#2460=VECTOR('',#8849,10.);
#2461=VECTOR('',#8850,10.);
#2462=VECTOR('',#8855,10.);
#2463=VECTOR('',#8858,10.);
#2464=VECTOR('',#8861,10.);
#2465=VECTOR('',#8864,10.);
#2466=VECTOR('',#8867,10.);
#2467=VECTOR('',#8870,10.);
#2468=VECTOR('',#8873,10.);
#2469=VECTOR('',#8874,10.);
#2470=VECTOR('',#8881,2.15);
#2471=VECTOR('',#8884,10.);
#2472=VECTOR('',#8885,10.);
#2473=VECTOR('',#8886,10.);
#2474=VECTOR('',#8889,10.);
#2475=VECTOR('',#8892,10.);
#2476=VECTOR('',#8893,10.);
#2477=VECTOR('',#8894,10.);
#2478=VECTOR('',#8895,10.);
#2479=VECTOR('',#8896,10.);
#2480=VECTOR('',#8897,10.);
#2481=VECTOR('',#8898,10.);
#2482=VECTOR('',#8899,10.);
#2483=VECTOR('',#8900,10.);
#2484=VECTOR('',#8901,10.);
#2485=VECTOR('',#8904,10.);
#2486=VECTOR('',#8911,10.);
#2487=VECTOR('',#8914,10.);
#2488=VECTOR('',#8915,10.);
#2489=VECTOR('',#8916,10.);
#2490=VECTOR('',#8919,10.);
#2491=VECTOR('',#8922,10.);
#2492=VECTOR('',#8923,10.);
#2493=VECTOR('',#8924,10.);
#2494=VECTOR('',#8925,10.);
#2495=VECTOR('',#8926,10.);
#2496=VECTOR('',#8927,10.);
#2497=VECTOR('',#8928,10.);
#2498=VECTOR('',#8929,10.);
#2499=VECTOR('',#8930,10.);
#2500=VECTOR('',#8931,10.);
#2501=VECTOR('',#8932,10.);
#2502=VECTOR('',#8933,10.);
#2503=VECTOR('',#8934,10.);
#2504=VECTOR('',#8935,10.);
#2505=VECTOR('',#8938,10.);
#2506=VECTOR('',#8955,10.);
#2507=VECTOR('',#8956,10.);
#2508=VECTOR('',#8957,10.);
#2509=VECTOR('',#8962,2.15);
#2510=VECTOR('',#8981,10.);
#2511=VECTOR('',#8986,2.15);
#2512=VECTOR('',#8993,2.15);
#2513=VECTOR('',#8998,10.);
#2514=VECTOR('',#9001,10.);
#2515=VECTOR('',#9002,10.);
#2516=VECTOR('',#9005,10.);
#2517=VECTOR('',#9008,10.);
#2518=VECTOR('',#9013,10.);
#2519=VECTOR('',#9016,10.);
#2520=VECTOR('',#9021,10.);
#2521=VECTOR('',#9022,10.);
#2522=VECTOR('',#9025,10.);
#2523=VECTOR('',#9026,10.);
#2524=VECTOR('',#9029,10.);
#2525=VECTOR('',#9032,10.);
#2526=VECTOR('',#9033,10.);
#2527=VECTOR('',#9034,10.);
#2528=VECTOR('',#9035,10.);
#2529=VECTOR('',#9036,10.);
#2530=VECTOR('',#9037,10.);
#2531=VECTOR('',#9038,10.);
#2532=VECTOR('',#9039,10.);
#2533=VECTOR('',#9040,10.);
#2534=VECTOR('',#9041,10.);
#2535=VECTOR('',#9042,10.);
#2536=VECTOR('',#9043,10.);
#2537=VECTOR('',#9044,10.);
#2538=VECTOR('',#9045,10.);
#2539=VECTOR('',#9046,10.);
#2540=VECTOR('',#9047,10.);
#2541=VECTOR('',#9048,10.);
#2542=VECTOR('',#9049,10.);
#2543=VECTOR('',#9050,10.);
#2544=VECTOR('',#9051,10.);
#2545=VECTOR('',#9052,10.);
#2546=VECTOR('',#9053,10.);
#2547=VECTOR('',#9054,10.);
#2548=VECTOR('',#9055,10.);
#2549=VECTOR('',#9056,10.);
#2550=VECTOR('',#9057,10.);
#2551=VECTOR('',#9058,10.);
#2552=VECTOR('',#9059,10.);
#2553=VECTOR('',#9060,10.);
#2554=VECTOR('',#9061,10.);
#2555=VECTOR('',#9062,10.);
#2556=VECTOR('',#9063,10.);
#2557=VECTOR('',#9064,10.);
#2558=VECTOR('',#9065,10.);
#2559=VECTOR('',#9066,10.);
#2560=VECTOR('',#9067,10.);
#2561=VECTOR('',#9068,10.);
#2562=VECTOR('',#9069,10.);
#2563=VECTOR('',#9070,10.);
#2564=VECTOR('',#9071,10.);
#2565=VECTOR('',#9072,10.);
#2566=VECTOR('',#9073,10.);
#2567=VECTOR('',#9074,10.);
#2568=VECTOR('',#9075,10.);
#2569=VECTOR('',#9076,10.);
#2570=VECTOR('',#9077,10.);
#2571=VECTOR('',#9078,10.);
#2572=VECTOR('',#9079,10.);
#2573=VECTOR('',#9080,10.);
#2574=VECTOR('',#9081,10.);
#2575=VECTOR('',#9082,10.);
#2576=VECTOR('',#9083,10.);
#2577=VECTOR('',#9084,10.);
#2578=VECTOR('',#9085,10.);
#2579=VECTOR('',#9086,10.);
#2580=VECTOR('',#9087,10.);
#2581=VECTOR('',#9088,10.);
#2582=VECTOR('',#9089,10.);
#2583=VECTOR('',#9092,10.);
#2584=VECTOR('',#9093,10.);
#2585=VECTOR('',#9094,10.);
#2586=VECTOR('',#9095,10.);
#2587=VECTOR('',#9098,10.);
#2588=VECTOR('',#9099,10.);
#2589=VECTOR('',#9100,10.);
#2590=VECTOR('',#9101,10.);
#2591=VECTOR('',#9102,10.);
#2592=VECTOR('',#9103,10.);
#2593=VECTOR('',#9104,10.);
#2594=VECTOR('',#9105,10.);
#2595=VECTOR('',#9108,10.);
#2596=VECTOR('',#9111,10.);
#2597=VECTOR('',#9114,10.);
#2598=VECTOR('',#9115,10.);
#2599=VECTOR('',#9116,10.);
#2600=VECTOR('',#9117,10.);
#2601=VECTOR('',#9118,10.);
#2602=VECTOR('',#9121,10.);
#2603=VECTOR('',#9122,10.);
#2604=VECTOR('',#9125,10.);
#2605=VECTOR('',#9128,10.);
#2606=VECTOR('',#9131,10.);
#2607=VECTOR('',#9132,10.);
#2608=VECTOR('',#9135,10.);
#2609=VECTOR('',#9138,10.);
#2610=VECTOR('',#9139,10.);
#2611=VECTOR('',#9140,10.);
#2612=VECTOR('',#9141,10.);
#2613=VECTOR('',#9142,10.);
#2614=VECTOR('',#9145,10.);
#2615=VECTOR('',#9146,10.);
#2616=VECTOR('',#9149,10.);
#2617=VECTOR('',#9152,10.);
#2618=VECTOR('',#9153,10.);
#2619=VECTOR('',#9154,10.);
#2620=VECTOR('',#9157,10.);
#2621=VECTOR('',#9160,10.);
#2622=VECTOR('',#9163,10.);
#2623=VECTOR('',#9166,10.);
#2624=VECTOR('',#9167,10.);
#2625=VECTOR('',#9168,10.);
#2626=VECTOR('',#9169,10.);
#2627=VECTOR('',#9170,10.);
#2628=VECTOR('',#9171,10.);
#2629=VECTOR('',#9176,10.);
#2630=VECTOR('',#9177,10.);
#2631=VECTOR('',#9178,10.);
#2632=VECTOR('',#9183,10.);
#2633=VECTOR('',#9184,10.);
#2634=VECTOR('',#9185,10.);
#2635=VECTOR('',#9188,10.);
#2636=VECTOR('',#9189,10.);
#2637=VECTOR('',#9192,10.);
#2638=VECTOR('',#9195,10.);
#2639=VECTOR('',#9198,10.);
#2640=VECTOR('',#9201,10.);
#2641=VECTOR('',#9204,10.);
#2642=VECTOR('',#9207,10.);
#2643=VECTOR('',#9216,10.);
#2644=VECTOR('',#9219,10.);
#2645=VECTOR('',#9228,10.);
#2646=VECTOR('',#9231,10.);
#2647=VECTOR('',#9240,10.);
#2648=VECTOR('',#9243,10.);
#2649=VECTOR('',#9246,10.);
#2650=VECTOR('',#9247,10.);
#2651=VECTOR('',#9248,10.);
#2652=VECTOR('',#9249,10.);
#2653=VECTOR('',#9250,10.);
#2654=VECTOR('',#9251,10.);
#2655=VECTOR('',#9252,10.);
#2656=VECTOR('',#9253,10.);
#2657=VECTOR('',#9256,10.);
#2658=VECTOR('',#9259,10.);
#2659=VECTOR('',#9264,10.);
#2660=VECTOR('',#9267,10.);
#2661=VECTOR('',#9270,10.);
#2662=VECTOR('',#9271,10.);
#2663=VECTOR('',#9272,10.);
#2664=VECTOR('',#9273,10.);
#2665=VECTOR('',#9274,10.);
#2666=VECTOR('',#9275,10.);
#2667=VECTOR('',#9276,10.);
#2668=VECTOR('',#9277,10.);
#2669=VECTOR('',#9278,10.);
#2670=VECTOR('',#9279,10.);
#2671=VECTOR('',#9280,10.);
#2672=VECTOR('',#9281,10.);
#2673=VECTOR('',#9284,10.);
#2674=VECTOR('',#9285,10.);
#2675=VECTOR('',#9286,10.);
#2676=VECTOR('',#9287,10.);
#2677=VECTOR('',#9288,10.);
#2678=VECTOR('',#9289,10.);
#2679=VECTOR('',#9290,10.);
#2680=VECTOR('',#9291,10.);
#2681=VECTOR('',#9296,10.);
#2682=VECTOR('',#9299,10.);
#2683=VECTOR('',#9302,10.);
#2684=VECTOR('',#9305,10.);
#2685=VECTOR('',#9312,10.);
#2686=VECTOR('',#9315,10.);
#2687=VECTOR('',#9318,10.);
#2688=VECTOR('',#9325,10.);
#2689=VECTOR('',#9326,10.);
#2690=VECTOR('',#9327,10.);
#2691=VECTOR('',#9328,10.);
#2692=VECTOR('',#9331,10.);
#2693=VECTOR('',#9332,10.);
#2694=VECTOR('',#9333,10.);
#2695=VECTOR('',#9336,10.);
#2696=VECTOR('',#9337,10.);
#2697=VECTOR('',#9338,10.);
#2698=VECTOR('',#9341,10.);
#2699=VECTOR('',#9342,10.);
#2700=VECTOR('',#9349,10.);
#2701=VECTOR('',#9350,10.);
#2702=VECTOR('',#9351,10.);
#2703=VECTOR('',#9352,10.);
#2704=VECTOR('',#9355,10.);
#2705=VECTOR('',#9356,10.);
#2706=VECTOR('',#9357,10.);
#2707=VECTOR('',#9358,10.);
#2708=VECTOR('',#9359,10.);
#2709=VECTOR('',#9360,10.);
#2710=VECTOR('',#9361,10.);
#2711=VECTOR('',#9362,10.);
#2712=VECTOR('',#9363,10.);
#2713=VECTOR('',#9364,10.);
#2714=VECTOR('',#9365,10.);
#2715=VECTOR('',#9366,10.);
#2716=VECTOR('',#9367,10.);
#2717=VECTOR('',#9368,10.);
#2718=VECTOR('',#9369,10.);
#2719=VECTOR('',#9370,10.);
#2720=VECTOR('',#9371,10.);
#2721=VECTOR('',#9374,10.);
#2722=VECTOR('',#9375,10.);
#2723=VECTOR('',#9376,10.);
#2724=VECTOR('',#9377,10.);
#2725=VECTOR('',#9380,10.);
#2726=VECTOR('',#9381,10.);
#2727=VECTOR('',#9382,10.);
#2728=VECTOR('',#9383,10.);
#2729=VECTOR('',#9386,10.);
#2730=VECTOR('',#9387,10.);
#2731=VECTOR('',#9388,10.);
#2732=VECTOR('',#9389,10.);
#2733=VECTOR('',#9392,10.);
#2734=VECTOR('',#9393,10.);
#2735=VECTOR('',#9394,10.);
#2736=VECTOR('',#9395,10.);
#2737=VECTOR('',#9396,10.);
#2738=VECTOR('',#9397,10.);
#2739=VECTOR('',#9398,10.);
#2740=VECTOR('',#9401,10.);
#2741=VECTOR('',#9402,10.);
#2742=VECTOR('',#9405,10.);
#2743=VECTOR('',#9406,10.);
#2744=VECTOR('',#9409,10.);
#2745=VECTOR('',#9410,10.);
#2746=VECTOR('',#9411,10.);
#2747=VECTOR('',#9412,10.);
#2748=VECTOR('',#9413,10.);
#2749=VECTOR('',#9416,10.);
#2750=VECTOR('',#9417,10.);
#2751=VECTOR('',#9420,10.);
#2752=VECTOR('',#9423,10.);
#2753=VECTOR('',#9424,10.);
#2754=VECTOR('',#9425,10.);
#2755=VECTOR('',#9426,10.);
#2756=VECTOR('',#9427,10.);
#2757=VECTOR('',#9428,10.);
#2758=VECTOR('',#9429,10.);
#2759=VECTOR('',#9430,10.);
#2760=VECTOR('',#9431,10.);
#2761=VECTOR('',#9432,10.);
#2762=VECTOR('',#9433,10.);
#2763=VECTOR('',#9434,10.);
#2764=VECTOR('',#9435,10.);
#2765=VECTOR('',#9438,10.);
#2766=VECTOR('',#9441,10.);
#2767=VECTOR('',#9442,10.);
#2768=VECTOR('',#9443,10.);
#2769=VECTOR('',#9444,10.);
#2770=VECTOR('',#9445,10.);
#2771=VECTOR('',#9446,10.);
#2772=VECTOR('',#9447,10.);
#2773=VECTOR('',#9448,10.);
#2774=VECTOR('',#9449,10.);
#2775=VECTOR('',#9450,10.);
#2776=VECTOR('',#9451,10.);
#2777=VECTOR('',#9452,10.);
#2778=VECTOR('',#9453,10.);
#2779=VECTOR('',#9454,10.);
#2780=VECTOR('',#9455,10.);
#2781=VECTOR('',#9456,10.);
#2782=VECTOR('',#9463,10.);
#2783=VECTOR('',#9464,10.);
#2784=VECTOR('',#9465,10.);
#2785=VECTOR('',#9466,10.);
#2786=VECTOR('',#9469,10.);
#2787=VECTOR('',#9470,10.);
#2788=VECTOR('',#9471,10.);
#2789=VECTOR('',#9472,10.);
#2790=VECTOR('',#9473,10.);
#2791=VECTOR('',#9476,10.);
#2792=VECTOR('',#9477,10.);
#2793=VECTOR('',#9478,10.);
#2794=VECTOR('',#9481,10.);
#2795=VECTOR('',#9482,10.);
#2796=VECTOR('',#9483,10.);
#2797=VECTOR('',#9486,10.);
#2798=VECTOR('',#9487,10.);
#2799=VECTOR('',#9490,10.);
#2800=VECTOR('',#9491,10.);
#2801=VECTOR('',#9494,10.);
#2802=VECTOR('',#9497,10.);
#2803=VECTOR('',#9498,10.);
#2804=VECTOR('',#9501,10.);
#2805=VECTOR('',#9502,10.);
#2806=VECTOR('',#9505,10.);
#2807=VECTOR('',#9506,10.);
#2808=VECTOR('',#9507,10.);
#2809=VECTOR('',#9510,10.);
#2810=VECTOR('',#9511,10.);
#2811=VECTOR('',#9512,10.);
#2812=VECTOR('',#9513,10.);
#2813=VECTOR('',#9514,10.);
#2814=VECTOR('',#9515,10.);
#2815=VECTOR('',#9516,10.);
#2816=VECTOR('',#9517,10.);
#2817=VECTOR('',#9518,10.);
#2818=VECTOR('',#9519,10.);
#2819=VECTOR('',#9524,10.);
#2820=VECTOR('',#9525,10.);
#2821=VECTOR('',#9526,10.);
#2822=VECTOR('',#9527,10.);
#2823=VECTOR('',#9528,10.);
#2824=VECTOR('',#9529,10.);
#2825=VECTOR('',#9530,10.);
#2826=VECTOR('',#9539,10.);
#2827=VECTOR('',#9542,10.);
#2828=VECTOR('',#9545,10.);
#2829=VECTOR('',#9548,10.);
#2830=VECTOR('',#9549,10.);
#2831=VECTOR('',#9552,10.);
#2832=VECTOR('',#9555,10.);
#2833=VECTOR('',#9562,10.);
#2834=VECTOR('',#9565,10.);
#2835=VECTOR('',#9570,10.);
#2836=VECTOR('',#9571,10.);
#2837=VECTOR('',#9576,10.);
#2838=VECTOR('',#9579,10.);
#2839=VECTOR('',#9582,10.);
#2840=VECTOR('',#9583,10.);
#2841=VECTOR('',#9584,10.);
#2842=VECTOR('',#9585,10.);
#2843=VECTOR('',#9588,10.);
#2844=VECTOR('',#9589,10.);
#2845=VECTOR('',#9590,10.);
#2846=VECTOR('',#9593,10.);
#2847=VECTOR('',#9594,10.);
#2848=VECTOR('',#9595,10.);
#2849=VECTOR('',#9598,10.);
#2850=VECTOR('',#9599,10.);
#2851=VECTOR('',#9600,10.);
#2852=VECTOR('',#9607,10.);
#2853=VECTOR('',#9608,10.);
#2854=VECTOR('',#9609,10.);
#2855=VECTOR('',#9610,10.);
#2856=VECTOR('',#9615,2.2);
#2857=VECTOR('',#9620,1.5);
#2858=VECTOR('',#9625,2.20000000000001);
#2859=VECTOR('',#9630,1.5);
#2860=VECTOR('',#9637,2.2);
#2861=VECTOR('',#9642,10.);
#2862=VECTOR('',#9643,10.);
#2863=VECTOR('',#9644,10.);
#2864=VECTOR('',#9645,10.);
#2865=VECTOR('',#9648,10.);
#2866=VECTOR('',#9649,10.);
#2867=VECTOR('',#9650,10.);
#2868=VECTOR('',#9653,10.);
#2869=VECTOR('',#9654,10.);
#2870=VECTOR('',#9655,10.);
#2871=VECTOR('',#9656,10.);
#2872=VECTOR('',#9663,1.5);
#2873=VECTOR('',#9666,2.20000000000001);
#2874=VECTOR('',#9671,1.5);
#2875=VECTOR('',#9674,10.);
#2876=VECTOR('',#9675,10.);
#2877=VECTOR('',#9676,10.);
#2878=VECTOR('',#9677,10.);
#2879=VECTOR('',#9678,10.);
#2880=VECTOR('',#9679,10.);
#2881=VECTOR('',#9684,10.);
#2882=VECTOR('',#9685,10.);
#2883=VECTOR('',#9688,10.);
#2884=VECTOR('',#9689,10.);
#2885=VECTOR('',#9692,10.);
#2886=VECTOR('',#9693,10.);
#2887=VECTOR('',#9694,10.);
#2888=VECTOR('',#9695,10.);
#2889=VECTOR('',#9700,10.);
#2890=VECTOR('',#9701,10.);
#2891=VECTOR('',#9702,10.);
#2892=VECTOR('',#9705,10.);
#2893=VECTOR('',#9706,10.);
#2894=VECTOR('',#9707,10.);
#2895=VECTOR('',#9708,10.);
#2896=VECTOR('',#9709,10.);
#2897=VECTOR('',#9712,10.);
#2898=VECTOR('',#9713,10.);
#2899=VECTOR('',#9714,10.);
#2900=VECTOR('',#9715,10.);
#2901=VECTOR('',#9718,10.);
#2902=VECTOR('',#9719,10.);
#2903=VECTOR('',#9720,10.);
#2904=VECTOR('',#9721,10.);
#2905=VECTOR('',#9724,10.);
#2906=VECTOR('',#9725,10.);
#2907=VECTOR('',#9726,10.);
#2908=VECTOR('',#9729,10.);
#2909=VECTOR('',#9730,10.);
#2910=VECTOR('',#9731,10.);
#2911=VECTOR('',#9732,10.);
#2912=VECTOR('',#9735,10.);
#2913=VECTOR('',#9738,10.);
#2914=VECTOR('',#9741,10.);
#2915=VECTOR('',#9742,10.);
#2916=VECTOR('',#9745,10.);
#2917=VECTOR('',#9746,10.);
#2918=VECTOR('',#9747,10.);
#2919=VECTOR('',#9748,10.);
#2920=VECTOR('',#9751,10.);
#2921=VECTOR('',#9754,10.);
#2922=VECTOR('',#9755,10.);
#2923=VECTOR('',#9758,10.);
#2924=VECTOR('',#9759,10.);
#2925=VECTOR('',#9760,10.);
#2926=VECTOR('',#9761,10.);
#2927=VECTOR('',#9764,10.);
#2928=VECTOR('',#9765,10.);
#2929=VECTOR('',#9766,10.);
#2930=VECTOR('',#9769,10.);
#2931=VECTOR('',#9772,1.6);
#2932=VECTOR('',#9777,10.);
#2933=VECTOR('',#9778,10.);
#2934=VECTOR('',#9781,10.);
#2935=VECTOR('',#9786,10.);
#2936=VECTOR('',#9787,10.);
#2937=VECTOR('',#9788,10.);
#2938=VECTOR('',#9791,10.);
#2939=VECTOR('',#9792,10.);
#2940=VECTOR('',#9793,10.);
#2941=VECTOR('',#9800,10.);
#2942=VECTOR('',#9803,10.);
#2943=VECTOR('',#9806,10.);
#2944=VECTOR('',#9809,10.);
#2945=VECTOR('',#9812,10.);
#2946=VECTOR('',#9815,10.);
#2947=VECTOR('',#9820,10.);
#2948=VECTOR('',#9821,10.);
#2949=VECTOR('',#9824,10.);
#2950=VECTOR('',#9825,10.);
#2951=VECTOR('',#9826,10.);
#2952=VECTOR('',#9829,10.);
#2953=VECTOR('',#9830,10.);
#2954=VECTOR('',#9841,10.);
#2955=VECTOR('',#9848,10.);
#2956=VECTOR('',#9855,10.);
#2957=VECTOR('',#9862,10.);
#2958=VECTOR('',#9865,10.);
#2959=VECTOR('',#9870,10.);
#2960=VECTOR('',#9873,10.);
#2961=VECTOR('',#9878,10.);
#2962=VECTOR('',#9883,10.);
#2963=VECTOR('',#9886,10.);
#2964=VECTOR('',#9891,10.);
#2965=VECTOR('',#9894,10.);
#2966=VECTOR('',#9899,10.);
#2967=VECTOR('',#9904,10.);
#2968=VECTOR('',#9907,10.);
#2969=VECTOR('',#9908,10.);
#2970=VECTOR('',#9913,10.);
#2971=VECTOR('',#9916,10.);
#2972=VECTOR('',#9921,10.);
#2973=VECTOR('',#9926,10.);
#2974=VECTOR('',#9929,10.);
#2975=VECTOR('',#9934,10.);
#2976=VECTOR('',#9937,10.);
#2977=VECTOR('',#9942,10.);
#2978=VECTOR('',#9949,5.9);
#2979=VECTOR('',#9954,4.9);
#2980=VECTOR('',#9957,10.);
#2981=VECTOR('',#9958,10.);
#2982=VECTOR('',#9959,10.);
#2983=VECTOR('',#9960,10.);
#2984=VECTOR('',#9963,10.);
#2985=VECTOR('',#9964,10.);
#2986=VECTOR('',#9965,10.);
#2987=VECTOR('',#9966,10.);
#2988=VECTOR('',#9969,10.);
#2989=VECTOR('',#9970,10.);
#2990=VECTOR('',#9973,10.);
#2991=VECTOR('',#9974,10.);
#2992=VECTOR('',#9977,10.);
#2993=VECTOR('',#9984,10.);
#2994=VECTOR('',#9985,10.);
#2995=VECTOR('',#9988,10.);
#2996=VECTOR('',#9989,10.);
#2997=VECTOR('',#9990,10.);
#2998=VECTOR('',#9993,10.);
#2999=VECTOR('',#9996,10.);
#3000=VECTOR('',#10001,5.9);
#3001=VECTOR('',#10004,4.9);
#3002=VECTOR('',#10009,800.5);
#3003=VECTOR('',#10012,10.);
#3004=VECTOR('',#10017,10.);
#3005=VECTOR('',#10018,10.);
#3006=VECTOR('',#10023,10.);
#3007=VECTOR('',#10026,10.);
#3008=VECTOR('',#10027,10.);
#3009=VECTOR('',#10030,10.);
#3010=VECTOR('',#10033,10.);
#3011=VECTOR('',#10036,10.);
#3012=VECTOR('',#10037,10.);
#3013=VECTOR('',#10042,10.);
#3014=VECTOR('',#10043,10.);
#3015=VECTOR('',#10046,10.);
#3016=VECTOR('',#10047,10.);
#3017=VECTOR('',#10050,10.);
#3018=VECTOR('',#10053,10.);
#3019=VECTOR('',#10056,10.);
#3020=VECTOR('',#10057,10.);
#3021=VECTOR('',#10060,10.);
#3022=VECTOR('',#10061,10.);
#3023=VECTOR('',#10064,10.);
#3024=VECTOR('',#10067,10.);
#3025=VECTOR('',#10070,10.);
#3026=VECTOR('',#10071,10.);
#3027=VECTOR('',#10076,10.);
#3028=VECTOR('',#10079,10.);
#3029=VECTOR('',#10080,10.);
#3030=VECTOR('',#10083,10.);
#3031=VECTOR('',#10086,10.);
#3032=VECTOR('',#10089,10.);
#3033=VECTOR('',#10090,10.);
#3034=VECTOR('',#10093,10.);
#3035=VECTOR('',#10100,10.);
#3036=VECTOR('',#10101,10.);
#3037=VECTOR('',#10106,10.);
#3038=VECTOR('',#10109,10.);
#3039=VECTOR('',#10110,10.);
#3040=VECTOR('',#10119,1.6);
#3041=VECTOR('',#10126,1.6);
#3042=VECTOR('',#10131,10.);
#3043=VECTOR('',#10132,10.);
#3044=VECTOR('',#10133,10.);
#3045=VECTOR('',#10134,10.);
#3046=VECTOR('',#10135,10.);
#3047=VECTOR('',#10138,10.);
#3048=VECTOR('',#10139,10.);
#3049=VECTOR('',#10140,10.);
#3050=VECTOR('',#10143,10.);
#3051=VECTOR('',#10144,10.);
#3052=VECTOR('',#10147,10.);
#3053=VECTOR('',#10148,10.);
#3054=VECTOR('',#10149,10.);
#3055=VECTOR('',#10152,10.);
#3056=VECTOR('',#10153,10.);
#3057=VECTOR('',#10156,10.);
#3058=VECTOR('',#10159,10.);
#3059=VECTOR('',#10160,10.);
#3060=VECTOR('',#10161,10.);
#3061=VECTOR('',#10164,10.);
#3062=VECTOR('',#10165,10.);
#3063=VECTOR('',#10168,10.);
#3064=VECTOR('',#10169,10.);
#3065=VECTOR('',#10172,10.);
#3066=VECTOR('',#10175,10.);
#3067=VECTOR('',#10178,10.);
#3068=VECTOR('',#10191,3.75);
#3069=VECTOR('',#10196,10.);
#3070=VECTOR('',#10197,10.);
#3071=VECTOR('',#10198,10.);
#3072=VECTOR('',#10201,10.);
#3073=VECTOR('',#10202,10.);
#3074=VECTOR('',#10205,10.);
#3075=VECTOR('',#10206,10.);
#3076=VECTOR('',#10209,10.);
#3077=VECTOR('',#10216,4.);
#3078=VECTOR('',#10223,10.);
#3079=VECTOR('',#10228,10.);
#3080=VECTOR('',#10233,10.);
#3081=VECTOR('',#10236,10.);
#3082=VECTOR('',#10241,2.15);
#3083=VECTOR('',#10248,2.15);
#3084=VECTOR('',#10261,1.6);
#3085=VECTOR('',#10266,10.);
#3086=VECTOR('',#10267,10.);
#3087=VECTOR('',#10278,10.);
#3088=VECTOR('',#10281,10.);
#3089=VECTOR('',#10290,10.);
#3090=VECTOR('',#10291,10.);
#3091=VECTOR('',#10292,10.);
#3092=VECTOR('',#10293,10.);
#3093=VECTOR('',#10294,10.);
#3094=VECTOR('',#10295,10.);
#3095=VECTOR('',#10298,10.);
#3096=VECTOR('',#10309,10.);
#3097=VECTOR('',#10312,10.);
#3098=VECTOR('',#10315,10.);
#3099=VECTOR('',#10316,10.);
#3100=VECTOR('',#10317,10.);
#3101=VECTOR('',#10318,10.);
#3102=VECTOR('',#10319,10.);
#3103=VECTOR('',#10324,10.);
#3104=VECTOR('',#10327,10.);
#3105=VECTOR('',#10332,10.);
#3106=VECTOR('',#10337,10.);
#3107=VECTOR('',#10340,10.);
#3108=VECTOR('',#10341,10.);
#3109=VECTOR('',#10344,10.);
#3110=VECTOR('',#10347,10.);
#3111=VECTOR('',#10352,10.);
#3112=VECTOR('',#10357,10.);
#3113=VECTOR('',#10360,10.);
#3114=VECTOR('',#10365,10.);
#3115=VECTOR('',#10372,10.);
#3116=VECTOR('',#10375,10.);
#3117=VECTOR('',#10380,10.);
#3118=VECTOR('',#10383,10.);
#3119=VECTOR('',#10394,10.);
#3120=VECTOR('',#10395,10.);
#3121=VECTOR('',#10396,10.);
#3122=VECTOR('',#10397,10.);
#3123=VECTOR('',#10398,10.);
#3124=VECTOR('',#10407,10.);
#3125=VECTOR('',#10408,10.);
#3126=VECTOR('',#10409,10.);
#3127=VECTOR('',#10410,10.);
#3128=VECTOR('',#10411,10.);
#3129=VECTOR('',#10414,10.);
#3130=VECTOR('',#10417,10.);
#3131=VECTOR('',#10422,10.);
#3132=VECTOR('',#10427,10.);
#3133=VECTOR('',#10432,10.);
#3134=VECTOR('',#10435,10.);
#3135=VECTOR('',#10438,10.);
#3136=VECTOR('',#10439,10.);
#3137=VECTOR('',#10444,10.);
#3138=VECTOR('',#10447,10.);
#3139=VECTOR('',#10452,10.);
#3140=VECTOR('',#10457,10.);
#3141=VECTOR('',#10460,10.);
#3142=VECTOR('',#10461,10.);
#3143=VECTOR('',#10472,10.);
#3144=VECTOR('',#10475,10.);
#3145=VECTOR('',#10478,10.);
#3146=VECTOR('',#10479,10.);
#3147=VECTOR('',#10488,10.);
#3148=VECTOR('',#10489,10.);
#3149=VECTOR('',#10490,10.);
#3150=VECTOR('',#10491,10.);
#3151=VECTOR('',#10494,10.);
#3152=VECTOR('',#10495,10.);
#3153=VECTOR('',#10496,10.);
#3154=VECTOR('',#10499,10.);
#3155=VECTOR('',#10500,10.);
#3156=VECTOR('',#10503,10.);
#3157=VECTOR('',#10504,10.);
#3158=VECTOR('',#10507,10.);
#3159=CIRCLE('',#8115,0.5);
#3160=CIRCLE('',#8116,0.500000000000007);
#3161=CIRCLE('',#8118,0.500000000000003);
#3162=CIRCLE('',#8119,24.5);
#3163=CIRCLE('',#8120,25.);
#3164=CIRCLE('',#8122,0.500000000000003);
#3165=CIRCLE('',#8124,0.5);
#3166=CIRCLE('',#8125,24.5);
#3167=CIRCLE('',#8126,25.);
#3168=CIRCLE('',#8128,0.5);
#3169=CIRCLE('',#8131,25.);
#3170=CIRCLE('',#8134,25.);
#3171=CIRCLE('',#8138,26.899596478862);
#3172=CIRCLE('',#8139,23.999596478862);
#3173=CIRCLE('',#8141,23.999596478862);
#3174=CIRCLE('',#8149,4.);
#3175=CIRCLE('',#8150,4.);
#3176=CIRCLE('',#8153,14.);
#3177=CIRCLE('',#8154,14.);
#3178=CIRCLE('',#8156,4.);
#3179=CIRCLE('',#8157,4.);
#3180=CIRCLE('',#8160,4.49999999999999);
#3181=CIRCLE('',#8161,4.49999999999999);
#3182=CIRCLE('',#8163,4.49999999999999);
#3183=CIRCLE('',#8164,4.49999999999999);
#3184=CIRCLE('',#8166,2.15);
#3185=CIRCLE('',#8168,4.5);
#3186=CIRCLE('',#8170,4.5);
#3187=CIRCLE('',#8172,4.5);
#3188=CIRCLE('',#8174,2.15);
#3189=CIRCLE('',#8176,2.15);
#3190=CIRCLE('',#8178,25.);
#3191=CIRCLE('',#8179,25.);
#3192=CIRCLE('',#8180,25.);
#3193=CIRCLE('',#8181,25.);
#3194=CIRCLE('',#8183,25.);
#3195=CIRCLE('',#8185,25.);
#3196=CIRCLE('',#8186,25.);
#3197=CIRCLE('',#8187,25.);
#3198=CIRCLE('',#8189,4.5);
#3199=CIRCLE('',#8191,4.5);
#3200=CIRCLE('',#8192,2.15);
#3201=CIRCLE('',#8194,4.5);
#3202=CIRCLE('',#8196,4.49999999999999);
#3203=CIRCLE('',#8198,2.15);
#3204=CIRCLE('',#8200,4.49999999999999);
#3205=CIRCLE('',#8201,4.49999999999999);
#3206=CIRCLE('',#8202,2.15);
#3207=CIRCLE('',#8204,4.49999999999999);
#3208=CIRCLE('',#8207,4.);
#3209=CIRCLE('',#8209,2.15);
#3210=CIRCLE('',#8211,2.15);
#3211=CIRCLE('',#8213,4.);
#3212=CIRCLE('',#8218,4.);
#3213=CIRCLE('',#8284,4.);
#3214=CIRCLE('',#8307,25.);
#3215=CIRCLE('',#8308,25.);
#3216=CIRCLE('',#8309,4.);
#3217=CIRCLE('',#8310,14.);
#3218=CIRCLE('',#8311,3.75);
#3219=CIRCLE('',#8312,4.);
#3220=CIRCLE('',#8322,4.9);
#3221=CIRCLE('',#8323,5.9);
#3222=CIRCLE('',#8324,1.5);
#3223=CIRCLE('',#8325,1.5);
#3224=CIRCLE('',#8336,0.5);
#3225=CIRCLE('',#8341,0.5);
#3226=CIRCLE('',#8345,37.);
#3227=CIRCLE('',#8346,2.9);
#3228=CIRCLE('',#8347,5.9);
#3229=CIRCLE('',#8348,4.9);
#3230=CIRCLE('',#8349,2.90000000000001);
#3231=CIRCLE('',#8351,1.5);
#3232=CIRCLE('',#8353,1.5);
#3233=CIRCLE('',#8355,1.5);
#3234=CIRCLE('',#8357,1.5);
#3235=CIRCLE('',#8359,2.9);
#3236=CIRCLE('',#8360,1.5);
#3237=CIRCLE('',#8362,37.);
#3238=CIRCLE('',#8363,2.90000000000001);
#3239=CIRCLE('',#8364,4.9);
#3240=CIRCLE('',#8365,5.9);
#3241=CIRCLE('',#8368,1.5);
#3242=CIRCLE('',#8371,1.6);
#3243=CIRCLE('',#8375,1.6);
#3244=CIRCLE('',#8382,1.50000041840835);
#3245=CIRCLE('',#8383,1.50000041840835);
#3246=CIRCLE('',#8392,1.6);
#3247=CIRCLE('',#8399,25.);
#3248=CIRCLE('',#8400,25.);
#3249=CIRCLE('',#8402,25.);
#3250=CIRCLE('',#8403,25.);
#3251=CIRCLE('',#8404,25.);
#3252=CIRCLE('',#8406,25.);
#3253=CIRCLE('',#8411,5.0000005401671);
#3254=CIRCLE('',#8412,5.00000054016709);
#3255=CIRCLE('',#8413,5.);
#3256=CIRCLE('',#8414,5.);
#3257=CIRCLE('',#8415,5.0000005401671);
#3258=CIRCLE('',#8416,5.00000054016709);
#3259=CIRCLE('',#8417,5.);
#3260=CIRCLE('',#8418,5.0000005401671);
#3261=CIRCLE('',#8419,5.00000054016709);
#3262=CIRCLE('',#8420,5.);
#3263=CIRCLE('',#8421,5.0000005401671);
#3264=CIRCLE('',#8422,5.0000005401671);
#3265=CIRCLE('',#8424,5.0000005401671);
#3266=CIRCLE('',#8426,5.0000005401671);
#3267=CIRCLE('',#8428,5.);
#3268=CIRCLE('',#8432,5.0000005401671);
#3269=CIRCLE('',#8434,5.00000054016709);
#3270=CIRCLE('',#8436,5.);
#3271=CIRCLE('',#8440,5.0000005401671);
#3272=CIRCLE('',#8442,5.00000054016709);
#3273=CIRCLE('',#8444,5.);
#3274=CIRCLE('',#8448,5.0000005401671);
#3275=CIRCLE('',#8450,5.00000054016709);
#3276=CIRCLE('',#8452,5.);
#3277=CIRCLE('',#8456,5.9);
#3278=CIRCLE('',#8458,4.9);
#3279=CIRCLE('',#8474,800.5);
#3280=CIRCLE('',#8475,800.5);
#3281=CIRCLE('',#8477,37.);
#3282=CIRCLE('',#8479,37.);
#3283=CIRCLE('',#8488,1.5);
#3284=CIRCLE('',#8489,1.5);
#3285=CIRCLE('',#8509,1.6);
#3286=CIRCLE('',#8513,1.6);
#3287=CIRCLE('',#8514,1.6);
#3288=CIRCLE('',#8526,4.);
#3289=CIRCLE('',#8528,14.);
#3290=CIRCLE('',#8530,2.15);
#3291=CIRCLE('',#8532,3.75);
#3292=CIRCLE('',#8540,4.);
#3293=CIRCLE('',#8542,2.15);
#3294=CIRCLE('',#8551,2.15);
#3295=CIRCLE('',#8554,2.15);
#3296=CIRCLE('',#8559,1.6);
#3297=CIRCLE('',#8560,1.6);
#3298=CIRCLE('',#8566,6.5);
#3299=CIRCLE('',#8567,2.5);
#3300=CIRCLE('',#8569,6.3);
#3301=CIRCLE('',#8570,6.9);
#3302=CIRCLE('',#8573,6.9);
#3303=CIRCLE('',#8575,6.3);
#3304=CIRCLE('',#8576,6.9);
#3305=CIRCLE('',#8578,6.9);
#3306=CIRCLE('',#8581,6.5);
#3307=CIRCLE('',#8582,2.5);
#3308=CIRCLE('',#8583,5.75);
#3309=CIRCLE('',#8584,4.7);
#3310=CIRCLE('',#8585,4.7);
#3311=CIRCLE('',#8586,5.75);
#3312=CIRCLE('',#8592,5.75);
#3313=CIRCLE('',#8595,4.7);
#3314=CIRCLE('',#8599,5.75);
#3315=CIRCLE('',#8602,4.7);
#3316=CIRCLE('',#8606,4.5);
#3317=CIRCLE('',#8607,5.5);
#3318=CIRCLE('',#8610,4.5);
#3319=CIRCLE('',#8611,5.5);
#3320=CIRCLE('',#8614,2.);
#3321=CIRCLE('',#8615,5.9);
#3322=CIRCLE('',#8616,4.85);
#3323=CIRCLE('',#8617,3.6);
#3324=CIRCLE('',#8618,4.85);
#3325=CIRCLE('',#8619,3.6);
#3326=CIRCLE('',#8621,2.);
#3327=CIRCLE('',#8624,5.9);
#3328=CIRCLE('',#8628,4.85);
#3329=CIRCLE('',#8632,3.6);
#3330=CIRCLE('',#8635,4.85);
#3331=CIRCLE('',#8639,3.6);
#3332=VERTEX_POINT('',#10512);
#3333=VERTEX_POINT('',#10513);
#3334=VERTEX_POINT('',#10515);
#3335=VERTEX_POINT('',#10517);
#3336=VERTEX_POINT('',#10521);
#3337=VERTEX_POINT('',#10522);
#3338=VERTEX_POINT('',#10527);
#3339=VERTEX_POINT('',#10528);
#3340=VERTEX_POINT('',#10533);
#3341=VERTEX_POINT('',#10534);
#3342=VERTEX_POINT('',#10539);
#3343=VERTEX_POINT('',#10540);
#3344=VERTEX_POINT('',#10545);
#3345=VERTEX_POINT('',#10547);
#3346=VERTEX_POINT('',#10551);
#3347=VERTEX_POINT('',#10555);
#3348=VERTEX_POINT('',#10559);
#3349=VERTEX_POINT('',#10563);
#3350=VERTEX_POINT('',#10570);
#3351=VERTEX_POINT('',#10572);
#3352=VERTEX_POINT('',#10576);
#3353=VERTEX_POINT('',#10580);
#3354=VERTEX_POINT('',#10581);
#3355=VERTEX_POINT('',#10583);
#3356=VERTEX_POINT('',#10585);
#3357=VERTEX_POINT('',#10591);
#3358=VERTEX_POINT('',#10592);
#3359=VERTEX_POINT('',#10597);
#3360=VERTEX_POINT('',#10599);
#3361=VERTEX_POINT('',#10604);
#3362=VERTEX_POINT('',#10606);
#3363=VERTEX_POINT('',#10612);
#3364=VERTEX_POINT('',#10618);
#3365=VERTEX_POINT('',#10624);
#3366=VERTEX_POINT('',#10630);
#3367=VERTEX_POINT('',#10632);
#3368=VERTEX_POINT('',#10638);
#3369=VERTEX_POINT('',#10644);
#3370=VERTEX_POINT('',#10650);
#3371=VERTEX_POINT('',#10657);
#3372=VERTEX_POINT('',#10658);
#3373=VERTEX_POINT('',#10660);
#3374=VERTEX_POINT('',#10666);
#3375=VERTEX_POINT('',#10672);
#3376=VERTEX_POINT('',#10678);
#3377=VERTEX_POINT('',#10684);
#3378=VERTEX_POINT('',#10686);
#3379=VERTEX_POINT('',#10692);
#3380=VERTEX_POINT('',#10698);
#3381=VERTEX_POINT('',#10709);
#3382=VERTEX_POINT('',#10710);
#3383=VERTEX_POINT('',#10712);
#3384=VERTEX_POINT('',#10714);
#3385=VERTEX_POINT('',#10717);
#3386=VERTEX_POINT('',#10718);
#3387=VERTEX_POINT('',#10720);
#3388=VERTEX_POINT('',#10726);
#3389=VERTEX_POINT('',#10732);
#3390=VERTEX_POINT('',#10738);
#3391=VERTEX_POINT('',#10744);
#3392=VERTEX_POINT('',#10746);
#3393=VERTEX_POINT('',#10752);
#3394=VERTEX_POINT('',#10758);
#3395=VERTEX_POINT('',#10769);
#3396=VERTEX_POINT('',#10770);
#3397=VERTEX_POINT('',#10772);
#3398=VERTEX_POINT('',#10774);
#3399=VERTEX_POINT('',#10776);
#3400=VERTEX_POINT('',#10778);
#3401=VERTEX_POINT('',#10780);
#3402=VERTEX_POINT('',#10782);
#3403=VERTEX_POINT('',#10784);
#3404=VERTEX_POINT('',#10786);
#3405=VERTEX_POINT('',#10789);
#3406=VERTEX_POINT('',#10790);
#3407=VERTEX_POINT('',#10796);
#3408=VERTEX_POINT('',#10798);
#3409=VERTEX_POINT('',#10800);
#3410=VERTEX_POINT('',#10802);
#3411=VERTEX_POINT('',#10804);
#3412=VERTEX_POINT('',#10810);
#3413=VERTEX_POINT('',#10816);
#3414=VERTEX_POINT('',#10822);
#3415=VERTEX_POINT('',#10828);
#3416=VERTEX_POINT('',#10834);
#3417=VERTEX_POINT('',#10840);
#3418=VERTEX_POINT('',#10842);
#3419=VERTEX_POINT('',#10844);
#3420=VERTEX_POINT('',#10846);
#3421=VERTEX_POINT('',#10852);
#3422=VERTEX_POINT('',#10858);
#3423=VERTEX_POINT('',#10864);
#3424=VERTEX_POINT('',#10870);
#3425=VERTEX_POINT('',#10876);
#3426=VERTEX_POINT('',#10887);
#3427=VERTEX_POINT('',#10888);
#3428=VERTEX_POINT('',#10890);
#3429=VERTEX_POINT('',#10892);
#3430=VERTEX_POINT('',#10894);
#3431=VERTEX_POINT('',#10896);
#3432=VERTEX_POINT('',#10899);
#3433=VERTEX_POINT('',#10900);
#3434=VERTEX_POINT('',#10906);
#3435=VERTEX_POINT('',#10912);
#3436=VERTEX_POINT('',#10918);
#3437=VERTEX_POINT('',#10924);
#3438=VERTEX_POINT('',#10926);
#3439=VERTEX_POINT('',#10932);
#3440=VERTEX_POINT('',#10938);
#3441=VERTEX_POINT('',#10944);
#3442=VERTEX_POINT('',#10950);
#3443=VERTEX_POINT('',#10952);
#3444=VERTEX_POINT('',#10957);
#3445=VERTEX_POINT('',#10959);
#3446=VERTEX_POINT('',#10965);
#3447=VERTEX_POINT('',#10966);
#3448=VERTEX_POINT('',#10968);
#3449=VERTEX_POINT('',#10970);
#3450=VERTEX_POINT('',#10972);
#3451=VERTEX_POINT('',#10974);
#3452=VERTEX_POINT('',#10976);
#3453=VERTEX_POINT('',#10979);
#3454=VERTEX_POINT('',#10980);
#3455=VERTEX_POINT('',#10986);
#3456=VERTEX_POINT('',#10992);
#3457=VERTEX_POINT('',#10998);
#3458=VERTEX_POINT('',#11000);
#3459=VERTEX_POINT('',#11003);
#3460=VERTEX_POINT('',#11004);
#3461=VERTEX_POINT('',#11006);
#3462=VERTEX_POINT('',#11008);
#3463=VERTEX_POINT('',#11010);
#3464=VERTEX_POINT('',#11012);
#3465=VERTEX_POINT('',#11014);
#3466=VERTEX_POINT('',#11025);
#3467=VERTEX_POINT('',#11026);
#3468=VERTEX_POINT('',#11032);
#3469=VERTEX_POINT('',#11038);
#3470=VERTEX_POINT('',#11044);
#3471=VERTEX_POINT('',#11050);
#3472=VERTEX_POINT('',#11056);
#3473=VERTEX_POINT('',#11062);
#3474=VERTEX_POINT('',#11068);
#3475=VERTEX_POINT('',#11074);
#3476=VERTEX_POINT('',#11082);
#3477=VERTEX_POINT('',#11083);
#3478=VERTEX_POINT('',#11085);
#3479=VERTEX_POINT('',#11087);
#3480=VERTEX_POINT('',#11091);
#3481=VERTEX_POINT('',#11092);
#3482=VERTEX_POINT('',#11097);
#3483=VERTEX_POINT('',#11099);
#3484=VERTEX_POINT('',#11107);
#3485=VERTEX_POINT('',#11109);
#3486=VERTEX_POINT('',#11114);
#3487=VERTEX_POINT('',#11115);
#3488=VERTEX_POINT('',#11117);
#3489=VERTEX_POINT('',#11119);
#3490=VERTEX_POINT('',#11127);
#3491=VERTEX_POINT('',#11128);
#3492=VERTEX_POINT('',#11130);
#3493=VERTEX_POINT('',#11132);
#3494=VERTEX_POINT('',#11136);
#3495=VERTEX_POINT('',#11137);
#3496=VERTEX_POINT('',#11139);
#3497=VERTEX_POINT('',#11141);
#3498=VERTEX_POINT('',#11147);
#3499=VERTEX_POINT('',#11150);
#3500=VERTEX_POINT('',#11152);
#3501=VERTEX_POINT('',#11156);
#3502=VERTEX_POINT('',#11158);
#3503=VERTEX_POINT('',#11162);
#3504=VERTEX_POINT('',#11163);
#3505=VERTEX_POINT('',#11179);
#3506=VERTEX_POINT('',#11181);
#3507=VERTEX_POINT('',#11187);
#3508=VERTEX_POINT('',#11190);
#3509=VERTEX_POINT('',#11194);
#3510=VERTEX_POINT('',#11195);
#3511=VERTEX_POINT('',#11197);
#3512=VERTEX_POINT('',#11200);
#3513=VERTEX_POINT('',#11202);
#3514=VERTEX_POINT('',#11204);
#3515=VERTEX_POINT('',#11206);
#3516=VERTEX_POINT('',#11208);
#3517=VERTEX_POINT('',#11210);
#3518=VERTEX_POINT('',#11212);
#3519=VERTEX_POINT('',#11214);
#3520=VERTEX_POINT('',#11216);
#3521=VERTEX_POINT('',#11218);
#3522=VERTEX_POINT('',#11220);
#3523=VERTEX_POINT('',#11222);
#3524=VERTEX_POINT('',#11224);
#3525=VERTEX_POINT('',#11226);
#3526=VERTEX_POINT('',#11228);
#3527=VERTEX_POINT('',#11232);
#3528=VERTEX_POINT('',#11236);
#3529=VERTEX_POINT('',#11238);
#3530=VERTEX_POINT('',#11240);
#3531=VERTEX_POINT('',#11242);
#3532=VERTEX_POINT('',#11244);
#3533=VERTEX_POINT('',#11246);
#3534=VERTEX_POINT('',#11248);
#3535=VERTEX_POINT('',#11250);
#3536=VERTEX_POINT('',#11252);
#3537=VERTEX_POINT('',#11254);
#3538=VERTEX_POINT('',#11256);
#3539=VERTEX_POINT('',#11258);
#3540=VERTEX_POINT('',#11260);
#3541=VERTEX_POINT('',#11262);
#3542=VERTEX_POINT('',#11264);
#3543=VERTEX_POINT('',#11266);
#3544=VERTEX_POINT('',#11268);
#3545=VERTEX_POINT('',#11270);
#3546=VERTEX_POINT('',#11272);
#3547=VERTEX_POINT('',#11274);
#3548=VERTEX_POINT('',#11276);
#3549=VERTEX_POINT('',#11298);
#3550=VERTEX_POINT('',#11303);
#3551=VERTEX_POINT('',#11305);
#3552=VERTEX_POINT('',#11310);
#3553=VERTEX_POINT('',#11316);
#3554=VERTEX_POINT('',#11322);
#3555=VERTEX_POINT('',#11326);
#3556=VERTEX_POINT('',#11330);
#3557=VERTEX_POINT('',#11334);
#3558=VERTEX_POINT('',#11345);
#3559=VERTEX_POINT('',#11352);
#3560=VERTEX_POINT('',#11356);
#3561=VERTEX_POINT('',#11362);
#3562=VERTEX_POINT('',#11363);
#3563=VERTEX_POINT('',#11365);
#3564=VERTEX_POINT('',#11367);
#3565=VERTEX_POINT('',#11369);
#3566=VERTEX_POINT('',#11371);
#3567=VERTEX_POINT('',#11373);
#3568=VERTEX_POINT('',#11375);
#3569=VERTEX_POINT('',#11377);
#3570=VERTEX_POINT('',#11379);
#3571=VERTEX_POINT('',#11382);
#3572=VERTEX_POINT('',#11383);
#3573=VERTEX_POINT('',#11391);
#3574=VERTEX_POINT('',#11399);
#3575=VERTEX_POINT('',#11407);
#3576=VERTEX_POINT('',#11414);
#3577=VERTEX_POINT('',#11416);
#3578=VERTEX_POINT('',#11421);
#3579=VERTEX_POINT('',#11423);
#3580=VERTEX_POINT('',#11428);
#3581=VERTEX_POINT('',#11430);
#3582=VERTEX_POINT('',#11437);
#3583=VERTEX_POINT('',#11445);
#3584=VERTEX_POINT('',#11453);
#3585=VERTEX_POINT('',#11462);
#3586=VERTEX_POINT('',#11463);
#3587=VERTEX_POINT('',#11471);
#3588=VERTEX_POINT('',#11478);
#3589=VERTEX_POINT('',#11486);
#3590=VERTEX_POINT('',#11494);
#3591=VERTEX_POINT('',#11496);
#3592=VERTEX_POINT('',#11501);
#3593=VERTEX_POINT('',#11503);
#3594=VERTEX_POINT('',#11508);
#3595=VERTEX_POINT('',#11510);
#3596=VERTEX_POINT('',#11518);
#3597=VERTEX_POINT('',#11526);
#3598=VERTEX_POINT('',#11534);
#3599=VERTEX_POINT('',#11543);
#3600=VERTEX_POINT('',#11544);
#3601=VERTEX_POINT('',#11552);
#3602=VERTEX_POINT('',#11560);
#3603=VERTEX_POINT('',#11568);
#3604=VERTEX_POINT('',#11576);
#3605=VERTEX_POINT('',#11584);
#3606=VERTEX_POINT('',#11592);
#3607=VERTEX_POINT('',#11594);
#3608=VERTEX_POINT('',#11596);
#3609=VERTEX_POINT('',#11598);
#3610=VERTEX_POINT('',#11600);
#3611=VERTEX_POINT('',#11608);
#3612=VERTEX_POINT('',#11616);
#3613=VERTEX_POINT('',#11624);
#3614=VERTEX_POINT('',#11632);
#3615=VERTEX_POINT('',#11640);
#3616=VERTEX_POINT('',#11648);
#3617=VERTEX_POINT('',#11656);
#3618=VERTEX_POINT('',#11664);
#3619=VERTEX_POINT('',#11666);
#3620=VERTEX_POINT('',#11669);
#3621=VERTEX_POINT('',#11670);
#3622=VERTEX_POINT('',#11672);
#3623=VERTEX_POINT('',#11674);
#3624=VERTEX_POINT('',#11676);
#3625=VERTEX_POINT('',#11678);
#3626=VERTEX_POINT('',#11681);
#3627=VERTEX_POINT('',#11682);
#3628=VERTEX_POINT('',#11684);
#3629=VERTEX_POINT('',#11692);
#3630=VERTEX_POINT('',#11700);
#3631=VERTEX_POINT('',#11708);
#3632=VERTEX_POINT('',#11716);
#3633=VERTEX_POINT('',#11718);
#3634=VERTEX_POINT('',#11726);
#3635=VERTEX_POINT('',#11734);
#3636=VERTEX_POINT('',#11748);
#3637=VERTEX_POINT('',#11749);
#3638=VERTEX_POINT('',#11751);
#3639=VERTEX_POINT('',#11753);
#3640=VERTEX_POINT('',#11756);
#3641=VERTEX_POINT('',#11757);
#3642=VERTEX_POINT('',#11759);
#3643=VERTEX_POINT('',#11761);
#3644=VERTEX_POINT('',#11763);
#3645=VERTEX_POINT('',#11765);
#3646=VERTEX_POINT('',#11767);
#3647=VERTEX_POINT('',#11770);
#3648=VERTEX_POINT('',#11771);
#3649=VERTEX_POINT('',#11773);
#3650=VERTEX_POINT('',#11781);
#3651=VERTEX_POINT('',#11789);
#3652=VERTEX_POINT('',#11797);
#3653=VERTEX_POINT('',#11805);
#3654=VERTEX_POINT('',#11807);
#3655=VERTEX_POINT('',#11815);
#3656=VERTEX_POINT('',#11823);
#3657=VERTEX_POINT('',#11838);
#3658=VERTEX_POINT('',#11839);
#3659=VERTEX_POINT('',#11841);
#3660=VERTEX_POINT('',#11843);
#3661=VERTEX_POINT('',#11845);
#3662=VERTEX_POINT('',#11853);
#3663=VERTEX_POINT('',#11868);
#3664=VERTEX_POINT('',#11869);
#3665=VERTEX_POINT('',#11871);
#3666=VERTEX_POINT('',#11879);
#3667=VERTEX_POINT('',#11887);
#3668=VERTEX_POINT('',#11895);
#3669=VERTEX_POINT('',#11903);
#3670=VERTEX_POINT('',#11911);
#3671=VERTEX_POINT('',#11919);
#3672=VERTEX_POINT('',#11927);
#3673=VERTEX_POINT('',#11942);
#3674=VERTEX_POINT('',#11943);
#3675=VERTEX_POINT('',#11945);
#3676=VERTEX_POINT('',#11947);
#3677=VERTEX_POINT('',#11953);
#3678=VERTEX_POINT('',#11954);
#3679=VERTEX_POINT('',#11956);
#3680=VERTEX_POINT('',#11964);
#3681=VERTEX_POINT('',#11972);
#3682=VERTEX_POINT('',#11974);
#3683=VERTEX_POINT('',#11976);
#3684=VERTEX_POINT('',#12916);
#3685=VERTEX_POINT('',#12926);
#3686=VERTEX_POINT('',#12927);
#3687=VERTEX_POINT('',#12929);
#3688=VERTEX_POINT('',#12931);
#3689=VERTEX_POINT('',#12935);
#3690=VERTEX_POINT('',#12937);
#3691=VERTEX_POINT('',#12941);
#3692=VERTEX_POINT('',#12943);
#3693=VERTEX_POINT('',#12952);
#3694=VERTEX_POINT('',#12953);
#3695=VERTEX_POINT('',#12955);
#3696=VERTEX_POINT('',#12957);
#3697=VERTEX_POINT('',#12961);
#3698=VERTEX_POINT('',#12963);
#3699=VERTEX_POINT('',#12965);
#3700=VERTEX_POINT('',#12967);
#3701=VERTEX_POINT('',#12969);
#3702=VERTEX_POINT('',#12971);
#3703=VERTEX_POINT('',#12973);
#3704=VERTEX_POINT('',#12975);
#3705=VERTEX_POINT('',#12977);
#3706=VERTEX_POINT('',#12979);
#3707=VERTEX_POINT('',#12981);
#3708=VERTEX_POINT('',#12983);
#3709=VERTEX_POINT('',#12985);
#3710=VERTEX_POINT('',#12987);
#3711=VERTEX_POINT('',#12989);
#3712=VERTEX_POINT('',#12991);
#3713=VERTEX_POINT('',#12995);
#3714=VERTEX_POINT('',#12996);
#3715=VERTEX_POINT('',#12998);
#3716=VERTEX_POINT('',#13000);
#3717=VERTEX_POINT('',#13004);
#3718=VERTEX_POINT('',#13005);
#3719=VERTEX_POINT('',#13007);
#3720=VERTEX_POINT('',#13009);
#3721=VERTEX_POINT('',#13013);
#3722=VERTEX_POINT('',#13014);
#3723=VERTEX_POINT('',#13020);
#3724=VERTEX_POINT('',#13022);
#3725=VERTEX_POINT('',#13024);
#3726=VERTEX_POINT('',#13026);
#3727=VERTEX_POINT('',#13028);
#3728=VERTEX_POINT('',#13030);
#3729=VERTEX_POINT('',#13034);
#3730=VERTEX_POINT('',#13038);
#3731=VERTEX_POINT('',#13039);
#3732=VERTEX_POINT('',#13050);
#3733=VERTEX_POINT('',#13054);
#3734=VERTEX_POINT('',#13056);
#3735=VERTEX_POINT('',#13058);
#3736=VERTEX_POINT('',#13060);
#3737=VERTEX_POINT('',#13087);
#3738=VERTEX_POINT('',#13092);
#3739=VERTEX_POINT('',#13097);
#3740=VERTEX_POINT('',#13102);
#3741=VERTEX_POINT('',#13123);
#3742=VERTEX_POINT('',#13125);
#3743=VERTEX_POINT('',#13130);
#3744=VERTEX_POINT('',#13132);
#3745=VERTEX_POINT('',#13134);
#3746=VERTEX_POINT('',#13136);
#3747=VERTEX_POINT('',#13138);
#3748=VERTEX_POINT('',#13143);
#3749=VERTEX_POINT('',#13145);
#3750=VERTEX_POINT('',#13147);
#3751=VERTEX_POINT('',#13149);
#3752=VERTEX_POINT('',#13151);
#3753=VERTEX_POINT('',#13153);
#3754=VERTEX_POINT('',#13155);
#3755=VERTEX_POINT('',#13157);
#3756=VERTEX_POINT('',#13159);
#3757=VERTEX_POINT('',#13161);
#3758=VERTEX_POINT('',#13163);
#3759=VERTEX_POINT('',#13165);
#3760=VERTEX_POINT('',#13167);
#3761=VERTEX_POINT('',#13169);
#3762=VERTEX_POINT('',#13171);
#3763=VERTEX_POINT('',#13174);
#3764=VERTEX_POINT('',#13176);
#3765=VERTEX_POINT('',#13179);
#3766=VERTEX_POINT('',#13180);
#3767=VERTEX_POINT('',#13182);
#3768=VERTEX_POINT('',#13184);
#3769=VERTEX_POINT('',#13186);
#3770=VERTEX_POINT('',#13188);
#3771=VERTEX_POINT('',#13190);
#3772=VERTEX_POINT('',#13192);
#3773=VERTEX_POINT('',#13195);
#3774=VERTEX_POINT('',#13196);
#3775=VERTEX_POINT('',#13199);
#3776=VERTEX_POINT('',#13201);
#3777=VERTEX_POINT('',#13202);
#3778=VERTEX_POINT('',#13204);
#3779=VERTEX_POINT('',#13206);
#3780=VERTEX_POINT('',#13209);
#3781=VERTEX_POINT('',#13211);
#3782=VERTEX_POINT('',#13212);
#3783=VERTEX_POINT('',#13214);
#3784=VERTEX_POINT('',#13216);
#3785=VERTEX_POINT('',#13218);
#3786=VERTEX_POINT('',#13222);
#3787=VERTEX_POINT('',#13224);
#3788=VERTEX_POINT('',#13228);
#3789=VERTEX_POINT('',#13230);
#3790=VERTEX_POINT('',#13237);
#3791=VERTEX_POINT('',#13243);
#3792=VERTEX_POINT('',#13247);
#3793=VERTEX_POINT('',#13252);
#3794=VERTEX_POINT('',#13258);
#3795=VERTEX_POINT('',#13260);
#3796=VERTEX_POINT('',#13262);
#3797=VERTEX_POINT('',#13264);
#3798=VERTEX_POINT('',#13266);
#3799=VERTEX_POINT('',#13271);
#3800=VERTEX_POINT('',#13298);
#3801=VERTEX_POINT('',#13299);
#3802=VERTEX_POINT('',#13301);
#3803=VERTEX_POINT('',#13303);
#3804=VERTEX_POINT('',#13306);
#3805=VERTEX_POINT('',#13308);
#3806=VERTEX_POINT('',#13310);
#3807=VERTEX_POINT('',#13312);
#3808=VERTEX_POINT('',#13314);
#3809=VERTEX_POINT('',#13316);
#3810=VERTEX_POINT('',#13318);
#3811=VERTEX_POINT('',#13320);
#3812=VERTEX_POINT('',#13323);
#3813=VERTEX_POINT('',#13325);
#3814=VERTEX_POINT('',#13344);
#3815=VERTEX_POINT('',#13345);
#3816=VERTEX_POINT('',#13347);
#3817=VERTEX_POINT('',#13349);
#3818=VERTEX_POINT('',#13353);
#3819=VERTEX_POINT('',#13355);
#3820=VERTEX_POINT('',#13359);
#3821=VERTEX_POINT('',#13361);
#3822=VERTEX_POINT('',#13365);
#3823=VERTEX_POINT('',#13367);
#3824=VERTEX_POINT('',#13372);
#3825=VERTEX_POINT('',#13374);
#3826=VERTEX_POINT('',#13378);
#3827=VERTEX_POINT('',#13380);
#3828=VERTEX_POINT('',#13382);
#3829=VERTEX_POINT('',#13384);
#3830=VERTEX_POINT('',#13386);
#3831=VERTEX_POINT('',#13388);
#3832=VERTEX_POINT('',#13391);
#3833=VERTEX_POINT('',#13393);
#3834=VERTEX_POINT('',#13395);
#3835=VERTEX_POINT('',#13397);
#3836=VERTEX_POINT('',#13398);
#3837=VERTEX_POINT('',#13400);
#3838=VERTEX_POINT('',#13402);
#3839=VERTEX_POINT('',#13405);
#3840=VERTEX_POINT('',#13408);
#3841=VERTEX_POINT('',#13412);
#3842=VERTEX_POINT('',#13416);
#3843=VERTEX_POINT('',#13420);
#3844=VERTEX_POINT('',#13424);
#3845=VERTEX_POINT('',#13426);
#3846=VERTEX_POINT('',#13430);
#3847=VERTEX_POINT('',#13432);
#3848=VERTEX_POINT('',#13434);
#3849=VERTEX_POINT('',#13436);
#3850=VERTEX_POINT('',#13438);
#3851=VERTEX_POINT('',#13440);
#3852=VERTEX_POINT('',#13442);
#3853=VERTEX_POINT('',#13445);
#3854=VERTEX_POINT('',#13447);
#3855=VERTEX_POINT('',#13448);
#3856=VERTEX_POINT('',#13450);
#3857=VERTEX_POINT('',#13452);
#3858=VERTEX_POINT('',#13455);
#3859=VERTEX_POINT('',#13457);
#3860=VERTEX_POINT('',#13462);
#3861=VERTEX_POINT('',#13468);
#3862=VERTEX_POINT('',#13470);
#3863=VERTEX_POINT('',#13472);
#3864=VERTEX_POINT('',#13474);
#3865=VERTEX_POINT('',#13476);
#3866=VERTEX_POINT('',#13479);
#3867=VERTEX_POINT('',#13482);
#3868=VERTEX_POINT('',#13486);
#3869=VERTEX_POINT('',#13490);
#3870=VERTEX_POINT('',#13492);
#3871=VERTEX_POINT('',#13494);
#3872=VERTEX_POINT('',#13497);
#3873=VERTEX_POINT('',#13500);
#3874=VERTEX_POINT('',#13501);
#3875=VERTEX_POINT('',#13503);
#3876=VERTEX_POINT('',#13507);
#3877=VERTEX_POINT('',#13508);
#3878=VERTEX_POINT('',#13510);
#3879=VERTEX_POINT('',#13512);
#3880=VERTEX_POINT('',#13514);
#3881=VERTEX_POINT('',#13518);
#3882=VERTEX_POINT('',#13519);
#3883=VERTEX_POINT('',#13521);
#3884=VERTEX_POINT('',#13523);
#3885=VERTEX_POINT('',#13527);
#3886=VERTEX_POINT('',#13529);
#3887=VERTEX_POINT('',#13531);
#3888=VERTEX_POINT('',#13535);
#3889=VERTEX_POINT('',#13537);
#3890=VERTEX_POINT('',#13541);
#3891=VERTEX_POINT('',#13544);
#3892=VERTEX_POINT('',#13549);
#3893=VERTEX_POINT('',#13551);
#3894=VERTEX_POINT('',#13553);
#3895=VERTEX_POINT('',#13555);
#3896=VERTEX_POINT('',#13557);
#3897=VERTEX_POINT('',#13561);
#3898=VERTEX_POINT('',#13565);
#3899=VERTEX_POINT('',#13568);
#3900=VERTEX_POINT('',#13573);
#3901=VERTEX_POINT('',#13575);
#3902=VERTEX_POINT('',#13577);
#3903=VERTEX_POINT('',#13579);
#3904=VERTEX_POINT('',#13581);
#3905=VERTEX_POINT('',#13583);
#3906=VERTEX_POINT('',#13587);
#3907=VERTEX_POINT('',#13589);
#3908=VERTEX_POINT('',#13591);
#3909=VERTEX_POINT('',#13596);
#3910=VERTEX_POINT('',#13602);
#3911=VERTEX_POINT('',#13612);
#3912=VERTEX_POINT('',#13614);
#3913=VERTEX_POINT('',#13618);
#3914=VERTEX_POINT('',#13620);
#3915=VERTEX_POINT('',#13624);
#3916=VERTEX_POINT('',#13626);
#3917=VERTEX_POINT('',#13630);
#3918=VERTEX_POINT('',#13634);
#3919=VERTEX_POINT('',#13636);
#3920=VERTEX_POINT('',#13638);
#3921=VERTEX_POINT('',#13642);
#3922=VERTEX_POINT('',#13649);
#3923=VERTEX_POINT('',#13650);
#3924=VERTEX_POINT('',#13655);
#3925=VERTEX_POINT('',#13664);
#3926=VERTEX_POINT('',#13666);
#3927=VERTEX_POINT('',#13677);
#3928=VERTEX_POINT('',#13678);
#3929=VERTEX_POINT('',#13688);
#3930=VERTEX_POINT('',#13699);
#3931=VERTEX_POINT('',#13701);
#3932=VERTEX_POINT('',#13704);
#3933=VERTEX_POINT('',#13706);
#3934=VERTEX_POINT('',#13708);
#3935=VERTEX_POINT('',#13711);
#3936=VERTEX_POINT('',#13712);
#3937=VERTEX_POINT('',#13714);
#3938=VERTEX_POINT('',#13716);
#3939=VERTEX_POINT('',#13719);
#3940=VERTEX_POINT('',#13720);
#3941=VERTEX_POINT('',#13722);
#3942=VERTEX_POINT('',#13724);
#3943=VERTEX_POINT('',#13728);
#3944=VERTEX_POINT('',#13730);
#3945=VERTEX_POINT('',#13734);
#3946=VERTEX_POINT('',#13738);
#3947=VERTEX_POINT('',#13745);
#3948=VERTEX_POINT('',#13747);
#3949=VERTEX_POINT('',#13751);
#3950=VERTEX_POINT('',#13755);
#3951=VERTEX_POINT('',#13762);
#3952=VERTEX_POINT('',#13763);
#3953=VERTEX_POINT('',#13765);
#3954=VERTEX_POINT('',#13770);
#3955=VERTEX_POINT('',#13774);
#3956=VERTEX_POINT('',#13781);
#3957=VERTEX_POINT('',#13783);
#3958=VERTEX_POINT('',#13787);
#3959=VERTEX_POINT('',#13791);
#3960=VERTEX_POINT('',#13798);
#3961=VERTEX_POINT('',#13802);
#3962=VERTEX_POINT('',#13806);
#3963=VERTEX_POINT('',#13807);
#3964=VERTEX_POINT('',#13809);
#3965=VERTEX_POINT('',#13811);
#3966=VERTEX_POINT('',#13816);
#3967=VERTEX_POINT('',#13818);
#3968=VERTEX_POINT('',#13820);
#3969=VERTEX_POINT('',#13837);
#3970=VERTEX_POINT('',#13841);
#3971=VERTEX_POINT('',#13843);
#3972=VERTEX_POINT('',#13856);
#3973=VERTEX_POINT('',#13857);
#3974=VERTEX_POINT('',#13859);
#3975=VERTEX_POINT('',#13861);
#3976=VERTEX_POINT('',#13865);
#3977=VERTEX_POINT('',#13867);
#3978=VERTEX_POINT('',#13871);
#3979=VERTEX_POINT('',#13875);
#3980=VERTEX_POINT('',#13888);
#3981=VERTEX_POINT('',#13890);
#3982=VERTEX_POINT('',#13898);
#3983=VERTEX_POINT('',#13970);
#3984=VERTEX_POINT('',#13980);
#3985=VERTEX_POINT('',#13984);
#3986=VERTEX_POINT('',#13986);
#3987=VERTEX_POINT('',#13988);
#3988=VERTEX_POINT('',#13990);
#3989=VERTEX_POINT('',#13995);
#3990=VERTEX_POINT('',#13999);
#3991=VERTEX_POINT('',#14001);
#3992=VERTEX_POINT('',#14005);
#3993=VERTEX_POINT('',#14009);
#3994=VERTEX_POINT('',#14020);
#3995=VERTEX_POINT('',#14034);
#3996=VERTEX_POINT('',#14039);
#3997=VERTEX_POINT('',#14045);
#3998=VERTEX_POINT('',#14047);
#3999=VERTEX_POINT('',#14051);
#4000=VERTEX_POINT('',#14053);
#4001=VERTEX_POINT('',#14055);
#4002=VERTEX_POINT('',#14057);
#4003=VERTEX_POINT('',#14061);
#4004=VERTEX_POINT('',#14063);
#4005=VERTEX_POINT('',#14067);
#4006=VERTEX_POINT('',#14071);
#4007=VERTEX_POINT('',#14072);
#4008=VERTEX_POINT('',#14077);
#4009=VERTEX_POINT('',#14083);
#4010=VERTEX_POINT('',#14085);
#4011=VERTEX_POINT('',#14089);
#4012=VERTEX_POINT('',#14093);
#4013=VERTEX_POINT('',#14099);
#4014=VERTEX_POINT('',#14101);
#4015=VERTEX_POINT('',#14107);
#4016=VERTEX_POINT('',#14110);
#4017=VERTEX_POINT('',#14115);
#4018=VERTEX_POINT('',#14117);
#4019=VERTEX_POINT('',#14121);
#4020=VERTEX_POINT('',#14125);
#4021=VERTEX_POINT('',#14132);
#4022=VERTEX_POINT('',#14136);
#4023=VERTEX_POINT('',#14150);
#4024=VERTEX_POINT('',#14155);
#4025=VERTEX_POINT('',#14162);
#4026=VERTEX_POINT('',#14164);
#4027=VERTEX_POINT('',#14174);
#4028=VERTEX_POINT('',#14175);
#4029=VERTEX_POINT('',#14177);
#4030=VERTEX_POINT('',#14179);
#4031=VERTEX_POINT('',#14183);
#4032=VERTEX_POINT('',#14184);
#4033=VERTEX_POINT('',#14188);
#4034=VERTEX_POINT('',#14190);
#4035=VERTEX_POINT('',#14196);
#4036=VERTEX_POINT('',#14198);
#4037=VERTEX_POINT('',#14200);
#4038=VERTEX_POINT('',#14202);
#4039=VERTEX_POINT('',#14204);
#4040=VERTEX_POINT('',#14208);
#4041=VERTEX_POINT('',#14212);
#4042=VERTEX_POINT('',#14213);
#4043=VERTEX_POINT('',#14217);
#4044=VERTEX_POINT('',#14219);
#4045=VERTEX_POINT('',#14225);
#4046=VERTEX_POINT('',#14227);
#4047=VERTEX_POINT('',#14231);
#4048=VERTEX_POINT('',#14233);
#4049=VERTEX_POINT('',#14235);
#4050=VERTEX_POINT('',#14237);
#4051=VERTEX_POINT('',#14241);
#4052=VERTEX_POINT('',#14242);
#4053=VERTEX_POINT('',#14244);
#4054=VERTEX_POINT('',#14246);
#4055=VERTEX_POINT('',#14249);
#4056=VERTEX_POINT('',#14251);
#4057=VERTEX_POINT('',#14254);
#4058=VERTEX_POINT('',#14256);
#4059=VERTEX_POINT('',#14268);
#4060=VERTEX_POINT('',#14274);
#4061=VERTEX_POINT('',#14281);
#4062=VERTEX_POINT('',#14287);
#4063=VERTEX_POINT('',#14294);
#4064=VERTEX_POINT('',#14295);
#4065=VERTEX_POINT('',#14299);
#4066=VERTEX_POINT('',#14301);
#4067=VERTEX_POINT('',#14307);
#4068=VERTEX_POINT('',#14309);
#4069=VERTEX_POINT('',#14311);
#4070=VERTEX_POINT('',#14313);
#4071=VERTEX_POINT('',#14317);
#4072=VERTEX_POINT('',#14318);
#4073=VERTEX_POINT('',#14322);
#4074=VERTEX_POINT('',#14324);
#4075=VERTEX_POINT('',#14330);
#4076=VERTEX_POINT('',#14332);
#4077=VERTEX_POINT('',#14334);
#4078=VERTEX_POINT('',#14336);
#4079=VERTEX_POINT('',#14340);
#4080=VERTEX_POINT('',#14341);
#4081=VERTEX_POINT('',#14343);
#4082=VERTEX_POINT('',#14345);
#4083=VERTEX_POINT('',#14348);
#4084=VERTEX_POINT('',#14350);
#4085=VERTEX_POINT('',#14353);
#4086=VERTEX_POINT('',#14355);
#4087=VERTEX_POINT('',#14359);
#4088=VERTEX_POINT('',#14361);
#4089=VERTEX_POINT('',#14365);
#4090=VERTEX_POINT('',#14369);
#4091=VERTEX_POINT('',#14376);
#4092=VERTEX_POINT('',#14382);
#4093=VERTEX_POINT('',#14389);
#4094=VERTEX_POINT('',#14395);
#4095=VERTEX_POINT('',#14402);
#4096=VERTEX_POINT('',#14403);
#4097=VERTEX_POINT('',#14405);
#4098=VERTEX_POINT('',#14407);
#4099=VERTEX_POINT('',#14411);
#4100=VERTEX_POINT('',#14413);
#4101=VERTEX_POINT('',#14417);
#4102=VERTEX_POINT('',#14421);
#4103=EDGE_CURVE('',#3332,#3333,#3159,.T.);
#4104=EDGE_CURVE('',#3333,#3334,#1569,.T.);
#4105=EDGE_CURVE('',#3334,#3335,#3160,.T.);
#4106=EDGE_CURVE('',#3335,#3332,#1570,.T.);
#4107=EDGE_CURVE('',#3336,#3337,#3161,.T.);
#4108=EDGE_CURVE('',#3337,#3335,#3162,.T.);
#4109=EDGE_CURVE('',#3334,#3336,#3163,.T.);
#4110=EDGE_CURVE('',#3338,#3339,#3164,.T.);
#4111=EDGE_CURVE('',#3339,#3337,#1571,.T.);
#4112=EDGE_CURVE('',#3336,#3338,#1572,.T.);
#4113=EDGE_CURVE('',#3340,#3341,#3165,.T.);
#4114=EDGE_CURVE('',#3341,#3339,#3166,.T.);
#4115=EDGE_CURVE('',#3338,#3340,#3167,.T.);
#4116=EDGE_CURVE('',#3342,#3343,#3168,.T.);
#4117=EDGE_CURVE('',#3343,#3341,#1573,.T.);
#4118=EDGE_CURVE('',#3340,#3342,#1574,.T.);
#4119=EDGE_CURVE('',#3344,#3340,#1575,.T.);
#4120=EDGE_CURVE('',#3344,#3345,#1576,.T.);
#4121=EDGE_CURVE('',#3345,#3342,#1577,.T.);
#4122=EDGE_CURVE('',#3338,#3346,#1578,.T.);
#4123=EDGE_CURVE('',#3346,#3344,#3169,.T.);
#4124=EDGE_CURVE('',#3347,#3336,#1579,.T.);
#4125=EDGE_CURVE('',#3347,#3346,#1580,.T.);
#4126=EDGE_CURVE('',#3334,#3348,#1581,.T.);
#4127=EDGE_CURVE('',#3348,#3347,#3170,.T.);
#4128=EDGE_CURVE('',#3345,#3349,#1582,.T.);
#4129=EDGE_CURVE('',#3349,#3333,#1583,.T.);
#4130=EDGE_CURVE('',#3343,#3332,#1584,.T.);
#4131=EDGE_CURVE('',#3349,#3348,#1585,.T.);
#4132=EDGE_CURVE('',#3350,#3350,#3171,.T.);
#4133=EDGE_CURVE('',#3350,#3351,#1586,.T.);
#4134=EDGE_CURVE('',#3351,#3351,#3172,.T.);
#4135=EDGE_CURVE('',#3351,#3352,#1587,.T.);
#4136=EDGE_CURVE('',#3352,#3352,#3173,.T.);
#4137=EDGE_CURVE('',#3353,#3354,#1588,.T.);
#4138=EDGE_CURVE('',#3353,#3355,#1589,.T.);
#4139=EDGE_CURVE('',#3355,#3356,#193,.T.);
#4140=EDGE_CURVE('',#3356,#3354,#1590,.T.);
#4141=EDGE_CURVE('',#3357,#3358,#194,.T.);
#4142=EDGE_CURVE('',#3358,#3359,#1591,.T.);
#4143=EDGE_CURVE('',#3359,#3360,#195,.T.);
#4144=EDGE_CURVE('',#3360,#3361,#1592,.T.);
#4145=EDGE_CURVE('',#3361,#3362,#196,.T.);
#4146=EDGE_CURVE('',#3362,#3363,#197,.T.);
#4147=EDGE_CURVE('',#3363,#3364,#198,.T.);
#4148=EDGE_CURVE('',#3364,#3365,#199,.T.);
#4149=EDGE_CURVE('',#3365,#3366,#1593,.T.);
#4150=EDGE_CURVE('',#3366,#3367,#200,.T.);
#4151=EDGE_CURVE('',#3367,#3368,#201,.T.);
#4152=EDGE_CURVE('',#3368,#3369,#202,.T.);
#4153=EDGE_CURVE('',#3369,#3370,#203,.T.);
#4154=EDGE_CURVE('',#3370,#3357,#1594,.T.);
#4155=EDGE_CURVE('',#3371,#3372,#1595,.T.);
#4156=EDGE_CURVE('',#3372,#3373,#204,.T.);
#4157=EDGE_CURVE('',#3373,#3374,#205,.T.);
#4158=EDGE_CURVE('',#3374,#3375,#206,.T.);
#4159=EDGE_CURVE('',#3375,#3376,#207,.T.);
#4160=EDGE_CURVE('',#3376,#3377,#1596,.T.);
#4161=EDGE_CURVE('',#3377,#3378,#208,.T.);
#4162=EDGE_CURVE('',#3378,#3379,#209,.T.);
#4163=EDGE_CURVE('',#3379,#3380,#210,.T.);
#4164=EDGE_CURVE('',#3380,#3371,#211,.T.);
#4165=EDGE_CURVE('',#3381,#3382,#1597,.T.);
#4166=EDGE_CURVE('',#3382,#3383,#1598,.T.);
#4167=EDGE_CURVE('',#3383,#3384,#1599,.T.);
#4168=EDGE_CURVE('',#3384,#3381,#1600,.T.);
#4169=EDGE_CURVE('',#3385,#3386,#1601,.T.);
#4170=EDGE_CURVE('',#3386,#3387,#212,.T.);
#4171=EDGE_CURVE('',#3387,#3388,#213,.T.);
#4172=EDGE_CURVE('',#3388,#3389,#214,.T.);
#4173=EDGE_CURVE('',#3389,#3390,#215,.T.);
#4174=EDGE_CURVE('',#3390,#3391,#1602,.T.);
#4175=EDGE_CURVE('',#3391,#3392,#216,.T.);
#4176=EDGE_CURVE('',#3392,#3393,#217,.T.);
#4177=EDGE_CURVE('',#3393,#3394,#218,.T.);
#4178=EDGE_CURVE('',#3394,#3385,#219,.T.);
#4179=EDGE_CURVE('',#3395,#3396,#1603,.T.);
#4180=EDGE_CURVE('',#3396,#3397,#1604,.T.);
#4181=EDGE_CURVE('',#3397,#3398,#1605,.T.);
#4182=EDGE_CURVE('',#3398,#3399,#1606,.T.);
#4183=EDGE_CURVE('',#3399,#3400,#1607,.T.);
#4184=EDGE_CURVE('',#3400,#3401,#1608,.T.);
#4185=EDGE_CURVE('',#3401,#3402,#1609,.T.);
#4186=EDGE_CURVE('',#3402,#3403,#1610,.T.);
#4187=EDGE_CURVE('',#3403,#3404,#1611,.T.);
#4188=EDGE_CURVE('',#3404,#3395,#1612,.T.);
#4189=EDGE_CURVE('',#3405,#3406,#220,.T.);
#4190=EDGE_CURVE('',#3406,#3407,#1613,.T.);
#4191=EDGE_CURVE('',#3407,#3408,#1614,.T.);
#4192=EDGE_CURVE('',#3408,#3409,#1615,.T.);
#4193=EDGE_CURVE('',#3409,#3410,#1616,.T.);
#4194=EDGE_CURVE('',#3410,#3411,#221,.T.);
#4195=EDGE_CURVE('',#3411,#3412,#222,.T.);
#4196=EDGE_CURVE('',#3412,#3413,#223,.T.);
#4197=EDGE_CURVE('',#3413,#3414,#224,.T.);
#4198=EDGE_CURVE('',#3414,#3415,#225,.T.);
#4199=EDGE_CURVE('',#3415,#3416,#226,.T.);
#4200=EDGE_CURVE('',#3416,#3417,#1617,.T.);
#4201=EDGE_CURVE('',#3417,#3418,#1618,.T.);
#4202=EDGE_CURVE('',#3418,#3419,#1619,.T.);
#4203=EDGE_CURVE('',#3419,#3420,#227,.T.);
#4204=EDGE_CURVE('',#3420,#3421,#228,.T.);
#4205=EDGE_CURVE('',#3421,#3422,#229,.T.);
#4206=EDGE_CURVE('',#3422,#3423,#230,.T.);
#4207=EDGE_CURVE('',#3423,#3424,#231,.T.);
#4208=EDGE_CURVE('',#3424,#3425,#232,.T.);
#4209=EDGE_CURVE('',#3425,#3405,#233,.T.);
#4210=EDGE_CURVE('',#3426,#3427,#1620,.T.);
#4211=EDGE_CURVE('',#3427,#3428,#1621,.T.);
#4212=EDGE_CURVE('',#3428,#3429,#1622,.T.);
#4213=EDGE_CURVE('',#3429,#3430,#1623,.T.);
#4214=EDGE_CURVE('',#3430,#3431,#1624,.T.);
#4215=EDGE_CURVE('',#3431,#3426,#1625,.T.);
#4216=EDGE_CURVE('',#3432,#3433,#234,.T.);
#4217=EDGE_CURVE('',#3433,#3434,#235,.T.);
#4218=EDGE_CURVE('',#3434,#3435,#236,.T.);
#4219=EDGE_CURVE('',#3435,#3436,#237,.T.);
#4220=EDGE_CURVE('',#3436,#3437,#1626,.T.);
#4221=EDGE_CURVE('',#3437,#3438,#238,.T.);
#4222=EDGE_CURVE('',#3438,#3439,#239,.T.);
#4223=EDGE_CURVE('',#3439,#3440,#240,.T.);
#4224=EDGE_CURVE('',#3440,#3441,#241,.T.);
#4225=EDGE_CURVE('',#3441,#3442,#1627,.T.);
#4226=EDGE_CURVE('',#3442,#3443,#242,.T.);
#4227=EDGE_CURVE('',#3443,#3444,#1628,.T.);
#4228=EDGE_CURVE('',#3444,#3445,#243,.T.);
#4229=EDGE_CURVE('',#3445,#3432,#1629,.T.);
#4230=EDGE_CURVE('',#3446,#3447,#1630,.T.);
#4231=EDGE_CURVE('',#3447,#3448,#1631,.T.);
#4232=EDGE_CURVE('',#3448,#3449,#1632,.T.);
#4233=EDGE_CURVE('',#3449,#3450,#1633,.T.);
#4234=EDGE_CURVE('',#3450,#3451,#1634,.T.);
#4235=EDGE_CURVE('',#3451,#3452,#1635,.T.);
#4236=EDGE_CURVE('',#3452,#3446,#1636,.T.);
#4237=EDGE_CURVE('',#3453,#3454,#244,.T.);
#4238=EDGE_CURVE('',#3454,#3455,#245,.T.);
#4239=EDGE_CURVE('',#3455,#3456,#246,.T.);
#4240=EDGE_CURVE('',#3456,#3457,#1637,.T.);
#4241=EDGE_CURVE('',#3457,#3458,#1638,.T.);
#4242=EDGE_CURVE('',#3458,#3453,#1639,.T.);
#4243=EDGE_CURVE('',#3459,#3460,#1640,.T.);
#4244=EDGE_CURVE('',#3461,#3460,#1641,.T.);
#4245=EDGE_CURVE('',#3462,#3461,#1642,.T.);
#4246=EDGE_CURVE('',#3462,#3463,#1643,.T.);
#4247=EDGE_CURVE('',#3463,#3464,#1644,.T.);
#4248=EDGE_CURVE('',#3464,#3465,#247,.T.);
#4249=EDGE_CURVE('',#3465,#3459,#248,.T.);
#4250=EDGE_CURVE('',#3466,#3467,#249,.T.);
#4251=EDGE_CURVE('',#3467,#3468,#250,.T.);
#4252=EDGE_CURVE('',#3468,#3469,#251,.T.);
#4253=EDGE_CURVE('',#3469,#3470,#252,.T.);
#4254=EDGE_CURVE('',#3470,#3471,#253,.T.);
#4255=EDGE_CURVE('',#3471,#3472,#254,.T.);
#4256=EDGE_CURVE('',#3472,#3473,#255,.T.);
#4257=EDGE_CURVE('',#3473,#3474,#256,.T.);
#4258=EDGE_CURVE('',#3474,#3475,#257,.T.);
#4259=EDGE_CURVE('',#3475,#3466,#1645,.T.);
#4260=EDGE_CURVE('',#3476,#3477,#1646,.T.);
#4261=EDGE_CURVE('',#3478,#3477,#1647,.T.);
#4262=EDGE_CURVE('',#3479,#3478,#1648,.T.);
#4263=EDGE_CURVE('',#3476,#3479,#1649,.T.);
#4264=EDGE_CURVE('',#3480,#3481,#1650,.T.);
#4265=EDGE_CURVE('',#3477,#3480,#1651,.T.);
#4266=EDGE_CURVE('',#3481,#3476,#1652,.T.);
#4267=EDGE_CURVE('',#3482,#3481,#1653,.T.);
#4268=EDGE_CURVE('',#3483,#3482,#1654,.T.);
#4269=EDGE_CURVE('',#3480,#3483,#1655,.T.);
#4270=EDGE_CURVE('',#3479,#3482,#1656,.T.);
#4271=EDGE_CURVE('',#3483,#3478,#1657,.T.);
#4272=EDGE_CURVE('',#3484,#3484,#3174,.T.);
#4273=EDGE_CURVE('',#3484,#3485,#1658,.T.);
#4274=EDGE_CURVE('',#3485,#3485,#3175,.T.);
#4275=EDGE_CURVE('',#3486,#3487,#3176,.T.);
#4276=EDGE_CURVE('',#3486,#3488,#1659,.T.);
#4277=EDGE_CURVE('',#3488,#3489,#3177,.T.);
#4278=EDGE_CURVE('',#3487,#3489,#1660,.T.);
#4279=EDGE_CURVE('',#3487,#3486,#3178,.T.);
#4280=EDGE_CURVE('',#3489,#3488,#3179,.T.);
#4281=EDGE_CURVE('',#3490,#3491,#3180,.T.);
#4282=EDGE_CURVE('',#3492,#3490,#1661,.T.);
#4283=EDGE_CURVE('',#3493,#3492,#3181,.T.);
#4284=EDGE_CURVE('',#3491,#3493,#1662,.T.);
#4285=EDGE_CURVE('',#3494,#3495,#3182,.T.);
#4286=EDGE_CURVE('',#3494,#3496,#1663,.T.);
#4287=EDGE_CURVE('',#3497,#3496,#3183,.T.);
#4288=EDGE_CURVE('',#3495,#3497,#1664,.T.);
#4289=EDGE_CURVE('',#3497,#3492,#1665,.T.);
#4290=EDGE_CURVE('',#3496,#3493,#1666,.T.);
#4291=EDGE_CURVE('',#3498,#3498,#3184,.T.);
#4292=EDGE_CURVE('',#3499,#3495,#1667,.T.);
#4293=EDGE_CURVE('',#3499,#3500,#3185,.T.);
#4294=EDGE_CURVE('',#3494,#3500,#1668,.T.);
#4295=EDGE_CURVE('',#3501,#3499,#1669,.T.);
#4296=EDGE_CURVE('',#3502,#3501,#3186,.T.);
#4297=EDGE_CURVE('',#3500,#3502,#1670,.T.);
#4298=EDGE_CURVE('',#3503,#3504,#258,.T.);
#4299=EDGE_CURVE('',#3503,#3505,#1671,.T.);
#4300=EDGE_CURVE('',#3506,#3505,#3187,.T.);
#4301=EDGE_CURVE('',#3504,#3506,#1672,.T.);
#4302=EDGE_CURVE('',#3505,#3502,#1673,.T.);
#4303=EDGE_CURVE('',#3506,#3501,#1674,.T.);
#4304=EDGE_CURVE('',#3507,#3507,#3188,.T.);
#4305=EDGE_CURVE('',#3508,#3508,#3189,.T.);
#4306=EDGE_CURVE('',#3508,#3507,#1675,.T.);
#4307=EDGE_CURVE('',#3509,#3510,#1676,.T.);
#4308=EDGE_CURVE('',#3511,#3510,#1677,.T.);
#4309=EDGE_CURVE('',#3511,#3491,#1678,.T.);
#4310=EDGE_CURVE('',#3512,#3503,#3190,.T.);
#4311=EDGE_CURVE('',#3512,#3513,#1679,.T.);
#4312=EDGE_CURVE('',#3514,#3513,#3191,.T.);
#4313=EDGE_CURVE('',#3515,#3514,#1680,.T.);
#4314=EDGE_CURVE('',#3515,#3516,#1681,.T.);
#4315=EDGE_CURVE('',#3516,#3517,#1682,.T.);
#4316=EDGE_CURVE('',#3517,#3518,#1683,.T.);
#4317=EDGE_CURVE('',#3519,#3518,#1684,.T.);
#4318=EDGE_CURVE('',#3519,#3520,#1685,.T.);
#4319=EDGE_CURVE('',#3520,#3521,#1686,.T.);
#4320=EDGE_CURVE('',#3521,#3522,#1687,.T.);
#4321=EDGE_CURVE('',#3523,#3522,#1688,.T.);
#4322=EDGE_CURVE('',#3523,#3524,#1689,.T.);
#4323=EDGE_CURVE('',#3525,#3524,#3192,.T.);
#4324=EDGE_CURVE('',#3525,#3526,#1690,.T.);
#4325=EDGE_CURVE('',#3509,#3526,#3193,.T.);
#4326=EDGE_CURVE('',#3527,#3504,#3194,.T.);
#4327=EDGE_CURVE('',#3527,#3512,#1691,.T.);
#4328=EDGE_CURVE('',#3490,#3528,#1692,.T.);
#4329=EDGE_CURVE('',#3528,#3529,#1693,.T.);
#4330=EDGE_CURVE('',#3529,#3530,#1694,.T.);
#4331=EDGE_CURVE('',#3531,#3530,#3195,.F.);
#4332=EDGE_CURVE('',#3531,#3532,#1695,.T.);
#4333=EDGE_CURVE('',#3533,#3532,#3196,.F.);
#4334=EDGE_CURVE('',#3533,#3534,#1696,.T.);
#4335=EDGE_CURVE('',#3534,#3535,#1697,.T.);
#4336=EDGE_CURVE('',#3535,#3536,#1698,.T.);
#4337=EDGE_CURVE('',#3536,#3537,#1699,.T.);
#4338=EDGE_CURVE('',#3537,#3538,#1700,.T.);
#4339=EDGE_CURVE('',#3538,#3539,#1701,.T.);
#4340=EDGE_CURVE('',#3539,#3540,#1702,.T.);
#4341=EDGE_CURVE('',#3540,#3541,#1703,.T.);
#4342=EDGE_CURVE('',#3541,#3542,#1704,.T.);
#4343=EDGE_CURVE('',#3542,#3543,#1705,.T.);
#4344=EDGE_CURVE('',#3543,#3544,#1706,.T.);
#4345=EDGE_CURVE('',#3544,#3545,#1707,.T.);
#4346=EDGE_CURVE('',#3545,#3546,#1708,.T.);
#4347=EDGE_CURVE('',#3546,#3547,#1709,.T.);
#4348=EDGE_CURVE('',#3547,#3548,#3197,.T.);
#4349=EDGE_CURVE('',#3548,#3527,#1710,.T.);
#4350=EDGE_CURVE('',#3547,#3514,#259,.T.);
#4351=EDGE_CURVE('',#3546,#3515,#3198,.T.);
#4352=EDGE_CURVE('',#3516,#3545,#3199,.T.);
#4353=EDGE_CURVE('',#3549,#3549,#3200,.T.);
#4354=EDGE_CURVE('',#3517,#3544,#3201,.T.);
#4355=EDGE_CURVE('',#3543,#3550,#1711,.T.);
#4356=EDGE_CURVE('',#3550,#3551,#1712,.T.);
#4357=EDGE_CURVE('',#3540,#3551,#1713,.T.);
#4358=EDGE_CURVE('',#3539,#3518,#3202,.T.);
#4359=EDGE_CURVE('',#3549,#3552,#1714,.T.);
#4360=EDGE_CURVE('',#3552,#3552,#3203,.T.);
#4361=EDGE_CURVE('',#3520,#3537,#3204,.T.);
#4362=EDGE_CURVE('',#3538,#3519,#3205,.T.);
#4363=EDGE_CURVE('',#3553,#3553,#3206,.T.);
#4364=EDGE_CURVE('',#3521,#3536,#3207,.T.);
#4365=EDGE_CURVE('',#3535,#3554,#1715,.T.);
#4366=EDGE_CURVE('',#3522,#3554,#3208,.T.);
#4367=EDGE_CURVE('',#3553,#3555,#1716,.T.);
#4368=EDGE_CURVE('',#3555,#3555,#3209,.T.);
#4369=EDGE_CURVE('',#3556,#3556,#3210,.T.);
#4370=EDGE_CURVE('',#3556,#3498,#1717,.T.);
#4371=EDGE_CURVE('',#3557,#3511,#3211,.T.);
#4372=EDGE_CURVE('',#3528,#3557,#1718,.T.);
#4373=EDGE_CURVE('',#3526,#3531,#1719,.T.);
#4374=EDGE_CURVE('',#3530,#3509,#1720,.T.);
#4375=EDGE_CURVE('',#3532,#3525,#1721,.T.);
#4376=EDGE_CURVE('',#3524,#3533,#1722,.T.);
#4377=EDGE_CURVE('',#3558,#3523,#3212,.T.);
#4378=EDGE_CURVE('',#3534,#3558,#1723,.T.);
#4379=EDGE_CURVE('',#3513,#3548,#1724,.T.);
#4380=EDGE_CURVE('',#3542,#3559,#1725,.T.);
#4381=EDGE_CURVE('',#3559,#3550,#1726,.T.);
#4382=EDGE_CURVE('',#3541,#3560,#1727,.T.);
#4383=EDGE_CURVE('',#3560,#3559,#1728,.T.);
#4384=EDGE_CURVE('',#3551,#3560,#1729,.T.);
#4385=EDGE_CURVE('',#3561,#3562,#1730,.T.);
#4386=EDGE_CURVE('',#3563,#3561,#1731,.T.);
#4387=EDGE_CURVE('',#3564,#3563,#1732,.T.);
#4388=EDGE_CURVE('',#3565,#3564,#1733,.T.);
#4389=EDGE_CURVE('',#3566,#3565,#1734,.T.);
#4390=EDGE_CURVE('',#3567,#3566,#1735,.T.);
#4391=EDGE_CURVE('',#3568,#3567,#1736,.T.);
#4392=EDGE_CURVE('',#3569,#3568,#1737,.T.);
#4393=EDGE_CURVE('',#3570,#3569,#1738,.T.);
#4394=EDGE_CURVE('',#3562,#3570,#1739,.T.);
#4395=EDGE_CURVE('',#3571,#3572,#260,.T.);
#4396=EDGE_CURVE('',#3573,#3571,#261,.T.);
#4397=EDGE_CURVE('',#3574,#3573,#262,.T.);
#4398=EDGE_CURVE('',#3575,#3574,#263,.T.);
#4399=EDGE_CURVE('',#3576,#3575,#1740,.T.);
#4400=EDGE_CURVE('',#3577,#3576,#264,.T.);
#4401=EDGE_CURVE('',#3578,#3577,#1741,.T.);
#4402=EDGE_CURVE('',#3579,#3578,#265,.T.);
#4403=EDGE_CURVE('',#3580,#3579,#1742,.T.);
#4404=EDGE_CURVE('',#3581,#3580,#266,.T.);
#4405=EDGE_CURVE('',#3582,#3581,#267,.T.);
#4406=EDGE_CURVE('',#3583,#3582,#268,.T.);
#4407=EDGE_CURVE('',#3584,#3583,#269,.T.);
#4408=EDGE_CURVE('',#3572,#3584,#1743,.T.);
#4409=EDGE_CURVE('',#3585,#3586,#270,.T.);
#4410=EDGE_CURVE('',#3587,#3585,#271,.T.);
#4411=EDGE_CURVE('',#3588,#3587,#272,.T.);
#4412=EDGE_CURVE('',#3589,#3588,#273,.T.);
#4413=EDGE_CURVE('',#3590,#3589,#1744,.T.);
#4414=EDGE_CURVE('',#3591,#3590,#274,.T.);
#4415=EDGE_CURVE('',#3592,#3591,#1745,.T.);
#4416=EDGE_CURVE('',#3593,#3592,#275,.T.);
#4417=EDGE_CURVE('',#3594,#3593,#1746,.T.);
#4418=EDGE_CURVE('',#3595,#3594,#276,.T.);
#4419=EDGE_CURVE('',#3596,#3595,#277,.T.);
#4420=EDGE_CURVE('',#3597,#3596,#278,.T.);
#4421=EDGE_CURVE('',#3598,#3597,#279,.T.);
#4422=EDGE_CURVE('',#3586,#3598,#1747,.T.);
#4423=EDGE_CURVE('',#3599,#3600,#280,.T.);
#4424=EDGE_CURVE('',#3601,#3599,#281,.T.);
#4425=EDGE_CURVE('',#3602,#3601,#282,.T.);
#4426=EDGE_CURVE('',#3603,#3602,#283,.T.);
#4427=EDGE_CURVE('',#3604,#3603,#284,.T.);
#4428=EDGE_CURVE('',#3605,#3604,#285,.T.);
#4429=EDGE_CURVE('',#3606,#3605,#1748,.T.);
#4430=EDGE_CURVE('',#3607,#3606,#1749,.T.);
#4431=EDGE_CURVE('',#3608,#3607,#1750,.T.);
#4432=EDGE_CURVE('',#3609,#3608,#1751,.T.);
#4433=EDGE_CURVE('',#3610,#3609,#286,.T.);
#4434=EDGE_CURVE('',#3611,#3610,#287,.T.);
#4435=EDGE_CURVE('',#3612,#3611,#288,.T.);
#4436=EDGE_CURVE('',#3613,#3612,#289,.T.);
#4437=EDGE_CURVE('',#3614,#3613,#290,.T.);
#4438=EDGE_CURVE('',#3615,#3614,#291,.T.);
#4439=EDGE_CURVE('',#3616,#3615,#292,.T.);
#4440=EDGE_CURVE('',#3617,#3616,#293,.T.);
#4441=EDGE_CURVE('',#3618,#3617,#1752,.T.);
#4442=EDGE_CURVE('',#3619,#3618,#1753,.T.);
#4443=EDGE_CURVE('',#3600,#3619,#1754,.T.);
#4444=EDGE_CURVE('',#3620,#3621,#1755,.T.);
#4445=EDGE_CURVE('',#3622,#3620,#1756,.T.);
#4446=EDGE_CURVE('',#3623,#3622,#1757,.T.);
#4447=EDGE_CURVE('',#3624,#3623,#1758,.T.);
#4448=EDGE_CURVE('',#3625,#3624,#1759,.T.);
#4449=EDGE_CURVE('',#3621,#3625,#1760,.T.);
#4450=EDGE_CURVE('',#3626,#3627,#1761,.T.);
#4451=EDGE_CURVE('',#3628,#3626,#294,.T.);
#4452=EDGE_CURVE('',#3629,#3628,#295,.T.);
#4453=EDGE_CURVE('',#3630,#3629,#296,.T.);
#4454=EDGE_CURVE('',#3631,#3630,#297,.T.);
#4455=EDGE_CURVE('',#3632,#3631,#1762,.T.);
#4456=EDGE_CURVE('',#3633,#3632,#298,.T.);
#4457=EDGE_CURVE('',#3634,#3633,#299,.T.);
#4458=EDGE_CURVE('',#3635,#3634,#300,.T.);
#4459=EDGE_CURVE('',#3627,#3635,#301,.T.);
#4460=EDGE_CURVE('',#3636,#3637,#1763,.T.);
#4461=EDGE_CURVE('',#3638,#3636,#1764,.T.);
#4462=EDGE_CURVE('',#3639,#3638,#1765,.T.);
#4463=EDGE_CURVE('',#3637,#3639,#1766,.T.);
#4464=EDGE_CURVE('',#3640,#3641,#1767,.T.);
#4465=EDGE_CURVE('',#3642,#3640,#1768,.T.);
#4466=EDGE_CURVE('',#3643,#3642,#1769,.T.);
#4467=EDGE_CURVE('',#3644,#3643,#1770,.T.);
#4468=EDGE_CURVE('',#3645,#3644,#1771,.T.);
#4469=EDGE_CURVE('',#3646,#3645,#1772,.T.);
#4470=EDGE_CURVE('',#3641,#3646,#1773,.T.);
#4471=EDGE_CURVE('',#3647,#3648,#1774,.T.);
#4472=EDGE_CURVE('',#3649,#3647,#302,.T.);
#4473=EDGE_CURVE('',#3650,#3649,#303,.T.);
#4474=EDGE_CURVE('',#3651,#3650,#304,.T.);
#4475=EDGE_CURVE('',#3652,#3651,#305,.T.);
#4476=EDGE_CURVE('',#3653,#3652,#1775,.T.);
#4477=EDGE_CURVE('',#3654,#3653,#306,.T.);
#4478=EDGE_CURVE('',#3655,#3654,#307,.T.);
#4479=EDGE_CURVE('',#3656,#3655,#308,.T.);
#4480=EDGE_CURVE('',#3648,#3656,#309,.T.);
#4481=EDGE_CURVE('',#3657,#3658,#1776,.T.);
#4482=EDGE_CURVE('',#3659,#3657,#1777,.T.);
#4483=EDGE_CURVE('',#3660,#3659,#1778,.T.);
#4484=EDGE_CURVE('',#3661,#3660,#310,.T.);
#4485=EDGE_CURVE('',#3662,#3661,#311,.T.);
#4486=EDGE_CURVE('',#3658,#3662,#312,.T.);
#4487=EDGE_CURVE('',#3663,#3664,#1779,.T.);
#4488=EDGE_CURVE('',#3665,#3663,#313,.T.);
#4489=EDGE_CURVE('',#3666,#3665,#314,.T.);
#4490=EDGE_CURVE('',#3667,#3666,#315,.T.);
#4491=EDGE_CURVE('',#3668,#3667,#316,.T.);
#4492=EDGE_CURVE('',#3669,#3668,#317,.T.);
#4493=EDGE_CURVE('',#3670,#3669,#318,.T.);
#4494=EDGE_CURVE('',#3671,#3670,#319,.T.);
#4495=EDGE_CURVE('',#3672,#3671,#320,.T.);
#4496=EDGE_CURVE('',#3664,#3672,#321,.T.);
#4497=EDGE_CURVE('',#3673,#3674,#1780,.T.);
#4498=EDGE_CURVE('',#3675,#3673,#1781,.T.);
#4499=EDGE_CURVE('',#3676,#3675,#322,.T.);
#4500=EDGE_CURVE('',#3674,#3676,#1782,.T.);
#4501=EDGE_CURVE('',#3677,#3678,#1783,.T.);
#4502=EDGE_CURVE('',#3679,#3677,#323,.T.);
#4503=EDGE_CURVE('',#3680,#3679,#324,.T.);
#4504=EDGE_CURVE('',#3681,#3680,#1784,.T.);
#4505=EDGE_CURVE('',#3682,#3681,#1785,.T.);
#4506=EDGE_CURVE('',#3683,#3682,#1786,.T.);
#4507=EDGE_CURVE('',#3678,#3683,#1787,.T.);
#4508=EDGE_CURVE('',#3464,#3680,#1788,.T.);
#4509=EDGE_CURVE('',#3463,#3681,#1789,.T.);
#4510=EDGE_CURVE('',#3465,#3679,#1790,.T.);
#4511=EDGE_CURVE('',#3677,#3459,#325,.T.);
#4512=EDGE_CURVE('',#3356,#3675,#1791,.T.);
#4513=EDGE_CURVE('',#3355,#3676,#326,.T.);
#4514=EDGE_CURVE('',#3673,#3354,#1792,.T.);
#4515=EDGE_CURVE('',#3471,#3668,#1793,.T.);
#4516=EDGE_CURVE('',#3470,#3669,#1794,.T.);
#4517=EDGE_CURVE('',#3472,#3667,#1795,.T.);
#4518=EDGE_CURVE('',#3473,#3666,#1796,.T.);
#4519=EDGE_CURVE('',#3474,#3665,#1797,.T.);
#4520=EDGE_CURVE('',#3663,#3475,#327,.T.);
#4521=EDGE_CURVE('',#3456,#3660,#1798,.T.);
#4522=EDGE_CURVE('',#3455,#3661,#1799,.T.);
#4523=EDGE_CURVE('',#3457,#3659,#1800,.T.);
#4524=EDGE_CURVE('',#3657,#3458,#1801,.T.);
#4525=EDGE_CURVE('',#3377,#3652,#1802,.T.);
#4526=EDGE_CURVE('',#3376,#3653,#1803,.T.);
#4527=EDGE_CURVE('',#3378,#3651,#1804,.T.);
#4528=EDGE_CURVE('',#3379,#3650,#1805,.T.);
#4529=EDGE_CURVE('',#3380,#3649,#1806,.T.);
#4530=EDGE_CURVE('',#3647,#3371,#328,.T.);
#4531=EDGE_CURVE('',#3451,#3643,#1807,.T.);
#4532=EDGE_CURVE('',#3450,#3644,#1808,.T.);
#4533=EDGE_CURVE('',#3452,#3642,#1809,.T.);
#4534=EDGE_CURVE('',#3640,#3446,#1810,.T.);
#4535=EDGE_CURVE('',#3383,#3638,#1811,.T.);
#4536=EDGE_CURVE('',#3382,#3639,#1812,.T.);
#4537=EDGE_CURVE('',#3636,#3384,#1813,.T.);
#4538=EDGE_CURVE('',#3391,#3631,#1814,.T.);
#4539=EDGE_CURVE('',#3390,#3632,#1815,.T.);
#4540=EDGE_CURVE('',#3392,#3630,#1816,.T.);
#4541=EDGE_CURVE('',#3393,#3629,#1817,.T.);
#4542=EDGE_CURVE('',#3394,#3628,#1818,.T.);
#4543=EDGE_CURVE('',#3626,#3385,#329,.T.);
#4544=EDGE_CURVE('',#3427,#3623,#1819,.T.);
#4545=EDGE_CURVE('',#3426,#3624,#1820,.T.);
#4546=EDGE_CURVE('',#3428,#3622,#1821,.T.);
#4547=EDGE_CURVE('',#3429,#3620,#1822,.T.);
#4548=EDGE_CURVE('',#3406,#3609,#1823,.T.);
#4549=EDGE_CURVE('',#3405,#3610,#1824,.T.);
#4550=EDGE_CURVE('',#3407,#3608,#1825,.T.);
#4551=EDGE_CURVE('',#3408,#3607,#1826,.T.);
#4552=EDGE_CURVE('',#3409,#3606,#1827,.T.);
#4553=EDGE_CURVE('',#3410,#3605,#1828,.T.);
#4554=EDGE_CURVE('',#3411,#3604,#1829,.T.);
#4555=EDGE_CURVE('',#3412,#3603,#1830,.T.);
#4556=EDGE_CURVE('',#3413,#3602,#1831,.T.);
#4557=EDGE_CURVE('',#3414,#3601,#1832,.T.);
#4558=EDGE_CURVE('',#3415,#3599,#1833,.T.);
#4559=EDGE_CURVE('',#3592,#3443,#330,.T.);
#4560=EDGE_CURVE('',#3442,#3593,#331,.T.);
#4561=EDGE_CURVE('',#3444,#3591,#332,.T.);
#4562=EDGE_CURVE('',#3590,#3445,#333,.T.);
#4563=EDGE_CURVE('',#3432,#3589,#334,.T.);
#4564=EDGE_CURVE('',#3433,#3588,#1834,.T.);
#4565=EDGE_CURVE('',#3434,#3587,#1835,.T.);
#4566=EDGE_CURVE('',#3435,#3585,#1836,.T.);
#4567=EDGE_CURVE('',#3578,#3358,#335,.T.);
#4568=EDGE_CURVE('',#3357,#3579,#336,.T.);
#4569=EDGE_CURVE('',#3359,#3577,#337,.T.);
#4570=EDGE_CURVE('',#3576,#3360,#338,.T.);
#4571=EDGE_CURVE('',#3361,#3575,#339,.T.);
#4572=EDGE_CURVE('',#3362,#3574,#1837,.T.);
#4573=EDGE_CURVE('',#3363,#3573,#1838,.T.);
#4574=EDGE_CURVE('',#3364,#3571,#1839,.T.);
#4575=EDGE_CURVE('',#3396,#3566,#1840,.T.);
#4576=EDGE_CURVE('',#3395,#3567,#1841,.T.);
#4577=EDGE_CURVE('',#3397,#3565,#1842,.T.);
#4578=EDGE_CURVE('',#3398,#3564,#1843,.T.);
#4579=EDGE_CURVE('',#3399,#3563,#1844,.T.);
#4580=EDGE_CURVE('',#3400,#3561,#1845,.T.);
#4581=EDGE_CURVE('',#3460,#3678,#1846,.T.);
#4582=EDGE_CURVE('',#3353,#3674,#1847,.T.);
#4583=EDGE_CURVE('',#3466,#3664,#340,.T.);
#4584=EDGE_CURVE('',#3453,#3658,#341,.T.);
#4585=EDGE_CURVE('',#3461,#3683,#1848,.T.);
#4586=EDGE_CURVE('',#3462,#3682,#1849,.T.);
#4587=EDGE_CURVE('',#3372,#3648,#342,.T.);
#4588=EDGE_CURVE('',#3580,#3370,#343,.T.);
#4589=EDGE_CURVE('',#3447,#3641,#1850,.T.);
#4590=EDGE_CURVE('',#3381,#3637,#1851,.T.);
#4591=EDGE_CURVE('',#3386,#3627,#344,.T.);
#4592=EDGE_CURVE('',#3594,#3441,#345,.T.);
#4593=EDGE_CURVE('',#3430,#3621,#1852,.T.);
#4594=EDGE_CURVE('',#3431,#3625,#1853,.T.);
#4595=EDGE_CURVE('',#3416,#3600,#1854,.T.);
#4596=EDGE_CURVE('',#3425,#3611,#1855,.T.);
#4597=EDGE_CURVE('',#3424,#3612,#1856,.T.);
#4598=EDGE_CURVE('',#3423,#3613,#1857,.T.);
#4599=EDGE_CURVE('',#3422,#3614,#1858,.T.);
#4600=EDGE_CURVE('',#3421,#3615,#1859,.T.);
#4601=EDGE_CURVE('',#3420,#3616,#1860,.T.);
#4602=EDGE_CURVE('',#3419,#3617,#1861,.T.);
#4603=EDGE_CURVE('',#3418,#3618,#1862,.T.);
#4604=EDGE_CURVE('',#3417,#3619,#1863,.T.);
#4605=EDGE_CURVE('',#3449,#3645,#1864,.T.);
#4606=EDGE_CURVE('',#3448,#3646,#1865,.T.);
#4607=EDGE_CURVE('',#3454,#3662,#1866,.T.);
#4608=EDGE_CURVE('',#3469,#3670,#1867,.T.);
#4609=EDGE_CURVE('',#3468,#3671,#1868,.T.);
#4610=EDGE_CURVE('',#3467,#3672,#1869,.T.);
#4611=EDGE_CURVE('',#3436,#3586,#1870,.T.);
#4612=EDGE_CURVE('',#3389,#3633,#1871,.T.);
#4613=EDGE_CURVE('',#3388,#3634,#1872,.T.);
#4614=EDGE_CURVE('',#3387,#3635,#1873,.T.);
#4615=EDGE_CURVE('',#3440,#3595,#1874,.T.);
#4616=EDGE_CURVE('',#3439,#3596,#1875,.T.);
#4617=EDGE_CURVE('',#3438,#3597,#1876,.T.);
#4618=EDGE_CURVE('',#3437,#3598,#1877,.T.);
#4619=EDGE_CURVE('',#3365,#3572,#1878,.T.);
#4620=EDGE_CURVE('',#3375,#3654,#1879,.T.);
#4621=EDGE_CURVE('',#3374,#3655,#1880,.T.);
#4622=EDGE_CURVE('',#3373,#3656,#1881,.T.);
#4623=EDGE_CURVE('',#3369,#3581,#1882,.T.);
#4624=EDGE_CURVE('',#3368,#3582,#1883,.T.);
#4625=EDGE_CURVE('',#3367,#3583,#1884,.T.);
#4626=EDGE_CURVE('',#3366,#3584,#1885,.T.);
#4627=EDGE_CURVE('',#3401,#3562,#1886,.T.);
#4628=EDGE_CURVE('',#3404,#3568,#1887,.T.);
#4629=EDGE_CURVE('',#3403,#3569,#1888,.T.);
#4630=EDGE_CURVE('',#3402,#3570,#1889,.T.);
#4631=EDGE_CURVE('',#3510,#3684,#3213,.T.);
#4632=EDGE_CURVE('',#3684,#3557,#1890,.T.);
#4633=EDGE_CURVE('',#3529,#3684,#1891,.T.);
#4634=EDGE_CURVE('',#3554,#3558,#1892,.T.);
#4635=EDGE_CURVE('',#3685,#3686,#1893,.T.);
#4636=EDGE_CURVE('',#3685,#3687,#1894,.T.);
#4637=EDGE_CURVE('',#3688,#3687,#1895,.T.);
#4638=EDGE_CURVE('',#3686,#3688,#1896,.T.);
#4639=EDGE_CURVE('',#3686,#3689,#1897,.T.);
#4640=EDGE_CURVE('',#3690,#3688,#1898,.T.);
#4641=EDGE_CURVE('',#3689,#3690,#1899,.T.);
#4642=EDGE_CURVE('',#3689,#3691,#1900,.T.);
#4643=EDGE_CURVE('',#3692,#3690,#1901,.T.);
#4644=EDGE_CURVE('',#3691,#3692,#1902,.T.);
#4645=EDGE_CURVE('',#3691,#3685,#1903,.T.);
#4646=EDGE_CURVE('',#3687,#3692,#1904,.T.);
#4647=EDGE_CURVE('',#3693,#3694,#1905,.T.);
#4648=EDGE_CURVE('',#3695,#3693,#1906,.T.);
#4649=EDGE_CURVE('',#3696,#3695,#1907,.T.);
#4650=EDGE_CURVE('',#3694,#3696,#1908,.T.);
#4651=EDGE_CURVE('',#3693,#3697,#1909,.T.);
#4652=EDGE_CURVE('',#3694,#3698,#1910,.T.);
#4653=EDGE_CURVE('',#3699,#3698,#1911,.T.);
#4654=EDGE_CURVE('',#3700,#3699,#1912,.T.);
#4655=EDGE_CURVE('',#3701,#3700,#1913,.T.);
#4656=EDGE_CURVE('',#3702,#3701,#1914,.T.);
#4657=EDGE_CURVE('',#3703,#3702,#1915,.T.);
#4658=EDGE_CURVE('',#3704,#3703,#1916,.T.);
#4659=EDGE_CURVE('',#3705,#3704,#1917,.T.);
#4660=EDGE_CURVE('',#3706,#3705,#1918,.T.);
#4661=EDGE_CURVE('',#3707,#3706,#1919,.T.);
#4662=EDGE_CURVE('',#3708,#3707,#1920,.T.);
#4663=EDGE_CURVE('',#3709,#3708,#1921,.T.);
#4664=EDGE_CURVE('',#3710,#3709,#1922,.T.);
#4665=EDGE_CURVE('',#3711,#3710,#1923,.T.);
#4666=EDGE_CURVE('',#3712,#3711,#1924,.T.);
#4667=EDGE_CURVE('',#3697,#3712,#1925,.T.);
#4668=EDGE_CURVE('',#3713,#3714,#1926,.T.);
#4669=EDGE_CURVE('',#3715,#3713,#1927,.T.);
#4670=EDGE_CURVE('',#3716,#3715,#1928,.T.);
#4671=EDGE_CURVE('',#3716,#3714,#1929,.T.);
#4672=EDGE_CURVE('',#3717,#3718,#1930,.T.);
#4673=EDGE_CURVE('',#3717,#3719,#1931,.T.);
#4674=EDGE_CURVE('',#3720,#3719,#1932,.T.);
#4675=EDGE_CURVE('',#3718,#3720,#1933,.T.);
#4676=EDGE_CURVE('',#3721,#3722,#1934,.T.);
#4677=EDGE_CURVE('',#3719,#3721,#1935,.T.);
#4678=EDGE_CURVE('',#3714,#3717,#1936,.T.);
#4679=EDGE_CURVE('',#3722,#3716,#1937,.T.);
#4680=EDGE_CURVE('',#3721,#3723,#1938,.T.);
#4681=EDGE_CURVE('',#3723,#3724,#1939,.T.);
#4682=EDGE_CURVE('',#3724,#3725,#1940,.T.);
#4683=EDGE_CURVE('',#3725,#3726,#1941,.T.);
#4684=EDGE_CURVE('',#3726,#3727,#1942,.T.);
#4685=EDGE_CURVE('',#3728,#3727,#1943,.T.);
#4686=EDGE_CURVE('',#3720,#3728,#1944,.T.);
#4687=EDGE_CURVE('',#3729,#3722,#1945,.T.);
#4688=EDGE_CURVE('',#3729,#3723,#1946,.T.);
#4689=EDGE_CURVE('',#3730,#3731,#346,.T.);
#4690=EDGE_CURVE('',#3732,#3731,#1947,.T.);
#4691=EDGE_CURVE('',#3732,#3730,#1948,.T.);
#4692=EDGE_CURVE('',#3711,#3733,#1949,.T.);
#4693=EDGE_CURVE('',#3734,#3733,#1950,.T.);
#4694=EDGE_CURVE('',#3734,#3735,#1951,.T.);
#4695=EDGE_CURVE('',#3736,#3735,#1952,.T.);
#4696=EDGE_CURVE('',#3712,#3736,#1953,.T.);
#4697=EDGE_CURVE('',#3730,#3737,#347,.T.);
#4698=EDGE_CURVE('',#3738,#3737,#348,.T.);
#4699=EDGE_CURVE('',#3739,#3738,#349,.T.);
#4700=EDGE_CURVE('',#3740,#3739,#350,.T.);
#4701=EDGE_CURVE('',#3740,#3731,#351,.T.);
#4702=EDGE_CURVE('',#3738,#3701,#1954,.T.);
#4703=EDGE_CURVE('',#3739,#3700,#1955,.T.);
#4704=EDGE_CURVE('',#3737,#3702,#1956,.T.);
#4705=EDGE_CURVE('',#3732,#3741,#1957,.T.);
#4706=EDGE_CURVE('',#3742,#3741,#352,.T.);
#4707=EDGE_CURVE('',#3742,#3743,#1958,.T.);
#4708=EDGE_CURVE('',#3743,#3744,#1959,.T.);
#4709=EDGE_CURVE('',#3744,#3745,#1960,.T.);
#4710=EDGE_CURVE('',#3745,#3746,#1961,.T.);
#4711=EDGE_CURVE('',#3747,#3746,#353,.T.);
#4712=EDGE_CURVE('',#3747,#3748,#1962,.T.);
#4713=EDGE_CURVE('',#3748,#3749,#1963,.T.);
#4714=EDGE_CURVE('',#3749,#3750,#1964,.T.);
#4715=EDGE_CURVE('',#3750,#3751,#1965,.T.);
#4716=EDGE_CURVE('',#3751,#3752,#1966,.T.);
#4717=EDGE_CURVE('',#3752,#3753,#1967,.T.);
#4718=EDGE_CURVE('',#3753,#3754,#1968,.T.);
#4719=EDGE_CURVE('',#3754,#3755,#1969,.T.);
#4720=EDGE_CURVE('',#3755,#3756,#3214,.T.);
#4721=EDGE_CURVE('',#3756,#3757,#1970,.T.);
#4722=EDGE_CURVE('',#3757,#3758,#3215,.T.);
#4723=EDGE_CURVE('',#3758,#3759,#1971,.T.);
#4724=EDGE_CURVE('',#3759,#3760,#1972,.T.);
#4725=EDGE_CURVE('',#3760,#3761,#1973,.T.);
#4726=EDGE_CURVE('',#3761,#3762,#1974,.T.);
#4727=EDGE_CURVE('',#3762,#3737,#1975,.T.);
#4728=EDGE_CURVE('',#3763,#3734,#1976,.T.);
#4729=EDGE_CURVE('',#3764,#3733,#1977,.T.);
#4730=EDGE_CURVE('',#3763,#3764,#1978,.T.);
#4731=EDGE_CURVE('',#3765,#3766,#1979,.T.);
#4732=EDGE_CURVE('',#3767,#3765,#1980,.T.);
#4733=EDGE_CURVE('',#3768,#3767,#1981,.T.);
#4734=EDGE_CURVE('',#3769,#3768,#1982,.T.);
#4735=EDGE_CURVE('',#3770,#3769,#1983,.T.);
#4736=EDGE_CURVE('',#3771,#3770,#1984,.T.);
#4737=EDGE_CURVE('',#3771,#3772,#1985,.T.);
#4738=EDGE_CURVE('',#3772,#3766,#1986,.T.);
#4739=EDGE_CURVE('',#3773,#3774,#3216,.T.);
#4740=EDGE_CURVE('',#3774,#3773,#3217,.T.);
#4741=EDGE_CURVE('',#3775,#3775,#3218,.T.);
#4742=EDGE_CURVE('',#3776,#3777,#1987,.T.);
#4743=EDGE_CURVE('',#3777,#3778,#1988,.T.);
#4744=EDGE_CURVE('',#3778,#3779,#1989,.T.);
#4745=EDGE_CURVE('',#3779,#3776,#1990,.T.);
#4746=EDGE_CURVE('',#3780,#3780,#3219,.T.);
#4747=EDGE_CURVE('',#3781,#3782,#1991,.T.);
#4748=EDGE_CURVE('',#3782,#3783,#1992,.T.);
#4749=EDGE_CURVE('',#3783,#3784,#1993,.T.);
#4750=EDGE_CURVE('',#3784,#3785,#1994,.T.);
#4751=EDGE_CURVE('',#3785,#3781,#1995,.T.);
#4752=EDGE_CURVE('',#3786,#3764,#1996,.T.);
#4753=EDGE_CURVE('',#3786,#3787,#1997,.T.);
#4754=EDGE_CURVE('',#3763,#3787,#1998,.T.);
#4755=EDGE_CURVE('',#3788,#3766,#1999,.T.);
#4756=EDGE_CURVE('',#3788,#3789,#2000,.T.);
#4757=EDGE_CURVE('',#3765,#3789,#2001,.T.);
#4758=EDGE_CURVE('',#3787,#3788,#2002,.T.);
#4759=EDGE_CURVE('',#3789,#3786,#2003,.T.);
#4760=EDGE_CURVE('',#3772,#3790,#2004,.T.);
#4761=EDGE_CURVE('',#3735,#3790,#2005,.T.);
#4762=EDGE_CURVE('',#3767,#3710,#2006,.T.);
#4763=EDGE_CURVE('',#3697,#3791,#2007,.T.);
#4764=EDGE_CURVE('',#3695,#3791,#2008,.T.);
#4765=EDGE_CURVE('',#3792,#3696,#2009,.T.);
#4766=EDGE_CURVE('',#3698,#3792,#2010,.T.);
#4767=EDGE_CURVE('',#3736,#3791,#2011,.T.);
#4768=EDGE_CURVE('',#3790,#3793,#2012,.T.);
#4769=EDGE_CURVE('',#3792,#3793,#2013,.T.);
#4770=EDGE_CURVE('',#3740,#3699,#2014,.T.);
#4771=EDGE_CURVE('',#3793,#3759,#2015,.T.);
#4772=EDGE_CURVE('',#3794,#3758,#2016,.T.);
#4773=EDGE_CURVE('',#3795,#3794,#2017,.T.);
#4774=EDGE_CURVE('',#3795,#3796,#2018,.T.);
#4775=EDGE_CURVE('',#3797,#3796,#2019,.T.);
#4776=EDGE_CURVE('',#3797,#3798,#354,.T.);
#4777=EDGE_CURVE('',#3798,#3799,#355,.T.);
#4778=EDGE_CURVE('',#3799,#3741,#356,.T.);
#4779=EDGE_CURVE('',#3800,#3801,#2020,.T.);
#4780=EDGE_CURVE('',#3801,#3802,#2021,.T.);
#4781=EDGE_CURVE('',#3802,#3803,#2022,.T.);
#4782=EDGE_CURVE('',#3803,#3800,#2023,.T.);
#4783=EDGE_CURVE('',#3804,#3804,#3220,.T.);
#4784=EDGE_CURVE('',#3805,#3805,#3221,.T.);
#4785=EDGE_CURVE('',#3727,#3806,#2024,.T.);
#4786=EDGE_CURVE('',#3806,#3807,#2025,.T.);
#4787=EDGE_CURVE('',#3808,#3807,#2026,.T.);
#4788=EDGE_CURVE('',#3808,#3809,#2027,.T.);
#4789=EDGE_CURVE('',#3809,#3810,#2028,.T.);
#4790=EDGE_CURVE('',#3810,#3811,#2029,.T.);
#4791=EDGE_CURVE('',#3728,#3811,#2030,.T.);
#4792=EDGE_CURVE('',#3812,#3812,#3222,.T.);
#4793=EDGE_CURVE('',#3813,#3813,#3223,.T.);
#4794=EDGE_CURVE('',#3762,#3703,#2031,.T.);
#4795=EDGE_CURVE('',#3761,#3704,#2032,.T.);
#4796=EDGE_CURVE('',#3705,#3760,#2033,.T.);
#4797=EDGE_CURVE('',#3770,#3707,#2034,.T.);
#4798=EDGE_CURVE('',#3771,#3706,#2035,.T.);
#4799=EDGE_CURVE('',#3769,#3708,#2036,.T.);
#4800=EDGE_CURVE('',#3768,#3709,#2037,.T.);
#4801=EDGE_CURVE('',#3814,#3815,#2038,.T.);
#4802=EDGE_CURVE('',#3815,#3816,#3224,.T.);
#4803=EDGE_CURVE('',#3816,#3817,#2039,.T.);
#4804=EDGE_CURVE('',#3817,#3814,#22,.T.);
#4805=EDGE_CURVE('',#3818,#3814,#2040,.T.);
#4806=EDGE_CURVE('',#3817,#3819,#2041,.T.);
#4807=EDGE_CURVE('',#3819,#3818,#23,.T.);
#4808=EDGE_CURVE('',#3819,#3820,#2042,.T.);
#4809=EDGE_CURVE('',#3820,#3821,#3225,.T.);
#4810=EDGE_CURVE('',#3821,#3818,#2043,.T.);
#4811=EDGE_CURVE('',#3816,#3822,#2044,.T.);
#4812=EDGE_CURVE('',#3822,#3823,#2045,.T.);
#4813=EDGE_CURVE('',#3823,#3797,#2046,.T.);
#4814=EDGE_CURVE('',#3796,#3820,#2047,.T.);
#4815=EDGE_CURVE('',#3824,#3815,#2048,.T.);
#4816=EDGE_CURVE('',#3825,#3824,#2049,.T.);
#4817=EDGE_CURVE('',#3825,#3822,#2050,.T.);
#4818=EDGE_CURVE('',#3826,#3814,#2051,.T.);
#4819=EDGE_CURVE('',#3827,#3826,#2052,.T.);
#4820=EDGE_CURVE('',#3827,#3828,#2053,.T.);
#4821=EDGE_CURVE('',#3829,#3828,#3226,.T.);
#4822=EDGE_CURVE('',#3830,#3829,#2054,.T.);
#4823=EDGE_CURVE('',#3831,#3830,#2055,.T.);
#4824=EDGE_CURVE('',#3824,#3831,#2056,.T.);
#4825=EDGE_CURVE('',#3832,#3832,#3227,.T.);
#4826=EDGE_CURVE('',#3833,#3833,#3228,.T.);
#4827=EDGE_CURVE('',#3834,#3834,#3229,.T.);
#4828=EDGE_CURVE('',#3835,#3836,#2057,.T.);
#4829=EDGE_CURVE('',#3837,#3836,#2058,.T.);
#4830=EDGE_CURVE('',#3837,#3838,#2059,.T.);
#4831=EDGE_CURVE('',#3838,#3835,#2060,.T.);
#4832=EDGE_CURVE('',#3839,#3839,#3230,.T.);
#4833=EDGE_CURVE('',#3832,#3840,#2061,.T.);
#4834=EDGE_CURVE('',#3840,#3840,#3231,.T.);
#4835=EDGE_CURVE('',#3840,#3841,#2062,.T.);
#4836=EDGE_CURVE('',#3841,#3841,#3232,.T.);
#4837=EDGE_CURVE('',#3839,#3842,#2063,.T.);
#4838=EDGE_CURVE('',#3842,#3842,#3233,.T.);
#4839=EDGE_CURVE('',#3842,#3843,#2064,.T.);
#4840=EDGE_CURVE('',#3843,#3843,#3234,.T.);
#4841=EDGE_CURVE('',#3844,#3844,#3235,.T.);
#4842=EDGE_CURVE('',#3844,#3845,#2065,.T.);
#4843=EDGE_CURVE('',#3845,#3845,#3236,.T.);
#4844=EDGE_CURVE('',#3846,#3821,#2066,.T.);
#4845=EDGE_CURVE('',#3847,#3846,#2067,.T.);
#4846=EDGE_CURVE('',#3848,#3847,#2068,.T.);
#4847=EDGE_CURVE('',#3849,#3848,#2069,.T.);
#4848=EDGE_CURVE('',#3850,#3849,#3237,.T.);
#4849=EDGE_CURVE('',#3850,#3851,#2070,.T.);
#4850=EDGE_CURVE('',#3852,#3851,#2071,.T.);
#4851=EDGE_CURVE('',#3852,#3818,#2072,.T.);
#4852=EDGE_CURVE('',#3853,#3853,#3238,.T.);
#4853=EDGE_CURVE('',#3854,#3855,#2073,.T.);
#4854=EDGE_CURVE('',#3856,#3855,#2074,.T.);
#4855=EDGE_CURVE('',#3856,#3857,#2075,.T.);
#4856=EDGE_CURVE('',#3857,#3854,#2076,.T.);
#4857=EDGE_CURVE('',#3858,#3858,#3239,.T.);
#4858=EDGE_CURVE('',#3859,#3859,#3240,.T.);
#4859=EDGE_CURVE('',#3812,#3845,#2077,.T.);
#4860=EDGE_CURVE('',#3853,#3860,#2078,.T.);
#4861=EDGE_CURVE('',#3860,#3860,#3241,.T.);
#4862=EDGE_CURVE('',#3813,#3860,#2079,.T.);
#4863=EDGE_CURVE('',#3837,#3861,#2080,.T.);
#4864=EDGE_CURVE('',#3862,#3836,#2081,.T.);
#4865=EDGE_CURVE('',#3863,#3862,#2082,.T.);
#4866=EDGE_CURVE('',#3864,#3863,#2083,.T.);
#4867=EDGE_CURVE('',#3865,#3864,#2084,.T.);
#4868=EDGE_CURVE('',#3861,#3865,#2085,.T.);
#4869=EDGE_CURVE('',#3866,#3866,#3242,.T.);
#4870=EDGE_CURVE('',#3835,#3867,#2086,.T.);
#4871=EDGE_CURVE('',#3867,#3862,#2087,.T.);
#4872=EDGE_CURVE('',#3861,#3868,#2088,.T.);
#4873=EDGE_CURVE('',#3868,#3838,#2089,.T.);
#4874=EDGE_CURVE('',#3869,#3868,#2090,.T.);
#4875=EDGE_CURVE('',#3870,#3869,#2091,.T.);
#4876=EDGE_CURVE('',#3871,#3870,#2092,.T.);
#4877=EDGE_CURVE('',#3867,#3871,#2093,.T.);
#4878=EDGE_CURVE('',#3872,#3872,#3243,.T.);
#4879=EDGE_CURVE('',#3873,#3874,#2094,.T.);
#4880=EDGE_CURVE('',#3875,#3873,#2095,.T.);
#4881=EDGE_CURVE('',#3874,#3875,#2096,.T.);
#4882=EDGE_CURVE('',#3876,#3877,#2097,.T.);
#4883=EDGE_CURVE('',#3878,#3876,#2098,.T.);
#4884=EDGE_CURVE('',#3879,#3878,#2099,.T.);
#4885=EDGE_CURVE('',#3880,#3879,#2100,.T.);
#4886=EDGE_CURVE('',#3877,#3880,#2101,.T.);
#4887=EDGE_CURVE('',#3881,#3882,#2102,.T.);
#4888=EDGE_CURVE('',#3883,#3881,#2103,.T.);
#4889=EDGE_CURVE('',#3884,#3883,#2104,.T.);
#4890=EDGE_CURVE('',#3882,#3884,#2105,.T.);
#4891=EDGE_CURVE('',#3885,#3873,#2106,.T.);
#4892=EDGE_CURVE('',#3886,#3885,#2107,.T.);
#4893=EDGE_CURVE('',#3887,#3886,#2108,.T.);
#4894=EDGE_CURVE('',#3875,#3887,#2109,.T.);
#4895=EDGE_CURVE('',#3875,#3888,#2110,.T.);
#4896=EDGE_CURVE('',#3888,#3889,#2111,.T.);
#4897=EDGE_CURVE('',#3889,#3874,#2112,.T.);
#4898=EDGE_CURVE('',#3890,#3887,#2113,.T.);
#4899=EDGE_CURVE('',#3743,#3890,#2114,.T.);
#4900=EDGE_CURVE('',#3742,#3891,#357,.T.);
#4901=EDGE_CURVE('',#3892,#3891,#2115,.T.);
#4902=EDGE_CURVE('',#3892,#3893,#2116,.T.);
#4903=EDGE_CURVE('',#3894,#3893,#3244,.T.);
#4904=EDGE_CURVE('',#3894,#3895,#2117,.T.);
#4905=EDGE_CURVE('',#3896,#3895,#3245,.T.);
#4906=EDGE_CURVE('',#3896,#3888,#2118,.T.);
#4907=EDGE_CURVE('',#3886,#3897,#2119,.T.);
#4908=EDGE_CURVE('',#3897,#3890,#2120,.T.);
#4909=EDGE_CURVE('',#3898,#3882,#2121,.T.);
#4910=EDGE_CURVE('',#3748,#3898,#2122,.T.);
#4911=EDGE_CURVE('',#3747,#3899,#358,.T.);
#4912=EDGE_CURVE('',#3900,#3899,#2123,.T.);
#4913=EDGE_CURVE('',#3900,#3901,#2124,.T.);
#4914=EDGE_CURVE('',#3902,#3901,#24,.T.);
#4915=EDGE_CURVE('',#3902,#3903,#2125,.T.);
#4916=EDGE_CURVE('',#3904,#3903,#25,.T.);
#4917=EDGE_CURVE('',#3904,#3905,#2126,.T.);
#4918=EDGE_CURVE('',#3881,#3905,#2127,.T.);
#4919=EDGE_CURVE('',#3884,#3906,#2128,.T.);
#4920=EDGE_CURVE('',#3906,#3907,#2129,.T.);
#4921=EDGE_CURVE('',#3907,#3908,#2130,.T.);
#4922=EDGE_CURVE('',#3908,#3898,#2131,.T.);
#4923=EDGE_CURVE('',#3783,#3877,#2132,.T.);
#4924=EDGE_CURVE('',#3782,#3909,#2133,.T.);
#4925=EDGE_CURVE('',#3876,#3909,#2134,.T.);
#4926=EDGE_CURVE('',#3784,#3880,#2135,.T.);
#4927=EDGE_CURVE('',#3866,#3910,#2136,.T.);
#4928=EDGE_CURVE('',#3910,#3910,#3246,.T.);
#4929=EDGE_CURVE('',#3870,#3864,#2137,.T.);
#4930=EDGE_CURVE('',#3869,#3865,#2138,.T.);
#4931=EDGE_CURVE('',#3871,#3863,#2139,.T.);
#4932=EDGE_CURVE('',#3911,#3855,#2140,.T.);
#4933=EDGE_CURVE('',#3912,#3854,#2141,.T.);
#4934=EDGE_CURVE('',#3912,#3911,#2142,.T.);
#4935=EDGE_CURVE('',#3856,#3913,#2143,.T.);
#4936=EDGE_CURVE('',#3913,#3914,#2144,.T.);
#4937=EDGE_CURVE('',#3914,#3857,#2145,.F.);
#4938=EDGE_CURVE('',#3915,#3831,#3247,.T.);
#4939=EDGE_CURVE('',#3830,#3916,#3248,.T.);
#4940=EDGE_CURVE('',#3916,#3915,#2146,.T.);
#4941=EDGE_CURVE('',#3915,#3917,#2147,.T.);
#4942=EDGE_CURVE('',#3847,#3917,#3249,.T.);
#4943=EDGE_CURVE('',#3846,#3795,#2148,.T.);
#4944=EDGE_CURVE('',#3918,#3794,#3250,.T.);
#4945=EDGE_CURVE('',#3918,#3919,#2149,.T.);
#4946=EDGE_CURVE('',#3920,#3919,#3251,.T.);
#4947=EDGE_CURVE('',#3920,#3825,#2150,.T.);
#4948=EDGE_CURVE('',#3917,#3921,#2151,.T.);
#4949=EDGE_CURVE('',#3921,#3848,#3252,.T.);
#4950=EDGE_CURVE('',#3849,#3829,#2152,.T.);
#4951=EDGE_CURVE('',#3921,#3916,#2153,.T.);
#4952=EDGE_CURVE('',#3922,#3923,#359,.F.);
#4953=EDGE_CURVE('',#3924,#3922,#360,.F.);
#4954=EDGE_CURVE('',#3924,#3756,#2154,.T.);
#4955=EDGE_CURVE('',#3755,#3920,#2155,.T.);
#4956=EDGE_CURVE('',#3919,#3925,#2156,.T.);
#4957=EDGE_CURVE('',#3925,#3926,#361,.T.);
#4958=EDGE_CURVE('',#3923,#3926,#13,.F.);
#4959=EDGE_CURVE('',#3927,#3928,#362,.F.);
#4960=EDGE_CURVE('',#3927,#3918,#2157,.T.);
#4961=EDGE_CURVE('',#3757,#3929,#2158,.T.);
#4962=EDGE_CURVE('',#3929,#3928,#363,.T.);
#4963=EDGE_CURVE('',#3924,#3930,#3253,.T.);
#4964=EDGE_CURVE('',#3930,#3931,#3254,.T.);
#4965=EDGE_CURVE('',#3931,#3925,#3255,.T.);
#4966=EDGE_CURVE('',#3927,#3932,#3256,.T.);
#4967=EDGE_CURVE('',#3932,#3933,#2159,.T.);
#4968=EDGE_CURVE('',#3933,#3934,#3257,.T.);
#4969=EDGE_CURVE('',#3934,#3929,#3258,.T.);
#4970=EDGE_CURVE('',#3935,#3936,#3259,.T.);
#4971=EDGE_CURVE('',#3936,#3937,#2160,.T.);
#4972=EDGE_CURVE('',#3937,#3938,#3260,.T.);
#4973=EDGE_CURVE('',#3938,#3935,#3261,.T.);
#4974=EDGE_CURVE('',#3939,#3940,#3262,.T.);
#4975=EDGE_CURVE('',#3940,#3941,#2161,.T.);
#4976=EDGE_CURVE('',#3941,#3942,#3263,.T.);
#4977=EDGE_CURVE('',#3942,#3939,#3264,.T.);
#4978=EDGE_CURVE('',#3943,#3941,#2162,.T.);
#4979=EDGE_CURVE('',#3943,#3944,#3265,.T.);
#4980=EDGE_CURVE('',#3944,#3942,#2163,.T.);
#4981=EDGE_CURVE('',#3944,#3945,#3266,.T.);
#4982=EDGE_CURVE('',#3939,#3945,#2164,.T.);
#4983=EDGE_CURVE('',#3946,#3943,#2165,.T.);
#4984=EDGE_CURVE('',#3945,#3946,#3267,.T.);
#4985=EDGE_CURVE('',#3946,#3940,#2166,.T.);
#4986=EDGE_CURVE('',#3947,#3937,#2167,.T.);
#4987=EDGE_CURVE('',#3947,#3948,#3268,.T.);
#4988=EDGE_CURVE('',#3948,#3938,#2168,.T.);
#4989=EDGE_CURVE('',#3948,#3949,#3269,.T.);
#4990=EDGE_CURVE('',#3935,#3949,#2169,.T.);
#4991=EDGE_CURVE('',#3950,#3947,#2170,.T.);
#4992=EDGE_CURVE('',#3949,#3950,#3270,.T.);
#4993=EDGE_CURVE('',#3950,#3936,#2171,.T.);
#4994=EDGE_CURVE('',#3951,#3952,#2172,.T.);
#4995=EDGE_CURVE('',#3951,#3953,#3271,.T.);
#4996=EDGE_CURVE('',#3953,#3930,#2173,.T.);
#4997=EDGE_CURVE('',#3923,#3952,#2174,.T.);
#4998=EDGE_CURVE('',#3953,#3954,#3272,.T.);
#4999=EDGE_CURVE('',#3931,#3954,#2175,.T.);
#5000=EDGE_CURVE('',#3955,#3951,#2176,.T.);
#5001=EDGE_CURVE('',#3954,#3955,#3273,.T.);
#5002=EDGE_CURVE('',#3926,#3955,#2177,.T.);
#5003=EDGE_CURVE('',#3956,#3933,#2178,.T.);
#5004=EDGE_CURVE('',#3956,#3957,#3274,.T.);
#5005=EDGE_CURVE('',#3957,#3934,#2179,.T.);
#5006=EDGE_CURVE('',#3957,#3958,#3275,.T.);
#5007=EDGE_CURVE('',#3928,#3958,#2180,.T.);
#5008=EDGE_CURVE('',#3959,#3956,#2181,.T.);
#5009=EDGE_CURVE('',#3958,#3959,#3276,.T.);
#5010=EDGE_CURVE('',#3959,#3932,#2182,.T.);
#5011=EDGE_CURVE('',#3960,#3960,#3277,.T.);
#5012=EDGE_CURVE('',#3960,#3833,#2183,.T.);
#5013=EDGE_CURVE('',#3961,#3961,#3278,.T.);
#5014=EDGE_CURVE('',#3961,#3834,#2184,.T.);
#5015=EDGE_CURVE('',#3962,#3963,#2185,.T.);
#5016=EDGE_CURVE('',#3963,#3964,#2186,.F.);
#5017=EDGE_CURVE('',#3964,#3965,#2187,.F.);
#5018=EDGE_CURVE('',#3962,#3965,#2188,.T.);
#5019=EDGE_CURVE('',#3753,#3962,#2189,.T.);
#5020=EDGE_CURVE('',#3966,#3752,#2190,.T.);
#5021=EDGE_CURVE('',#3967,#3966,#2191,.F.);
#5022=EDGE_CURVE('',#3967,#3968,#364,.T.);
#5023=EDGE_CURVE('',#3963,#3968,#2192,.T.);
#5024=EDGE_CURVE('',#3714,#3809,#2193,.T.);
#5025=EDGE_CURVE('',#3713,#3808,#2194,.T.);
#5026=EDGE_CURVE('',#3810,#3717,#2195,.T.);
#5027=EDGE_CURVE('',#3811,#3718,#2196,.T.);
#5028=EDGE_CURVE('',#3807,#3715,#2197,.T.);
#5029=EDGE_CURVE('',#3969,#3729,#2198,.T.);
#5030=EDGE_CURVE('',#3969,#3724,#2199,.T.);
#5031=EDGE_CURVE('',#3726,#3970,#2200,.T.);
#5032=EDGE_CURVE('',#3725,#3971,#2201,.T.);
#5033=EDGE_CURVE('',#3970,#3971,#2202,.T.);
#5034=EDGE_CURVE('',#3971,#3969,#2203,.T.);
#5035=EDGE_CURVE('',#3806,#3970,#2204,.T.);
#5036=EDGE_CURVE('',#3805,#3859,#2205,.T.);
#5037=EDGE_CURVE('',#3804,#3858,#2206,.T.);
#5038=EDGE_CURVE('',#3972,#3973,#3279,.T.);
#5039=EDGE_CURVE('',#3972,#3974,#2207,.T.);
#5040=EDGE_CURVE('',#3975,#3974,#3280,.T.);
#5041=EDGE_CURVE('',#3973,#3975,#2208,.T.);
#5042=EDGE_CURVE('',#3976,#3974,#3281,.T.);
#5043=EDGE_CURVE('',#3977,#3976,#2209,.T.);
#5044=EDGE_CURVE('',#3975,#3977,#2210,.T.);
#5045=EDGE_CURVE('',#3972,#3978,#3282,.T.);
#5046=EDGE_CURVE('',#3978,#3976,#2211,.T.);
#5047=EDGE_CURVE('',#3979,#3973,#2212,.T.);
#5048=EDGE_CURVE('',#3979,#3978,#2213,.T.);
#5049=EDGE_CURVE('',#3828,#3850,#2214,.T.);
#5050=EDGE_CURVE('',#3851,#3827,#2215,.T.);
#5051=EDGE_CURVE('',#3826,#3852,#2216,.T.);
#5052=EDGE_CURVE('',#3977,#3979,#2217,.T.);
#5053=EDGE_CURVE('',#3754,#3965,#2218,.T.);
#5054=EDGE_CURVE('',#3980,#3964,#2219,.F.);
#5055=EDGE_CURVE('',#3980,#3981,#365,.T.);
#5056=EDGE_CURVE('',#3981,#3982,#366,.T.);
#5057=EDGE_CURVE('',#3982,#3823,#367,.T.);
#5058=EDGE_CURVE('',#3968,#3980,#368,.F.);
#5059=EDGE_CURVE('',#3899,#3967,#369,.T.);
#5060=EDGE_CURVE('',#3983,#3746,#370,.T.);
#5061=EDGE_CURVE('',#3891,#3983,#371,.T.);
#5062=EDGE_CURVE('',#3983,#3984,#2220,.T.);
#5063=EDGE_CURVE('',#3984,#3892,#2221,.T.);
#5064=EDGE_CURVE('',#3889,#3985,#2222,.T.);
#5065=EDGE_CURVE('',#3986,#3985,#3283,.T.);
#5066=EDGE_CURVE('',#3986,#3987,#2223,.T.);
#5067=EDGE_CURVE('',#3988,#3987,#3284,.T.);
#5068=EDGE_CURVE('',#3988,#3984,#2224,.T.);
#5069=EDGE_CURVE('',#3745,#3885,#2225,.T.);
#5070=EDGE_CURVE('',#3966,#3989,#2226,.T.);
#5071=EDGE_CURVE('',#3989,#3900,#2227,.T.);
#5072=EDGE_CURVE('',#3903,#3990,#2228,.T.);
#5073=EDGE_CURVE('',#3990,#3991,#26,.T.);
#5074=EDGE_CURVE('',#3991,#3904,#2229,.T.);
#5075=EDGE_CURVE('',#3992,#3902,#2230,.T.);
#5076=EDGE_CURVE('',#3990,#3992,#2231,.T.);
#5077=EDGE_CURVE('',#3993,#3992,#27,.T.);
#5078=EDGE_CURVE('',#3901,#3993,#2232,.T.);
#5079=EDGE_CURVE('',#3987,#3894,#2233,.T.);
#5080=EDGE_CURVE('',#3893,#3988,#2234,.T.);
#5081=EDGE_CURVE('',#3895,#3986,#2235,.T.);
#5082=EDGE_CURVE('',#3985,#3896,#2236,.T.);
#5083=EDGE_CURVE('',#3994,#3991,#2237,.T.);
#5084=EDGE_CURVE('',#3905,#3994,#2238,.T.);
#5085=EDGE_CURVE('',#3993,#3989,#2239,.T.);
#5086=EDGE_CURVE('',#3994,#3883,#2240,.T.);
#5087=EDGE_CURVE('',#3751,#3906,#2241,.T.);
#5088=EDGE_CURVE('',#3879,#3785,#2242,.T.);
#5089=EDGE_CURVE('',#3909,#3995,#2243,.T.);
#5090=EDGE_CURVE('',#3995,#3878,#2244,.T.);
#5091=EDGE_CURVE('',#3996,#3996,#3285,.T.);
#5092=EDGE_CURVE('',#3872,#3996,#2245,.T.);
#5093=EDGE_CURVE('',#3997,#3997,#3286,.T.);
#5094=EDGE_CURVE('',#3997,#3998,#2246,.T.);
#5095=EDGE_CURVE('',#3998,#3998,#3287,.T.);
#5096=EDGE_CURVE('',#3999,#3914,#2247,.T.);
#5097=EDGE_CURVE('',#4000,#3999,#2248,.T.);
#5098=EDGE_CURVE('',#4001,#4000,#2249,.T.);
#5099=EDGE_CURVE('',#4002,#4001,#2250,.T.);
#5100=EDGE_CURVE('',#3912,#4002,#2251,.T.);
#5101=EDGE_CURVE('',#4003,#3913,#2252,.T.);
#5102=EDGE_CURVE('',#4004,#4003,#2253,.T.);
#5103=EDGE_CURVE('',#3999,#4004,#2254,.T.);
#5104=EDGE_CURVE('',#3911,#4005,#2255,.T.);
#5105=EDGE_CURVE('',#4002,#4005,#2256,.T.);
#5106=EDGE_CURVE('',#4006,#4007,#2257,.T.);
#5107=EDGE_CURVE('',#4001,#4006,#2258,.T.);
#5108=EDGE_CURVE('',#4000,#4007,#2259,.T.);
#5109=EDGE_CURVE('',#4008,#4004,#2260,.T.);
#5110=EDGE_CURVE('',#4008,#4007,#2261,.T.);
#5111=EDGE_CURVE('',#4005,#4006,#2262,.T.);
#5112=EDGE_CURVE('',#4009,#3802,#2263,.T.);
#5113=EDGE_CURVE('',#4010,#4009,#2264,.T.);
#5114=EDGE_CURVE('',#3803,#4010,#2265,.T.);
#5115=EDGE_CURVE('',#4011,#4010,#2266,.T.);
#5116=EDGE_CURVE('',#3800,#4011,#2267,.T.);
#5117=EDGE_CURVE('',#4011,#4012,#2268,.T.);
#5118=EDGE_CURVE('',#3801,#4012,#2269,.T.);
#5119=EDGE_CURVE('',#4012,#4009,#2270,.T.);
#5120=EDGE_CURVE('',#3773,#4013,#2271,.T.);
#5121=EDGE_CURVE('',#4014,#4013,#3288,.T.);
#5122=EDGE_CURVE('',#3774,#4014,#2272,.T.);
#5123=EDGE_CURVE('',#4013,#4014,#3289,.T.);
#5124=EDGE_CURVE('',#4015,#4015,#3290,.T.);
#5125=EDGE_CURVE('',#4016,#4016,#3291,.T.);
#5126=EDGE_CURVE('',#4016,#3775,#2273,.T.);
#5127=EDGE_CURVE('',#3776,#4017,#2274,.T.);
#5128=EDGE_CURVE('',#4018,#4017,#2275,.T.);
#5129=EDGE_CURVE('',#3777,#4018,#2276,.T.);
#5130=EDGE_CURVE('',#4019,#4018,#2277,.T.);
#5131=EDGE_CURVE('',#3778,#4019,#2278,.T.);
#5132=EDGE_CURVE('',#4020,#4019,#2279,.T.);
#5133=EDGE_CURVE('',#3779,#4020,#2280,.T.);
#5134=EDGE_CURVE('',#4017,#4020,#2281,.T.);
#5135=EDGE_CURVE('',#4021,#4021,#3292,.T.);
#5136=EDGE_CURVE('',#4021,#3780,#2282,.T.);
#5137=EDGE_CURVE('',#4022,#4022,#3293,.T.);
#5138=EDGE_CURVE('',#3744,#3897,#2283,.T.);
#5139=EDGE_CURVE('',#3781,#3995,#2284,.T.);
#5140=EDGE_CURVE('',#3749,#3908,#2285,.T.);
#5141=EDGE_CURVE('',#3750,#3907,#2286,.T.);
#5142=EDGE_CURVE('',#4022,#4023,#2287,.T.);
#5143=EDGE_CURVE('',#4023,#4023,#3294,.T.);
#5144=EDGE_CURVE('',#4015,#4024,#2288,.T.);
#5145=EDGE_CURVE('',#4024,#4024,#3295,.T.);
#5146=EDGE_CURVE('',#4025,#4025,#3296,.T.);
#5147=EDGE_CURVE('',#4025,#4026,#2289,.T.);
#5148=EDGE_CURVE('',#4026,#4026,#3297,.T.);
#5149=EDGE_CURVE('',#4008,#4003,#2290,.T.);
#5150=EDGE_CURVE('',#4007,#3913,#2291,.T.);
#5151=EDGE_CURVE('',#4027,#4028,#3298,.T.);
#5152=EDGE_CURVE('',#4028,#4029,#2292,.T.);
#5153=EDGE_CURVE('',#4029,#4030,#3299,.T.);
#5154=EDGE_CURVE('',#4030,#4027,#2293,.T.);
#5155=EDGE_CURVE('',#4031,#4032,#14,.T.);
#5156=EDGE_CURVE('',#4032,#4033,#3300,.T.);
#5157=EDGE_CURVE('',#4033,#4034,#15,.T.);
#5158=EDGE_CURVE('',#4034,#4031,#3301,.T.);
#5159=EDGE_CURVE('',#4035,#4031,#2294,.T.);
#5160=EDGE_CURVE('',#4035,#4036,#2295,.T.);
#5161=EDGE_CURVE('',#4036,#4037,#2296,.T.);
#5162=EDGE_CURVE('',#4037,#4038,#2297,.T.);
#5163=EDGE_CURVE('',#4038,#4039,#2298,.T.);
#5164=EDGE_CURVE('',#4032,#4039,#2299,.T.);
#5165=EDGE_CURVE('',#4040,#4034,#2300,.T.);
#5166=EDGE_CURVE('',#4040,#4035,#3302,.T.);
#5167=EDGE_CURVE('',#4041,#4042,#16,.T.);
#5168=EDGE_CURVE('',#4042,#4043,#3303,.T.);
#5169=EDGE_CURVE('',#4043,#4044,#17,.T.);
#5170=EDGE_CURVE('',#4044,#4041,#3304,.T.);
#5171=EDGE_CURVE('',#4045,#4044,#2301,.T.);
#5172=EDGE_CURVE('',#4045,#4046,#3305,.T.);
#5173=EDGE_CURVE('',#4046,#4041,#2302,.T.);
#5174=EDGE_CURVE('',#4047,#4043,#2303,.T.);
#5175=EDGE_CURVE('',#4048,#4047,#2304,.T.);
#5176=EDGE_CURVE('',#4048,#4049,#2305,.T.);
#5177=EDGE_CURVE('',#4049,#4050,#2306,.T.);
#5178=EDGE_CURVE('',#4050,#4045,#2307,.T.);
#5179=EDGE_CURVE('',#4051,#4052,#3306,.T.);
#5180=EDGE_CURVE('',#4051,#4053,#2308,.T.);
#5181=EDGE_CURVE('',#4053,#4054,#3307,.T.);
#5182=EDGE_CURVE('',#4054,#4052,#2309,.T.);
#5183=EDGE_CURVE('',#4055,#4049,#3308,.T.);
#5184=EDGE_CURVE('',#4056,#4048,#3309,.T.);
#5185=EDGE_CURVE('',#4055,#4056,#2310,.T.);
#5186=EDGE_CURVE('',#4038,#4057,#3310,.T.);
#5187=EDGE_CURVE('',#4037,#4058,#3311,.T.);
#5188=EDGE_CURVE('',#4057,#4058,#2311,.T.);
#5189=EDGE_CURVE('',#4051,#4027,#2312,.T.);
#5190=EDGE_CURVE('',#4053,#4030,#2313,.T.);
#5191=EDGE_CURVE('',#4054,#4029,#2314,.T.);
#5192=EDGE_CURVE('',#4052,#4028,#2315,.T.);
#5193=EDGE_CURVE('',#4059,#4040,#2316,.T.);
#5194=EDGE_CURVE('',#4036,#4059,#3312,.T.);
#5195=EDGE_CURVE('',#4058,#4059,#2317,.T.);
#5196=EDGE_CURVE('',#4057,#4060,#2318,.T.);
#5197=EDGE_CURVE('',#4039,#4060,#3313,.T.);
#5198=EDGE_CURVE('',#4060,#4033,#2319,.T.);
#5199=EDGE_CURVE('',#4061,#4050,#3314,.T.);
#5200=EDGE_CURVE('',#4046,#4061,#2320,.T.);
#5201=EDGE_CURVE('',#4061,#4055,#2321,.T.);
#5202=EDGE_CURVE('',#4062,#4047,#3315,.T.);
#5203=EDGE_CURVE('',#4056,#4062,#2322,.T.);
#5204=EDGE_CURVE('',#4042,#4062,#2323,.T.);
#5205=EDGE_CURVE('',#4063,#4064,#18,.T.);
#5206=EDGE_CURVE('',#4064,#4065,#3316,.T.);
#5207=EDGE_CURVE('',#4065,#4066,#19,.T.);
#5208=EDGE_CURVE('',#4066,#4063,#3317,.T.);
#5209=EDGE_CURVE('',#4063,#4067,#2324,.T.);
#5210=EDGE_CURVE('',#4067,#4068,#2325,.T.);
#5211=EDGE_CURVE('',#4069,#4068,#2326,.T.);
#5212=EDGE_CURVE('',#4069,#4070,#2327,.T.);
#5213=EDGE_CURVE('',#4064,#4070,#2328,.T.);
#5214=EDGE_CURVE('',#4071,#4072,#20,.T.);
#5215=EDGE_CURVE('',#4072,#4073,#3318,.T.);
#5216=EDGE_CURVE('',#4073,#4074,#21,.T.);
#5217=EDGE_CURVE('',#4074,#4071,#3319,.T.);
#5218=EDGE_CURVE('',#4071,#4075,#2329,.T.);
#5219=EDGE_CURVE('',#4075,#4076,#2330,.T.);
#5220=EDGE_CURVE('',#4077,#4076,#2331,.T.);
#5221=EDGE_CURVE('',#4077,#4078,#2332,.T.);
#5222=EDGE_CURVE('',#4072,#4078,#2333,.T.);
#5223=EDGE_CURVE('',#4079,#4080,#2334,.T.);
#5224=EDGE_CURVE('',#4079,#4081,#3320,.T.);
#5225=EDGE_CURVE('',#4081,#4082,#2335,.T.);
#5226=EDGE_CURVE('',#4080,#4082,#3321,.T.);
#5227=EDGE_CURVE('',#4068,#4083,#3322,.T.);
#5228=EDGE_CURVE('',#4084,#4083,#2336,.T.);
#5229=EDGE_CURVE('',#4069,#4084,#3323,.T.);
#5230=EDGE_CURVE('',#4076,#4085,#3324,.T.);
#5231=EDGE_CURVE('',#4086,#4085,#2337,.T.);
#5232=EDGE_CURVE('',#4077,#4086,#3325,.T.);
#5233=EDGE_CURVE('',#4079,#4087,#2338,.T.);
#5234=EDGE_CURVE('',#4088,#4087,#3326,.T.);
#5235=EDGE_CURVE('',#4081,#4088,#2339,.T.);
#5236=EDGE_CURVE('',#4089,#4088,#2340,.T.);
#5237=EDGE_CURVE('',#4082,#4089,#2341,.T.);
#5238=EDGE_CURVE('',#4090,#4089,#3327,.T.);
#5239=EDGE_CURVE('',#4080,#4090,#2342,.T.);
#5240=EDGE_CURVE('',#4087,#4090,#2343,.T.);
#5241=EDGE_CURVE('',#4091,#4074,#2344,.T.);
#5242=EDGE_CURVE('',#4075,#4091,#3328,.T.);
#5243=EDGE_CURVE('',#4085,#4091,#2345,.T.);
#5244=EDGE_CURVE('',#4092,#4073,#2346,.T.);
#5245=EDGE_CURVE('',#4086,#4092,#2347,.T.);
#5246=EDGE_CURVE('',#4078,#4092,#3329,.T.);
#5247=EDGE_CURVE('',#4067,#4093,#3330,.T.);
#5248=EDGE_CURVE('',#4083,#4093,#2348,.T.);
#5249=EDGE_CURVE('',#4093,#4066,#2349,.T.);
#5250=EDGE_CURVE('',#4094,#4065,#2350,.T.);
#5251=EDGE_CURVE('',#4084,#4094,#2351,.T.);
#5252=EDGE_CURVE('',#4070,#4094,#3331,.T.);
#5253=EDGE_CURVE('',#4095,#4096,#2352,.T.);
#5254=EDGE_CURVE('',#4097,#4096,#2353,.T.);
#5255=EDGE_CURVE('',#4098,#4097,#2354,.T.);
#5256=EDGE_CURVE('',#4095,#4098,#2355,.T.);
#5257=EDGE_CURVE('',#4096,#4099,#2356,.T.);
#5258=EDGE_CURVE('',#4100,#4099,#2357,.T.);
#5259=EDGE_CURVE('',#4097,#4100,#2358,.T.);
#5260=EDGE_CURVE('',#4101,#4100,#2359,.T.);
#5261=EDGE_CURVE('',#4098,#4101,#2360,.T.);
#5262=EDGE_CURVE('',#4102,#4101,#2361,.T.);
#5263=EDGE_CURVE('',#4095,#4102,#2362,.T.);
#5264=EDGE_CURVE('',#4099,#4102,#2363,.T.);
#5265=ORIENTED_EDGE('',*,*,#4103,.T.);
#5266=ORIENTED_EDGE('',*,*,#4104,.T.);
#5267=ORIENTED_EDGE('',*,*,#4105,.T.);
#5268=ORIENTED_EDGE('',*,*,#4106,.T.);
#5269=ORIENTED_EDGE('',*,*,#4107,.T.);
#5270=ORIENTED_EDGE('',*,*,#4108,.T.);
#5271=ORIENTED_EDGE('',*,*,#4105,.F.);
#5272=ORIENTED_EDGE('',*,*,#4109,.T.);
#5273=ORIENTED_EDGE('',*,*,#4110,.T.);
#5274=ORIENTED_EDGE('',*,*,#4111,.T.);
#5275=ORIENTED_EDGE('',*,*,#4107,.F.);
#5276=ORIENTED_EDGE('',*,*,#4112,.T.);
#5277=ORIENTED_EDGE('',*,*,#4113,.T.);
#5278=ORIENTED_EDGE('',*,*,#4114,.T.);
#5279=ORIENTED_EDGE('',*,*,#4110,.F.);
#5280=ORIENTED_EDGE('',*,*,#4115,.T.);
#5281=ORIENTED_EDGE('',*,*,#4116,.T.);
#5282=ORIENTED_EDGE('',*,*,#4117,.T.);
#5283=ORIENTED_EDGE('',*,*,#4113,.F.);
#5284=ORIENTED_EDGE('',*,*,#4118,.T.);
#5285=ORIENTED_EDGE('',*,*,#4118,.F.);
#5286=ORIENTED_EDGE('',*,*,#4119,.F.);
#5287=ORIENTED_EDGE('',*,*,#4120,.T.);
#5288=ORIENTED_EDGE('',*,*,#4121,.T.);
#5289=ORIENTED_EDGE('',*,*,#4115,.F.);
#5290=ORIENTED_EDGE('',*,*,#4122,.T.);
#5291=ORIENTED_EDGE('',*,*,#4123,.T.);
#5292=ORIENTED_EDGE('',*,*,#4119,.T.);
#5293=ORIENTED_EDGE('',*,*,#4112,.F.);
#5294=ORIENTED_EDGE('',*,*,#4124,.F.);
#5295=ORIENTED_EDGE('',*,*,#4125,.T.);
#5296=ORIENTED_EDGE('',*,*,#4122,.F.);
#5297=ORIENTED_EDGE('',*,*,#4109,.F.);
#5298=ORIENTED_EDGE('',*,*,#4126,.T.);
#5299=ORIENTED_EDGE('',*,*,#4127,.T.);
#5300=ORIENTED_EDGE('',*,*,#4124,.T.);
#5301=ORIENTED_EDGE('',*,*,#4116,.F.);
#5302=ORIENTED_EDGE('',*,*,#4121,.F.);
#5303=ORIENTED_EDGE('',*,*,#4128,.T.);
#5304=ORIENTED_EDGE('',*,*,#4129,.T.);
#5305=ORIENTED_EDGE('',*,*,#4103,.F.);
#5306=ORIENTED_EDGE('',*,*,#4130,.F.);
#5307=ORIENTED_EDGE('',*,*,#4104,.F.);
#5308=ORIENTED_EDGE('',*,*,#4129,.F.);
#5309=ORIENTED_EDGE('',*,*,#4131,.T.);
#5310=ORIENTED_EDGE('',*,*,#4126,.F.);
#5311=ORIENTED_EDGE('',*,*,#4132,.T.);
#5312=ORIENTED_EDGE('',*,*,#4133,.T.);
#5313=ORIENTED_EDGE('',*,*,#4134,.T.);
#5314=ORIENTED_EDGE('',*,*,#4133,.F.);
#5315=ORIENTED_EDGE('',*,*,#4134,.F.);
#5316=ORIENTED_EDGE('',*,*,#4135,.T.);
#5317=ORIENTED_EDGE('',*,*,#4136,.T.);
#5318=ORIENTED_EDGE('',*,*,#4135,.F.);
#5319=ORIENTED_EDGE('',*,*,#4117,.F.);
#5320=ORIENTED_EDGE('',*,*,#4130,.T.);
#5321=ORIENTED_EDGE('',*,*,#4106,.F.);
#5322=ORIENTED_EDGE('',*,*,#4108,.F.);
#5323=ORIENTED_EDGE('',*,*,#4111,.F.);
#5324=ORIENTED_EDGE('',*,*,#4114,.F.);
#5325=ORIENTED_EDGE('',*,*,#4137,.F.);
#5326=ORIENTED_EDGE('',*,*,#4138,.T.);
#5327=ORIENTED_EDGE('',*,*,#4139,.T.);
#5328=ORIENTED_EDGE('',*,*,#4140,.T.);
#5329=ORIENTED_EDGE('',*,*,#4141,.T.);
#5330=ORIENTED_EDGE('',*,*,#4142,.T.);
#5331=ORIENTED_EDGE('',*,*,#4143,.T.);
#5332=ORIENTED_EDGE('',*,*,#4144,.T.);
#5333=ORIENTED_EDGE('',*,*,#4145,.T.);
#5334=ORIENTED_EDGE('',*,*,#4146,.T.);
#5335=ORIENTED_EDGE('',*,*,#4147,.T.);
#5336=ORIENTED_EDGE('',*,*,#4148,.T.);
#5337=ORIENTED_EDGE('',*,*,#4149,.T.);
#5338=ORIENTED_EDGE('',*,*,#4150,.T.);
#5339=ORIENTED_EDGE('',*,*,#4151,.T.);
#5340=ORIENTED_EDGE('',*,*,#4152,.T.);
#5341=ORIENTED_EDGE('',*,*,#4153,.T.);
#5342=ORIENTED_EDGE('',*,*,#4154,.T.);
#5343=ORIENTED_EDGE('',*,*,#4155,.T.);
#5344=ORIENTED_EDGE('',*,*,#4156,.T.);
#5345=ORIENTED_EDGE('',*,*,#4157,.T.);
#5346=ORIENTED_EDGE('',*,*,#4158,.T.);
#5347=ORIENTED_EDGE('',*,*,#4159,.T.);
#5348=ORIENTED_EDGE('',*,*,#4160,.T.);
#5349=ORIENTED_EDGE('',*,*,#4161,.T.);
#5350=ORIENTED_EDGE('',*,*,#4162,.T.);
#5351=ORIENTED_EDGE('',*,*,#4163,.T.);
#5352=ORIENTED_EDGE('',*,*,#4164,.T.);
#5353=ORIENTED_EDGE('',*,*,#4165,.T.);
#5354=ORIENTED_EDGE('',*,*,#4166,.T.);
#5355=ORIENTED_EDGE('',*,*,#4167,.T.);
#5356=ORIENTED_EDGE('',*,*,#4168,.T.);
#5357=ORIENTED_EDGE('',*,*,#4169,.T.);
#5358=ORIENTED_EDGE('',*,*,#4170,.T.);
#5359=ORIENTED_EDGE('',*,*,#4171,.T.);
#5360=ORIENTED_EDGE('',*,*,#4172,.T.);
#5361=ORIENTED_EDGE('',*,*,#4173,.T.);
#5362=ORIENTED_EDGE('',*,*,#4174,.T.);
#5363=ORIENTED_EDGE('',*,*,#4175,.T.);
#5364=ORIENTED_EDGE('',*,*,#4176,.T.);
#5365=ORIENTED_EDGE('',*,*,#4177,.T.);
#5366=ORIENTED_EDGE('',*,*,#4178,.T.);
#5367=ORIENTED_EDGE('',*,*,#4179,.T.);
#5368=ORIENTED_EDGE('',*,*,#4180,.T.);
#5369=ORIENTED_EDGE('',*,*,#4181,.T.);
#5370=ORIENTED_EDGE('',*,*,#4182,.T.);
#5371=ORIENTED_EDGE('',*,*,#4183,.T.);
#5372=ORIENTED_EDGE('',*,*,#4184,.T.);
#5373=ORIENTED_EDGE('',*,*,#4185,.T.);
#5374=ORIENTED_EDGE('',*,*,#4186,.T.);
#5375=ORIENTED_EDGE('',*,*,#4187,.T.);
#5376=ORIENTED_EDGE('',*,*,#4188,.T.);
#5377=ORIENTED_EDGE('',*,*,#4189,.T.);
#5378=ORIENTED_EDGE('',*,*,#4190,.T.);
#5379=ORIENTED_EDGE('',*,*,#4191,.T.);
#5380=ORIENTED_EDGE('',*,*,#4192,.T.);
#5381=ORIENTED_EDGE('',*,*,#4193,.T.);
#5382=ORIENTED_EDGE('',*,*,#4194,.T.);
#5383=ORIENTED_EDGE('',*,*,#4195,.T.);
#5384=ORIENTED_EDGE('',*,*,#4196,.T.);
#5385=ORIENTED_EDGE('',*,*,#4197,.T.);
#5386=ORIENTED_EDGE('',*,*,#4198,.T.);
#5387=ORIENTED_EDGE('',*,*,#4199,.T.);
#5388=ORIENTED_EDGE('',*,*,#4200,.T.);
#5389=ORIENTED_EDGE('',*,*,#4201,.T.);
#5390=ORIENTED_EDGE('',*,*,#4202,.T.);
#5391=ORIENTED_EDGE('',*,*,#4203,.T.);
#5392=ORIENTED_EDGE('',*,*,#4204,.T.);
#5393=ORIENTED_EDGE('',*,*,#4205,.T.);
#5394=ORIENTED_EDGE('',*,*,#4206,.T.);
#5395=ORIENTED_EDGE('',*,*,#4207,.T.);
#5396=ORIENTED_EDGE('',*,*,#4208,.T.);
#5397=ORIENTED_EDGE('',*,*,#4209,.T.);
#5398=ORIENTED_EDGE('',*,*,#4210,.T.);
#5399=ORIENTED_EDGE('',*,*,#4211,.T.);
#5400=ORIENTED_EDGE('',*,*,#4212,.T.);
#5401=ORIENTED_EDGE('',*,*,#4213,.T.);
#5402=ORIENTED_EDGE('',*,*,#4214,.T.);
#5403=ORIENTED_EDGE('',*,*,#4215,.T.);
#5404=ORIENTED_EDGE('',*,*,#4216,.T.);
#5405=ORIENTED_EDGE('',*,*,#4217,.T.);
#5406=ORIENTED_EDGE('',*,*,#4218,.T.);
#5407=ORIENTED_EDGE('',*,*,#4219,.T.);
#5408=ORIENTED_EDGE('',*,*,#4220,.T.);
#5409=ORIENTED_EDGE('',*,*,#4221,.T.);
#5410=ORIENTED_EDGE('',*,*,#4222,.T.);
#5411=ORIENTED_EDGE('',*,*,#4223,.T.);
#5412=ORIENTED_EDGE('',*,*,#4224,.T.);
#5413=ORIENTED_EDGE('',*,*,#4225,.T.);
#5414=ORIENTED_EDGE('',*,*,#4226,.T.);
#5415=ORIENTED_EDGE('',*,*,#4227,.T.);
#5416=ORIENTED_EDGE('',*,*,#4228,.T.);
#5417=ORIENTED_EDGE('',*,*,#4229,.T.);
#5418=ORIENTED_EDGE('',*,*,#4230,.T.);
#5419=ORIENTED_EDGE('',*,*,#4231,.T.);
#5420=ORIENTED_EDGE('',*,*,#4232,.T.);
#5421=ORIENTED_EDGE('',*,*,#4233,.T.);
#5422=ORIENTED_EDGE('',*,*,#4234,.T.);
#5423=ORIENTED_EDGE('',*,*,#4235,.T.);
#5424=ORIENTED_EDGE('',*,*,#4236,.T.);
#5425=ORIENTED_EDGE('',*,*,#4237,.T.);
#5426=ORIENTED_EDGE('',*,*,#4238,.T.);
#5427=ORIENTED_EDGE('',*,*,#4239,.T.);
#5428=ORIENTED_EDGE('',*,*,#4240,.T.);
#5429=ORIENTED_EDGE('',*,*,#4241,.T.);
#5430=ORIENTED_EDGE('',*,*,#4242,.T.);
#5431=ORIENTED_EDGE('',*,*,#4243,.T.);
#5432=ORIENTED_EDGE('',*,*,#4244,.F.);
#5433=ORIENTED_EDGE('',*,*,#4245,.F.);
#5434=ORIENTED_EDGE('',*,*,#4246,.T.);
#5435=ORIENTED_EDGE('',*,*,#4247,.T.);
#5436=ORIENTED_EDGE('',*,*,#4248,.T.);
#5437=ORIENTED_EDGE('',*,*,#4249,.T.);
#5438=ORIENTED_EDGE('',*,*,#4250,.T.);
#5439=ORIENTED_EDGE('',*,*,#4251,.T.);
#5440=ORIENTED_EDGE('',*,*,#4252,.T.);
#5441=ORIENTED_EDGE('',*,*,#4253,.T.);
#5442=ORIENTED_EDGE('',*,*,#4254,.T.);
#5443=ORIENTED_EDGE('',*,*,#4255,.T.);
#5444=ORIENTED_EDGE('',*,*,#4256,.T.);
#5445=ORIENTED_EDGE('',*,*,#4257,.T.);
#5446=ORIENTED_EDGE('',*,*,#4258,.T.);
#5447=ORIENTED_EDGE('',*,*,#4259,.T.);
#5448=ORIENTED_EDGE('',*,*,#4132,.F.);
#5449=ORIENTED_EDGE('',*,*,#4260,.T.);
#5450=ORIENTED_EDGE('',*,*,#4261,.F.);
#5451=ORIENTED_EDGE('',*,*,#4262,.F.);
#5452=ORIENTED_EDGE('',*,*,#4263,.F.);
#5453=ORIENTED_EDGE('',*,*,#4264,.F.);
#5454=ORIENTED_EDGE('',*,*,#4265,.F.);
#5455=ORIENTED_EDGE('',*,*,#4260,.F.);
#5456=ORIENTED_EDGE('',*,*,#4266,.F.);
#5457=ORIENTED_EDGE('',*,*,#4264,.T.);
#5458=ORIENTED_EDGE('',*,*,#4267,.F.);
#5459=ORIENTED_EDGE('',*,*,#4268,.F.);
#5460=ORIENTED_EDGE('',*,*,#4269,.F.);
#5461=ORIENTED_EDGE('',*,*,#4266,.T.);
#5462=ORIENTED_EDGE('',*,*,#4263,.T.);
#5463=ORIENTED_EDGE('',*,*,#4270,.T.);
#5464=ORIENTED_EDGE('',*,*,#4267,.T.);
#5465=ORIENTED_EDGE('',*,*,#4270,.F.);
#5466=ORIENTED_EDGE('',*,*,#4262,.T.);
#5467=ORIENTED_EDGE('',*,*,#4271,.F.);
#5468=ORIENTED_EDGE('',*,*,#4268,.T.);
#5469=ORIENTED_EDGE('',*,*,#4272,.F.);
#5470=ORIENTED_EDGE('',*,*,#4273,.T.);
#5471=ORIENTED_EDGE('',*,*,#4274,.T.);
#5472=ORIENTED_EDGE('',*,*,#4273,.F.);
#5473=ORIENTED_EDGE('',*,*,#4274,.F.);
#5474=ORIENTED_EDGE('',*,*,#4275,.F.);
#5475=ORIENTED_EDGE('',*,*,#4276,.T.);
#5476=ORIENTED_EDGE('',*,*,#4277,.T.);
#5477=ORIENTED_EDGE('',*,*,#4278,.F.);
#5478=ORIENTED_EDGE('',*,*,#4279,.F.);
#5479=ORIENTED_EDGE('',*,*,#4278,.T.);
#5480=ORIENTED_EDGE('',*,*,#4280,.T.);
#5481=ORIENTED_EDGE('',*,*,#4276,.F.);
#5482=ORIENTED_EDGE('',*,*,#4277,.F.);
#5483=ORIENTED_EDGE('',*,*,#4280,.F.);
#5484=ORIENTED_EDGE('',*,*,#4281,.F.);
#5485=ORIENTED_EDGE('',*,*,#4282,.F.);
#5486=ORIENTED_EDGE('',*,*,#4283,.F.);
#5487=ORIENTED_EDGE('',*,*,#4284,.F.);
#5488=ORIENTED_EDGE('',*,*,#4285,.F.);
#5489=ORIENTED_EDGE('',*,*,#4286,.T.);
#5490=ORIENTED_EDGE('',*,*,#4287,.F.);
#5491=ORIENTED_EDGE('',*,*,#4288,.F.);
#5492=ORIENTED_EDGE('',*,*,#4283,.T.);
#5493=ORIENTED_EDGE('',*,*,#4289,.F.);
#5494=ORIENTED_EDGE('',*,*,#4287,.T.);
#5495=ORIENTED_EDGE('',*,*,#4290,.T.);
#5496=ORIENTED_EDGE('',*,*,#4291,.T.);
#5497=ORIENTED_EDGE('',*,*,#4285,.T.);
#5498=ORIENTED_EDGE('',*,*,#4292,.F.);
#5499=ORIENTED_EDGE('',*,*,#4293,.T.);
#5500=ORIENTED_EDGE('',*,*,#4294,.F.);
#5501=ORIENTED_EDGE('',*,*,#4293,.F.);
#5502=ORIENTED_EDGE('',*,*,#4295,.F.);
#5503=ORIENTED_EDGE('',*,*,#4296,.F.);
#5504=ORIENTED_EDGE('',*,*,#4297,.F.);
#5505=ORIENTED_EDGE('',*,*,#4298,.F.);
#5506=ORIENTED_EDGE('',*,*,#4299,.T.);
#5507=ORIENTED_EDGE('',*,*,#4300,.F.);
#5508=ORIENTED_EDGE('',*,*,#4301,.F.);
#5509=ORIENTED_EDGE('',*,*,#4300,.T.);
#5510=ORIENTED_EDGE('',*,*,#4302,.T.);
#5511=ORIENTED_EDGE('',*,*,#4296,.T.);
#5512=ORIENTED_EDGE('',*,*,#4303,.F.);
#5513=ORIENTED_EDGE('',*,*,#4304,.T.);
#5514=ORIENTED_EDGE('',*,*,#4305,.F.);
#5515=ORIENTED_EDGE('',*,*,#4306,.T.);
#5516=ORIENTED_EDGE('',*,*,#4304,.F.);
#5517=ORIENTED_EDGE('',*,*,#4306,.F.);
#5518=ORIENTED_EDGE('',*,*,#4307,.T.);
#5519=ORIENTED_EDGE('',*,*,#4308,.F.);
#5520=ORIENTED_EDGE('',*,*,#4309,.T.);
#5521=ORIENTED_EDGE('',*,*,#4284,.T.);
#5522=ORIENTED_EDGE('',*,*,#4290,.F.);
#5523=ORIENTED_EDGE('',*,*,#4286,.F.);
#5524=ORIENTED_EDGE('',*,*,#4294,.T.);
#5525=ORIENTED_EDGE('',*,*,#4297,.T.);
#5526=ORIENTED_EDGE('',*,*,#4302,.F.);
#5527=ORIENTED_EDGE('',*,*,#4299,.F.);
#5528=ORIENTED_EDGE('',*,*,#4310,.F.);
#5529=ORIENTED_EDGE('',*,*,#4311,.T.);
#5530=ORIENTED_EDGE('',*,*,#4312,.F.);
#5531=ORIENTED_EDGE('',*,*,#4313,.F.);
#5532=ORIENTED_EDGE('',*,*,#4314,.T.);
#5533=ORIENTED_EDGE('',*,*,#4315,.T.);
#5534=ORIENTED_EDGE('',*,*,#4316,.T.);
#5535=ORIENTED_EDGE('',*,*,#4317,.F.);
#5536=ORIENTED_EDGE('',*,*,#4318,.T.);
#5537=ORIENTED_EDGE('',*,*,#4319,.T.);
#5538=ORIENTED_EDGE('',*,*,#4320,.T.);
#5539=ORIENTED_EDGE('',*,*,#4321,.F.);
#5540=ORIENTED_EDGE('',*,*,#4322,.T.);
#5541=ORIENTED_EDGE('',*,*,#4323,.F.);
#5542=ORIENTED_EDGE('',*,*,#4324,.T.);
#5543=ORIENTED_EDGE('',*,*,#4325,.F.);
#5544=ORIENTED_EDGE('',*,*,#4298,.T.);
#5545=ORIENTED_EDGE('',*,*,#4326,.F.);
#5546=ORIENTED_EDGE('',*,*,#4327,.T.);
#5547=ORIENTED_EDGE('',*,*,#4310,.T.);
#5548=ORIENTED_EDGE('',*,*,#4127,.F.);
#5549=ORIENTED_EDGE('',*,*,#4131,.F.);
#5550=ORIENTED_EDGE('',*,*,#4128,.F.);
#5551=ORIENTED_EDGE('',*,*,#4120,.F.);
#5552=ORIENTED_EDGE('',*,*,#4123,.F.);
#5553=ORIENTED_EDGE('',*,*,#4125,.F.);
#5554=ORIENTED_EDGE('',*,*,#4269,.T.);
#5555=ORIENTED_EDGE('',*,*,#4271,.T.);
#5556=ORIENTED_EDGE('',*,*,#4261,.T.);
#5557=ORIENTED_EDGE('',*,*,#4265,.T.);
#5558=ORIENTED_EDGE('',*,*,#4272,.T.);
#5559=ORIENTED_EDGE('',*,*,#4279,.T.);
#5560=ORIENTED_EDGE('',*,*,#4275,.T.);
#5561=ORIENTED_EDGE('',*,*,#4282,.T.);
#5562=ORIENTED_EDGE('',*,*,#4328,.T.);
#5563=ORIENTED_EDGE('',*,*,#4329,.T.);
#5564=ORIENTED_EDGE('',*,*,#4330,.T.);
#5565=ORIENTED_EDGE('',*,*,#4331,.F.);
#5566=ORIENTED_EDGE('',*,*,#4332,.T.);
#5567=ORIENTED_EDGE('',*,*,#4333,.F.);
#5568=ORIENTED_EDGE('',*,*,#4334,.T.);
#5569=ORIENTED_EDGE('',*,*,#4335,.T.);
#5570=ORIENTED_EDGE('',*,*,#4336,.T.);
#5571=ORIENTED_EDGE('',*,*,#4337,.T.);
#5572=ORIENTED_EDGE('',*,*,#4338,.T.);
#5573=ORIENTED_EDGE('',*,*,#4339,.T.);
#5574=ORIENTED_EDGE('',*,*,#4340,.T.);
#5575=ORIENTED_EDGE('',*,*,#4341,.T.);
#5576=ORIENTED_EDGE('',*,*,#4342,.T.);
#5577=ORIENTED_EDGE('',*,*,#4343,.T.);
#5578=ORIENTED_EDGE('',*,*,#4344,.T.);
#5579=ORIENTED_EDGE('',*,*,#4345,.T.);
#5580=ORIENTED_EDGE('',*,*,#4346,.T.);
#5581=ORIENTED_EDGE('',*,*,#4347,.T.);
#5582=ORIENTED_EDGE('',*,*,#4348,.T.);
#5583=ORIENTED_EDGE('',*,*,#4349,.T.);
#5584=ORIENTED_EDGE('',*,*,#4326,.T.);
#5585=ORIENTED_EDGE('',*,*,#4301,.T.);
#5586=ORIENTED_EDGE('',*,*,#4303,.T.);
#5587=ORIENTED_EDGE('',*,*,#4295,.T.);
#5588=ORIENTED_EDGE('',*,*,#4292,.T.);
#5589=ORIENTED_EDGE('',*,*,#4288,.T.);
#5590=ORIENTED_EDGE('',*,*,#4289,.T.);
#5591=ORIENTED_EDGE('',*,*,#4136,.F.);
#5592=ORIENTED_EDGE('',*,*,#4350,.F.);
#5593=ORIENTED_EDGE('',*,*,#4347,.F.);
#5594=ORIENTED_EDGE('',*,*,#4351,.T.);
#5595=ORIENTED_EDGE('',*,*,#4313,.T.);
#5596=ORIENTED_EDGE('',*,*,#4351,.F.);
#5597=ORIENTED_EDGE('',*,*,#4346,.F.);
#5598=ORIENTED_EDGE('',*,*,#4352,.F.);
#5599=ORIENTED_EDGE('',*,*,#4314,.F.);
#5600=ORIENTED_EDGE('',*,*,#4353,.F.);
#5601=ORIENTED_EDGE('',*,*,#4352,.T.);
#5602=ORIENTED_EDGE('',*,*,#4345,.F.);
#5603=ORIENTED_EDGE('',*,*,#4354,.F.);
#5604=ORIENTED_EDGE('',*,*,#4315,.F.);
#5605=ORIENTED_EDGE('',*,*,#4354,.T.);
#5606=ORIENTED_EDGE('',*,*,#4344,.F.);
#5607=ORIENTED_EDGE('',*,*,#4355,.T.);
#5608=ORIENTED_EDGE('',*,*,#4356,.T.);
#5609=ORIENTED_EDGE('',*,*,#4357,.F.);
#5610=ORIENTED_EDGE('',*,*,#4340,.F.);
#5611=ORIENTED_EDGE('',*,*,#4358,.T.);
#5612=ORIENTED_EDGE('',*,*,#4316,.F.);
#5613=ORIENTED_EDGE('',*,*,#4353,.T.);
#5614=ORIENTED_EDGE('',*,*,#4359,.T.);
#5615=ORIENTED_EDGE('',*,*,#4360,.F.);
#5616=ORIENTED_EDGE('',*,*,#4359,.F.);
#5617=ORIENTED_EDGE('',*,*,#4361,.F.);
#5618=ORIENTED_EDGE('',*,*,#4318,.F.);
#5619=ORIENTED_EDGE('',*,*,#4362,.F.);
#5620=ORIENTED_EDGE('',*,*,#4338,.F.);
#5621=ORIENTED_EDGE('',*,*,#4363,.F.);
#5622=ORIENTED_EDGE('',*,*,#4361,.T.);
#5623=ORIENTED_EDGE('',*,*,#4337,.F.);
#5624=ORIENTED_EDGE('',*,*,#4364,.F.);
#5625=ORIENTED_EDGE('',*,*,#4319,.F.);
#5626=ORIENTED_EDGE('',*,*,#4362,.T.);
#5627=ORIENTED_EDGE('',*,*,#4317,.T.);
#5628=ORIENTED_EDGE('',*,*,#4358,.F.);
#5629=ORIENTED_EDGE('',*,*,#4339,.F.);
#5630=ORIENTED_EDGE('',*,*,#4364,.T.);
#5631=ORIENTED_EDGE('',*,*,#4336,.F.);
#5632=ORIENTED_EDGE('',*,*,#4365,.T.);
#5633=ORIENTED_EDGE('',*,*,#4366,.F.);
#5634=ORIENTED_EDGE('',*,*,#4320,.F.);
#5635=ORIENTED_EDGE('',*,*,#4363,.T.);
#5636=ORIENTED_EDGE('',*,*,#4367,.T.);
#5637=ORIENTED_EDGE('',*,*,#4368,.F.);
#5638=ORIENTED_EDGE('',*,*,#4367,.F.);
#5639=ORIENTED_EDGE('',*,*,#4369,.F.);
#5640=ORIENTED_EDGE('',*,*,#4370,.T.);
#5641=ORIENTED_EDGE('',*,*,#4291,.F.);
#5642=ORIENTED_EDGE('',*,*,#4370,.F.);
#5643=ORIENTED_EDGE('',*,*,#4281,.T.);
#5644=ORIENTED_EDGE('',*,*,#4309,.F.);
#5645=ORIENTED_EDGE('',*,*,#4371,.F.);
#5646=ORIENTED_EDGE('',*,*,#4372,.F.);
#5647=ORIENTED_EDGE('',*,*,#4328,.F.);
#5648=ORIENTED_EDGE('',*,*,#4325,.T.);
#5649=ORIENTED_EDGE('',*,*,#4373,.T.);
#5650=ORIENTED_EDGE('',*,*,#4331,.T.);
#5651=ORIENTED_EDGE('',*,*,#4374,.T.);
#5652=ORIENTED_EDGE('',*,*,#4373,.F.);
#5653=ORIENTED_EDGE('',*,*,#4324,.F.);
#5654=ORIENTED_EDGE('',*,*,#4375,.F.);
#5655=ORIENTED_EDGE('',*,*,#4332,.F.);
#5656=ORIENTED_EDGE('',*,*,#4323,.T.);
#5657=ORIENTED_EDGE('',*,*,#4376,.T.);
#5658=ORIENTED_EDGE('',*,*,#4333,.T.);
#5659=ORIENTED_EDGE('',*,*,#4375,.T.);
#5660=ORIENTED_EDGE('',*,*,#4376,.F.);
#5661=ORIENTED_EDGE('',*,*,#4322,.F.);
#5662=ORIENTED_EDGE('',*,*,#4377,.F.);
#5663=ORIENTED_EDGE('',*,*,#4378,.F.);
#5664=ORIENTED_EDGE('',*,*,#4334,.F.);
#5665=ORIENTED_EDGE('',*,*,#4360,.T.);
#5666=ORIENTED_EDGE('',*,*,#4368,.T.);
#5667=ORIENTED_EDGE('',*,*,#4350,.T.);
#5668=ORIENTED_EDGE('',*,*,#4312,.T.);
#5669=ORIENTED_EDGE('',*,*,#4379,.T.);
#5670=ORIENTED_EDGE('',*,*,#4348,.F.);
#5671=ORIENTED_EDGE('',*,*,#4327,.F.);
#5672=ORIENTED_EDGE('',*,*,#4349,.F.);
#5673=ORIENTED_EDGE('',*,*,#4379,.F.);
#5674=ORIENTED_EDGE('',*,*,#4311,.F.);
#5675=ORIENTED_EDGE('',*,*,#4343,.F.);
#5676=ORIENTED_EDGE('',*,*,#4380,.T.);
#5677=ORIENTED_EDGE('',*,*,#4381,.T.);
#5678=ORIENTED_EDGE('',*,*,#4355,.F.);
#5679=ORIENTED_EDGE('',*,*,#4342,.F.);
#5680=ORIENTED_EDGE('',*,*,#4382,.T.);
#5681=ORIENTED_EDGE('',*,*,#4383,.T.);
#5682=ORIENTED_EDGE('',*,*,#4380,.F.);
#5683=ORIENTED_EDGE('',*,*,#4341,.F.);
#5684=ORIENTED_EDGE('',*,*,#4357,.T.);
#5685=ORIENTED_EDGE('',*,*,#4384,.T.);
#5686=ORIENTED_EDGE('',*,*,#4382,.F.);
#5687=ORIENTED_EDGE('',*,*,#4356,.F.);
#5688=ORIENTED_EDGE('',*,*,#4381,.F.);
#5689=ORIENTED_EDGE('',*,*,#4383,.F.);
#5690=ORIENTED_EDGE('',*,*,#4384,.F.);
#5691=ORIENTED_EDGE('',*,*,#4385,.F.);
#5692=ORIENTED_EDGE('',*,*,#4386,.F.);
#5693=ORIENTED_EDGE('',*,*,#4387,.F.);
#5694=ORIENTED_EDGE('',*,*,#4388,.F.);
#5695=ORIENTED_EDGE('',*,*,#4389,.F.);
#5696=ORIENTED_EDGE('',*,*,#4390,.F.);
#5697=ORIENTED_EDGE('',*,*,#4391,.F.);
#5698=ORIENTED_EDGE('',*,*,#4392,.F.);
#5699=ORIENTED_EDGE('',*,*,#4393,.F.);
#5700=ORIENTED_EDGE('',*,*,#4394,.F.);
#5701=ORIENTED_EDGE('',*,*,#4395,.F.);
#5702=ORIENTED_EDGE('',*,*,#4396,.F.);
#5703=ORIENTED_EDGE('',*,*,#4397,.F.);
#5704=ORIENTED_EDGE('',*,*,#4398,.F.);
#5705=ORIENTED_EDGE('',*,*,#4399,.F.);
#5706=ORIENTED_EDGE('',*,*,#4400,.F.);
#5707=ORIENTED_EDGE('',*,*,#4401,.F.);
#5708=ORIENTED_EDGE('',*,*,#4402,.F.);
#5709=ORIENTED_EDGE('',*,*,#4403,.F.);
#5710=ORIENTED_EDGE('',*,*,#4404,.F.);
#5711=ORIENTED_EDGE('',*,*,#4405,.F.);
#5712=ORIENTED_EDGE('',*,*,#4406,.F.);
#5713=ORIENTED_EDGE('',*,*,#4407,.F.);
#5714=ORIENTED_EDGE('',*,*,#4408,.F.);
#5715=ORIENTED_EDGE('',*,*,#4409,.F.);
#5716=ORIENTED_EDGE('',*,*,#4410,.F.);
#5717=ORIENTED_EDGE('',*,*,#4411,.F.);
#5718=ORIENTED_EDGE('',*,*,#4412,.F.);
#5719=ORIENTED_EDGE('',*,*,#4413,.F.);
#5720=ORIENTED_EDGE('',*,*,#4414,.F.);
#5721=ORIENTED_EDGE('',*,*,#4415,.F.);
#5722=ORIENTED_EDGE('',*,*,#4416,.F.);
#5723=ORIENTED_EDGE('',*,*,#4417,.F.);
#5724=ORIENTED_EDGE('',*,*,#4418,.F.);
#5725=ORIENTED_EDGE('',*,*,#4419,.F.);
#5726=ORIENTED_EDGE('',*,*,#4420,.F.);
#5727=ORIENTED_EDGE('',*,*,#4421,.F.);
#5728=ORIENTED_EDGE('',*,*,#4422,.F.);
#5729=ORIENTED_EDGE('',*,*,#4423,.F.);
#5730=ORIENTED_EDGE('',*,*,#4424,.F.);
#5731=ORIENTED_EDGE('',*,*,#4425,.F.);
#5732=ORIENTED_EDGE('',*,*,#4426,.F.);
#5733=ORIENTED_EDGE('',*,*,#4427,.F.);
#5734=ORIENTED_EDGE('',*,*,#4428,.F.);
#5735=ORIENTED_EDGE('',*,*,#4429,.F.);
#5736=ORIENTED_EDGE('',*,*,#4430,.F.);
#5737=ORIENTED_EDGE('',*,*,#4431,.F.);
#5738=ORIENTED_EDGE('',*,*,#4432,.F.);
#5739=ORIENTED_EDGE('',*,*,#4433,.F.);
#5740=ORIENTED_EDGE('',*,*,#4434,.F.);
#5741=ORIENTED_EDGE('',*,*,#4435,.F.);
#5742=ORIENTED_EDGE('',*,*,#4436,.F.);
#5743=ORIENTED_EDGE('',*,*,#4437,.F.);
#5744=ORIENTED_EDGE('',*,*,#4438,.F.);
#5745=ORIENTED_EDGE('',*,*,#4439,.F.);
#5746=ORIENTED_EDGE('',*,*,#4440,.F.);
#5747=ORIENTED_EDGE('',*,*,#4441,.F.);
#5748=ORIENTED_EDGE('',*,*,#4442,.F.);
#5749=ORIENTED_EDGE('',*,*,#4443,.F.);
#5750=ORIENTED_EDGE('',*,*,#4444,.F.);
#5751=ORIENTED_EDGE('',*,*,#4445,.F.);
#5752=ORIENTED_EDGE('',*,*,#4446,.F.);
#5753=ORIENTED_EDGE('',*,*,#4447,.F.);
#5754=ORIENTED_EDGE('',*,*,#4448,.F.);
#5755=ORIENTED_EDGE('',*,*,#4449,.F.);
#5756=ORIENTED_EDGE('',*,*,#4450,.F.);
#5757=ORIENTED_EDGE('',*,*,#4451,.F.);
#5758=ORIENTED_EDGE('',*,*,#4452,.F.);
#5759=ORIENTED_EDGE('',*,*,#4453,.F.);
#5760=ORIENTED_EDGE('',*,*,#4454,.F.);
#5761=ORIENTED_EDGE('',*,*,#4455,.F.);
#5762=ORIENTED_EDGE('',*,*,#4456,.F.);
#5763=ORIENTED_EDGE('',*,*,#4457,.F.);
#5764=ORIENTED_EDGE('',*,*,#4458,.F.);
#5765=ORIENTED_EDGE('',*,*,#4459,.F.);
#5766=ORIENTED_EDGE('',*,*,#4460,.F.);
#5767=ORIENTED_EDGE('',*,*,#4461,.F.);
#5768=ORIENTED_EDGE('',*,*,#4462,.F.);
#5769=ORIENTED_EDGE('',*,*,#4463,.F.);
#5770=ORIENTED_EDGE('',*,*,#4464,.F.);
#5771=ORIENTED_EDGE('',*,*,#4465,.F.);
#5772=ORIENTED_EDGE('',*,*,#4466,.F.);
#5773=ORIENTED_EDGE('',*,*,#4467,.F.);
#5774=ORIENTED_EDGE('',*,*,#4468,.F.);
#5775=ORIENTED_EDGE('',*,*,#4469,.F.);
#5776=ORIENTED_EDGE('',*,*,#4470,.F.);
#5777=ORIENTED_EDGE('',*,*,#4471,.F.);
#5778=ORIENTED_EDGE('',*,*,#4472,.F.);
#5779=ORIENTED_EDGE('',*,*,#4473,.F.);
#5780=ORIENTED_EDGE('',*,*,#4474,.F.);
#5781=ORIENTED_EDGE('',*,*,#4475,.F.);
#5782=ORIENTED_EDGE('',*,*,#4476,.F.);
#5783=ORIENTED_EDGE('',*,*,#4477,.F.);
#5784=ORIENTED_EDGE('',*,*,#4478,.F.);
#5785=ORIENTED_EDGE('',*,*,#4479,.F.);
#5786=ORIENTED_EDGE('',*,*,#4480,.F.);
#5787=ORIENTED_EDGE('',*,*,#4481,.F.);
#5788=ORIENTED_EDGE('',*,*,#4482,.F.);
#5789=ORIENTED_EDGE('',*,*,#4483,.F.);
#5790=ORIENTED_EDGE('',*,*,#4484,.F.);
#5791=ORIENTED_EDGE('',*,*,#4485,.F.);
#5792=ORIENTED_EDGE('',*,*,#4486,.F.);
#5793=ORIENTED_EDGE('',*,*,#4487,.F.);
#5794=ORIENTED_EDGE('',*,*,#4488,.F.);
#5795=ORIENTED_EDGE('',*,*,#4489,.F.);
#5796=ORIENTED_EDGE('',*,*,#4490,.F.);
#5797=ORIENTED_EDGE('',*,*,#4491,.F.);
#5798=ORIENTED_EDGE('',*,*,#4492,.F.);
#5799=ORIENTED_EDGE('',*,*,#4493,.F.);
#5800=ORIENTED_EDGE('',*,*,#4494,.F.);
#5801=ORIENTED_EDGE('',*,*,#4495,.F.);
#5802=ORIENTED_EDGE('',*,*,#4496,.F.);
#5803=ORIENTED_EDGE('',*,*,#4497,.F.);
#5804=ORIENTED_EDGE('',*,*,#4498,.F.);
#5805=ORIENTED_EDGE('',*,*,#4499,.F.);
#5806=ORIENTED_EDGE('',*,*,#4500,.F.);
#5807=ORIENTED_EDGE('',*,*,#4501,.F.);
#5808=ORIENTED_EDGE('',*,*,#4502,.F.);
#5809=ORIENTED_EDGE('',*,*,#4503,.F.);
#5810=ORIENTED_EDGE('',*,*,#4504,.F.);
#5811=ORIENTED_EDGE('',*,*,#4505,.F.);
#5812=ORIENTED_EDGE('',*,*,#4506,.F.);
#5813=ORIENTED_EDGE('',*,*,#4507,.F.);
#5814=ORIENTED_EDGE('',*,*,#4504,.T.);
#5815=ORIENTED_EDGE('',*,*,#4508,.F.);
#5816=ORIENTED_EDGE('',*,*,#4247,.F.);
#5817=ORIENTED_EDGE('',*,*,#4509,.T.);
#5818=ORIENTED_EDGE('',*,*,#4503,.T.);
#5819=ORIENTED_EDGE('',*,*,#4510,.F.);
#5820=ORIENTED_EDGE('',*,*,#4248,.F.);
#5821=ORIENTED_EDGE('',*,*,#4508,.T.);
#5822=ORIENTED_EDGE('',*,*,#4502,.T.);
#5823=ORIENTED_EDGE('',*,*,#4511,.T.);
#5824=ORIENTED_EDGE('',*,*,#4249,.F.);
#5825=ORIENTED_EDGE('',*,*,#4510,.T.);
#5826=ORIENTED_EDGE('',*,*,#4499,.T.);
#5827=ORIENTED_EDGE('',*,*,#4512,.F.);
#5828=ORIENTED_EDGE('',*,*,#4139,.F.);
#5829=ORIENTED_EDGE('',*,*,#4513,.T.);
#5830=ORIENTED_EDGE('',*,*,#4498,.T.);
#5831=ORIENTED_EDGE('',*,*,#4514,.T.);
#5832=ORIENTED_EDGE('',*,*,#4140,.F.);
#5833=ORIENTED_EDGE('',*,*,#4512,.T.);
#5834=ORIENTED_EDGE('',*,*,#4492,.T.);
#5835=ORIENTED_EDGE('',*,*,#4515,.F.);
#5836=ORIENTED_EDGE('',*,*,#4254,.F.);
#5837=ORIENTED_EDGE('',*,*,#4516,.T.);
#5838=ORIENTED_EDGE('',*,*,#4491,.T.);
#5839=ORIENTED_EDGE('',*,*,#4517,.F.);
#5840=ORIENTED_EDGE('',*,*,#4255,.F.);
#5841=ORIENTED_EDGE('',*,*,#4515,.T.);
#5842=ORIENTED_EDGE('',*,*,#4490,.T.);
#5843=ORIENTED_EDGE('',*,*,#4518,.F.);
#5844=ORIENTED_EDGE('',*,*,#4256,.F.);
#5845=ORIENTED_EDGE('',*,*,#4517,.T.);
#5846=ORIENTED_EDGE('',*,*,#4489,.T.);
#5847=ORIENTED_EDGE('',*,*,#4519,.F.);
#5848=ORIENTED_EDGE('',*,*,#4257,.F.);
#5849=ORIENTED_EDGE('',*,*,#4518,.T.);
#5850=ORIENTED_EDGE('',*,*,#4488,.T.);
#5851=ORIENTED_EDGE('',*,*,#4520,.T.);
#5852=ORIENTED_EDGE('',*,*,#4258,.F.);
#5853=ORIENTED_EDGE('',*,*,#4519,.T.);
#5854=ORIENTED_EDGE('',*,*,#4484,.T.);
#5855=ORIENTED_EDGE('',*,*,#4521,.F.);
#5856=ORIENTED_EDGE('',*,*,#4239,.F.);
#5857=ORIENTED_EDGE('',*,*,#4522,.T.);
#5858=ORIENTED_EDGE('',*,*,#4483,.T.);
#5859=ORIENTED_EDGE('',*,*,#4523,.F.);
#5860=ORIENTED_EDGE('',*,*,#4240,.F.);
#5861=ORIENTED_EDGE('',*,*,#4521,.T.);
#5862=ORIENTED_EDGE('',*,*,#4482,.T.);
#5863=ORIENTED_EDGE('',*,*,#4524,.T.);
#5864=ORIENTED_EDGE('',*,*,#4241,.F.);
#5865=ORIENTED_EDGE('',*,*,#4523,.T.);
#5866=ORIENTED_EDGE('',*,*,#4476,.T.);
#5867=ORIENTED_EDGE('',*,*,#4525,.F.);
#5868=ORIENTED_EDGE('',*,*,#4160,.F.);
#5869=ORIENTED_EDGE('',*,*,#4526,.T.);
#5870=ORIENTED_EDGE('',*,*,#4475,.T.);
#5871=ORIENTED_EDGE('',*,*,#4527,.F.);
#5872=ORIENTED_EDGE('',*,*,#4161,.F.);
#5873=ORIENTED_EDGE('',*,*,#4525,.T.);
#5874=ORIENTED_EDGE('',*,*,#4474,.T.);
#5875=ORIENTED_EDGE('',*,*,#4528,.F.);
#5876=ORIENTED_EDGE('',*,*,#4162,.F.);
#5877=ORIENTED_EDGE('',*,*,#4527,.T.);
#5878=ORIENTED_EDGE('',*,*,#4473,.T.);
#5879=ORIENTED_EDGE('',*,*,#4529,.F.);
#5880=ORIENTED_EDGE('',*,*,#4163,.F.);
#5881=ORIENTED_EDGE('',*,*,#4528,.T.);
#5882=ORIENTED_EDGE('',*,*,#4472,.T.);
#5883=ORIENTED_EDGE('',*,*,#4530,.T.);
#5884=ORIENTED_EDGE('',*,*,#4164,.F.);
#5885=ORIENTED_EDGE('',*,*,#4529,.T.);
#5886=ORIENTED_EDGE('',*,*,#4467,.T.);
#5887=ORIENTED_EDGE('',*,*,#4531,.F.);
#5888=ORIENTED_EDGE('',*,*,#4234,.F.);
#5889=ORIENTED_EDGE('',*,*,#4532,.T.);
#5890=ORIENTED_EDGE('',*,*,#4466,.T.);
#5891=ORIENTED_EDGE('',*,*,#4533,.F.);
#5892=ORIENTED_EDGE('',*,*,#4235,.F.);
#5893=ORIENTED_EDGE('',*,*,#4531,.T.);
#5894=ORIENTED_EDGE('',*,*,#4465,.T.);
#5895=ORIENTED_EDGE('',*,*,#4534,.T.);
#5896=ORIENTED_EDGE('',*,*,#4236,.F.);
#5897=ORIENTED_EDGE('',*,*,#4533,.T.);
#5898=ORIENTED_EDGE('',*,*,#4462,.T.);
#5899=ORIENTED_EDGE('',*,*,#4535,.F.);
#5900=ORIENTED_EDGE('',*,*,#4166,.F.);
#5901=ORIENTED_EDGE('',*,*,#4536,.T.);
#5902=ORIENTED_EDGE('',*,*,#4461,.T.);
#5903=ORIENTED_EDGE('',*,*,#4537,.T.);
#5904=ORIENTED_EDGE('',*,*,#4167,.F.);
#5905=ORIENTED_EDGE('',*,*,#4535,.T.);
#5906=ORIENTED_EDGE('',*,*,#4455,.T.);
#5907=ORIENTED_EDGE('',*,*,#4538,.F.);
#5908=ORIENTED_EDGE('',*,*,#4174,.F.);
#5909=ORIENTED_EDGE('',*,*,#4539,.T.);
#5910=ORIENTED_EDGE('',*,*,#4454,.T.);
#5911=ORIENTED_EDGE('',*,*,#4540,.F.);
#5912=ORIENTED_EDGE('',*,*,#4175,.F.);
#5913=ORIENTED_EDGE('',*,*,#4538,.T.);
#5914=ORIENTED_EDGE('',*,*,#4453,.T.);
#5915=ORIENTED_EDGE('',*,*,#4541,.F.);
#5916=ORIENTED_EDGE('',*,*,#4176,.F.);
#5917=ORIENTED_EDGE('',*,*,#4540,.T.);
#5918=ORIENTED_EDGE('',*,*,#4452,.T.);
#5919=ORIENTED_EDGE('',*,*,#4542,.F.);
#5920=ORIENTED_EDGE('',*,*,#4177,.F.);
#5921=ORIENTED_EDGE('',*,*,#4541,.T.);
#5922=ORIENTED_EDGE('',*,*,#4451,.T.);
#5923=ORIENTED_EDGE('',*,*,#4543,.T.);
#5924=ORIENTED_EDGE('',*,*,#4178,.F.);
#5925=ORIENTED_EDGE('',*,*,#4542,.T.);
#5926=ORIENTED_EDGE('',*,*,#4447,.T.);
#5927=ORIENTED_EDGE('',*,*,#4544,.F.);
#5928=ORIENTED_EDGE('',*,*,#4210,.F.);
#5929=ORIENTED_EDGE('',*,*,#4545,.T.);
#5930=ORIENTED_EDGE('',*,*,#4446,.T.);
#5931=ORIENTED_EDGE('',*,*,#4546,.F.);
#5932=ORIENTED_EDGE('',*,*,#4211,.F.);
#5933=ORIENTED_EDGE('',*,*,#4544,.T.);
#5934=ORIENTED_EDGE('',*,*,#4445,.T.);
#5935=ORIENTED_EDGE('',*,*,#4547,.F.);
#5936=ORIENTED_EDGE('',*,*,#4212,.F.);
#5937=ORIENTED_EDGE('',*,*,#4546,.T.);
#5938=ORIENTED_EDGE('',*,*,#4433,.T.);
#5939=ORIENTED_EDGE('',*,*,#4548,.F.);
#5940=ORIENTED_EDGE('',*,*,#4189,.F.);
#5941=ORIENTED_EDGE('',*,*,#4549,.T.);
#5942=ORIENTED_EDGE('',*,*,#4432,.T.);
#5943=ORIENTED_EDGE('',*,*,#4550,.F.);
#5944=ORIENTED_EDGE('',*,*,#4190,.F.);
#5945=ORIENTED_EDGE('',*,*,#4548,.T.);
#5946=ORIENTED_EDGE('',*,*,#4431,.T.);
#5947=ORIENTED_EDGE('',*,*,#4551,.F.);
#5948=ORIENTED_EDGE('',*,*,#4191,.F.);
#5949=ORIENTED_EDGE('',*,*,#4550,.T.);
#5950=ORIENTED_EDGE('',*,*,#4430,.T.);
#5951=ORIENTED_EDGE('',*,*,#4552,.F.);
#5952=ORIENTED_EDGE('',*,*,#4192,.F.);
#5953=ORIENTED_EDGE('',*,*,#4551,.T.);
#5954=ORIENTED_EDGE('',*,*,#4429,.T.);
#5955=ORIENTED_EDGE('',*,*,#4553,.F.);
#5956=ORIENTED_EDGE('',*,*,#4193,.F.);
#5957=ORIENTED_EDGE('',*,*,#4552,.T.);
#5958=ORIENTED_EDGE('',*,*,#4428,.T.);
#5959=ORIENTED_EDGE('',*,*,#4554,.F.);
#5960=ORIENTED_EDGE('',*,*,#4194,.F.);
#5961=ORIENTED_EDGE('',*,*,#4553,.T.);
#5962=ORIENTED_EDGE('',*,*,#4427,.T.);
#5963=ORIENTED_EDGE('',*,*,#4555,.F.);
#5964=ORIENTED_EDGE('',*,*,#4195,.F.);
#5965=ORIENTED_EDGE('',*,*,#4554,.T.);
#5966=ORIENTED_EDGE('',*,*,#4426,.T.);
#5967=ORIENTED_EDGE('',*,*,#4556,.F.);
#5968=ORIENTED_EDGE('',*,*,#4196,.F.);
#5969=ORIENTED_EDGE('',*,*,#4555,.T.);
#5970=ORIENTED_EDGE('',*,*,#4425,.T.);
#5971=ORIENTED_EDGE('',*,*,#4557,.F.);
#5972=ORIENTED_EDGE('',*,*,#4197,.F.);
#5973=ORIENTED_EDGE('',*,*,#4556,.T.);
#5974=ORIENTED_EDGE('',*,*,#4424,.T.);
#5975=ORIENTED_EDGE('',*,*,#4558,.F.);
#5976=ORIENTED_EDGE('',*,*,#4198,.F.);
#5977=ORIENTED_EDGE('',*,*,#4557,.T.);
#5978=ORIENTED_EDGE('',*,*,#4416,.T.);
#5979=ORIENTED_EDGE('',*,*,#4559,.T.);
#5980=ORIENTED_EDGE('',*,*,#4226,.F.);
#5981=ORIENTED_EDGE('',*,*,#4560,.T.);
#5982=ORIENTED_EDGE('',*,*,#4415,.T.);
#5983=ORIENTED_EDGE('',*,*,#4561,.F.);
#5984=ORIENTED_EDGE('',*,*,#4227,.F.);
#5985=ORIENTED_EDGE('',*,*,#4559,.F.);
#5986=ORIENTED_EDGE('',*,*,#4414,.T.);
#5987=ORIENTED_EDGE('',*,*,#4562,.T.);
#5988=ORIENTED_EDGE('',*,*,#4228,.F.);
#5989=ORIENTED_EDGE('',*,*,#4561,.T.);
#5990=ORIENTED_EDGE('',*,*,#4413,.T.);
#5991=ORIENTED_EDGE('',*,*,#4563,.F.);
#5992=ORIENTED_EDGE('',*,*,#4229,.F.);
#5993=ORIENTED_EDGE('',*,*,#4562,.F.);
#5994=ORIENTED_EDGE('',*,*,#4412,.T.);
#5995=ORIENTED_EDGE('',*,*,#4564,.F.);
#5996=ORIENTED_EDGE('',*,*,#4216,.F.);
#5997=ORIENTED_EDGE('',*,*,#4563,.T.);
#5998=ORIENTED_EDGE('',*,*,#4411,.T.);
#5999=ORIENTED_EDGE('',*,*,#4565,.F.);
#6000=ORIENTED_EDGE('',*,*,#4217,.F.);
#6001=ORIENTED_EDGE('',*,*,#4564,.T.);
#6002=ORIENTED_EDGE('',*,*,#4410,.T.);
#6003=ORIENTED_EDGE('',*,*,#4566,.F.);
#6004=ORIENTED_EDGE('',*,*,#4218,.F.);
#6005=ORIENTED_EDGE('',*,*,#4565,.T.);
#6006=ORIENTED_EDGE('',*,*,#4402,.T.);
#6007=ORIENTED_EDGE('',*,*,#4567,.T.);
#6008=ORIENTED_EDGE('',*,*,#4141,.F.);
#6009=ORIENTED_EDGE('',*,*,#4568,.T.);
#6010=ORIENTED_EDGE('',*,*,#4401,.T.);
#6011=ORIENTED_EDGE('',*,*,#4569,.F.);
#6012=ORIENTED_EDGE('',*,*,#4142,.F.);
#6013=ORIENTED_EDGE('',*,*,#4567,.F.);
#6014=ORIENTED_EDGE('',*,*,#4400,.T.);
#6015=ORIENTED_EDGE('',*,*,#4570,.T.);
#6016=ORIENTED_EDGE('',*,*,#4143,.F.);
#6017=ORIENTED_EDGE('',*,*,#4569,.T.);
#6018=ORIENTED_EDGE('',*,*,#4399,.T.);
#6019=ORIENTED_EDGE('',*,*,#4571,.F.);
#6020=ORIENTED_EDGE('',*,*,#4144,.F.);
#6021=ORIENTED_EDGE('',*,*,#4570,.F.);
#6022=ORIENTED_EDGE('',*,*,#4398,.T.);
#6023=ORIENTED_EDGE('',*,*,#4572,.F.);
#6024=ORIENTED_EDGE('',*,*,#4145,.F.);
#6025=ORIENTED_EDGE('',*,*,#4571,.T.);
#6026=ORIENTED_EDGE('',*,*,#4397,.T.);
#6027=ORIENTED_EDGE('',*,*,#4573,.F.);
#6028=ORIENTED_EDGE('',*,*,#4146,.F.);
#6029=ORIENTED_EDGE('',*,*,#4572,.T.);
#6030=ORIENTED_EDGE('',*,*,#4396,.T.);
#6031=ORIENTED_EDGE('',*,*,#4574,.F.);
#6032=ORIENTED_EDGE('',*,*,#4147,.F.);
#6033=ORIENTED_EDGE('',*,*,#4573,.T.);
#6034=ORIENTED_EDGE('',*,*,#4390,.T.);
#6035=ORIENTED_EDGE('',*,*,#4575,.F.);
#6036=ORIENTED_EDGE('',*,*,#4179,.F.);
#6037=ORIENTED_EDGE('',*,*,#4576,.T.);
#6038=ORIENTED_EDGE('',*,*,#4389,.T.);
#6039=ORIENTED_EDGE('',*,*,#4577,.F.);
#6040=ORIENTED_EDGE('',*,*,#4180,.F.);
#6041=ORIENTED_EDGE('',*,*,#4575,.T.);
#6042=ORIENTED_EDGE('',*,*,#4388,.T.);
#6043=ORIENTED_EDGE('',*,*,#4578,.F.);
#6044=ORIENTED_EDGE('',*,*,#4181,.F.);
#6045=ORIENTED_EDGE('',*,*,#4577,.T.);
#6046=ORIENTED_EDGE('',*,*,#4387,.T.);
#6047=ORIENTED_EDGE('',*,*,#4579,.F.);
#6048=ORIENTED_EDGE('',*,*,#4182,.F.);
#6049=ORIENTED_EDGE('',*,*,#4578,.T.);
#6050=ORIENTED_EDGE('',*,*,#4386,.T.);
#6051=ORIENTED_EDGE('',*,*,#4580,.F.);
#6052=ORIENTED_EDGE('',*,*,#4183,.F.);
#6053=ORIENTED_EDGE('',*,*,#4579,.T.);
#6054=ORIENTED_EDGE('',*,*,#4501,.T.);
#6055=ORIENTED_EDGE('',*,*,#4581,.F.);
#6056=ORIENTED_EDGE('',*,*,#4243,.F.);
#6057=ORIENTED_EDGE('',*,*,#4511,.F.);
#6058=ORIENTED_EDGE('',*,*,#4497,.T.);
#6059=ORIENTED_EDGE('',*,*,#4582,.F.);
#6060=ORIENTED_EDGE('',*,*,#4137,.T.);
#6061=ORIENTED_EDGE('',*,*,#4514,.F.);
#6062=ORIENTED_EDGE('',*,*,#4487,.T.);
#6063=ORIENTED_EDGE('',*,*,#4583,.F.);
#6064=ORIENTED_EDGE('',*,*,#4259,.F.);
#6065=ORIENTED_EDGE('',*,*,#4520,.F.);
#6066=ORIENTED_EDGE('',*,*,#4500,.T.);
#6067=ORIENTED_EDGE('',*,*,#4513,.F.);
#6068=ORIENTED_EDGE('',*,*,#4138,.F.);
#6069=ORIENTED_EDGE('',*,*,#4582,.T.);
#6070=ORIENTED_EDGE('',*,*,#4481,.T.);
#6071=ORIENTED_EDGE('',*,*,#4584,.F.);
#6072=ORIENTED_EDGE('',*,*,#4242,.F.);
#6073=ORIENTED_EDGE('',*,*,#4524,.F.);
#6074=ORIENTED_EDGE('',*,*,#4507,.T.);
#6075=ORIENTED_EDGE('',*,*,#4585,.F.);
#6076=ORIENTED_EDGE('',*,*,#4244,.T.);
#6077=ORIENTED_EDGE('',*,*,#4581,.T.);
#6078=ORIENTED_EDGE('',*,*,#4506,.T.);
#6079=ORIENTED_EDGE('',*,*,#4586,.F.);
#6080=ORIENTED_EDGE('',*,*,#4245,.T.);
#6081=ORIENTED_EDGE('',*,*,#4585,.T.);
#6082=ORIENTED_EDGE('',*,*,#4505,.T.);
#6083=ORIENTED_EDGE('',*,*,#4509,.F.);
#6084=ORIENTED_EDGE('',*,*,#4246,.F.);
#6085=ORIENTED_EDGE('',*,*,#4586,.T.);
#6086=ORIENTED_EDGE('',*,*,#4471,.T.);
#6087=ORIENTED_EDGE('',*,*,#4587,.F.);
#6088=ORIENTED_EDGE('',*,*,#4155,.F.);
#6089=ORIENTED_EDGE('',*,*,#4530,.F.);
#6090=ORIENTED_EDGE('',*,*,#4403,.T.);
#6091=ORIENTED_EDGE('',*,*,#4568,.F.);
#6092=ORIENTED_EDGE('',*,*,#4154,.F.);
#6093=ORIENTED_EDGE('',*,*,#4588,.F.);
#6094=ORIENTED_EDGE('',*,*,#4464,.T.);
#6095=ORIENTED_EDGE('',*,*,#4589,.F.);
#6096=ORIENTED_EDGE('',*,*,#4230,.F.);
#6097=ORIENTED_EDGE('',*,*,#4534,.F.);
#6098=ORIENTED_EDGE('',*,*,#4460,.T.);
#6099=ORIENTED_EDGE('',*,*,#4590,.F.);
#6100=ORIENTED_EDGE('',*,*,#4168,.F.);
#6101=ORIENTED_EDGE('',*,*,#4537,.F.);
#6102=ORIENTED_EDGE('',*,*,#4463,.T.);
#6103=ORIENTED_EDGE('',*,*,#4536,.F.);
#6104=ORIENTED_EDGE('',*,*,#4165,.F.);
#6105=ORIENTED_EDGE('',*,*,#4590,.T.);
#6106=ORIENTED_EDGE('',*,*,#4450,.T.);
#6107=ORIENTED_EDGE('',*,*,#4591,.F.);
#6108=ORIENTED_EDGE('',*,*,#4169,.F.);
#6109=ORIENTED_EDGE('',*,*,#4543,.F.);
#6110=ORIENTED_EDGE('',*,*,#4417,.T.);
#6111=ORIENTED_EDGE('',*,*,#4560,.F.);
#6112=ORIENTED_EDGE('',*,*,#4225,.F.);
#6113=ORIENTED_EDGE('',*,*,#4592,.F.);
#6114=ORIENTED_EDGE('',*,*,#4444,.T.);
#6115=ORIENTED_EDGE('',*,*,#4593,.F.);
#6116=ORIENTED_EDGE('',*,*,#4213,.F.);
#6117=ORIENTED_EDGE('',*,*,#4547,.T.);
#6118=ORIENTED_EDGE('',*,*,#4448,.T.);
#6119=ORIENTED_EDGE('',*,*,#4545,.F.);
#6120=ORIENTED_EDGE('',*,*,#4215,.F.);
#6121=ORIENTED_EDGE('',*,*,#4594,.T.);
#6122=ORIENTED_EDGE('',*,*,#4449,.T.);
#6123=ORIENTED_EDGE('',*,*,#4594,.F.);
#6124=ORIENTED_EDGE('',*,*,#4214,.F.);
#6125=ORIENTED_EDGE('',*,*,#4593,.T.);
#6126=ORIENTED_EDGE('',*,*,#4423,.T.);
#6127=ORIENTED_EDGE('',*,*,#4595,.F.);
#6128=ORIENTED_EDGE('',*,*,#4199,.F.);
#6129=ORIENTED_EDGE('',*,*,#4558,.T.);
#6130=ORIENTED_EDGE('',*,*,#4434,.T.);
#6131=ORIENTED_EDGE('',*,*,#4549,.F.);
#6132=ORIENTED_EDGE('',*,*,#4209,.F.);
#6133=ORIENTED_EDGE('',*,*,#4596,.T.);
#6134=ORIENTED_EDGE('',*,*,#4435,.T.);
#6135=ORIENTED_EDGE('',*,*,#4596,.F.);
#6136=ORIENTED_EDGE('',*,*,#4208,.F.);
#6137=ORIENTED_EDGE('',*,*,#4597,.T.);
#6138=ORIENTED_EDGE('',*,*,#4436,.T.);
#6139=ORIENTED_EDGE('',*,*,#4597,.F.);
#6140=ORIENTED_EDGE('',*,*,#4207,.F.);
#6141=ORIENTED_EDGE('',*,*,#4598,.T.);
#6142=ORIENTED_EDGE('',*,*,#4437,.T.);
#6143=ORIENTED_EDGE('',*,*,#4598,.F.);
#6144=ORIENTED_EDGE('',*,*,#4206,.F.);
#6145=ORIENTED_EDGE('',*,*,#4599,.T.);
#6146=ORIENTED_EDGE('',*,*,#4438,.T.);
#6147=ORIENTED_EDGE('',*,*,#4599,.F.);
#6148=ORIENTED_EDGE('',*,*,#4205,.F.);
#6149=ORIENTED_EDGE('',*,*,#4600,.T.);
#6150=ORIENTED_EDGE('',*,*,#4439,.T.);
#6151=ORIENTED_EDGE('',*,*,#4600,.F.);
#6152=ORIENTED_EDGE('',*,*,#4204,.F.);
#6153=ORIENTED_EDGE('',*,*,#4601,.T.);
#6154=ORIENTED_EDGE('',*,*,#4440,.T.);
#6155=ORIENTED_EDGE('',*,*,#4601,.F.);
#6156=ORIENTED_EDGE('',*,*,#4203,.F.);
#6157=ORIENTED_EDGE('',*,*,#4602,.T.);
#6158=ORIENTED_EDGE('',*,*,#4441,.T.);
#6159=ORIENTED_EDGE('',*,*,#4602,.F.);
#6160=ORIENTED_EDGE('',*,*,#4202,.F.);
#6161=ORIENTED_EDGE('',*,*,#4603,.T.);
#6162=ORIENTED_EDGE('',*,*,#4442,.T.);
#6163=ORIENTED_EDGE('',*,*,#4603,.F.);
#6164=ORIENTED_EDGE('',*,*,#4201,.F.);
#6165=ORIENTED_EDGE('',*,*,#4604,.T.);
#6166=ORIENTED_EDGE('',*,*,#4443,.T.);
#6167=ORIENTED_EDGE('',*,*,#4604,.F.);
#6168=ORIENTED_EDGE('',*,*,#4200,.F.);
#6169=ORIENTED_EDGE('',*,*,#4595,.T.);
#6170=ORIENTED_EDGE('',*,*,#4468,.T.);
#6171=ORIENTED_EDGE('',*,*,#4532,.F.);
#6172=ORIENTED_EDGE('',*,*,#4233,.F.);
#6173=ORIENTED_EDGE('',*,*,#4605,.T.);
#6174=ORIENTED_EDGE('',*,*,#4469,.T.);
#6175=ORIENTED_EDGE('',*,*,#4605,.F.);
#6176=ORIENTED_EDGE('',*,*,#4232,.F.);
#6177=ORIENTED_EDGE('',*,*,#4606,.T.);
#6178=ORIENTED_EDGE('',*,*,#4470,.T.);
#6179=ORIENTED_EDGE('',*,*,#4606,.F.);
#6180=ORIENTED_EDGE('',*,*,#4231,.F.);
#6181=ORIENTED_EDGE('',*,*,#4589,.T.);
#6182=ORIENTED_EDGE('',*,*,#4485,.T.);
#6183=ORIENTED_EDGE('',*,*,#4522,.F.);
#6184=ORIENTED_EDGE('',*,*,#4238,.F.);
#6185=ORIENTED_EDGE('',*,*,#4607,.T.);
#6186=ORIENTED_EDGE('',*,*,#4486,.T.);
#6187=ORIENTED_EDGE('',*,*,#4607,.F.);
#6188=ORIENTED_EDGE('',*,*,#4237,.F.);
#6189=ORIENTED_EDGE('',*,*,#4584,.T.);
#6190=ORIENTED_EDGE('',*,*,#4493,.T.);
#6191=ORIENTED_EDGE('',*,*,#4516,.F.);
#6192=ORIENTED_EDGE('',*,*,#4253,.F.);
#6193=ORIENTED_EDGE('',*,*,#4608,.T.);
#6194=ORIENTED_EDGE('',*,*,#4494,.T.);
#6195=ORIENTED_EDGE('',*,*,#4608,.F.);
#6196=ORIENTED_EDGE('',*,*,#4252,.F.);
#6197=ORIENTED_EDGE('',*,*,#4609,.T.);
#6198=ORIENTED_EDGE('',*,*,#4495,.T.);
#6199=ORIENTED_EDGE('',*,*,#4609,.F.);
#6200=ORIENTED_EDGE('',*,*,#4251,.F.);
#6201=ORIENTED_EDGE('',*,*,#4610,.T.);
#6202=ORIENTED_EDGE('',*,*,#4496,.T.);
#6203=ORIENTED_EDGE('',*,*,#4610,.F.);
#6204=ORIENTED_EDGE('',*,*,#4250,.F.);
#6205=ORIENTED_EDGE('',*,*,#4583,.T.);
#6206=ORIENTED_EDGE('',*,*,#4409,.T.);
#6207=ORIENTED_EDGE('',*,*,#4611,.F.);
#6208=ORIENTED_EDGE('',*,*,#4219,.F.);
#6209=ORIENTED_EDGE('',*,*,#4566,.T.);
#6210=ORIENTED_EDGE('',*,*,#4456,.T.);
#6211=ORIENTED_EDGE('',*,*,#4539,.F.);
#6212=ORIENTED_EDGE('',*,*,#4173,.F.);
#6213=ORIENTED_EDGE('',*,*,#4612,.T.);
#6214=ORIENTED_EDGE('',*,*,#4457,.T.);
#6215=ORIENTED_EDGE('',*,*,#4612,.F.);
#6216=ORIENTED_EDGE('',*,*,#4172,.F.);
#6217=ORIENTED_EDGE('',*,*,#4613,.T.);
#6218=ORIENTED_EDGE('',*,*,#4458,.T.);
#6219=ORIENTED_EDGE('',*,*,#4613,.F.);
#6220=ORIENTED_EDGE('',*,*,#4171,.F.);
#6221=ORIENTED_EDGE('',*,*,#4614,.T.);
#6222=ORIENTED_EDGE('',*,*,#4459,.T.);
#6223=ORIENTED_EDGE('',*,*,#4614,.F.);
#6224=ORIENTED_EDGE('',*,*,#4170,.F.);
#6225=ORIENTED_EDGE('',*,*,#4591,.T.);
#6226=ORIENTED_EDGE('',*,*,#4418,.T.);
#6227=ORIENTED_EDGE('',*,*,#4592,.T.);
#6228=ORIENTED_EDGE('',*,*,#4224,.F.);
#6229=ORIENTED_EDGE('',*,*,#4615,.T.);
#6230=ORIENTED_EDGE('',*,*,#4419,.T.);
#6231=ORIENTED_EDGE('',*,*,#4615,.F.);
#6232=ORIENTED_EDGE('',*,*,#4223,.F.);
#6233=ORIENTED_EDGE('',*,*,#4616,.T.);
#6234=ORIENTED_EDGE('',*,*,#4420,.T.);
#6235=ORIENTED_EDGE('',*,*,#4616,.F.);
#6236=ORIENTED_EDGE('',*,*,#4222,.F.);
#6237=ORIENTED_EDGE('',*,*,#4617,.T.);
#6238=ORIENTED_EDGE('',*,*,#4421,.T.);
#6239=ORIENTED_EDGE('',*,*,#4617,.F.);
#6240=ORIENTED_EDGE('',*,*,#4221,.F.);
#6241=ORIENTED_EDGE('',*,*,#4618,.T.);
#6242=ORIENTED_EDGE('',*,*,#4422,.T.);
#6243=ORIENTED_EDGE('',*,*,#4618,.F.);
#6244=ORIENTED_EDGE('',*,*,#4220,.F.);
#6245=ORIENTED_EDGE('',*,*,#4611,.T.);
#6246=ORIENTED_EDGE('',*,*,#4395,.T.);
#6247=ORIENTED_EDGE('',*,*,#4619,.F.);
#6248=ORIENTED_EDGE('',*,*,#4148,.F.);
#6249=ORIENTED_EDGE('',*,*,#4574,.T.);
#6250=ORIENTED_EDGE('',*,*,#4477,.T.);
#6251=ORIENTED_EDGE('',*,*,#4526,.F.);
#6252=ORIENTED_EDGE('',*,*,#4159,.F.);
#6253=ORIENTED_EDGE('',*,*,#4620,.T.);
#6254=ORIENTED_EDGE('',*,*,#4478,.T.);
#6255=ORIENTED_EDGE('',*,*,#4620,.F.);
#6256=ORIENTED_EDGE('',*,*,#4158,.F.);
#6257=ORIENTED_EDGE('',*,*,#4621,.T.);
#6258=ORIENTED_EDGE('',*,*,#4479,.T.);
#6259=ORIENTED_EDGE('',*,*,#4621,.F.);
#6260=ORIENTED_EDGE('',*,*,#4157,.F.);
#6261=ORIENTED_EDGE('',*,*,#4622,.T.);
#6262=ORIENTED_EDGE('',*,*,#4480,.T.);
#6263=ORIENTED_EDGE('',*,*,#4622,.F.);
#6264=ORIENTED_EDGE('',*,*,#4156,.F.);
#6265=ORIENTED_EDGE('',*,*,#4587,.T.);
#6266=ORIENTED_EDGE('',*,*,#4404,.T.);
#6267=ORIENTED_EDGE('',*,*,#4588,.T.);
#6268=ORIENTED_EDGE('',*,*,#4153,.F.);
#6269=ORIENTED_EDGE('',*,*,#4623,.T.);
#6270=ORIENTED_EDGE('',*,*,#4405,.T.);
#6271=ORIENTED_EDGE('',*,*,#4623,.F.);
#6272=ORIENTED_EDGE('',*,*,#4152,.F.);
#6273=ORIENTED_EDGE('',*,*,#4624,.T.);
#6274=ORIENTED_EDGE('',*,*,#4406,.T.);
#6275=ORIENTED_EDGE('',*,*,#4624,.F.);
#6276=ORIENTED_EDGE('',*,*,#4151,.F.);
#6277=ORIENTED_EDGE('',*,*,#4625,.T.);
#6278=ORIENTED_EDGE('',*,*,#4407,.T.);
#6279=ORIENTED_EDGE('',*,*,#4625,.F.);
#6280=ORIENTED_EDGE('',*,*,#4150,.F.);
#6281=ORIENTED_EDGE('',*,*,#4626,.T.);
#6282=ORIENTED_EDGE('',*,*,#4408,.T.);
#6283=ORIENTED_EDGE('',*,*,#4626,.F.);
#6284=ORIENTED_EDGE('',*,*,#4149,.F.);
#6285=ORIENTED_EDGE('',*,*,#4619,.T.);
#6286=ORIENTED_EDGE('',*,*,#4385,.T.);
#6287=ORIENTED_EDGE('',*,*,#4627,.F.);
#6288=ORIENTED_EDGE('',*,*,#4184,.F.);
#6289=ORIENTED_EDGE('',*,*,#4580,.T.);
#6290=ORIENTED_EDGE('',*,*,#4391,.T.);
#6291=ORIENTED_EDGE('',*,*,#4576,.F.);
#6292=ORIENTED_EDGE('',*,*,#4188,.F.);
#6293=ORIENTED_EDGE('',*,*,#4628,.T.);
#6294=ORIENTED_EDGE('',*,*,#4392,.T.);
#6295=ORIENTED_EDGE('',*,*,#4628,.F.);
#6296=ORIENTED_EDGE('',*,*,#4187,.F.);
#6297=ORIENTED_EDGE('',*,*,#4629,.T.);
#6298=ORIENTED_EDGE('',*,*,#4393,.T.);
#6299=ORIENTED_EDGE('',*,*,#4629,.F.);
#6300=ORIENTED_EDGE('',*,*,#4186,.F.);
#6301=ORIENTED_EDGE('',*,*,#4630,.T.);
#6302=ORIENTED_EDGE('',*,*,#4394,.T.);
#6303=ORIENTED_EDGE('',*,*,#4630,.F.);
#6304=ORIENTED_EDGE('',*,*,#4185,.F.);
#6305=ORIENTED_EDGE('',*,*,#4627,.T.);
#6306=ORIENTED_EDGE('',*,*,#4631,.T.);
#6307=ORIENTED_EDGE('',*,*,#4632,.T.);
#6308=ORIENTED_EDGE('',*,*,#4371,.T.);
#6309=ORIENTED_EDGE('',*,*,#4308,.T.);
#6310=ORIENTED_EDGE('',*,*,#4632,.F.);
#6311=ORIENTED_EDGE('',*,*,#4633,.F.);
#6312=ORIENTED_EDGE('',*,*,#4329,.F.);
#6313=ORIENTED_EDGE('',*,*,#4372,.T.);
#6314=ORIENTED_EDGE('',*,*,#4377,.T.);
#6315=ORIENTED_EDGE('',*,*,#4321,.T.);
#6316=ORIENTED_EDGE('',*,*,#4366,.T.);
#6317=ORIENTED_EDGE('',*,*,#4634,.T.);
#6318=ORIENTED_EDGE('',*,*,#4330,.F.);
#6319=ORIENTED_EDGE('',*,*,#4633,.T.);
#6320=ORIENTED_EDGE('',*,*,#4631,.F.);
#6321=ORIENTED_EDGE('',*,*,#4307,.F.);
#6322=ORIENTED_EDGE('',*,*,#4374,.F.);
#6323=ORIENTED_EDGE('',*,*,#4305,.T.);
#6324=ORIENTED_EDGE('',*,*,#4369,.T.);
#6325=ORIENTED_EDGE('',*,*,#4634,.F.);
#6326=ORIENTED_EDGE('',*,*,#4365,.F.);
#6327=ORIENTED_EDGE('',*,*,#4335,.F.);
#6328=ORIENTED_EDGE('',*,*,#4378,.T.);
#6329=ORIENTED_EDGE('',*,*,#4635,.F.);
#6330=ORIENTED_EDGE('',*,*,#4636,.T.);
#6331=ORIENTED_EDGE('',*,*,#4637,.F.);
#6332=ORIENTED_EDGE('',*,*,#4638,.F.);
#6333=ORIENTED_EDGE('',*,*,#4639,.F.);
#6334=ORIENTED_EDGE('',*,*,#4638,.T.);
#6335=ORIENTED_EDGE('',*,*,#4640,.F.);
#6336=ORIENTED_EDGE('',*,*,#4641,.F.);
#6337=ORIENTED_EDGE('',*,*,#4642,.F.);
#6338=ORIENTED_EDGE('',*,*,#4641,.T.);
#6339=ORIENTED_EDGE('',*,*,#4643,.F.);
#6340=ORIENTED_EDGE('',*,*,#4644,.F.);
#6341=ORIENTED_EDGE('',*,*,#4645,.F.);
#6342=ORIENTED_EDGE('',*,*,#4644,.T.);
#6343=ORIENTED_EDGE('',*,*,#4646,.F.);
#6344=ORIENTED_EDGE('',*,*,#4636,.F.);
#6345=ORIENTED_EDGE('',*,*,#4646,.T.);
#6346=ORIENTED_EDGE('',*,*,#4643,.T.);
#6347=ORIENTED_EDGE('',*,*,#4640,.T.);
#6348=ORIENTED_EDGE('',*,*,#4637,.T.);
#6349=ORIENTED_EDGE('',*,*,#4645,.T.);
#6350=ORIENTED_EDGE('',*,*,#4635,.T.);
#6351=ORIENTED_EDGE('',*,*,#4639,.T.);
#6352=ORIENTED_EDGE('',*,*,#4642,.T.);
#6353=ORIENTED_EDGE('',*,*,#4647,.F.);
#6354=ORIENTED_EDGE('',*,*,#4648,.F.);
#6355=ORIENTED_EDGE('',*,*,#4649,.F.);
#6356=ORIENTED_EDGE('',*,*,#4650,.F.);
#6357=ORIENTED_EDGE('',*,*,#4651,.F.);
#6358=ORIENTED_EDGE('',*,*,#4647,.T.);
#6359=ORIENTED_EDGE('',*,*,#4652,.T.);
#6360=ORIENTED_EDGE('',*,*,#4653,.F.);
#6361=ORIENTED_EDGE('',*,*,#4654,.F.);
#6362=ORIENTED_EDGE('',*,*,#4655,.F.);
#6363=ORIENTED_EDGE('',*,*,#4656,.F.);
#6364=ORIENTED_EDGE('',*,*,#4657,.F.);
#6365=ORIENTED_EDGE('',*,*,#4658,.F.);
#6366=ORIENTED_EDGE('',*,*,#4659,.F.);
#6367=ORIENTED_EDGE('',*,*,#4660,.F.);
#6368=ORIENTED_EDGE('',*,*,#4661,.F.);
#6369=ORIENTED_EDGE('',*,*,#4662,.F.);
#6370=ORIENTED_EDGE('',*,*,#4663,.F.);
#6371=ORIENTED_EDGE('',*,*,#4664,.F.);
#6372=ORIENTED_EDGE('',*,*,#4665,.F.);
#6373=ORIENTED_EDGE('',*,*,#4666,.F.);
#6374=ORIENTED_EDGE('',*,*,#4667,.F.);
#6375=ORIENTED_EDGE('',*,*,#4668,.F.);
#6376=ORIENTED_EDGE('',*,*,#4669,.F.);
#6377=ORIENTED_EDGE('',*,*,#4670,.F.);
#6378=ORIENTED_EDGE('',*,*,#4671,.T.);
#6379=ORIENTED_EDGE('',*,*,#4672,.F.);
#6380=ORIENTED_EDGE('',*,*,#4673,.T.);
#6381=ORIENTED_EDGE('',*,*,#4674,.F.);
#6382=ORIENTED_EDGE('',*,*,#4675,.F.);
#6383=ORIENTED_EDGE('',*,*,#4676,.F.);
#6384=ORIENTED_EDGE('',*,*,#4677,.F.);
#6385=ORIENTED_EDGE('',*,*,#4673,.F.);
#6386=ORIENTED_EDGE('',*,*,#4678,.F.);
#6387=ORIENTED_EDGE('',*,*,#4671,.F.);
#6388=ORIENTED_EDGE('',*,*,#4679,.F.);
#6389=ORIENTED_EDGE('',*,*,#4674,.T.);
#6390=ORIENTED_EDGE('',*,*,#4677,.T.);
#6391=ORIENTED_EDGE('',*,*,#4680,.T.);
#6392=ORIENTED_EDGE('',*,*,#4681,.T.);
#6393=ORIENTED_EDGE('',*,*,#4682,.T.);
#6394=ORIENTED_EDGE('',*,*,#4683,.T.);
#6395=ORIENTED_EDGE('',*,*,#4684,.T.);
#6396=ORIENTED_EDGE('',*,*,#4685,.F.);
#6397=ORIENTED_EDGE('',*,*,#4686,.F.);
#6398=ORIENTED_EDGE('',*,*,#4676,.T.);
#6399=ORIENTED_EDGE('',*,*,#4687,.F.);
#6400=ORIENTED_EDGE('',*,*,#4688,.T.);
#6401=ORIENTED_EDGE('',*,*,#4680,.F.);
#6402=ORIENTED_EDGE('',*,*,#4689,.T.);
#6403=ORIENTED_EDGE('',*,*,#4690,.F.);
#6404=ORIENTED_EDGE('',*,*,#4691,.T.);
#6405=ORIENTED_EDGE('',*,*,#4666,.T.);
#6406=ORIENTED_EDGE('',*,*,#4692,.T.);
#6407=ORIENTED_EDGE('',*,*,#4693,.F.);
#6408=ORIENTED_EDGE('',*,*,#4694,.T.);
#6409=ORIENTED_EDGE('',*,*,#4695,.F.);
#6410=ORIENTED_EDGE('',*,*,#4696,.F.);
#6411=ORIENTED_EDGE('',*,*,#4689,.F.);
#6412=ORIENTED_EDGE('',*,*,#4697,.T.);
#6413=ORIENTED_EDGE('',*,*,#4698,.F.);
#6414=ORIENTED_EDGE('',*,*,#4699,.F.);
#6415=ORIENTED_EDGE('',*,*,#4700,.F.);
#6416=ORIENTED_EDGE('',*,*,#4701,.T.);
#6417=ORIENTED_EDGE('',*,*,#4699,.T.);
#6418=ORIENTED_EDGE('',*,*,#4702,.T.);
#6419=ORIENTED_EDGE('',*,*,#4655,.T.);
#6420=ORIENTED_EDGE('',*,*,#4703,.F.);
#6421=ORIENTED_EDGE('',*,*,#4698,.T.);
#6422=ORIENTED_EDGE('',*,*,#4704,.T.);
#6423=ORIENTED_EDGE('',*,*,#4656,.T.);
#6424=ORIENTED_EDGE('',*,*,#4702,.F.);
#6425=ORIENTED_EDGE('',*,*,#4697,.F.);
#6426=ORIENTED_EDGE('',*,*,#4691,.F.);
#6427=ORIENTED_EDGE('',*,*,#4705,.T.);
#6428=ORIENTED_EDGE('',*,*,#4706,.F.);
#6429=ORIENTED_EDGE('',*,*,#4707,.T.);
#6430=ORIENTED_EDGE('',*,*,#4708,.T.);
#6431=ORIENTED_EDGE('',*,*,#4709,.T.);
#6432=ORIENTED_EDGE('',*,*,#4710,.T.);
#6433=ORIENTED_EDGE('',*,*,#4711,.F.);
#6434=ORIENTED_EDGE('',*,*,#4712,.T.);
#6435=ORIENTED_EDGE('',*,*,#4713,.T.);
#6436=ORIENTED_EDGE('',*,*,#4714,.T.);
#6437=ORIENTED_EDGE('',*,*,#4715,.T.);
#6438=ORIENTED_EDGE('',*,*,#4716,.T.);
#6439=ORIENTED_EDGE('',*,*,#4717,.T.);
#6440=ORIENTED_EDGE('',*,*,#4718,.T.);
#6441=ORIENTED_EDGE('',*,*,#4719,.T.);
#6442=ORIENTED_EDGE('',*,*,#4720,.T.);
#6443=ORIENTED_EDGE('',*,*,#4721,.T.);
#6444=ORIENTED_EDGE('',*,*,#4722,.T.);
#6445=ORIENTED_EDGE('',*,*,#4723,.T.);
#6446=ORIENTED_EDGE('',*,*,#4724,.T.);
#6447=ORIENTED_EDGE('',*,*,#4725,.T.);
#6448=ORIENTED_EDGE('',*,*,#4726,.T.);
#6449=ORIENTED_EDGE('',*,*,#4727,.T.);
#6450=ORIENTED_EDGE('',*,*,#4728,.T.);
#6451=ORIENTED_EDGE('',*,*,#4693,.T.);
#6452=ORIENTED_EDGE('',*,*,#4729,.F.);
#6453=ORIENTED_EDGE('',*,*,#4730,.F.);
#6454=ORIENTED_EDGE('',*,*,#4731,.F.);
#6455=ORIENTED_EDGE('',*,*,#4732,.F.);
#6456=ORIENTED_EDGE('',*,*,#4733,.F.);
#6457=ORIENTED_EDGE('',*,*,#4734,.F.);
#6458=ORIENTED_EDGE('',*,*,#4735,.F.);
#6459=ORIENTED_EDGE('',*,*,#4736,.F.);
#6460=ORIENTED_EDGE('',*,*,#4737,.T.);
#6461=ORIENTED_EDGE('',*,*,#4738,.T.);
#6462=ORIENTED_EDGE('',*,*,#4739,.T.);
#6463=ORIENTED_EDGE('',*,*,#4740,.T.);
#6464=ORIENTED_EDGE('',*,*,#4741,.T.);
#6465=ORIENTED_EDGE('',*,*,#4742,.T.);
#6466=ORIENTED_EDGE('',*,*,#4743,.T.);
#6467=ORIENTED_EDGE('',*,*,#4744,.T.);
#6468=ORIENTED_EDGE('',*,*,#4745,.T.);
#6469=ORIENTED_EDGE('',*,*,#4746,.T.);
#6470=ORIENTED_EDGE('',*,*,#4747,.T.);
#6471=ORIENTED_EDGE('',*,*,#4748,.T.);
#6472=ORIENTED_EDGE('',*,*,#4749,.T.);
#6473=ORIENTED_EDGE('',*,*,#4750,.T.);
#6474=ORIENTED_EDGE('',*,*,#4751,.T.);
#6475=ORIENTED_EDGE('',*,*,#4730,.T.);
#6476=ORIENTED_EDGE('',*,*,#4752,.F.);
#6477=ORIENTED_EDGE('',*,*,#4753,.T.);
#6478=ORIENTED_EDGE('',*,*,#4754,.F.);
#6479=ORIENTED_EDGE('',*,*,#4731,.T.);
#6480=ORIENTED_EDGE('',*,*,#4755,.F.);
#6481=ORIENTED_EDGE('',*,*,#4756,.T.);
#6482=ORIENTED_EDGE('',*,*,#4757,.F.);
#6483=ORIENTED_EDGE('',*,*,#4756,.F.);
#6484=ORIENTED_EDGE('',*,*,#4758,.F.);
#6485=ORIENTED_EDGE('',*,*,#4753,.F.);
#6486=ORIENTED_EDGE('',*,*,#4759,.F.);
#6487=ORIENTED_EDGE('',*,*,#4754,.T.);
#6488=ORIENTED_EDGE('',*,*,#4758,.T.);
#6489=ORIENTED_EDGE('',*,*,#4755,.T.);
#6490=ORIENTED_EDGE('',*,*,#4738,.F.);
#6491=ORIENTED_EDGE('',*,*,#4760,.T.);
#6492=ORIENTED_EDGE('',*,*,#4761,.F.);
#6493=ORIENTED_EDGE('',*,*,#4694,.F.);
#6494=ORIENTED_EDGE('',*,*,#4728,.F.);
#6495=ORIENTED_EDGE('',*,*,#4757,.T.);
#6496=ORIENTED_EDGE('',*,*,#4759,.T.);
#6497=ORIENTED_EDGE('',*,*,#4752,.T.);
#6498=ORIENTED_EDGE('',*,*,#4729,.T.);
#6499=ORIENTED_EDGE('',*,*,#4692,.F.);
#6500=ORIENTED_EDGE('',*,*,#4665,.T.);
#6501=ORIENTED_EDGE('',*,*,#4762,.F.);
#6502=ORIENTED_EDGE('',*,*,#4732,.T.);
#6503=ORIENTED_EDGE('',*,*,#4651,.T.);
#6504=ORIENTED_EDGE('',*,*,#4763,.T.);
#6505=ORIENTED_EDGE('',*,*,#4764,.F.);
#6506=ORIENTED_EDGE('',*,*,#4648,.T.);
#6507=ORIENTED_EDGE('',*,*,#4652,.F.);
#6508=ORIENTED_EDGE('',*,*,#4650,.T.);
#6509=ORIENTED_EDGE('',*,*,#4765,.F.);
#6510=ORIENTED_EDGE('',*,*,#4766,.F.);
#6511=ORIENTED_EDGE('',*,*,#4764,.T.);
#6512=ORIENTED_EDGE('',*,*,#4767,.F.);
#6513=ORIENTED_EDGE('',*,*,#4695,.T.);
#6514=ORIENTED_EDGE('',*,*,#4761,.T.);
#6515=ORIENTED_EDGE('',*,*,#4768,.T.);
#6516=ORIENTED_EDGE('',*,*,#4769,.F.);
#6517=ORIENTED_EDGE('',*,*,#4765,.T.);
#6518=ORIENTED_EDGE('',*,*,#4649,.T.);
#6519=ORIENTED_EDGE('',*,*,#4705,.F.);
#6520=ORIENTED_EDGE('',*,*,#4690,.T.);
#6521=ORIENTED_EDGE('',*,*,#4701,.F.);
#6522=ORIENTED_EDGE('',*,*,#4770,.T.);
#6523=ORIENTED_EDGE('',*,*,#4653,.T.);
#6524=ORIENTED_EDGE('',*,*,#4766,.T.);
#6525=ORIENTED_EDGE('',*,*,#4769,.T.);
#6526=ORIENTED_EDGE('',*,*,#4771,.T.);
#6527=ORIENTED_EDGE('',*,*,#4723,.F.);
#6528=ORIENTED_EDGE('',*,*,#4772,.F.);
#6529=ORIENTED_EDGE('',*,*,#4773,.F.);
#6530=ORIENTED_EDGE('',*,*,#4774,.T.);
#6531=ORIENTED_EDGE('',*,*,#4775,.F.);
#6532=ORIENTED_EDGE('',*,*,#4776,.T.);
#6533=ORIENTED_EDGE('',*,*,#4777,.T.);
#6534=ORIENTED_EDGE('',*,*,#4778,.T.);
#6535=ORIENTED_EDGE('',*,*,#4696,.T.);
#6536=ORIENTED_EDGE('',*,*,#4767,.T.);
#6537=ORIENTED_EDGE('',*,*,#4763,.F.);
#6538=ORIENTED_EDGE('',*,*,#4667,.T.);
#6539=ORIENTED_EDGE('',*,*,#4779,.T.);
#6540=ORIENTED_EDGE('',*,*,#4780,.T.);
#6541=ORIENTED_EDGE('',*,*,#4781,.T.);
#6542=ORIENTED_EDGE('',*,*,#4782,.T.);
#6543=ORIENTED_EDGE('',*,*,#4783,.T.);
#6544=ORIENTED_EDGE('',*,*,#4784,.T.);
#6545=ORIENTED_EDGE('',*,*,#4785,.T.);
#6546=ORIENTED_EDGE('',*,*,#4786,.T.);
#6547=ORIENTED_EDGE('',*,*,#4787,.F.);
#6548=ORIENTED_EDGE('',*,*,#4788,.T.);
#6549=ORIENTED_EDGE('',*,*,#4789,.T.);
#6550=ORIENTED_EDGE('',*,*,#4790,.T.);
#6551=ORIENTED_EDGE('',*,*,#4791,.F.);
#6552=ORIENTED_EDGE('',*,*,#4685,.T.);
#6553=ORIENTED_EDGE('',*,*,#4792,.T.);
#6554=ORIENTED_EDGE('',*,*,#4793,.T.);
#6555=ORIENTED_EDGE('',*,*,#4700,.T.);
#6556=ORIENTED_EDGE('',*,*,#4703,.T.);
#6557=ORIENTED_EDGE('',*,*,#4654,.T.);
#6558=ORIENTED_EDGE('',*,*,#4770,.F.);
#6559=ORIENTED_EDGE('',*,*,#4727,.F.);
#6560=ORIENTED_EDGE('',*,*,#4794,.T.);
#6561=ORIENTED_EDGE('',*,*,#4657,.T.);
#6562=ORIENTED_EDGE('',*,*,#4704,.F.);
#6563=ORIENTED_EDGE('',*,*,#4726,.F.);
#6564=ORIENTED_EDGE('',*,*,#4795,.T.);
#6565=ORIENTED_EDGE('',*,*,#4658,.T.);
#6566=ORIENTED_EDGE('',*,*,#4794,.F.);
#6567=ORIENTED_EDGE('',*,*,#4725,.F.);
#6568=ORIENTED_EDGE('',*,*,#4796,.F.);
#6569=ORIENTED_EDGE('',*,*,#4659,.T.);
#6570=ORIENTED_EDGE('',*,*,#4795,.F.);
#6571=ORIENTED_EDGE('',*,*,#4736,.T.);
#6572=ORIENTED_EDGE('',*,*,#4797,.T.);
#6573=ORIENTED_EDGE('',*,*,#4661,.T.);
#6574=ORIENTED_EDGE('',*,*,#4798,.F.);
#6575=ORIENTED_EDGE('',*,*,#4735,.T.);
#6576=ORIENTED_EDGE('',*,*,#4799,.T.);
#6577=ORIENTED_EDGE('',*,*,#4662,.T.);
#6578=ORIENTED_EDGE('',*,*,#4797,.F.);
#6579=ORIENTED_EDGE('',*,*,#4734,.T.);
#6580=ORIENTED_EDGE('',*,*,#4800,.T.);
#6581=ORIENTED_EDGE('',*,*,#4663,.T.);
#6582=ORIENTED_EDGE('',*,*,#4799,.F.);
#6583=ORIENTED_EDGE('',*,*,#4733,.T.);
#6584=ORIENTED_EDGE('',*,*,#4762,.T.);
#6585=ORIENTED_EDGE('',*,*,#4664,.T.);
#6586=ORIENTED_EDGE('',*,*,#4800,.F.);
#6587=ORIENTED_EDGE('',*,*,#4798,.T.);
#6588=ORIENTED_EDGE('',*,*,#4660,.T.);
#6589=ORIENTED_EDGE('',*,*,#4796,.T.);
#6590=ORIENTED_EDGE('',*,*,#4724,.F.);
#6591=ORIENTED_EDGE('',*,*,#4771,.F.);
#6592=ORIENTED_EDGE('',*,*,#4768,.F.);
#6593=ORIENTED_EDGE('',*,*,#4760,.F.);
#6594=ORIENTED_EDGE('',*,*,#4737,.F.);
#6595=ORIENTED_EDGE('',*,*,#4801,.T.);
#6596=ORIENTED_EDGE('',*,*,#4802,.T.);
#6597=ORIENTED_EDGE('',*,*,#4803,.T.);
#6598=ORIENTED_EDGE('',*,*,#4804,.T.);
#6599=ORIENTED_EDGE('',*,*,#4805,.T.);
#6600=ORIENTED_EDGE('',*,*,#4804,.F.);
#6601=ORIENTED_EDGE('',*,*,#4806,.T.);
#6602=ORIENTED_EDGE('',*,*,#4807,.T.);
#6603=ORIENTED_EDGE('',*,*,#4808,.T.);
#6604=ORIENTED_EDGE('',*,*,#4809,.T.);
#6605=ORIENTED_EDGE('',*,*,#4810,.T.);
#6606=ORIENTED_EDGE('',*,*,#4807,.F.);
#6607=ORIENTED_EDGE('',*,*,#4808,.F.);
#6608=ORIENTED_EDGE('',*,*,#4806,.F.);
#6609=ORIENTED_EDGE('',*,*,#4803,.F.);
#6610=ORIENTED_EDGE('',*,*,#4811,.T.);
#6611=ORIENTED_EDGE('',*,*,#4812,.T.);
#6612=ORIENTED_EDGE('',*,*,#4813,.T.);
#6613=ORIENTED_EDGE('',*,*,#4775,.T.);
#6614=ORIENTED_EDGE('',*,*,#4814,.T.);
#6615=ORIENTED_EDGE('',*,*,#4802,.F.);
#6616=ORIENTED_EDGE('',*,*,#4815,.F.);
#6617=ORIENTED_EDGE('',*,*,#4816,.F.);
#6618=ORIENTED_EDGE('',*,*,#4817,.T.);
#6619=ORIENTED_EDGE('',*,*,#4811,.F.);
#6620=ORIENTED_EDGE('',*,*,#4801,.F.);
#6621=ORIENTED_EDGE('',*,*,#4818,.F.);
#6622=ORIENTED_EDGE('',*,*,#4819,.F.);
#6623=ORIENTED_EDGE('',*,*,#4820,.T.);
#6624=ORIENTED_EDGE('',*,*,#4821,.F.);
#6625=ORIENTED_EDGE('',*,*,#4822,.F.);
#6626=ORIENTED_EDGE('',*,*,#4823,.F.);
#6627=ORIENTED_EDGE('',*,*,#4824,.F.);
#6628=ORIENTED_EDGE('',*,*,#4815,.T.);
#6629=ORIENTED_EDGE('',*,*,#4825,.F.);
#6630=ORIENTED_EDGE('',*,*,#4826,.T.);
#6631=ORIENTED_EDGE('',*,*,#4827,.T.);
#6632=ORIENTED_EDGE('',*,*,#4828,.T.);
#6633=ORIENTED_EDGE('',*,*,#4829,.F.);
#6634=ORIENTED_EDGE('',*,*,#4830,.T.);
#6635=ORIENTED_EDGE('',*,*,#4831,.T.);
#6636=ORIENTED_EDGE('',*,*,#4832,.F.);
#6637=ORIENTED_EDGE('',*,*,#4825,.T.);
#6638=ORIENTED_EDGE('',*,*,#4833,.T.);
#6639=ORIENTED_EDGE('',*,*,#4834,.T.);
#6640=ORIENTED_EDGE('',*,*,#4833,.F.);
#6641=ORIENTED_EDGE('',*,*,#4834,.F.);
#6642=ORIENTED_EDGE('',*,*,#4835,.T.);
#6643=ORIENTED_EDGE('',*,*,#4836,.F.);
#6644=ORIENTED_EDGE('',*,*,#4835,.F.);
#6645=ORIENTED_EDGE('',*,*,#4832,.T.);
#6646=ORIENTED_EDGE('',*,*,#4837,.T.);
#6647=ORIENTED_EDGE('',*,*,#4838,.T.);
#6648=ORIENTED_EDGE('',*,*,#4837,.F.);
#6649=ORIENTED_EDGE('',*,*,#4838,.F.);
#6650=ORIENTED_EDGE('',*,*,#4839,.T.);
#6651=ORIENTED_EDGE('',*,*,#4840,.F.);
#6652=ORIENTED_EDGE('',*,*,#4839,.F.);
#6653=ORIENTED_EDGE('',*,*,#4841,.T.);
#6654=ORIENTED_EDGE('',*,*,#4842,.T.);
#6655=ORIENTED_EDGE('',*,*,#4843,.T.);
#6656=ORIENTED_EDGE('',*,*,#4842,.F.);
#6657=ORIENTED_EDGE('',*,*,#4810,.F.);
#6658=ORIENTED_EDGE('',*,*,#4844,.F.);
#6659=ORIENTED_EDGE('',*,*,#4845,.F.);
#6660=ORIENTED_EDGE('',*,*,#4846,.F.);
#6661=ORIENTED_EDGE('',*,*,#4847,.F.);
#6662=ORIENTED_EDGE('',*,*,#4848,.F.);
#6663=ORIENTED_EDGE('',*,*,#4849,.T.);
#6664=ORIENTED_EDGE('',*,*,#4850,.F.);
#6665=ORIENTED_EDGE('',*,*,#4851,.T.);
#6666=ORIENTED_EDGE('',*,*,#4852,.F.);
#6667=ORIENTED_EDGE('',*,*,#4853,.T.);
#6668=ORIENTED_EDGE('',*,*,#4854,.F.);
#6669=ORIENTED_EDGE('',*,*,#4855,.T.);
#6670=ORIENTED_EDGE('',*,*,#4856,.T.);
#6671=ORIENTED_EDGE('',*,*,#4857,.T.);
#6672=ORIENTED_EDGE('',*,*,#4858,.T.);
#6673=ORIENTED_EDGE('',*,*,#4841,.F.);
#6674=ORIENTED_EDGE('',*,*,#4792,.F.);
#6675=ORIENTED_EDGE('',*,*,#4859,.T.);
#6676=ORIENTED_EDGE('',*,*,#4843,.F.);
#6677=ORIENTED_EDGE('',*,*,#4859,.F.);
#6678=ORIENTED_EDGE('',*,*,#4852,.T.);
#6679=ORIENTED_EDGE('',*,*,#4860,.T.);
#6680=ORIENTED_EDGE('',*,*,#4861,.T.);
#6681=ORIENTED_EDGE('',*,*,#4860,.F.);
#6682=ORIENTED_EDGE('',*,*,#4793,.F.);
#6683=ORIENTED_EDGE('',*,*,#4862,.T.);
#6684=ORIENTED_EDGE('',*,*,#4861,.F.);
#6685=ORIENTED_EDGE('',*,*,#4862,.F.);
#6686=ORIENTED_EDGE('',*,*,#4863,.F.);
#6687=ORIENTED_EDGE('',*,*,#4829,.T.);
#6688=ORIENTED_EDGE('',*,*,#4864,.F.);
#6689=ORIENTED_EDGE('',*,*,#4865,.F.);
#6690=ORIENTED_EDGE('',*,*,#4866,.F.);
#6691=ORIENTED_EDGE('',*,*,#4867,.F.);
#6692=ORIENTED_EDGE('',*,*,#4868,.F.);
#6693=ORIENTED_EDGE('',*,*,#4869,.T.);
#6694=ORIENTED_EDGE('',*,*,#4864,.T.);
#6695=ORIENTED_EDGE('',*,*,#4828,.F.);
#6696=ORIENTED_EDGE('',*,*,#4870,.T.);
#6697=ORIENTED_EDGE('',*,*,#4871,.T.);
#6698=ORIENTED_EDGE('',*,*,#4863,.T.);
#6699=ORIENTED_EDGE('',*,*,#4872,.T.);
#6700=ORIENTED_EDGE('',*,*,#4873,.T.);
#6701=ORIENTED_EDGE('',*,*,#4830,.F.);
#6702=ORIENTED_EDGE('',*,*,#4874,.F.);
#6703=ORIENTED_EDGE('',*,*,#4875,.F.);
#6704=ORIENTED_EDGE('',*,*,#4876,.F.);
#6705=ORIENTED_EDGE('',*,*,#4877,.F.);
#6706=ORIENTED_EDGE('',*,*,#4870,.F.);
#6707=ORIENTED_EDGE('',*,*,#4831,.F.);
#6708=ORIENTED_EDGE('',*,*,#4873,.F.);
#6709=ORIENTED_EDGE('',*,*,#4878,.F.);
#6710=ORIENTED_EDGE('',*,*,#4879,.F.);
#6711=ORIENTED_EDGE('',*,*,#4880,.F.);
#6712=ORIENTED_EDGE('',*,*,#4881,.F.);
#6713=ORIENTED_EDGE('',*,*,#4882,.F.);
#6714=ORIENTED_EDGE('',*,*,#4883,.F.);
#6715=ORIENTED_EDGE('',*,*,#4884,.F.);
#6716=ORIENTED_EDGE('',*,*,#4885,.F.);
#6717=ORIENTED_EDGE('',*,*,#4886,.F.);
#6718=ORIENTED_EDGE('',*,*,#4887,.F.);
#6719=ORIENTED_EDGE('',*,*,#4888,.F.);
#6720=ORIENTED_EDGE('',*,*,#4889,.F.);
#6721=ORIENTED_EDGE('',*,*,#4890,.F.);
#6722=ORIENTED_EDGE('',*,*,#4891,.F.);
#6723=ORIENTED_EDGE('',*,*,#4892,.F.);
#6724=ORIENTED_EDGE('',*,*,#4893,.F.);
#6725=ORIENTED_EDGE('',*,*,#4894,.F.);
#6726=ORIENTED_EDGE('',*,*,#4880,.T.);
#6727=ORIENTED_EDGE('',*,*,#4881,.T.);
#6728=ORIENTED_EDGE('',*,*,#4895,.T.);
#6729=ORIENTED_EDGE('',*,*,#4896,.T.);
#6730=ORIENTED_EDGE('',*,*,#4897,.T.);
#6731=ORIENTED_EDGE('',*,*,#4894,.T.);
#6732=ORIENTED_EDGE('',*,*,#4898,.F.);
#6733=ORIENTED_EDGE('',*,*,#4899,.F.);
#6734=ORIENTED_EDGE('',*,*,#4707,.F.);
#6735=ORIENTED_EDGE('',*,*,#4900,.T.);
#6736=ORIENTED_EDGE('',*,*,#4901,.F.);
#6737=ORIENTED_EDGE('',*,*,#4902,.T.);
#6738=ORIENTED_EDGE('',*,*,#4903,.F.);
#6739=ORIENTED_EDGE('',*,*,#4904,.T.);
#6740=ORIENTED_EDGE('',*,*,#4905,.F.);
#6741=ORIENTED_EDGE('',*,*,#4906,.T.);
#6742=ORIENTED_EDGE('',*,*,#4895,.F.);
#6743=ORIENTED_EDGE('',*,*,#4893,.T.);
#6744=ORIENTED_EDGE('',*,*,#4907,.T.);
#6745=ORIENTED_EDGE('',*,*,#4908,.T.);
#6746=ORIENTED_EDGE('',*,*,#4898,.T.);
#6747=ORIENTED_EDGE('',*,*,#4887,.T.);
#6748=ORIENTED_EDGE('',*,*,#4909,.F.);
#6749=ORIENTED_EDGE('',*,*,#4910,.F.);
#6750=ORIENTED_EDGE('',*,*,#4712,.F.);
#6751=ORIENTED_EDGE('',*,*,#4911,.T.);
#6752=ORIENTED_EDGE('',*,*,#4912,.F.);
#6753=ORIENTED_EDGE('',*,*,#4913,.T.);
#6754=ORIENTED_EDGE('',*,*,#4914,.F.);
#6755=ORIENTED_EDGE('',*,*,#4915,.T.);
#6756=ORIENTED_EDGE('',*,*,#4916,.F.);
#6757=ORIENTED_EDGE('',*,*,#4917,.T.);
#6758=ORIENTED_EDGE('',*,*,#4918,.F.);
#6759=ORIENTED_EDGE('',*,*,#4890,.T.);
#6760=ORIENTED_EDGE('',*,*,#4919,.T.);
#6761=ORIENTED_EDGE('',*,*,#4920,.T.);
#6762=ORIENTED_EDGE('',*,*,#4921,.T.);
#6763=ORIENTED_EDGE('',*,*,#4922,.T.);
#6764=ORIENTED_EDGE('',*,*,#4909,.T.);
#6765=ORIENTED_EDGE('',*,*,#4882,.T.);
#6766=ORIENTED_EDGE('',*,*,#4923,.F.);
#6767=ORIENTED_EDGE('',*,*,#4748,.F.);
#6768=ORIENTED_EDGE('',*,*,#4924,.T.);
#6769=ORIENTED_EDGE('',*,*,#4925,.F.);
#6770=ORIENTED_EDGE('',*,*,#4886,.T.);
#6771=ORIENTED_EDGE('',*,*,#4926,.F.);
#6772=ORIENTED_EDGE('',*,*,#4749,.F.);
#6773=ORIENTED_EDGE('',*,*,#4923,.T.);
#6774=ORIENTED_EDGE('',*,*,#4869,.F.);
#6775=ORIENTED_EDGE('',*,*,#4927,.T.);
#6776=ORIENTED_EDGE('',*,*,#4928,.F.);
#6777=ORIENTED_EDGE('',*,*,#4927,.F.);
#6778=ORIENTED_EDGE('',*,*,#4867,.T.);
#6779=ORIENTED_EDGE('',*,*,#4929,.F.);
#6780=ORIENTED_EDGE('',*,*,#4875,.T.);
#6781=ORIENTED_EDGE('',*,*,#4930,.T.);
#6782=ORIENTED_EDGE('',*,*,#4866,.T.);
#6783=ORIENTED_EDGE('',*,*,#4931,.F.);
#6784=ORIENTED_EDGE('',*,*,#4876,.T.);
#6785=ORIENTED_EDGE('',*,*,#4929,.T.);
#6786=ORIENTED_EDGE('',*,*,#4865,.T.);
#6787=ORIENTED_EDGE('',*,*,#4871,.F.);
#6788=ORIENTED_EDGE('',*,*,#4877,.T.);
#6789=ORIENTED_EDGE('',*,*,#4931,.T.);
#6790=ORIENTED_EDGE('',*,*,#4932,.T.);
#6791=ORIENTED_EDGE('',*,*,#4853,.F.);
#6792=ORIENTED_EDGE('',*,*,#4933,.F.);
#6793=ORIENTED_EDGE('',*,*,#4934,.T.);
#6794=ORIENTED_EDGE('',*,*,#4935,.T.);
#6795=ORIENTED_EDGE('',*,*,#4936,.T.);
#6796=ORIENTED_EDGE('',*,*,#4937,.T.);
#6797=ORIENTED_EDGE('',*,*,#4855,.F.);
#6798=ORIENTED_EDGE('',*,*,#4938,.T.);
#6799=ORIENTED_EDGE('',*,*,#4823,.T.);
#6800=ORIENTED_EDGE('',*,*,#4939,.T.);
#6801=ORIENTED_EDGE('',*,*,#4940,.T.);
#6802=ORIENTED_EDGE('',*,*,#4938,.F.);
#6803=ORIENTED_EDGE('',*,*,#4941,.T.);
#6804=ORIENTED_EDGE('',*,*,#4942,.F.);
#6805=ORIENTED_EDGE('',*,*,#4845,.T.);
#6806=ORIENTED_EDGE('',*,*,#4943,.T.);
#6807=ORIENTED_EDGE('',*,*,#4773,.T.);
#6808=ORIENTED_EDGE('',*,*,#4944,.F.);
#6809=ORIENTED_EDGE('',*,*,#4945,.T.);
#6810=ORIENTED_EDGE('',*,*,#4946,.F.);
#6811=ORIENTED_EDGE('',*,*,#4947,.T.);
#6812=ORIENTED_EDGE('',*,*,#4816,.T.);
#6813=ORIENTED_EDGE('',*,*,#4824,.T.);
#6814=ORIENTED_EDGE('',*,*,#4942,.T.);
#6815=ORIENTED_EDGE('',*,*,#4948,.T.);
#6816=ORIENTED_EDGE('',*,*,#4949,.T.);
#6817=ORIENTED_EDGE('',*,*,#4846,.T.);
#6818=ORIENTED_EDGE('',*,*,#4939,.F.);
#6819=ORIENTED_EDGE('',*,*,#4822,.T.);
#6820=ORIENTED_EDGE('',*,*,#4950,.F.);
#6821=ORIENTED_EDGE('',*,*,#4847,.T.);
#6822=ORIENTED_EDGE('',*,*,#4949,.F.);
#6823=ORIENTED_EDGE('',*,*,#4951,.T.);
#6824=ORIENTED_EDGE('',*,*,#4952,.F.);
#6825=ORIENTED_EDGE('',*,*,#4953,.F.);
#6826=ORIENTED_EDGE('',*,*,#4954,.T.);
#6827=ORIENTED_EDGE('',*,*,#4720,.F.);
#6828=ORIENTED_EDGE('',*,*,#4955,.T.);
#6829=ORIENTED_EDGE('',*,*,#4946,.T.);
#6830=ORIENTED_EDGE('',*,*,#4956,.T.);
#6831=ORIENTED_EDGE('',*,*,#4957,.T.);
#6832=ORIENTED_EDGE('',*,*,#4958,.F.);
#6833=ORIENTED_EDGE('',*,*,#4959,.F.);
#6834=ORIENTED_EDGE('',*,*,#4960,.T.);
#6835=ORIENTED_EDGE('',*,*,#4944,.T.);
#6836=ORIENTED_EDGE('',*,*,#4772,.T.);
#6837=ORIENTED_EDGE('',*,*,#4722,.F.);
#6838=ORIENTED_EDGE('',*,*,#4961,.T.);
#6839=ORIENTED_EDGE('',*,*,#4962,.T.);
#6840=ORIENTED_EDGE('',*,*,#4954,.F.);
#6841=ORIENTED_EDGE('',*,*,#4963,.T.);
#6842=ORIENTED_EDGE('',*,*,#4964,.T.);
#6843=ORIENTED_EDGE('',*,*,#4965,.T.);
#6844=ORIENTED_EDGE('',*,*,#4956,.F.);
#6845=ORIENTED_EDGE('',*,*,#4945,.F.);
#6846=ORIENTED_EDGE('',*,*,#4960,.F.);
#6847=ORIENTED_EDGE('',*,*,#4966,.T.);
#6848=ORIENTED_EDGE('',*,*,#4967,.T.);
#6849=ORIENTED_EDGE('',*,*,#4968,.T.);
#6850=ORIENTED_EDGE('',*,*,#4969,.T.);
#6851=ORIENTED_EDGE('',*,*,#4961,.F.);
#6852=ORIENTED_EDGE('',*,*,#4721,.F.);
#6853=ORIENTED_EDGE('',*,*,#4970,.T.);
#6854=ORIENTED_EDGE('',*,*,#4971,.T.);
#6855=ORIENTED_EDGE('',*,*,#4972,.T.);
#6856=ORIENTED_EDGE('',*,*,#4973,.T.);
#6857=ORIENTED_EDGE('',*,*,#4974,.T.);
#6858=ORIENTED_EDGE('',*,*,#4975,.T.);
#6859=ORIENTED_EDGE('',*,*,#4976,.T.);
#6860=ORIENTED_EDGE('',*,*,#4977,.T.);
#6861=ORIENTED_EDGE('',*,*,#4976,.F.);
#6862=ORIENTED_EDGE('',*,*,#4978,.F.);
#6863=ORIENTED_EDGE('',*,*,#4979,.T.);
#6864=ORIENTED_EDGE('',*,*,#4980,.T.);
#6865=ORIENTED_EDGE('',*,*,#4977,.F.);
#6866=ORIENTED_EDGE('',*,*,#4980,.F.);
#6867=ORIENTED_EDGE('',*,*,#4981,.T.);
#6868=ORIENTED_EDGE('',*,*,#4982,.F.);
#6869=ORIENTED_EDGE('',*,*,#4981,.F.);
#6870=ORIENTED_EDGE('',*,*,#4979,.F.);
#6871=ORIENTED_EDGE('',*,*,#4983,.F.);
#6872=ORIENTED_EDGE('',*,*,#4984,.F.);
#6873=ORIENTED_EDGE('',*,*,#4974,.F.);
#6874=ORIENTED_EDGE('',*,*,#4982,.T.);
#6875=ORIENTED_EDGE('',*,*,#4984,.T.);
#6876=ORIENTED_EDGE('',*,*,#4985,.T.);
#6877=ORIENTED_EDGE('',*,*,#4975,.F.);
#6878=ORIENTED_EDGE('',*,*,#4985,.F.);
#6879=ORIENTED_EDGE('',*,*,#4983,.T.);
#6880=ORIENTED_EDGE('',*,*,#4978,.T.);
#6881=ORIENTED_EDGE('',*,*,#4972,.F.);
#6882=ORIENTED_EDGE('',*,*,#4986,.F.);
#6883=ORIENTED_EDGE('',*,*,#4987,.T.);
#6884=ORIENTED_EDGE('',*,*,#4988,.T.);
#6885=ORIENTED_EDGE('',*,*,#4973,.F.);
#6886=ORIENTED_EDGE('',*,*,#4988,.F.);
#6887=ORIENTED_EDGE('',*,*,#4989,.T.);
#6888=ORIENTED_EDGE('',*,*,#4990,.F.);
#6889=ORIENTED_EDGE('',*,*,#4989,.F.);
#6890=ORIENTED_EDGE('',*,*,#4987,.F.);
#6891=ORIENTED_EDGE('',*,*,#4991,.F.);
#6892=ORIENTED_EDGE('',*,*,#4992,.F.);
#6893=ORIENTED_EDGE('',*,*,#4970,.F.);
#6894=ORIENTED_EDGE('',*,*,#4990,.T.);
#6895=ORIENTED_EDGE('',*,*,#4992,.T.);
#6896=ORIENTED_EDGE('',*,*,#4993,.T.);
#6897=ORIENTED_EDGE('',*,*,#4971,.F.);
#6898=ORIENTED_EDGE('',*,*,#4993,.F.);
#6899=ORIENTED_EDGE('',*,*,#4991,.T.);
#6900=ORIENTED_EDGE('',*,*,#4986,.T.);
#6901=ORIENTED_EDGE('',*,*,#4994,.F.);
#6902=ORIENTED_EDGE('',*,*,#4995,.T.);
#6903=ORIENTED_EDGE('',*,*,#4996,.T.);
#6904=ORIENTED_EDGE('',*,*,#4963,.F.);
#6905=ORIENTED_EDGE('',*,*,#4953,.T.);
#6906=ORIENTED_EDGE('',*,*,#4952,.T.);
#6907=ORIENTED_EDGE('',*,*,#4997,.T.);
#6908=ORIENTED_EDGE('',*,*,#4964,.F.);
#6909=ORIENTED_EDGE('',*,*,#4996,.F.);
#6910=ORIENTED_EDGE('',*,*,#4998,.T.);
#6911=ORIENTED_EDGE('',*,*,#4999,.F.);
#6912=ORIENTED_EDGE('',*,*,#4998,.F.);
#6913=ORIENTED_EDGE('',*,*,#4995,.F.);
#6914=ORIENTED_EDGE('',*,*,#5000,.F.);
#6915=ORIENTED_EDGE('',*,*,#5001,.F.);
#6916=ORIENTED_EDGE('',*,*,#4965,.F.);
#6917=ORIENTED_EDGE('',*,*,#4999,.T.);
#6918=ORIENTED_EDGE('',*,*,#5001,.T.);
#6919=ORIENTED_EDGE('',*,*,#5002,.F.);
#6920=ORIENTED_EDGE('',*,*,#4957,.F.);
#6921=ORIENTED_EDGE('',*,*,#5002,.T.);
#6922=ORIENTED_EDGE('',*,*,#5000,.T.);
#6923=ORIENTED_EDGE('',*,*,#4994,.T.);
#6924=ORIENTED_EDGE('',*,*,#4997,.F.);
#6925=ORIENTED_EDGE('',*,*,#4958,.T.);
#6926=ORIENTED_EDGE('',*,*,#4968,.F.);
#6927=ORIENTED_EDGE('',*,*,#5003,.F.);
#6928=ORIENTED_EDGE('',*,*,#5004,.T.);
#6929=ORIENTED_EDGE('',*,*,#5005,.T.);
#6930=ORIENTED_EDGE('',*,*,#4969,.F.);
#6931=ORIENTED_EDGE('',*,*,#5005,.F.);
#6932=ORIENTED_EDGE('',*,*,#5006,.T.);
#6933=ORIENTED_EDGE('',*,*,#5007,.F.);
#6934=ORIENTED_EDGE('',*,*,#4962,.F.);
#6935=ORIENTED_EDGE('',*,*,#5006,.F.);
#6936=ORIENTED_EDGE('',*,*,#5004,.F.);
#6937=ORIENTED_EDGE('',*,*,#5008,.F.);
#6938=ORIENTED_EDGE('',*,*,#5009,.F.);
#6939=ORIENTED_EDGE('',*,*,#5007,.T.);
#6940=ORIENTED_EDGE('',*,*,#5009,.T.);
#6941=ORIENTED_EDGE('',*,*,#5010,.T.);
#6942=ORIENTED_EDGE('',*,*,#4966,.F.);
#6943=ORIENTED_EDGE('',*,*,#4959,.T.);
#6944=ORIENTED_EDGE('',*,*,#4967,.F.);
#6945=ORIENTED_EDGE('',*,*,#5010,.F.);
#6946=ORIENTED_EDGE('',*,*,#5008,.T.);
#6947=ORIENTED_EDGE('',*,*,#5003,.T.);
#6948=ORIENTED_EDGE('',*,*,#5011,.F.);
#6949=ORIENTED_EDGE('',*,*,#5012,.T.);
#6950=ORIENTED_EDGE('',*,*,#4826,.F.);
#6951=ORIENTED_EDGE('',*,*,#5012,.F.);
#6952=ORIENTED_EDGE('',*,*,#5013,.F.);
#6953=ORIENTED_EDGE('',*,*,#5014,.T.);
#6954=ORIENTED_EDGE('',*,*,#4827,.F.);
#6955=ORIENTED_EDGE('',*,*,#5014,.F.);
#6956=ORIENTED_EDGE('',*,*,#5015,.T.);
#6957=ORIENTED_EDGE('',*,*,#5016,.T.);
#6958=ORIENTED_EDGE('',*,*,#5017,.T.);
#6959=ORIENTED_EDGE('',*,*,#5018,.F.);
#6960=ORIENTED_EDGE('',*,*,#5015,.F.);
#6961=ORIENTED_EDGE('',*,*,#5019,.F.);
#6962=ORIENTED_EDGE('',*,*,#4717,.F.);
#6963=ORIENTED_EDGE('',*,*,#5020,.F.);
#6964=ORIENTED_EDGE('',*,*,#5021,.F.);
#6965=ORIENTED_EDGE('',*,*,#5022,.T.);
#6966=ORIENTED_EDGE('',*,*,#5023,.F.);
#6967=ORIENTED_EDGE('',*,*,#4668,.T.);
#6968=ORIENTED_EDGE('',*,*,#5024,.T.);
#6969=ORIENTED_EDGE('',*,*,#4788,.F.);
#6970=ORIENTED_EDGE('',*,*,#5025,.F.);
#6971=ORIENTED_EDGE('',*,*,#5026,.T.);
#6972=ORIENTED_EDGE('',*,*,#4672,.T.);
#6973=ORIENTED_EDGE('',*,*,#5027,.F.);
#6974=ORIENTED_EDGE('',*,*,#4790,.F.);
#6975=ORIENTED_EDGE('',*,*,#5028,.T.);
#6976=ORIENTED_EDGE('',*,*,#4669,.T.);
#6977=ORIENTED_EDGE('',*,*,#5025,.T.);
#6978=ORIENTED_EDGE('',*,*,#4787,.T.);
#6979=ORIENTED_EDGE('',*,*,#4678,.T.);
#6980=ORIENTED_EDGE('',*,*,#5026,.F.);
#6981=ORIENTED_EDGE('',*,*,#4789,.F.);
#6982=ORIENTED_EDGE('',*,*,#5024,.F.);
#6983=ORIENTED_EDGE('',*,*,#5027,.T.);
#6984=ORIENTED_EDGE('',*,*,#4675,.T.);
#6985=ORIENTED_EDGE('',*,*,#4686,.T.);
#6986=ORIENTED_EDGE('',*,*,#4791,.T.);
#6987=ORIENTED_EDGE('',*,*,#4688,.F.);
#6988=ORIENTED_EDGE('',*,*,#5029,.F.);
#6989=ORIENTED_EDGE('',*,*,#5030,.T.);
#6990=ORIENTED_EDGE('',*,*,#4681,.F.);
#6991=ORIENTED_EDGE('',*,*,#5031,.F.);
#6992=ORIENTED_EDGE('',*,*,#4683,.F.);
#6993=ORIENTED_EDGE('',*,*,#5032,.T.);
#6994=ORIENTED_EDGE('',*,*,#5033,.F.);
#6995=ORIENTED_EDGE('',*,*,#5032,.F.);
#6996=ORIENTED_EDGE('',*,*,#4682,.F.);
#6997=ORIENTED_EDGE('',*,*,#5030,.F.);
#6998=ORIENTED_EDGE('',*,*,#5034,.F.);
#6999=ORIENTED_EDGE('',*,*,#4670,.T.);
#7000=ORIENTED_EDGE('',*,*,#5028,.F.);
#7001=ORIENTED_EDGE('',*,*,#4786,.F.);
#7002=ORIENTED_EDGE('',*,*,#5035,.T.);
#7003=ORIENTED_EDGE('',*,*,#5033,.T.);
#7004=ORIENTED_EDGE('',*,*,#5034,.T.);
#7005=ORIENTED_EDGE('',*,*,#5029,.T.);
#7006=ORIENTED_EDGE('',*,*,#4687,.T.);
#7007=ORIENTED_EDGE('',*,*,#4679,.T.);
#7008=ORIENTED_EDGE('',*,*,#5031,.T.);
#7009=ORIENTED_EDGE('',*,*,#5035,.F.);
#7010=ORIENTED_EDGE('',*,*,#4785,.F.);
#7011=ORIENTED_EDGE('',*,*,#4684,.F.);
#7012=ORIENTED_EDGE('',*,*,#4784,.F.);
#7013=ORIENTED_EDGE('',*,*,#5036,.T.);
#7014=ORIENTED_EDGE('',*,*,#4858,.F.);
#7015=ORIENTED_EDGE('',*,*,#5036,.F.);
#7016=ORIENTED_EDGE('',*,*,#4783,.F.);
#7017=ORIENTED_EDGE('',*,*,#5037,.T.);
#7018=ORIENTED_EDGE('',*,*,#4857,.F.);
#7019=ORIENTED_EDGE('',*,*,#5037,.F.);
#7020=ORIENTED_EDGE('',*,*,#5038,.F.);
#7021=ORIENTED_EDGE('',*,*,#5039,.T.);
#7022=ORIENTED_EDGE('',*,*,#5040,.F.);
#7023=ORIENTED_EDGE('',*,*,#5041,.F.);
#7024=ORIENTED_EDGE('',*,*,#5040,.T.);
#7025=ORIENTED_EDGE('',*,*,#5042,.F.);
#7026=ORIENTED_EDGE('',*,*,#5043,.F.);
#7027=ORIENTED_EDGE('',*,*,#5044,.F.);
#7028=ORIENTED_EDGE('',*,*,#5039,.F.);
#7029=ORIENTED_EDGE('',*,*,#5045,.T.);
#7030=ORIENTED_EDGE('',*,*,#5046,.T.);
#7031=ORIENTED_EDGE('',*,*,#5042,.T.);
#7032=ORIENTED_EDGE('',*,*,#5038,.T.);
#7033=ORIENTED_EDGE('',*,*,#5047,.F.);
#7034=ORIENTED_EDGE('',*,*,#5048,.T.);
#7035=ORIENTED_EDGE('',*,*,#5045,.F.);
#7036=ORIENTED_EDGE('',*,*,#5049,.T.);
#7037=ORIENTED_EDGE('',*,*,#4848,.T.);
#7038=ORIENTED_EDGE('',*,*,#4950,.T.);
#7039=ORIENTED_EDGE('',*,*,#4821,.T.);
#7040=ORIENTED_EDGE('',*,*,#5049,.F.);
#7041=ORIENTED_EDGE('',*,*,#4820,.F.);
#7042=ORIENTED_EDGE('',*,*,#5050,.F.);
#7043=ORIENTED_EDGE('',*,*,#4849,.F.);
#7044=ORIENTED_EDGE('',*,*,#5050,.T.);
#7045=ORIENTED_EDGE('',*,*,#4819,.T.);
#7046=ORIENTED_EDGE('',*,*,#5051,.T.);
#7047=ORIENTED_EDGE('',*,*,#4850,.T.);
#7048=ORIENTED_EDGE('',*,*,#5044,.T.);
#7049=ORIENTED_EDGE('',*,*,#5052,.T.);
#7050=ORIENTED_EDGE('',*,*,#5047,.T.);
#7051=ORIENTED_EDGE('',*,*,#5041,.T.);
#7052=ORIENTED_EDGE('',*,*,#5046,.F.);
#7053=ORIENTED_EDGE('',*,*,#5048,.F.);
#7054=ORIENTED_EDGE('',*,*,#5052,.F.);
#7055=ORIENTED_EDGE('',*,*,#5043,.T.);
#7056=ORIENTED_EDGE('',*,*,#4955,.F.);
#7057=ORIENTED_EDGE('',*,*,#4719,.F.);
#7058=ORIENTED_EDGE('',*,*,#5053,.T.);
#7059=ORIENTED_EDGE('',*,*,#5017,.F.);
#7060=ORIENTED_EDGE('',*,*,#5054,.F.);
#7061=ORIENTED_EDGE('',*,*,#5055,.T.);
#7062=ORIENTED_EDGE('',*,*,#5056,.T.);
#7063=ORIENTED_EDGE('',*,*,#5057,.T.);
#7064=ORIENTED_EDGE('',*,*,#4812,.F.);
#7065=ORIENTED_EDGE('',*,*,#4817,.F.);
#7066=ORIENTED_EDGE('',*,*,#4947,.F.);
#7067=ORIENTED_EDGE('',*,*,#4840,.T.);
#7068=ORIENTED_EDGE('',*,*,#4836,.T.);
#7069=ORIENTED_EDGE('',*,*,#5011,.T.);
#7070=ORIENTED_EDGE('',*,*,#5013,.T.);
#7071=ORIENTED_EDGE('',*,*,#4776,.F.);
#7072=ORIENTED_EDGE('',*,*,#4813,.F.);
#7073=ORIENTED_EDGE('',*,*,#5057,.F.);
#7074=ORIENTED_EDGE('',*,*,#5056,.F.);
#7075=ORIENTED_EDGE('',*,*,#5055,.F.);
#7076=ORIENTED_EDGE('',*,*,#5058,.F.);
#7077=ORIENTED_EDGE('',*,*,#5022,.F.);
#7078=ORIENTED_EDGE('',*,*,#5059,.F.);
#7079=ORIENTED_EDGE('',*,*,#4911,.F.);
#7080=ORIENTED_EDGE('',*,*,#4711,.T.);
#7081=ORIENTED_EDGE('',*,*,#5060,.F.);
#7082=ORIENTED_EDGE('',*,*,#5061,.F.);
#7083=ORIENTED_EDGE('',*,*,#4900,.F.);
#7084=ORIENTED_EDGE('',*,*,#4706,.T.);
#7085=ORIENTED_EDGE('',*,*,#4778,.F.);
#7086=ORIENTED_EDGE('',*,*,#4777,.F.);
#7087=ORIENTED_EDGE('',*,*,#5061,.T.);
#7088=ORIENTED_EDGE('',*,*,#5062,.T.);
#7089=ORIENTED_EDGE('',*,*,#5063,.T.);
#7090=ORIENTED_EDGE('',*,*,#4901,.T.);
#7091=ORIENTED_EDGE('',*,*,#4879,.T.);
#7092=ORIENTED_EDGE('',*,*,#4897,.F.);
#7093=ORIENTED_EDGE('',*,*,#5064,.T.);
#7094=ORIENTED_EDGE('',*,*,#5065,.F.);
#7095=ORIENTED_EDGE('',*,*,#5066,.T.);
#7096=ORIENTED_EDGE('',*,*,#5067,.F.);
#7097=ORIENTED_EDGE('',*,*,#5068,.T.);
#7098=ORIENTED_EDGE('',*,*,#5062,.F.);
#7099=ORIENTED_EDGE('',*,*,#5060,.T.);
#7100=ORIENTED_EDGE('',*,*,#4710,.F.);
#7101=ORIENTED_EDGE('',*,*,#5069,.T.);
#7102=ORIENTED_EDGE('',*,*,#4891,.T.);
#7103=ORIENTED_EDGE('',*,*,#5059,.T.);
#7104=ORIENTED_EDGE('',*,*,#5021,.T.);
#7105=ORIENTED_EDGE('',*,*,#5070,.T.);
#7106=ORIENTED_EDGE('',*,*,#5071,.T.);
#7107=ORIENTED_EDGE('',*,*,#4912,.T.);
#7108=ORIENTED_EDGE('',*,*,#4916,.T.);
#7109=ORIENTED_EDGE('',*,*,#5072,.T.);
#7110=ORIENTED_EDGE('',*,*,#5073,.T.);
#7111=ORIENTED_EDGE('',*,*,#5074,.T.);
#7112=ORIENTED_EDGE('',*,*,#5072,.F.);
#7113=ORIENTED_EDGE('',*,*,#4915,.F.);
#7114=ORIENTED_EDGE('',*,*,#5075,.F.);
#7115=ORIENTED_EDGE('',*,*,#5076,.F.);
#7116=ORIENTED_EDGE('',*,*,#5077,.T.);
#7117=ORIENTED_EDGE('',*,*,#5075,.T.);
#7118=ORIENTED_EDGE('',*,*,#4914,.T.);
#7119=ORIENTED_EDGE('',*,*,#5078,.T.);
#7120=ORIENTED_EDGE('',*,*,#5067,.T.);
#7121=ORIENTED_EDGE('',*,*,#5079,.T.);
#7122=ORIENTED_EDGE('',*,*,#4903,.T.);
#7123=ORIENTED_EDGE('',*,*,#5080,.T.);
#7124=ORIENTED_EDGE('',*,*,#5079,.F.);
#7125=ORIENTED_EDGE('',*,*,#5066,.F.);
#7126=ORIENTED_EDGE('',*,*,#5081,.F.);
#7127=ORIENTED_EDGE('',*,*,#4904,.F.);
#7128=ORIENTED_EDGE('',*,*,#4905,.T.);
#7129=ORIENTED_EDGE('',*,*,#5081,.T.);
#7130=ORIENTED_EDGE('',*,*,#5065,.T.);
#7131=ORIENTED_EDGE('',*,*,#5082,.T.);
#7132=ORIENTED_EDGE('',*,*,#5074,.F.);
#7133=ORIENTED_EDGE('',*,*,#5083,.F.);
#7134=ORIENTED_EDGE('',*,*,#5084,.F.);
#7135=ORIENTED_EDGE('',*,*,#4917,.F.);
#7136=ORIENTED_EDGE('',*,*,#5078,.F.);
#7137=ORIENTED_EDGE('',*,*,#4913,.F.);
#7138=ORIENTED_EDGE('',*,*,#5071,.F.);
#7139=ORIENTED_EDGE('',*,*,#5085,.F.);
#7140=ORIENTED_EDGE('',*,*,#5082,.F.);
#7141=ORIENTED_EDGE('',*,*,#5064,.F.);
#7142=ORIENTED_EDGE('',*,*,#4896,.F.);
#7143=ORIENTED_EDGE('',*,*,#4906,.F.);
#7144=ORIENTED_EDGE('',*,*,#5080,.F.);
#7145=ORIENTED_EDGE('',*,*,#4902,.F.);
#7146=ORIENTED_EDGE('',*,*,#5063,.F.);
#7147=ORIENTED_EDGE('',*,*,#5068,.F.);
#7148=ORIENTED_EDGE('',*,*,#4889,.T.);
#7149=ORIENTED_EDGE('',*,*,#5086,.F.);
#7150=ORIENTED_EDGE('',*,*,#5083,.T.);
#7151=ORIENTED_EDGE('',*,*,#5073,.F.);
#7152=ORIENTED_EDGE('',*,*,#5076,.T.);
#7153=ORIENTED_EDGE('',*,*,#5077,.F.);
#7154=ORIENTED_EDGE('',*,*,#5085,.T.);
#7155=ORIENTED_EDGE('',*,*,#5070,.F.);
#7156=ORIENTED_EDGE('',*,*,#5020,.T.);
#7157=ORIENTED_EDGE('',*,*,#4716,.F.);
#7158=ORIENTED_EDGE('',*,*,#5087,.T.);
#7159=ORIENTED_EDGE('',*,*,#4919,.F.);
#7160=ORIENTED_EDGE('',*,*,#4888,.T.);
#7161=ORIENTED_EDGE('',*,*,#4918,.T.);
#7162=ORIENTED_EDGE('',*,*,#5084,.T.);
#7163=ORIENTED_EDGE('',*,*,#5086,.T.);
#7164=ORIENTED_EDGE('',*,*,#4885,.T.);
#7165=ORIENTED_EDGE('',*,*,#5088,.T.);
#7166=ORIENTED_EDGE('',*,*,#4750,.F.);
#7167=ORIENTED_EDGE('',*,*,#4926,.T.);
#7168=ORIENTED_EDGE('',*,*,#4883,.T.);
#7169=ORIENTED_EDGE('',*,*,#4925,.T.);
#7170=ORIENTED_EDGE('',*,*,#5089,.T.);
#7171=ORIENTED_EDGE('',*,*,#5090,.T.);
#7172=ORIENTED_EDGE('',*,*,#4809,.F.);
#7173=ORIENTED_EDGE('',*,*,#4814,.F.);
#7174=ORIENTED_EDGE('',*,*,#4774,.F.);
#7175=ORIENTED_EDGE('',*,*,#4943,.F.);
#7176=ORIENTED_EDGE('',*,*,#4844,.T.);
#7177=ORIENTED_EDGE('',*,*,#5016,.F.);
#7178=ORIENTED_EDGE('',*,*,#5023,.T.);
#7179=ORIENTED_EDGE('',*,*,#5058,.T.);
#7180=ORIENTED_EDGE('',*,*,#5054,.T.);
#7181=ORIENTED_EDGE('',*,*,#5091,.T.);
#7182=ORIENTED_EDGE('',*,*,#4878,.T.);
#7183=ORIENTED_EDGE('',*,*,#5092,.T.);
#7184=ORIENTED_EDGE('',*,*,#5091,.F.);
#7185=ORIENTED_EDGE('',*,*,#5092,.F.);
#7186=ORIENTED_EDGE('',*,*,#4868,.T.);
#7187=ORIENTED_EDGE('',*,*,#4930,.F.);
#7188=ORIENTED_EDGE('',*,*,#4874,.T.);
#7189=ORIENTED_EDGE('',*,*,#4872,.F.);
#7190=ORIENTED_EDGE('',*,*,#5093,.F.);
#7191=ORIENTED_EDGE('',*,*,#5094,.T.);
#7192=ORIENTED_EDGE('',*,*,#5095,.F.);
#7193=ORIENTED_EDGE('',*,*,#5094,.F.);
#7194=ORIENTED_EDGE('',*,*,#4933,.T.);
#7195=ORIENTED_EDGE('',*,*,#4856,.F.);
#7196=ORIENTED_EDGE('',*,*,#4937,.F.);
#7197=ORIENTED_EDGE('',*,*,#5096,.F.);
#7198=ORIENTED_EDGE('',*,*,#5097,.F.);
#7199=ORIENTED_EDGE('',*,*,#5098,.F.);
#7200=ORIENTED_EDGE('',*,*,#5099,.F.);
#7201=ORIENTED_EDGE('',*,*,#5100,.F.);
#7202=ORIENTED_EDGE('',*,*,#5093,.T.);
#7203=ORIENTED_EDGE('',*,*,#5101,.F.);
#7204=ORIENTED_EDGE('',*,*,#5102,.F.);
#7205=ORIENTED_EDGE('',*,*,#5103,.F.);
#7206=ORIENTED_EDGE('',*,*,#5096,.T.);
#7207=ORIENTED_EDGE('',*,*,#4936,.F.);
#7208=ORIENTED_EDGE('',*,*,#5104,.F.);
#7209=ORIENTED_EDGE('',*,*,#4934,.F.);
#7210=ORIENTED_EDGE('',*,*,#5100,.T.);
#7211=ORIENTED_EDGE('',*,*,#5105,.T.);
#7212=ORIENTED_EDGE('',*,*,#5106,.F.);
#7213=ORIENTED_EDGE('',*,*,#5107,.F.);
#7214=ORIENTED_EDGE('',*,*,#5098,.T.);
#7215=ORIENTED_EDGE('',*,*,#5108,.T.);
#7216=ORIENTED_EDGE('',*,*,#5097,.T.);
#7217=ORIENTED_EDGE('',*,*,#5103,.T.);
#7218=ORIENTED_EDGE('',*,*,#5109,.F.);
#7219=ORIENTED_EDGE('',*,*,#5110,.T.);
#7220=ORIENTED_EDGE('',*,*,#5108,.F.);
#7221=ORIENTED_EDGE('',*,*,#5111,.F.);
#7222=ORIENTED_EDGE('',*,*,#5105,.F.);
#7223=ORIENTED_EDGE('',*,*,#5099,.T.);
#7224=ORIENTED_EDGE('',*,*,#5107,.T.);
#7225=ORIENTED_EDGE('',*,*,#4781,.F.);
#7226=ORIENTED_EDGE('',*,*,#5112,.F.);
#7227=ORIENTED_EDGE('',*,*,#5113,.F.);
#7228=ORIENTED_EDGE('',*,*,#5114,.F.);
#7229=ORIENTED_EDGE('',*,*,#4782,.F.);
#7230=ORIENTED_EDGE('',*,*,#5114,.T.);
#7231=ORIENTED_EDGE('',*,*,#5115,.F.);
#7232=ORIENTED_EDGE('',*,*,#5116,.F.);
#7233=ORIENTED_EDGE('',*,*,#5095,.T.);
#7234=ORIENTED_EDGE('',*,*,#4779,.F.);
#7235=ORIENTED_EDGE('',*,*,#5116,.T.);
#7236=ORIENTED_EDGE('',*,*,#5117,.T.);
#7237=ORIENTED_EDGE('',*,*,#5118,.F.);
#7238=ORIENTED_EDGE('',*,*,#5117,.F.);
#7239=ORIENTED_EDGE('',*,*,#5115,.T.);
#7240=ORIENTED_EDGE('',*,*,#5113,.T.);
#7241=ORIENTED_EDGE('',*,*,#5119,.F.);
#7242=ORIENTED_EDGE('',*,*,#4739,.F.);
#7243=ORIENTED_EDGE('',*,*,#5120,.T.);
#7244=ORIENTED_EDGE('',*,*,#5121,.F.);
#7245=ORIENTED_EDGE('',*,*,#5122,.F.);
#7246=ORIENTED_EDGE('',*,*,#4740,.F.);
#7247=ORIENTED_EDGE('',*,*,#5122,.T.);
#7248=ORIENTED_EDGE('',*,*,#5123,.F.);
#7249=ORIENTED_EDGE('',*,*,#5120,.F.);
#7250=ORIENTED_EDGE('',*,*,#5123,.T.);
#7251=ORIENTED_EDGE('',*,*,#5121,.T.);
#7252=ORIENTED_EDGE('',*,*,#5124,.T.);
#7253=ORIENTED_EDGE('',*,*,#5125,.F.);
#7254=ORIENTED_EDGE('',*,*,#5126,.T.);
#7255=ORIENTED_EDGE('',*,*,#4741,.F.);
#7256=ORIENTED_EDGE('',*,*,#5126,.F.);
#7257=ORIENTED_EDGE('',*,*,#5125,.T.);
#7258=ORIENTED_EDGE('',*,*,#4742,.F.);
#7259=ORIENTED_EDGE('',*,*,#5127,.T.);
#7260=ORIENTED_EDGE('',*,*,#5128,.F.);
#7261=ORIENTED_EDGE('',*,*,#5129,.F.);
#7262=ORIENTED_EDGE('',*,*,#4743,.F.);
#7263=ORIENTED_EDGE('',*,*,#5129,.T.);
#7264=ORIENTED_EDGE('',*,*,#5130,.F.);
#7265=ORIENTED_EDGE('',*,*,#5131,.F.);
#7266=ORIENTED_EDGE('',*,*,#4744,.F.);
#7267=ORIENTED_EDGE('',*,*,#5131,.T.);
#7268=ORIENTED_EDGE('',*,*,#5132,.F.);
#7269=ORIENTED_EDGE('',*,*,#5133,.F.);
#7270=ORIENTED_EDGE('',*,*,#4745,.F.);
#7271=ORIENTED_EDGE('',*,*,#5133,.T.);
#7272=ORIENTED_EDGE('',*,*,#5134,.F.);
#7273=ORIENTED_EDGE('',*,*,#5127,.F.);
#7274=ORIENTED_EDGE('',*,*,#5134,.T.);
#7275=ORIENTED_EDGE('',*,*,#5132,.T.);
#7276=ORIENTED_EDGE('',*,*,#5130,.T.);
#7277=ORIENTED_EDGE('',*,*,#5128,.T.);
#7278=ORIENTED_EDGE('',*,*,#5135,.F.);
#7279=ORIENTED_EDGE('',*,*,#5136,.T.);
#7280=ORIENTED_EDGE('',*,*,#4746,.F.);
#7281=ORIENTED_EDGE('',*,*,#5136,.F.);
#7282=ORIENTED_EDGE('',*,*,#5135,.T.);
#7283=ORIENTED_EDGE('',*,*,#5137,.T.);
#7284=ORIENTED_EDGE('',*,*,#4708,.F.);
#7285=ORIENTED_EDGE('',*,*,#4899,.T.);
#7286=ORIENTED_EDGE('',*,*,#4908,.F.);
#7287=ORIENTED_EDGE('',*,*,#5138,.F.);
#7288=ORIENTED_EDGE('',*,*,#4892,.T.);
#7289=ORIENTED_EDGE('',*,*,#5069,.F.);
#7290=ORIENTED_EDGE('',*,*,#4709,.F.);
#7291=ORIENTED_EDGE('',*,*,#5138,.T.);
#7292=ORIENTED_EDGE('',*,*,#4907,.F.);
#7293=ORIENTED_EDGE('',*,*,#4747,.F.);
#7294=ORIENTED_EDGE('',*,*,#5139,.T.);
#7295=ORIENTED_EDGE('',*,*,#5089,.F.);
#7296=ORIENTED_EDGE('',*,*,#4924,.F.);
#7297=ORIENTED_EDGE('',*,*,#4884,.T.);
#7298=ORIENTED_EDGE('',*,*,#5090,.F.);
#7299=ORIENTED_EDGE('',*,*,#5139,.F.);
#7300=ORIENTED_EDGE('',*,*,#4751,.F.);
#7301=ORIENTED_EDGE('',*,*,#5088,.F.);
#7302=ORIENTED_EDGE('',*,*,#4713,.F.);
#7303=ORIENTED_EDGE('',*,*,#4910,.T.);
#7304=ORIENTED_EDGE('',*,*,#4922,.F.);
#7305=ORIENTED_EDGE('',*,*,#5140,.F.);
#7306=ORIENTED_EDGE('',*,*,#4714,.F.);
#7307=ORIENTED_EDGE('',*,*,#5140,.T.);
#7308=ORIENTED_EDGE('',*,*,#4921,.F.);
#7309=ORIENTED_EDGE('',*,*,#5141,.F.);
#7310=ORIENTED_EDGE('',*,*,#4715,.F.);
#7311=ORIENTED_EDGE('',*,*,#5141,.T.);
#7312=ORIENTED_EDGE('',*,*,#4920,.F.);
#7313=ORIENTED_EDGE('',*,*,#5087,.F.);
#7314=ORIENTED_EDGE('',*,*,#5137,.F.);
#7315=ORIENTED_EDGE('',*,*,#5142,.T.);
#7316=ORIENTED_EDGE('',*,*,#5143,.T.);
#7317=ORIENTED_EDGE('',*,*,#5142,.F.);
#7318=ORIENTED_EDGE('',*,*,#5143,.F.);
#7319=ORIENTED_EDGE('',*,*,#5124,.F.);
#7320=ORIENTED_EDGE('',*,*,#5144,.T.);
#7321=ORIENTED_EDGE('',*,*,#5145,.T.);
#7322=ORIENTED_EDGE('',*,*,#5144,.F.);
#7323=ORIENTED_EDGE('',*,*,#5145,.F.);
#7324=ORIENTED_EDGE('',*,*,#4940,.F.);
#7325=ORIENTED_EDGE('',*,*,#4951,.F.);
#7326=ORIENTED_EDGE('',*,*,#4948,.F.);
#7327=ORIENTED_EDGE('',*,*,#4941,.F.);
#7328=ORIENTED_EDGE('',*,*,#4805,.F.);
#7329=ORIENTED_EDGE('',*,*,#4851,.F.);
#7330=ORIENTED_EDGE('',*,*,#5051,.F.);
#7331=ORIENTED_EDGE('',*,*,#4818,.T.);
#7332=ORIENTED_EDGE('',*,*,#5146,.F.);
#7333=ORIENTED_EDGE('',*,*,#5147,.T.);
#7334=ORIENTED_EDGE('',*,*,#5148,.F.);
#7335=ORIENTED_EDGE('',*,*,#5147,.F.);
#7336=ORIENTED_EDGE('',*,*,#5149,.T.);
#7337=ORIENTED_EDGE('',*,*,#5101,.T.);
#7338=ORIENTED_EDGE('',*,*,#5150,.F.);
#7339=ORIENTED_EDGE('',*,*,#5110,.F.);
#7340=ORIENTED_EDGE('',*,*,#4780,.F.);
#7341=ORIENTED_EDGE('',*,*,#5118,.T.);
#7342=ORIENTED_EDGE('',*,*,#5119,.T.);
#7343=ORIENTED_EDGE('',*,*,#5112,.T.);
#7344=ORIENTED_EDGE('',*,*,#5149,.F.);
#7345=ORIENTED_EDGE('',*,*,#5109,.T.);
#7346=ORIENTED_EDGE('',*,*,#5102,.T.);
#7347=ORIENTED_EDGE('',*,*,#5148,.T.);
#7348=ORIENTED_EDGE('',*,*,#5104,.T.);
#7349=ORIENTED_EDGE('',*,*,#5111,.T.);
#7350=ORIENTED_EDGE('',*,*,#5106,.T.);
#7351=ORIENTED_EDGE('',*,*,#5150,.T.);
#7352=ORIENTED_EDGE('',*,*,#4935,.F.);
#7353=ORIENTED_EDGE('',*,*,#4854,.T.);
#7354=ORIENTED_EDGE('',*,*,#4932,.F.);
#7355=ORIENTED_EDGE('',*,*,#5146,.T.);
#7356=ORIENTED_EDGE('',*,*,#5053,.F.);
#7357=ORIENTED_EDGE('',*,*,#4718,.F.);
#7358=ORIENTED_EDGE('',*,*,#5019,.T.);
#7359=ORIENTED_EDGE('',*,*,#5018,.T.);
#7360=ORIENTED_EDGE('',*,*,#4928,.T.);
#7361=ORIENTED_EDGE('',*,*,#5151,.T.);
#7362=ORIENTED_EDGE('',*,*,#5152,.T.);
#7363=ORIENTED_EDGE('',*,*,#5153,.T.);
#7364=ORIENTED_EDGE('',*,*,#5154,.T.);
#7365=ORIENTED_EDGE('',*,*,#5155,.T.);
#7366=ORIENTED_EDGE('',*,*,#5156,.T.);
#7367=ORIENTED_EDGE('',*,*,#5157,.T.);
#7368=ORIENTED_EDGE('',*,*,#5158,.T.);
#7369=ORIENTED_EDGE('',*,*,#5155,.F.);
#7370=ORIENTED_EDGE('',*,*,#5159,.F.);
#7371=ORIENTED_EDGE('',*,*,#5160,.T.);
#7372=ORIENTED_EDGE('',*,*,#5161,.T.);
#7373=ORIENTED_EDGE('',*,*,#5162,.T.);
#7374=ORIENTED_EDGE('',*,*,#5163,.T.);
#7375=ORIENTED_EDGE('',*,*,#5164,.F.);
#7376=ORIENTED_EDGE('',*,*,#5158,.F.);
#7377=ORIENTED_EDGE('',*,*,#5165,.F.);
#7378=ORIENTED_EDGE('',*,*,#5166,.T.);
#7379=ORIENTED_EDGE('',*,*,#5159,.T.);
#7380=ORIENTED_EDGE('',*,*,#5167,.T.);
#7381=ORIENTED_EDGE('',*,*,#5168,.T.);
#7382=ORIENTED_EDGE('',*,*,#5169,.T.);
#7383=ORIENTED_EDGE('',*,*,#5170,.T.);
#7384=ORIENTED_EDGE('',*,*,#5170,.F.);
#7385=ORIENTED_EDGE('',*,*,#5171,.F.);
#7386=ORIENTED_EDGE('',*,*,#5172,.T.);
#7387=ORIENTED_EDGE('',*,*,#5173,.T.);
#7388=ORIENTED_EDGE('',*,*,#5169,.F.);
#7389=ORIENTED_EDGE('',*,*,#5174,.F.);
#7390=ORIENTED_EDGE('',*,*,#5175,.F.);
#7391=ORIENTED_EDGE('',*,*,#5176,.T.);
#7392=ORIENTED_EDGE('',*,*,#5177,.T.);
#7393=ORIENTED_EDGE('',*,*,#5178,.T.);
#7394=ORIENTED_EDGE('',*,*,#5171,.T.);
#7395=ORIENTED_EDGE('',*,*,#5179,.F.);
#7396=ORIENTED_EDGE('',*,*,#5180,.T.);
#7397=ORIENTED_EDGE('',*,*,#5181,.T.);
#7398=ORIENTED_EDGE('',*,*,#5182,.T.);
#7399=ORIENTED_EDGE('',*,*,#5183,.T.);
#7400=ORIENTED_EDGE('',*,*,#5176,.F.);
#7401=ORIENTED_EDGE('',*,*,#5184,.F.);
#7402=ORIENTED_EDGE('',*,*,#5185,.F.);
#7403=ORIENTED_EDGE('',*,*,#5186,.F.);
#7404=ORIENTED_EDGE('',*,*,#5162,.F.);
#7405=ORIENTED_EDGE('',*,*,#5187,.T.);
#7406=ORIENTED_EDGE('',*,*,#5188,.F.);
#7407=ORIENTED_EDGE('',*,*,#5180,.F.);
#7408=ORIENTED_EDGE('',*,*,#5189,.T.);
#7409=ORIENTED_EDGE('',*,*,#5154,.F.);
#7410=ORIENTED_EDGE('',*,*,#5190,.F.);
#7411=ORIENTED_EDGE('',*,*,#5181,.F.);
#7412=ORIENTED_EDGE('',*,*,#5190,.T.);
#7413=ORIENTED_EDGE('',*,*,#5153,.F.);
#7414=ORIENTED_EDGE('',*,*,#5191,.F.);
#7415=ORIENTED_EDGE('',*,*,#5182,.F.);
#7416=ORIENTED_EDGE('',*,*,#5191,.T.);
#7417=ORIENTED_EDGE('',*,*,#5152,.F.);
#7418=ORIENTED_EDGE('',*,*,#5192,.F.);
#7419=ORIENTED_EDGE('',*,*,#5179,.T.);
#7420=ORIENTED_EDGE('',*,*,#5192,.T.);
#7421=ORIENTED_EDGE('',*,*,#5151,.F.);
#7422=ORIENTED_EDGE('',*,*,#5189,.F.);
#7423=ORIENTED_EDGE('',*,*,#5166,.F.);
#7424=ORIENTED_EDGE('',*,*,#5193,.F.);
#7425=ORIENTED_EDGE('',*,*,#5194,.F.);
#7426=ORIENTED_EDGE('',*,*,#5160,.F.);
#7427=ORIENTED_EDGE('',*,*,#5187,.F.);
#7428=ORIENTED_EDGE('',*,*,#5161,.F.);
#7429=ORIENTED_EDGE('',*,*,#5194,.T.);
#7430=ORIENTED_EDGE('',*,*,#5195,.F.);
#7431=ORIENTED_EDGE('',*,*,#5186,.T.);
#7432=ORIENTED_EDGE('',*,*,#5196,.T.);
#7433=ORIENTED_EDGE('',*,*,#5197,.F.);
#7434=ORIENTED_EDGE('',*,*,#5163,.F.);
#7435=ORIENTED_EDGE('',*,*,#5157,.F.);
#7436=ORIENTED_EDGE('',*,*,#5198,.F.);
#7437=ORIENTED_EDGE('',*,*,#5196,.F.);
#7438=ORIENTED_EDGE('',*,*,#5188,.T.);
#7439=ORIENTED_EDGE('',*,*,#5195,.T.);
#7440=ORIENTED_EDGE('',*,*,#5193,.T.);
#7441=ORIENTED_EDGE('',*,*,#5165,.T.);
#7442=ORIENTED_EDGE('',*,*,#5156,.F.);
#7443=ORIENTED_EDGE('',*,*,#5164,.T.);
#7444=ORIENTED_EDGE('',*,*,#5197,.T.);
#7445=ORIENTED_EDGE('',*,*,#5198,.T.);
#7446=ORIENTED_EDGE('',*,*,#5172,.F.);
#7447=ORIENTED_EDGE('',*,*,#5178,.F.);
#7448=ORIENTED_EDGE('',*,*,#5199,.F.);
#7449=ORIENTED_EDGE('',*,*,#5200,.F.);
#7450=ORIENTED_EDGE('',*,*,#5183,.F.);
#7451=ORIENTED_EDGE('',*,*,#5201,.F.);
#7452=ORIENTED_EDGE('',*,*,#5199,.T.);
#7453=ORIENTED_EDGE('',*,*,#5177,.F.);
#7454=ORIENTED_EDGE('',*,*,#5184,.T.);
#7455=ORIENTED_EDGE('',*,*,#5175,.T.);
#7456=ORIENTED_EDGE('',*,*,#5202,.F.);
#7457=ORIENTED_EDGE('',*,*,#5203,.F.);
#7458=ORIENTED_EDGE('',*,*,#5167,.F.);
#7459=ORIENTED_EDGE('',*,*,#5173,.F.);
#7460=ORIENTED_EDGE('',*,*,#5200,.T.);
#7461=ORIENTED_EDGE('',*,*,#5201,.T.);
#7462=ORIENTED_EDGE('',*,*,#5185,.T.);
#7463=ORIENTED_EDGE('',*,*,#5203,.T.);
#7464=ORIENTED_EDGE('',*,*,#5204,.F.);
#7465=ORIENTED_EDGE('',*,*,#5168,.F.);
#7466=ORIENTED_EDGE('',*,*,#5204,.T.);
#7467=ORIENTED_EDGE('',*,*,#5202,.T.);
#7468=ORIENTED_EDGE('',*,*,#5174,.T.);
#7469=ORIENTED_EDGE('',*,*,#5205,.T.);
#7470=ORIENTED_EDGE('',*,*,#5206,.T.);
#7471=ORIENTED_EDGE('',*,*,#5207,.T.);
#7472=ORIENTED_EDGE('',*,*,#5208,.T.);
#7473=ORIENTED_EDGE('',*,*,#5205,.F.);
#7474=ORIENTED_EDGE('',*,*,#5209,.T.);
#7475=ORIENTED_EDGE('',*,*,#5210,.T.);
#7476=ORIENTED_EDGE('',*,*,#5211,.F.);
#7477=ORIENTED_EDGE('',*,*,#5212,.T.);
#7478=ORIENTED_EDGE('',*,*,#5213,.F.);
#7479=ORIENTED_EDGE('',*,*,#5214,.T.);
#7480=ORIENTED_EDGE('',*,*,#5215,.T.);
#7481=ORIENTED_EDGE('',*,*,#5216,.T.);
#7482=ORIENTED_EDGE('',*,*,#5217,.T.);
#7483=ORIENTED_EDGE('',*,*,#5214,.F.);
#7484=ORIENTED_EDGE('',*,*,#5218,.T.);
#7485=ORIENTED_EDGE('',*,*,#5219,.T.);
#7486=ORIENTED_EDGE('',*,*,#5220,.F.);
#7487=ORIENTED_EDGE('',*,*,#5221,.T.);
#7488=ORIENTED_EDGE('',*,*,#5222,.F.);
#7489=ORIENTED_EDGE('',*,*,#5223,.F.);
#7490=ORIENTED_EDGE('',*,*,#5224,.T.);
#7491=ORIENTED_EDGE('',*,*,#5225,.T.);
#7492=ORIENTED_EDGE('',*,*,#5226,.F.);
#7493=ORIENTED_EDGE('',*,*,#5227,.T.);
#7494=ORIENTED_EDGE('',*,*,#5228,.F.);
#7495=ORIENTED_EDGE('',*,*,#5229,.F.);
#7496=ORIENTED_EDGE('',*,*,#5211,.T.);
#7497=ORIENTED_EDGE('',*,*,#5230,.T.);
#7498=ORIENTED_EDGE('',*,*,#5231,.F.);
#7499=ORIENTED_EDGE('',*,*,#5232,.F.);
#7500=ORIENTED_EDGE('',*,*,#5220,.T.);
#7501=ORIENTED_EDGE('',*,*,#5224,.F.);
#7502=ORIENTED_EDGE('',*,*,#5233,.T.);
#7503=ORIENTED_EDGE('',*,*,#5234,.F.);
#7504=ORIENTED_EDGE('',*,*,#5235,.F.);
#7505=ORIENTED_EDGE('',*,*,#5225,.F.);
#7506=ORIENTED_EDGE('',*,*,#5235,.T.);
#7507=ORIENTED_EDGE('',*,*,#5236,.F.);
#7508=ORIENTED_EDGE('',*,*,#5237,.F.);
#7509=ORIENTED_EDGE('',*,*,#5226,.T.);
#7510=ORIENTED_EDGE('',*,*,#5237,.T.);
#7511=ORIENTED_EDGE('',*,*,#5238,.F.);
#7512=ORIENTED_EDGE('',*,*,#5239,.F.);
#7513=ORIENTED_EDGE('',*,*,#5223,.T.);
#7514=ORIENTED_EDGE('',*,*,#5239,.T.);
#7515=ORIENTED_EDGE('',*,*,#5240,.F.);
#7516=ORIENTED_EDGE('',*,*,#5233,.F.);
#7517=ORIENTED_EDGE('',*,*,#5240,.T.);
#7518=ORIENTED_EDGE('',*,*,#5238,.T.);
#7519=ORIENTED_EDGE('',*,*,#5236,.T.);
#7520=ORIENTED_EDGE('',*,*,#5234,.T.);
#7521=ORIENTED_EDGE('',*,*,#5217,.F.);
#7522=ORIENTED_EDGE('',*,*,#5241,.F.);
#7523=ORIENTED_EDGE('',*,*,#5242,.F.);
#7524=ORIENTED_EDGE('',*,*,#5218,.F.);
#7525=ORIENTED_EDGE('',*,*,#5230,.F.);
#7526=ORIENTED_EDGE('',*,*,#5219,.F.);
#7527=ORIENTED_EDGE('',*,*,#5242,.T.);
#7528=ORIENTED_EDGE('',*,*,#5243,.F.);
#7529=ORIENTED_EDGE('',*,*,#5216,.F.);
#7530=ORIENTED_EDGE('',*,*,#5244,.F.);
#7531=ORIENTED_EDGE('',*,*,#5245,.F.);
#7532=ORIENTED_EDGE('',*,*,#5231,.T.);
#7533=ORIENTED_EDGE('',*,*,#5243,.T.);
#7534=ORIENTED_EDGE('',*,*,#5241,.T.);
#7535=ORIENTED_EDGE('',*,*,#5232,.T.);
#7536=ORIENTED_EDGE('',*,*,#5245,.T.);
#7537=ORIENTED_EDGE('',*,*,#5246,.F.);
#7538=ORIENTED_EDGE('',*,*,#5221,.F.);
#7539=ORIENTED_EDGE('',*,*,#5215,.F.);
#7540=ORIENTED_EDGE('',*,*,#5222,.T.);
#7541=ORIENTED_EDGE('',*,*,#5246,.T.);
#7542=ORIENTED_EDGE('',*,*,#5244,.T.);
#7543=ORIENTED_EDGE('',*,*,#5227,.F.);
#7544=ORIENTED_EDGE('',*,*,#5210,.F.);
#7545=ORIENTED_EDGE('',*,*,#5247,.T.);
#7546=ORIENTED_EDGE('',*,*,#5248,.F.);
#7547=ORIENTED_EDGE('',*,*,#5208,.F.);
#7548=ORIENTED_EDGE('',*,*,#5249,.F.);
#7549=ORIENTED_EDGE('',*,*,#5247,.F.);
#7550=ORIENTED_EDGE('',*,*,#5209,.F.);
#7551=ORIENTED_EDGE('',*,*,#5207,.F.);
#7552=ORIENTED_EDGE('',*,*,#5250,.F.);
#7553=ORIENTED_EDGE('',*,*,#5251,.F.);
#7554=ORIENTED_EDGE('',*,*,#5228,.T.);
#7555=ORIENTED_EDGE('',*,*,#5248,.T.);
#7556=ORIENTED_EDGE('',*,*,#5249,.T.);
#7557=ORIENTED_EDGE('',*,*,#5229,.T.);
#7558=ORIENTED_EDGE('',*,*,#5251,.T.);
#7559=ORIENTED_EDGE('',*,*,#5252,.F.);
#7560=ORIENTED_EDGE('',*,*,#5212,.F.);
#7561=ORIENTED_EDGE('',*,*,#5206,.F.);
#7562=ORIENTED_EDGE('',*,*,#5213,.T.);
#7563=ORIENTED_EDGE('',*,*,#5252,.T.);
#7564=ORIENTED_EDGE('',*,*,#5250,.T.);
#7565=ORIENTED_EDGE('',*,*,#5253,.T.);
#7566=ORIENTED_EDGE('',*,*,#5254,.F.);
#7567=ORIENTED_EDGE('',*,*,#5255,.F.);
#7568=ORIENTED_EDGE('',*,*,#5256,.F.);
#7569=ORIENTED_EDGE('',*,*,#5257,.T.);
#7570=ORIENTED_EDGE('',*,*,#5258,.F.);
#7571=ORIENTED_EDGE('',*,*,#5259,.F.);
#7572=ORIENTED_EDGE('',*,*,#5254,.T.);
#7573=ORIENTED_EDGE('',*,*,#5255,.T.);
#7574=ORIENTED_EDGE('',*,*,#5259,.T.);
#7575=ORIENTED_EDGE('',*,*,#5260,.F.);
#7576=ORIENTED_EDGE('',*,*,#5261,.F.);
#7577=ORIENTED_EDGE('',*,*,#5256,.T.);
#7578=ORIENTED_EDGE('',*,*,#5261,.T.);
#7579=ORIENTED_EDGE('',*,*,#5262,.F.);
#7580=ORIENTED_EDGE('',*,*,#5263,.F.);
#7581=ORIENTED_EDGE('',*,*,#5253,.F.);
#7582=ORIENTED_EDGE('',*,*,#5263,.T.);
#7583=ORIENTED_EDGE('',*,*,#5264,.F.);
#7584=ORIENTED_EDGE('',*,*,#5257,.F.);
#7585=ORIENTED_EDGE('',*,*,#5264,.T.);
#7586=ORIENTED_EDGE('',*,*,#5262,.T.);
#7587=ORIENTED_EDGE('',*,*,#5260,.T.);
#7588=ORIENTED_EDGE('',*,*,#5258,.T.);
#7589=CYLINDRICAL_SURFACE('',#8114,0.5);
#7590=CYLINDRICAL_SURFACE('',#8121,0.5);
#7591=CYLINDRICAL_SURFACE('',#8127,0.5);
#7592=CYLINDRICAL_SURFACE('',#8130,25.);
#7593=CYLINDRICAL_SURFACE('',#8133,25.);
#7594=CYLINDRICAL_SURFACE('',#8140,23.999596478862);
#7595=CYLINDRICAL_SURFACE('',#8148,4.);
#7596=CYLINDRICAL_SURFACE('',#8152,14.);
#7597=CYLINDRICAL_SURFACE('',#8155,4.);
#7598=CYLINDRICAL_SURFACE('',#8159,4.49999999999999);
#7599=CYLINDRICAL_SURFACE('',#8162,4.49999999999999);
#7600=CYLINDRICAL_SURFACE('',#8169,4.5);
#7601=CYLINDRICAL_SURFACE('',#8171,4.5);
#7602=CYLINDRICAL_SURFACE('',#8175,2.15);
#7603=CYLINDRICAL_SURFACE('',#8182,25.);
#7604=CYLINDRICAL_SURFACE('',#8188,4.5);
#7605=CYLINDRICAL_SURFACE('',#8193,4.5);
#7606=CYLINDRICAL_SURFACE('',#8197,2.15);
#7607=CYLINDRICAL_SURFACE('',#8203,4.49999999999999);
#7608=CYLINDRICAL_SURFACE('',#8205,4.49999999999999);
#7609=CYLINDRICAL_SURFACE('',#8208,2.15);
#7610=CYLINDRICAL_SURFACE('',#8210,2.15);
#7611=CYLINDRICAL_SURFACE('',#8214,25.);
#7612=CYLINDRICAL_SURFACE('',#8216,25.);
#7613=CYLINDRICAL_SURFACE('',#8219,25.);
#7614=CYLINDRICAL_SURFACE('',#8283,4.);
#7615=CYLINDRICAL_SURFACE('',#8286,4.);
#7616=CYLINDRICAL_SURFACE('',#8335,0.5);
#7617=CYLINDRICAL_SURFACE('',#8338,0.5);
#7618=CYLINDRICAL_SURFACE('',#8340,0.5);
#7619=CYLINDRICAL_SURFACE('',#8352,1.5);
#7620=CYLINDRICAL_SURFACE('',#8356,1.5);
#7621=CYLINDRICAL_SURFACE('',#8366,1.5);
#7622=CYLINDRICAL_SURFACE('',#8369,1.5);
#7623=CYLINDRICAL_SURFACE('',#8391,1.6);
#7624=CYLINDRICAL_SURFACE('',#8398,25.);
#7625=CYLINDRICAL_SURFACE('',#8405,25.);
#7626=CYLINDRICAL_SURFACE('',#8408,25.);
#7627=CYLINDRICAL_SURFACE('',#8409,25.);
#7628=CYLINDRICAL_SURFACE('',#8423,5.0000005401671);
#7629=CYLINDRICAL_SURFACE('',#8425,5.0000005401671);
#7630=CYLINDRICAL_SURFACE('',#8429,5.);
#7631=CYLINDRICAL_SURFACE('',#8431,5.0000005401671);
#7632=CYLINDRICAL_SURFACE('',#8433,5.00000054016709);
#7633=CYLINDRICAL_SURFACE('',#8437,5.);
#7634=CYLINDRICAL_SURFACE('',#8439,5.0000005401671);
#7635=CYLINDRICAL_SURFACE('',#8441,5.00000054016709);
#7636=CYLINDRICAL_SURFACE('',#8445,5.);
#7637=CYLINDRICAL_SURFACE('',#8447,5.0000005401671);
#7638=CYLINDRICAL_SURFACE('',#8449,5.00000054016709);
#7639=CYLINDRICAL_SURFACE('',#8453,5.);
#7640=CYLINDRICAL_SURFACE('',#8455,5.9);
#7641=CYLINDRICAL_SURFACE('',#8457,4.9);
#7642=CYLINDRICAL_SURFACE('',#8471,5.9);
#7643=CYLINDRICAL_SURFACE('',#8472,4.9);
#7644=CYLINDRICAL_SURFACE('',#8473,800.5);
#7645=CYLINDRICAL_SURFACE('',#8478,37.);
#7646=CYLINDRICAL_SURFACE('',#8481,37.);
#7647=CYLINDRICAL_SURFACE('',#8491,1.5);
#7648=CYLINDRICAL_SURFACE('',#8494,1.5);
#7649=CYLINDRICAL_SURFACE('',#8496,1.5);
#7650=CYLINDRICAL_SURFACE('',#8498,1.5);
#7651=CYLINDRICAL_SURFACE('',#8510,1.6);
#7652=CYLINDRICAL_SURFACE('',#8512,1.6);
#7653=CYLINDRICAL_SURFACE('',#8525,4.);
#7654=CYLINDRICAL_SURFACE('',#8527,14.);
#7655=CYLINDRICAL_SURFACE('',#8531,3.75);
#7656=CYLINDRICAL_SURFACE('',#8539,4.);
#7657=CYLINDRICAL_SURFACE('',#8550,2.15);
#7658=CYLINDRICAL_SURFACE('',#8553,2.15);
#7659=CYLINDRICAL_SURFACE('',#8558,1.6);
#7660=CYLINDRICAL_SURFACE('',#8572,6.9);
#7661=CYLINDRICAL_SURFACE('',#8577,6.9);
#7662=CYLINDRICAL_SURFACE('',#8588,2.5);
#7663=CYLINDRICAL_SURFACE('',#8590,6.5);
#7664=CYLINDRICAL_SURFACE('',#8593,5.75);
#7665=CYLINDRICAL_SURFACE('',#8594,4.7);
#7666=CYLINDRICAL_SURFACE('',#8600,5.75);
#7667=CYLINDRICAL_SURFACE('',#8601,4.7);
#7668=CYLINDRICAL_SURFACE('',#8620,2.);
#7669=CYLINDRICAL_SURFACE('',#8623,5.9);
#7670=CYLINDRICAL_SURFACE('',#8629,4.85);
#7671=CYLINDRICAL_SURFACE('',#8631,3.6);
#7672=CYLINDRICAL_SURFACE('',#8634,4.85);
#7673=CYLINDRICAL_SURFACE('',#8638,3.6);
#7674=ADVANCED_FACE('',(#641),#7589,.T.);
#7675=ADVANCED_FACE('',(#642),#639,.T.);
#7676=ADVANCED_FACE('',(#643),#7590,.T.);
#7677=ADVANCED_FACE('',(#644),#640,.T.);
#7678=ADVANCED_FACE('',(#645),#7591,.T.);
#7679=ADVANCED_FACE('',(#646),#381,.T.);
#7680=ADVANCED_FACE('',(#647),#7592,.T.);
#7681=ADVANCED_FACE('',(#648),#382,.T.);
#7682=ADVANCED_FACE('',(#649),#7593,.T.);
#7683=ADVANCED_FACE('',(#650),#383,.T.);
#7684=ADVANCED_FACE('',(#651),#384,.T.);
#7685=ADVANCED_FACE('',(#652),#372,.F.);
#7686=ADVANCED_FACE('',(#653),#7594,.F.);
#7687=ADVANCED_FACE('',(#654,#107,#108,#109,#110,#111,#112,#113,#114,#115,
#116,#117,#118,#119,#120),#385,.T.);
#7688=ADVANCED_FACE('',(#655),#386,.T.);
#7689=ADVANCED_FACE('',(#656),#387,.F.);
#7690=ADVANCED_FACE('',(#657),#388,.T.);
#7691=ADVANCED_FACE('',(#658),#389,.T.);
#7692=ADVANCED_FACE('',(#659),#390,.T.);
#7693=ADVANCED_FACE('',(#660),#7595,.F.);
#7694=ADVANCED_FACE('',(#661),#391,.F.);
#7695=ADVANCED_FACE('',(#662),#7596,.F.);
#7696=ADVANCED_FACE('',(#663),#7597,.F.);
#7697=ADVANCED_FACE('',(#664),#392,.F.);
#7698=ADVANCED_FACE('',(#665),#7598,.T.);
#7699=ADVANCED_FACE('',(#666),#7599,.T.);
#7700=ADVANCED_FACE('',(#667,#121),#393,.T.);
#7701=ADVANCED_FACE('',(#668),#394,.T.);
#7702=ADVANCED_FACE('',(#669),#7600,.T.);
#7703=ADVANCED_FACE('',(#670),#7601,.T.);
#7704=ADVANCED_FACE('',(#671,#122),#395,.T.);
#7705=ADVANCED_FACE('',(#672),#7602,.F.);
#7706=ADVANCED_FACE('',(#673),#396,.T.);
#7707=ADVANCED_FACE('',(#674),#7603,.F.);
#7708=ADVANCED_FACE('',(#675,#123,#124,#125,#126,#127),#397,.F.);
#7709=ADVANCED_FACE('',(#676),#7604,.T.);
#7710=ADVANCED_FACE('',(#677,#128),#398,.F.);
#7711=ADVANCED_FACE('',(#678),#7605,.T.);
#7712=ADVANCED_FACE('',(#679),#399,.T.);
#7713=ADVANCED_FACE('',(#680),#7606,.F.);
#7714=ADVANCED_FACE('',(#681,#129),#400,.F.);
#7715=ADVANCED_FACE('',(#682),#7607,.T.);
#7716=ADVANCED_FACE('',(#683),#7608,.T.);
#7717=ADVANCED_FACE('',(#684),#401,.T.);
#7718=ADVANCED_FACE('',(#685),#7609,.F.);
#7719=ADVANCED_FACE('',(#686),#7610,.F.);
#7720=ADVANCED_FACE('',(#687),#402,.T.);
#7721=ADVANCED_FACE('',(#688),#7611,.T.);
#7722=ADVANCED_FACE('',(#689),#403,.T.);
#7723=ADVANCED_FACE('',(#690),#7612,.T.);
#7724=ADVANCED_FACE('',(#691,#130,#131),#404,.T.);
#7725=ADVANCED_FACE('',(#692),#7613,.F.);
#7726=ADVANCED_FACE('',(#693),#405,.T.);
#7727=ADVANCED_FACE('',(#694),#406,.F.);
#7728=ADVANCED_FACE('',(#695),#407,.F.);
#7729=ADVANCED_FACE('',(#696),#408,.F.);
#7730=ADVANCED_FACE('',(#697,#132,#133,#134,#135,#136,#137,#138,#139,#140,
#141,#142,#143,#144),#409,.F.);
#7731=ADVANCED_FACE('',(#698),#410,.F.);
#7732=ADVANCED_FACE('',(#699),#40,.F.);
#7733=ADVANCED_FACE('',(#700),#41,.F.);
#7734=ADVANCED_FACE('',(#701),#42,.F.);
#7735=ADVANCED_FACE('',(#702),#411,.F.);
#7736=ADVANCED_FACE('',(#703),#43,.F.);
#7737=ADVANCED_FACE('',(#704),#44,.F.);
#7738=ADVANCED_FACE('',(#705),#45,.F.);
#7739=ADVANCED_FACE('',(#706),#46,.F.);
#7740=ADVANCED_FACE('',(#707),#47,.F.);
#7741=ADVANCED_FACE('',(#708),#48,.F.);
#7742=ADVANCED_FACE('',(#709),#412,.F.);
#7743=ADVANCED_FACE('',(#710),#413,.F.);
#7744=ADVANCED_FACE('',(#711),#414,.F.);
#7745=ADVANCED_FACE('',(#712),#49,.F.);
#7746=ADVANCED_FACE('',(#713),#50,.F.);
#7747=ADVANCED_FACE('',(#714),#51,.F.);
#7748=ADVANCED_FACE('',(#715),#52,.F.);
#7749=ADVANCED_FACE('',(#716),#415,.F.);
#7750=ADVANCED_FACE('',(#717),#416,.F.);
#7751=ADVANCED_FACE('',(#718),#417,.F.);
#7752=ADVANCED_FACE('',(#719),#418,.F.);
#7753=ADVANCED_FACE('',(#720),#419,.F.);
#7754=ADVANCED_FACE('',(#721),#420,.F.);
#7755=ADVANCED_FACE('',(#722),#53,.F.);
#7756=ADVANCED_FACE('',(#723),#54,.F.);
#7757=ADVANCED_FACE('',(#724),#55,.F.);
#7758=ADVANCED_FACE('',(#725),#56,.F.);
#7759=ADVANCED_FACE('',(#726),#421,.F.);
#7760=ADVANCED_FACE('',(#727),#422,.F.);
#7761=ADVANCED_FACE('',(#728),#423,.F.);
#7762=ADVANCED_FACE('',(#729),#57,.F.);
#7763=ADVANCED_FACE('',(#730),#424,.F.);
#7764=ADVANCED_FACE('',(#731),#425,.F.);
#7765=ADVANCED_FACE('',(#732),#426,.F.);
#7766=ADVANCED_FACE('',(#733),#427,.F.);
#7767=ADVANCED_FACE('',(#734),#58,.F.);
#7768=ADVANCED_FACE('',(#735),#59,.F.);
#7769=ADVANCED_FACE('',(#736),#60,.F.);
#7770=ADVANCED_FACE('',(#737),#61,.F.);
#7771=ADVANCED_FACE('',(#738),#62,.F.);
#7772=ADVANCED_FACE('',(#739),#63,.F.);
#7773=ADVANCED_FACE('',(#740),#428,.T.);
#7774=ADVANCED_FACE('',(#741),#64,.F.);
#7775=ADVANCED_FACE('',(#742),#429,.T.);
#7776=ADVANCED_FACE('',(#743),#65,.F.);
#7777=ADVANCED_FACE('',(#744),#66,.F.);
#7778=ADVANCED_FACE('',(#745),#67,.F.);
#7779=ADVANCED_FACE('',(#746),#68,.F.);
#7780=ADVANCED_FACE('',(#747),#430,.T.);
#7781=ADVANCED_FACE('',(#748),#69,.F.);
#7782=ADVANCED_FACE('',(#749),#431,.T.);
#7783=ADVANCED_FACE('',(#750),#70,.F.);
#7784=ADVANCED_FACE('',(#751),#71,.F.);
#7785=ADVANCED_FACE('',(#752),#72,.F.);
#7786=ADVANCED_FACE('',(#753),#432,.F.);
#7787=ADVANCED_FACE('',(#754),#433,.F.);
#7788=ADVANCED_FACE('',(#755),#434,.F.);
#7789=ADVANCED_FACE('',(#756),#435,.F.);
#7790=ADVANCED_FACE('',(#757),#436,.F.);
#7791=ADVANCED_FACE('',(#758),#437,.T.);
#7792=ADVANCED_FACE('',(#759),#438,.T.);
#7793=ADVANCED_FACE('',(#760),#439,.T.);
#7794=ADVANCED_FACE('',(#761),#440,.T.);
#7795=ADVANCED_FACE('',(#762),#441,.T.);
#7796=ADVANCED_FACE('',(#763),#442,.T.);
#7797=ADVANCED_FACE('',(#764),#443,.T.);
#7798=ADVANCED_FACE('',(#765),#444,.F.);
#7799=ADVANCED_FACE('',(#766),#445,.T.);
#7800=ADVANCED_FACE('',(#767),#446,.T.);
#7801=ADVANCED_FACE('',(#768),#447,.T.);
#7802=ADVANCED_FACE('',(#769),#448,.T.);
#7803=ADVANCED_FACE('',(#770),#449,.F.);
#7804=ADVANCED_FACE('',(#771),#450,.T.);
#7805=ADVANCED_FACE('',(#772),#451,.T.);
#7806=ADVANCED_FACE('',(#773),#452,.F.);
#7807=ADVANCED_FACE('',(#774),#453,.F.);
#7808=ADVANCED_FACE('',(#775),#454,.F.);
#7809=ADVANCED_FACE('',(#776),#73,.F.);
#7810=ADVANCED_FACE('',(#777),#74,.F.);
#7811=ADVANCED_FACE('',(#778),#75,.F.);
#7812=ADVANCED_FACE('',(#779),#76,.F.);
#7813=ADVANCED_FACE('',(#780),#77,.F.);
#7814=ADVANCED_FACE('',(#781),#78,.F.);
#7815=ADVANCED_FACE('',(#782),#79,.F.);
#7816=ADVANCED_FACE('',(#783),#80,.F.);
#7817=ADVANCED_FACE('',(#784),#455,.F.);
#7818=ADVANCED_FACE('',(#785),#456,.F.);
#7819=ADVANCED_FACE('',(#786),#457,.F.);
#7820=ADVANCED_FACE('',(#787),#458,.F.);
#7821=ADVANCED_FACE('',(#788),#459,.F.);
#7822=ADVANCED_FACE('',(#789),#460,.F.);
#7823=ADVANCED_FACE('',(#790),#81,.F.);
#7824=ADVANCED_FACE('',(#791),#82,.F.);
#7825=ADVANCED_FACE('',(#792),#83,.F.);
#7826=ADVANCED_FACE('',(#793),#84,.F.);
#7827=ADVANCED_FACE('',(#794),#85,.F.);
#7828=ADVANCED_FACE('',(#795),#86,.F.);
#7829=ADVANCED_FACE('',(#796),#87,.F.);
#7830=ADVANCED_FACE('',(#797),#88,.F.);
#7831=ADVANCED_FACE('',(#798),#89,.F.);
#7832=ADVANCED_FACE('',(#799),#90,.F.);
#7833=ADVANCED_FACE('',(#800),#91,.F.);
#7834=ADVANCED_FACE('',(#801),#92,.F.);
#7835=ADVANCED_FACE('',(#802),#93,.F.);
#7836=ADVANCED_FACE('',(#803),#94,.F.);
#7837=ADVANCED_FACE('',(#804),#95,.F.);
#7838=ADVANCED_FACE('',(#805),#461,.F.);
#7839=ADVANCED_FACE('',(#806),#96,.F.);
#7840=ADVANCED_FACE('',(#807),#97,.F.);
#7841=ADVANCED_FACE('',(#808),#98,.F.);
#7842=ADVANCED_FACE('',(#809),#99,.F.);
#7843=ADVANCED_FACE('',(#810),#100,.F.);
#7844=ADVANCED_FACE('',(#811),#101,.F.);
#7845=ADVANCED_FACE('',(#812),#102,.F.);
#7846=ADVANCED_FACE('',(#813),#103,.F.);
#7847=ADVANCED_FACE('',(#814),#104,.F.);
#7848=ADVANCED_FACE('',(#815),#462,.F.);
#7849=ADVANCED_FACE('',(#816),#463,.F.);
#7850=ADVANCED_FACE('',(#817),#464,.F.);
#7851=ADVANCED_FACE('',(#818),#465,.F.);
#7852=ADVANCED_FACE('',(#819),#466,.F.);
#7853=ADVANCED_FACE('',(#820),#467,.F.);
#7854=ADVANCED_FACE('',(#821),#7614,.T.);
#7855=ADVANCED_FACE('',(#822),#468,.T.);
#7856=ADVANCED_FACE('',(#823),#7615,.T.);
#7857=ADVANCED_FACE('',(#824,#145,#146),#469,.T.);
#7858=ADVANCED_FACE('',(#825),#470,.T.);
#7859=ADVANCED_FACE('',(#826),#471,.T.);
#7860=ADVANCED_FACE('',(#827),#472,.T.);
#7861=ADVANCED_FACE('',(#828),#473,.T.);
#7862=ADVANCED_FACE('',(#829),#474,.T.);
#7863=ADVANCED_FACE('',(#830),#475,.T.);
#7864=ADVANCED_FACE('',(#831),#476,.F.);
#7865=ADVANCED_FACE('',(#832),#477,.F.);
#7866=ADVANCED_FACE('',(#833),#478,.F.);
#7867=ADVANCED_FACE('',(#834),#479,.F.);
#7868=ADVANCED_FACE('',(#835),#480,.F.);
#7869=ADVANCED_FACE('',(#836),#481,.F.);
#7870=ADVANCED_FACE('',(#837),#482,.T.);
#7871=ADVANCED_FACE('',(#838),#483,.F.);
#7872=ADVANCED_FACE('',(#839),#484,.F.);
#7873=ADVANCED_FACE('',(#840),#485,.T.);
#7874=ADVANCED_FACE('',(#841),#105,.T.);
#7875=ADVANCED_FACE('',(#842),#486,.F.);
#7876=ADVANCED_FACE('',(#843),#487,.F.);
#7877=ADVANCED_FACE('',(#844,#147,#148,#149,#150,#151,#152,#153),#488,.T.);
#7878=ADVANCED_FACE('',(#845),#489,.F.);
#7879=ADVANCED_FACE('',(#846),#490,.F.);
#7880=ADVANCED_FACE('',(#847),#491,.F.);
#7881=ADVANCED_FACE('',(#848),#492,.T.);
#7882=ADVANCED_FACE('',(#849),#493,.F.);
#7883=ADVANCED_FACE('',(#850),#494,.F.);
#7884=ADVANCED_FACE('',(#851),#495,.F.);
#7885=ADVANCED_FACE('',(#852),#496,.T.);
#7886=ADVANCED_FACE('',(#853,#154,#155,#156,#157,#158,#159,#160),#497,.F.);
#7887=ADVANCED_FACE('',(#854),#498,.F.);
#7888=ADVANCED_FACE('',(#855),#499,.F.);
#7889=ADVANCED_FACE('',(#856),#500,.F.);
#7890=ADVANCED_FACE('',(#857),#501,.F.);
#7891=ADVANCED_FACE('',(#858),#502,.F.);
#7892=ADVANCED_FACE('',(#859),#503,.F.);
#7893=ADVANCED_FACE('',(#860),#504,.F.);
#7894=ADVANCED_FACE('',(#861),#505,.F.);
#7895=ADVANCED_FACE('',(#862),#506,.T.);
#7896=ADVANCED_FACE('',(#863),#7616,.T.);
#7897=ADVANCED_FACE('',(#864),#7617,.T.);
#7898=ADVANCED_FACE('',(#865),#7618,.T.);
#7899=ADVANCED_FACE('',(#866),#507,.T.);
#7900=ADVANCED_FACE('',(#867),#508,.T.);
#7901=ADVANCED_FACE('',(#868,#161,#162,#163,#164,#165),#509,.T.);
#7902=ADVANCED_FACE('',(#869),#373,.F.);
#7903=ADVANCED_FACE('',(#870),#7619,.F.);
#7904=ADVANCED_FACE('',(#871),#374,.F.);
#7905=ADVANCED_FACE('',(#872),#7620,.F.);
#7906=ADVANCED_FACE('',(#873),#375,.F.);
#7907=ADVANCED_FACE('',(#874,#166,#167,#168,#169,#170),#510,.T.);
#7908=ADVANCED_FACE('',(#875),#7621,.F.);
#7909=ADVANCED_FACE('',(#876),#376,.F.);
#7910=ADVANCED_FACE('',(#877),#7622,.F.);
#7911=ADVANCED_FACE('',(#878,#171),#511,.T.);
#7912=ADVANCED_FACE('',(#879),#512,.F.);
#7913=ADVANCED_FACE('',(#880),#513,.F.);
#7914=ADVANCED_FACE('',(#881,#172),#514,.F.);
#7915=ADVANCED_FACE('',(#882),#515,.F.);
#7916=ADVANCED_FACE('',(#883),#516,.F.);
#7917=ADVANCED_FACE('',(#884),#517,.F.);
#7918=ADVANCED_FACE('',(#885),#518,.F.);
#7919=ADVANCED_FACE('',(#886),#519,.T.);
#7920=ADVANCED_FACE('',(#887),#520,.T.);
#7921=ADVANCED_FACE('',(#888),#521,.T.);
#7922=ADVANCED_FACE('',(#889),#522,.T.);
#7923=ADVANCED_FACE('',(#890),#523,.T.);
#7924=ADVANCED_FACE('',(#891),#524,.T.);
#7925=ADVANCED_FACE('',(#892),#525,.T.);
#7926=ADVANCED_FACE('',(#893),#7623,.F.);
#7927=ADVANCED_FACE('',(#894),#526,.T.);
#7928=ADVANCED_FACE('',(#895),#527,.T.);
#7929=ADVANCED_FACE('',(#896),#528,.T.);
#7930=ADVANCED_FACE('',(#897),#529,.F.);
#7931=ADVANCED_FACE('',(#898),#530,.F.);
#7932=ADVANCED_FACE('',(#899),#7624,.T.);
#7933=ADVANCED_FACE('',(#900),#531,.T.);
#7934=ADVANCED_FACE('',(#901),#7625,.T.);
#7935=ADVANCED_FACE('',(#902),#532,.T.);
#7936=ADVANCED_FACE('',(#903),#7626,.F.);
#7937=ADVANCED_FACE('',(#904),#7627,.F.);
#7938=ADVANCED_FACE('',(#905,#173,#174),#533,.T.);
#7939=ADVANCED_FACE('',(#906),#7628,.F.);
#7940=ADVANCED_FACE('',(#907),#7629,.F.);
#7941=ADVANCED_FACE('',(#908),#534,.T.);
#7942=ADVANCED_FACE('',(#909),#7630,.F.);
#7943=ADVANCED_FACE('',(#910),#535,.F.);
#7944=ADVANCED_FACE('',(#911),#7631,.F.);
#7945=ADVANCED_FACE('',(#912),#7632,.F.);
#7946=ADVANCED_FACE('',(#913),#536,.T.);
#7947=ADVANCED_FACE('',(#914),#7633,.F.);
#7948=ADVANCED_FACE('',(#915),#537,.F.);
#7949=ADVANCED_FACE('',(#916),#7634,.F.);
#7950=ADVANCED_FACE('',(#917),#7635,.F.);
#7951=ADVANCED_FACE('',(#918),#538,.T.);
#7952=ADVANCED_FACE('',(#919),#7636,.F.);
#7953=ADVANCED_FACE('',(#920),#539,.F.);
#7954=ADVANCED_FACE('',(#921),#7637,.F.);
#7955=ADVANCED_FACE('',(#922),#7638,.F.);
#7956=ADVANCED_FACE('',(#923),#540,.T.);
#7957=ADVANCED_FACE('',(#924),#7639,.F.);
#7958=ADVANCED_FACE('',(#925),#541,.F.);
#7959=ADVANCED_FACE('',(#926),#7640,.F.);
#7960=ADVANCED_FACE('',(#927),#7641,.F.);
#7961=ADVANCED_FACE('',(#928),#542,.T.);
#7962=ADVANCED_FACE('',(#929),#543,.T.);
#7963=ADVANCED_FACE('',(#930),#544,.T.);
#7964=ADVANCED_FACE('',(#931),#545,.T.);
#7965=ADVANCED_FACE('',(#932),#546,.T.);
#7966=ADVANCED_FACE('',(#933),#547,.T.);
#7967=ADVANCED_FACE('',(#934),#548,.T.);
#7968=ADVANCED_FACE('',(#935),#549,.F.);
#7969=ADVANCED_FACE('',(#936),#550,.F.);
#7970=ADVANCED_FACE('',(#937),#551,.F.);
#7971=ADVANCED_FACE('',(#938),#552,.T.);
#7972=ADVANCED_FACE('',(#939),#553,.F.);
#7973=ADVANCED_FACE('',(#940),#7642,.F.);
#7974=ADVANCED_FACE('',(#941),#7643,.F.);
#7975=ADVANCED_FACE('',(#942),#7644,.F.);
#7976=ADVANCED_FACE('',(#943),#554,.T.);
#7977=ADVANCED_FACE('',(#944),#7645,.T.);
#7978=ADVANCED_FACE('',(#945),#555,.T.);
#7979=ADVANCED_FACE('',(#946),#7646,.T.);
#7980=ADVANCED_FACE('',(#947),#556,.T.);
#7981=ADVANCED_FACE('',(#948,#175),#557,.T.);
#7982=ADVANCED_FACE('',(#949),#558,.T.);
#7983=ADVANCED_FACE('',(#950,#176,#177,#178,#179),#559,.T.);
#7984=ADVANCED_FACE('',(#951),#106,.T.);
#7985=ADVANCED_FACE('',(#952),#560,.T.);
#7986=ADVANCED_FACE('',(#953),#561,.T.);
#7987=ADVANCED_FACE('',(#954),#562,.T.);
#7988=ADVANCED_FACE('',(#955),#7647,.F.);
#7989=ADVANCED_FACE('',(#956),#563,.F.);
#7990=ADVANCED_FACE('',(#957),#7648,.F.);
#7991=ADVANCED_FACE('',(#958),#7649,.F.);
#7992=ADVANCED_FACE('',(#959),#564,.F.);
#7993=ADVANCED_FACE('',(#960),#7650,.F.);
#7994=ADVANCED_FACE('',(#961),#565,.F.);
#7995=ADVANCED_FACE('',(#962),#566,.F.);
#7996=ADVANCED_FACE('',(#963),#567,.F.);
#7997=ADVANCED_FACE('',(#964),#568,.F.);
#7998=ADVANCED_FACE('',(#965),#569,.T.);
#7999=ADVANCED_FACE('',(#966),#570,.T.);
#8000=ADVANCED_FACE('',(#967),#571,.T.);
#8001=ADVANCED_FACE('',(#968),#572,.T.);
#8002=ADVANCED_FACE('',(#969),#573,.T.);
#8003=ADVANCED_FACE('',(#970,#180),#574,.T.);
#8004=ADVANCED_FACE('',(#971),#7651,.F.);
#8005=ADVANCED_FACE('',(#972),#575,.T.);
#8006=ADVANCED_FACE('',(#973),#7652,.F.);
#8007=ADVANCED_FACE('',(#974,#181),#576,.F.);
#8008=ADVANCED_FACE('',(#975),#577,.F.);
#8009=ADVANCED_FACE('',(#976),#578,.F.);
#8010=ADVANCED_FACE('',(#977),#579,.F.);
#8011=ADVANCED_FACE('',(#978),#580,.F.);
#8012=ADVANCED_FACE('',(#979),#581,.F.);
#8013=ADVANCED_FACE('',(#980),#582,.T.);
#8014=ADVANCED_FACE('',(#981,#182),#583,.T.);
#8015=ADVANCED_FACE('',(#982),#584,.T.);
#8016=ADVANCED_FACE('',(#983),#585,.T.);
#8017=ADVANCED_FACE('',(#984),#7653,.T.);
#8018=ADVANCED_FACE('',(#985),#7654,.T.);
#8019=ADVANCED_FACE('',(#986,#183),#586,.T.);
#8020=ADVANCED_FACE('',(#987),#7655,.T.);
#8021=ADVANCED_FACE('',(#988),#587,.T.);
#8022=ADVANCED_FACE('',(#989),#588,.T.);
#8023=ADVANCED_FACE('',(#990),#589,.T.);
#8024=ADVANCED_FACE('',(#991),#590,.T.);
#8025=ADVANCED_FACE('',(#992),#591,.T.);
#8026=ADVANCED_FACE('',(#993),#592,.T.);
#8027=ADVANCED_FACE('',(#994),#7656,.T.);
#8028=ADVANCED_FACE('',(#995,#184),#593,.T.);
#8029=ADVANCED_FACE('',(#996),#594,.T.);
#8030=ADVANCED_FACE('',(#997),#595,.T.);
#8031=ADVANCED_FACE('',(#998),#596,.T.);
#8032=ADVANCED_FACE('',(#999),#597,.T.);
#8033=ADVANCED_FACE('',(#1000),#598,.T.);
#8034=ADVANCED_FACE('',(#1001),#599,.T.);
#8035=ADVANCED_FACE('',(#1002),#600,.T.);
#8036=ADVANCED_FACE('',(#1003),#7657,.F.);
#8037=ADVANCED_FACE('',(#1004),#601,.T.);
#8038=ADVANCED_FACE('',(#1005),#7658,.F.);
#8039=ADVANCED_FACE('',(#1006),#602,.T.);
#8040=ADVANCED_FACE('',(#1007),#603,.T.);
#8041=ADVANCED_FACE('',(#1008),#604,.T.);
#8042=ADVANCED_FACE('',(#1009),#7659,.F.);
#8043=ADVANCED_FACE('',(#1010),#605,.T.);
#8044=ADVANCED_FACE('',(#1011,#185,#186),#606,.T.);
#8045=ADVANCED_FACE('',(#1012,#187),#607,.T.);
#8046=ADVANCED_FACE('',(#1013,#188),#608,.T.);
#8047=ADVANCED_FACE('',(#1014),#609,.T.);
#8048=ADVANCED_FACE('',(#1015),#377,.T.);
#8049=ADVANCED_FACE('',(#1016),#610,.T.);
#8050=ADVANCED_FACE('',(#1017),#7660,.T.);
#8051=ADVANCED_FACE('',(#1018),#378,.T.);
#8052=ADVANCED_FACE('',(#1019),#7661,.T.);
#8053=ADVANCED_FACE('',(#1020),#611,.T.);
#8054=ADVANCED_FACE('',(#1021,#189,#190),#612,.F.);
#8055=ADVANCED_FACE('',(#1022),#613,.T.);
#8056=ADVANCED_FACE('',(#1023),#7662,.F.);
#8057=ADVANCED_FACE('',(#1024),#614,.T.);
#8058=ADVANCED_FACE('',(#1025),#7663,.T.);
#8059=ADVANCED_FACE('',(#1026),#615,.T.);
#8060=ADVANCED_FACE('',(#1027),#7664,.T.);
#8061=ADVANCED_FACE('',(#1028),#7665,.F.);
#8062=ADVANCED_FACE('',(#1029),#616,.T.);
#8063=ADVANCED_FACE('',(#1030),#617,.F.);
#8064=ADVANCED_FACE('',(#1031),#618,.T.);
#8065=ADVANCED_FACE('',(#1032),#7666,.T.);
#8066=ADVANCED_FACE('',(#1033),#7667,.F.);
#8067=ADVANCED_FACE('',(#1034),#619,.T.);
#8068=ADVANCED_FACE('',(#1035),#620,.F.);
#8069=ADVANCED_FACE('',(#1036),#379,.T.);
#8070=ADVANCED_FACE('',(#1037),#621,.T.);
#8071=ADVANCED_FACE('',(#1038),#380,.T.);
#8072=ADVANCED_FACE('',(#1039),#622,.T.);
#8073=ADVANCED_FACE('',(#1040,#191,#192),#623,.F.);
#8074=ADVANCED_FACE('',(#1041),#7668,.F.);
#8075=ADVANCED_FACE('',(#1042),#624,.T.);
#8076=ADVANCED_FACE('',(#1043),#7669,.T.);
#8077=ADVANCED_FACE('',(#1044),#625,.T.);
#8078=ADVANCED_FACE('',(#1045),#626,.T.);
#8079=ADVANCED_FACE('',(#1046),#627,.T.);
#8080=ADVANCED_FACE('',(#1047),#7670,.T.);
#8081=ADVANCED_FACE('',(#1048),#628,.T.);
#8082=ADVANCED_FACE('',(#1049),#7671,.F.);
#8083=ADVANCED_FACE('',(#1050),#629,.F.);
#8084=ADVANCED_FACE('',(#1051),#7672,.T.);
#8085=ADVANCED_FACE('',(#1052),#630,.T.);
#8086=ADVANCED_FACE('',(#1053),#631,.T.);
#8087=ADVANCED_FACE('',(#1054),#7673,.F.);
#8088=ADVANCED_FACE('',(#1055),#632,.F.);
#8089=ADVANCED_FACE('',(#1056),#633,.T.);
#8090=ADVANCED_FACE('',(#1057),#634,.T.);
#8091=ADVANCED_FACE('',(#1058),#635,.T.);
#8092=ADVANCED_FACE('',(#1059),#636,.T.);
#8093=ADVANCED_FACE('',(#1060),#637,.T.);
#8094=ADVANCED_FACE('',(#1061),#638,.T.);
#8095=CLOSED_SHELL('',(#7674,#7675,#7676,#7677,#7678,#7679,#7680,#7681,
#7682,#7683,#7684,#7685,#7686,#7687,#7688,#7689,#7690,#7691,#7692,#7693,
#7694,#7695,#7696,#7697,#7698,#7699,#7700,#7701,#7702,#7703,#7704,#7705,
#7706,#7707,#7708,#7709,#7710,#7711,#7712,#7713,#7714,#7715,#7716,#7717,
#7718,#7719,#7720,#7721,#7722,#7723,#7724,#7725,#7726,#7727,#7728,#7729,
#7730,#7731,#7732,#7733,#7734,#7735,#7736,#7737,#7738,#7739,#7740,#7741,
#7742,#7743,#7744,#7745,#7746,#7747,#7748,#7749,#7750,#7751,#7752,#7753,
#7754,#7755,#7756,#7757,#7758,#7759,#7760,#7761,#7762,#7763,#7764,#7765,
#7766,#7767,#7768,#7769,#7770,#7771,#7772,#7773,#7774,#7775,#7776,#7777,
#7778,#7779,#7780,#7781,#7782,#7783,#7784,#7785,#7786,#7787,#7788,#7789,
#7790,#7791,#7792,#7793,#7794,#7795,#7796,#7797,#7798,#7799,#7800,#7801,
#7802,#7803,#7804,#7805,#7806,#7807,#7808,#7809,#7810,#7811,#7812,#7813,
#7814,#7815,#7816,#7817,#7818,#7819,#7820,#7821,#7822,#7823,#7824,#7825,
#7826,#7827,#7828,#7829,#7830,#7831,#7832,#7833,#7834,#7835,#7836,#7837,
#7838,#7839,#7840,#7841,#7842,#7843,#7844,#7845,#7846,#7847,#7848,#7849,
#7850,#7851,#7852,#7853,#7854,#7855,#7856,#7857,#7858));
#8096=CLOSED_SHELL('',(#7859,#7860,#7861,#7862,#7863,#7864));
#8097=CLOSED_SHELL('',(#7865,#7866,#7867,#7868,#7869,#7870,#7871,#7872,
#7873,#7874,#7875,#7876,#7877,#7878,#7879,#7880,#7881,#7882,#7883,#7884,
#7885,#7886,#7887,#7888,#7889,#7890,#7891,#7892,#7893,#7894,#7895,#7896,
#7897,#7898,#7899,#7900,#7901,#7902,#7903,#7904,#7905,#7906,#7907,#7908,
#7909,#7910,#7911,#7912,#7913,#7914,#7915,#7916,#7917,#7918,#7919,#7920,
#7921,#7922,#7923,#7924,#7925,#7926,#7927,#7928,#7929,#7930,#7931,#7932,
#7933,#7934,#7935,#7936,#7937,#7938,#7939,#7940,#7941,#7942,#7943,#7944,
#7945,#7946,#7947,#7948,#7949,#7950,#7951,#7952,#7953,#7954,#7955,#7956,
#7957,#7958,#7959,#7960,#7961,#7962,#7963,#7964,#7965,#7966,#7967,#7968,
#7969,#7970,#7971,#7972,#7973,#7974,#7975,#7976,#7977,#7978,#7979,#7980,
#7981,#7982,#7983,#7984,#7985,#7986,#7987,#7988,#7989,#7990,#7991,#7992,
#7993,#7994,#7995,#7996,#7997,#7998,#7999,#8000,#8001,#8002,#8003,#8004,
#8005,#8006,#8007,#8008,#8009,#8010,#8011,#8012,#8013,#8014,#8015,#8016,
#8017,#8018,#8019,#8020,#8021,#8022,#8023,#8024,#8025,#8026,#8027,#8028,
#8029,#8030,#8031,#8032,#8033,#8034,#8035,#8036,#8037,#8038,#8039,#8040,
#8041,#8042,#8043,#8044,#8045,#8046));
#8098=CLOSED_SHELL('',(#8047,#8048,#8049,#8050,#8051,#8052,#8053,#8054,
#8055,#8056,#8057,#8058,#8059,#8060,#8061,#8062,#8063,#8064,#8065,#8066,
#8067,#8068));
#8099=CLOSED_SHELL('',(#8069,#8070,#8071,#8072,#8073,#8074,#8075,#8076,
#8077,#8078,#8079,#8080,#8081,#8082,#8083,#8084,#8085,#8086,#8087,#8088));
#8100=CLOSED_SHELL('',(#8089,#8090,#8091,#8092,#8093,#8094));
#8101=DERIVED_UNIT_ELEMENT(#8103,1.);
#8102=DERIVED_UNIT_ELEMENT(#14432,-3.);
#8103=(
MASS_UNIT()
NAMED_UNIT(*)
SI_UNIT(.KILO.,.GRAM.)
);
#8104=DERIVED_UNIT((#8101,#8102));
#8105=MEASURE_REPRESENTATION_ITEM('density measure',
POSITIVE_RATIO_MEASURE(7850.),#8104);
#8106=PROPERTY_DEFINITION_REPRESENTATION(#8111,#8108);
#8107=PROPERTY_DEFINITION_REPRESENTATION(#8112,#8109);
#8108=REPRESENTATION('material name',(#8110),#14429);
#8109=REPRESENTATION('density',(#8105),#14429);
#8110=DESCRIPTIVE_REPRESENTATION_ITEM('Steel','Steel');
#8111=PROPERTY_DEFINITION('material property','material name',#14439);
#8112=PROPERTY_DEFINITION('material property','density of part',#14439);
#8113=AXIS2_PLACEMENT_3D('',#10510,#8647,#8648);
#8114=AXIS2_PLACEMENT_3D('',#10511,#8649,#8650);
#8115=AXIS2_PLACEMENT_3D('',#10514,#8651,#8652);
#8116=AXIS2_PLACEMENT_3D('',#10518,#8654,#8655);
#8117=AXIS2_PLACEMENT_3D('',#10520,#8657,#8658);
#8118=AXIS2_PLACEMENT_3D('',#10523,#8659,#8660);
#8119=AXIS2_PLACEMENT_3D('',#10524,#8661,#8662);
#8120=AXIS2_PLACEMENT_3D('',#10525,#8663,#8664);
#8121=AXIS2_PLACEMENT_3D('',#10526,#8665,#8666);
#8122=AXIS2_PLACEMENT_3D('',#10529,#8667,#8668);
#8123=AXIS2_PLACEMENT_3D('',#10532,#8671,#8672);
#8124=AXIS2_PLACEMENT_3D('',#10535,#8673,#8674);
#8125=AXIS2_PLACEMENT_3D('',#10536,#8675,#8676);
#8126=AXIS2_PLACEMENT_3D('',#10537,#8677,#8678);
#8127=AXIS2_PLACEMENT_3D('',#10538,#8679,#8680);
#8128=AXIS2_PLACEMENT_3D('',#10541,#8681,#8682);
#8129=AXIS2_PLACEMENT_3D('',#10544,#8685,#8686);
#8130=AXIS2_PLACEMENT_3D('',#10550,#8690,#8691);
#8131=AXIS2_PLACEMENT_3D('',#10553,#8693,#8694);
#8132=AXIS2_PLACEMENT_3D('',#10554,#8695,#8696);
#8133=AXIS2_PLACEMENT_3D('',#10558,#8699,#8700);
#8134=AXIS2_PLACEMENT_3D('',#10561,#8702,#8703);
#8135=AXIS2_PLACEMENT_3D('',#10562,#8704,#8705);
#8136=AXIS2_PLACEMENT_3D('',#10567,#8709,#8710);
#8137=AXIS2_PLACEMENT_3D('',#10569,#8712,#8713);
#8138=AXIS2_PLACEMENT_3D('',#10571,#8714,#8715);
#8139=AXIS2_PLACEMENT_3D('',#10574,#8717,#8718);
#8140=AXIS2_PLACEMENT_3D('',#10575,#8719,#8720);
#8141=AXIS2_PLACEMENT_3D('',#10578,#8722,#8723);
#8142=AXIS2_PLACEMENT_3D('',#10579,#8724,#8725);
#8143=AXIS2_PLACEMENT_3D('',#11081,#8784,#8785);
#8144=AXIS2_PLACEMENT_3D('',#11090,#8790,#8791);
#8145=AXIS2_PLACEMENT_3D('',#11096,#8795,#8796);
#8146=AXIS2_PLACEMENT_3D('',#11102,#8800,#8801);
#8147=AXIS2_PLACEMENT_3D('',#11104,#8803,#8804);
#8148=AXIS2_PLACEMENT_3D('',#11106,#8806,#8807);
#8149=AXIS2_PLACEMENT_3D('',#11108,#8808,#8809);
#8150=AXIS2_PLACEMENT_3D('',#11111,#8811,#8812);
#8151=AXIS2_PLACEMENT_3D('',#11112,#8813,#8814);
#8152=AXIS2_PLACEMENT_3D('',#11113,#8815,#8816);
#8153=AXIS2_PLACEMENT_3D('',#11116,#8817,#8818);
#8154=AXIS2_PLACEMENT_3D('',#11120,#8820,#8821);
#8155=AXIS2_PLACEMENT_3D('',#11122,#8823,#8824);
#8156=AXIS2_PLACEMENT_3D('',#11123,#8825,#8826);
#8157=AXIS2_PLACEMENT_3D('',#11124,#8827,#8828);
#8158=AXIS2_PLACEMENT_3D('',#11125,#8829,#8830);
#8159=AXIS2_PLACEMENT_3D('',#11126,#8831,#8832);
#8160=AXIS2_PLACEMENT_3D('',#11129,#8833,#8834);
#8161=AXIS2_PLACEMENT_3D('',#11133,#8836,#8837);
#8162=AXIS2_PLACEMENT_3D('',#11135,#8839,#8840);
#8163=AXIS2_PLACEMENT_3D('',#11138,#8841,#8842);
#8164=AXIS2_PLACEMENT_3D('',#11142,#8844,#8845);
#8165=AXIS2_PLACEMENT_3D('',#11144,#8847,#8848);
#8166=AXIS2_PLACEMENT_3D('',#11148,#8851,#8852);
#8167=AXIS2_PLACEMENT_3D('',#11149,#8853,#8854);
#8168=AXIS2_PLACEMENT_3D('',#11153,#8856,#8857);
#8169=AXIS2_PLACEMENT_3D('',#11155,#8859,#8860);
#8170=AXIS2_PLACEMENT_3D('',#11159,#8862,#8863);
#8171=AXIS2_PLACEMENT_3D('',#11161,#8865,#8866);
#8172=AXIS2_PLACEMENT_3D('',#11182,#8868,#8869);
#8173=AXIS2_PLACEMENT_3D('',#11184,#8871,#8872);
#8174=AXIS2_PLACEMENT_3D('',#11188,#8875,#8876);
#8175=AXIS2_PLACEMENT_3D('',#11189,#8877,#8878);
#8176=AXIS2_PLACEMENT_3D('',#11191,#8879,#8880);
#8177=AXIS2_PLACEMENT_3D('',#11193,#8882,#8883);
#8178=AXIS2_PLACEMENT_3D('',#11201,#8887,#8888);
#8179=AXIS2_PLACEMENT_3D('',#11205,#8890,#8891);
#8180=AXIS2_PLACEMENT_3D('',#11227,#8902,#8903);
#8181=AXIS2_PLACEMENT_3D('',#11230,#8905,#8906);
#8182=AXIS2_PLACEMENT_3D('',#11231,#8907,#8908);
#8183=AXIS2_PLACEMENT_3D('',#11233,#8909,#8910);
#8184=AXIS2_PLACEMENT_3D('',#11235,#8912,#8913);
#8185=AXIS2_PLACEMENT_3D('',#11243,#8917,#8918);
#8186=AXIS2_PLACEMENT_3D('',#11247,#8920,#8921);
#8187=AXIS2_PLACEMENT_3D('',#11277,#8936,#8937);
#8188=AXIS2_PLACEMENT_3D('',#11279,#8939,#8940);
#8189=AXIS2_PLACEMENT_3D('',#11295,#8941,#8942);
#8190=AXIS2_PLACEMENT_3D('',#11296,#8943,#8944);
#8191=AXIS2_PLACEMENT_3D('',#11297,#8945,#8946);
#8192=AXIS2_PLACEMENT_3D('',#11299,#8947,#8948);
#8193=AXIS2_PLACEMENT_3D('',#11300,#8949,#8950);
#8194=AXIS2_PLACEMENT_3D('',#11301,#8951,#8952);
#8195=AXIS2_PLACEMENT_3D('',#11302,#8953,#8954);
#8196=AXIS2_PLACEMENT_3D('',#11308,#8958,#8959);
#8197=AXIS2_PLACEMENT_3D('',#11309,#8960,#8961);
#8198=AXIS2_PLACEMENT_3D('',#11312,#8963,#8964);
#8199=AXIS2_PLACEMENT_3D('',#11313,#8965,#8966);
#8200=AXIS2_PLACEMENT_3D('',#11314,#8967,#8968);
#8201=AXIS2_PLACEMENT_3D('',#11315,#8969,#8970);
#8202=AXIS2_PLACEMENT_3D('',#11317,#8971,#8972);
#8203=AXIS2_PLACEMENT_3D('',#11318,#8973,#8974);
#8204=AXIS2_PLACEMENT_3D('',#11319,#8975,#8976);
#8205=AXIS2_PLACEMENT_3D('',#11320,#8977,#8978);
#8206=AXIS2_PLACEMENT_3D('',#11321,#8979,#8980);
#8207=AXIS2_PLACEMENT_3D('',#11324,#8982,#8983);
#8208=AXIS2_PLACEMENT_3D('',#11325,#8984,#8985);
#8209=AXIS2_PLACEMENT_3D('',#11328,#8987,#8988);
#8210=AXIS2_PLACEMENT_3D('',#11329,#8989,#8990);
#8211=AXIS2_PLACEMENT_3D('',#11331,#8991,#8992);
#8212=AXIS2_PLACEMENT_3D('',#11333,#8994,#8995);
#8213=AXIS2_PLACEMENT_3D('',#11335,#8996,#8997);
#8214=AXIS2_PLACEMENT_3D('',#11337,#8999,#9000);
#8215=AXIS2_PLACEMENT_3D('',#11340,#9003,#9004);
#8216=AXIS2_PLACEMENT_3D('',#11342,#9006,#9007);
#8217=AXIS2_PLACEMENT_3D('',#11344,#9009,#9010);
#8218=AXIS2_PLACEMENT_3D('',#11346,#9011,#9012);
#8219=AXIS2_PLACEMENT_3D('',#11348,#9014,#9015);
#8220=AXIS2_PLACEMENT_3D('',#11350,#9017,#9018);
#8221=AXIS2_PLACEMENT_3D('',#11351,#9019,#9020);
#8222=AXIS2_PLACEMENT_3D('',#11355,#9023,#9024);
#8223=AXIS2_PLACEMENT_3D('',#11359,#9027,#9028);
#8224=AXIS2_PLACEMENT_3D('',#11361,#9030,#9031);
#8225=AXIS2_PLACEMENT_3D('',#11979,#9090,#9091);
#8226=AXIS2_PLACEMENT_3D('',#12026,#9096,#9097);
#8227=AXIS2_PLACEMENT_3D('',#12101,#9106,#9107);
#8228=AXIS2_PLACEMENT_3D('',#12103,#9109,#9110);
#8229=AXIS2_PLACEMENT_3D('',#12105,#9112,#9113);
#8230=AXIS2_PLACEMENT_3D('',#12157,#9119,#9120);
#8231=AXIS2_PLACEMENT_3D('',#12160,#9123,#9124);
#8232=AXIS2_PLACEMENT_3D('',#12162,#9126,#9127);
#8233=AXIS2_PLACEMENT_3D('',#12164,#9129,#9130);
#8234=AXIS2_PLACEMENT_3D('',#12167,#9133,#9134);
#8235=AXIS2_PLACEMENT_3D('',#12169,#9136,#9137);
#8236=AXIS2_PLACEMENT_3D('',#12221,#9143,#9144);
#8237=AXIS2_PLACEMENT_3D('',#12224,#9147,#9148);
#8238=AXIS2_PLACEMENT_3D('',#12226,#9150,#9151);
#8239=AXIS2_PLACEMENT_3D('',#12240,#9155,#9156);
#8240=AXIS2_PLACEMENT_3D('',#12242,#9158,#9159);
#8241=AXIS2_PLACEMENT_3D('',#12244,#9161,#9162);
#8242=AXIS2_PLACEMENT_3D('',#12246,#9164,#9165);
#8243=AXIS2_PLACEMENT_3D('',#12325,#9172,#9173);
#8244=AXIS2_PLACEMENT_3D('',#12348,#9174,#9175);
#8245=AXIS2_PLACEMENT_3D('',#12410,#9179,#9180);
#8246=AXIS2_PLACEMENT_3D('',#12433,#9181,#9182);
#8247=AXIS2_PLACEMENT_3D('',#12473,#9186,#9187);
#8248=AXIS2_PLACEMENT_3D('',#12476,#9190,#9191);
#8249=AXIS2_PLACEMENT_3D('',#12478,#9193,#9194);
#8250=AXIS2_PLACEMENT_3D('',#12480,#9196,#9197);
#8251=AXIS2_PLACEMENT_3D('',#12482,#9199,#9200);
#8252=AXIS2_PLACEMENT_3D('',#12484,#9202,#9203);
#8253=AXIS2_PLACEMENT_3D('',#12486,#9205,#9206);
#8254=AXIS2_PLACEMENT_3D('',#12488,#9208,#9209);
#8255=AXIS2_PLACEMENT_3D('',#12495,#9210,#9211);
#8256=AXIS2_PLACEMENT_3D('',#12496,#9212,#9213);
#8257=AXIS2_PLACEMENT_3D('',#12503,#9214,#9215);
#8258=AXIS2_PLACEMENT_3D('',#12505,#9217,#9218);
#8259=AXIS2_PLACEMENT_3D('',#12507,#9220,#9221);
#8260=AXIS2_PLACEMENT_3D('',#12508,#9222,#9223);
#8261=AXIS2_PLACEMENT_3D('',#12515,#9224,#9225);
#8262=AXIS2_PLACEMENT_3D('',#12522,#9226,#9227);
#8263=AXIS2_PLACEMENT_3D('',#12524,#9229,#9230);
#8264=AXIS2_PLACEMENT_3D('',#12526,#9232,#9233);
#8265=AXIS2_PLACEMENT_3D('',#12527,#9234,#9235);
#8266=AXIS2_PLACEMENT_3D('',#12534,#9236,#9237);
#8267=AXIS2_PLACEMENT_3D('',#12541,#9238,#9239);
#8268=AXIS2_PLACEMENT_3D('',#12543,#9241,#9242);
#8269=AXIS2_PLACEMENT_3D('',#12545,#9244,#9245);
#8270=AXIS2_PLACEMENT_3D('',#12634,#9254,#9255);
#8271=AXIS2_PLACEMENT_3D('',#12636,#9257,#9258);
#8272=AXIS2_PLACEMENT_3D('',#12638,#9260,#9261);
#8273=AXIS2_PLACEMENT_3D('',#12639,#9262,#9263);
#8274=AXIS2_PLACEMENT_3D('',#12641,#9265,#9266);
#8275=AXIS2_PLACEMENT_3D('',#12643,#9268,#9269);
#8276=AXIS2_PLACEMENT_3D('',#12806,#9282,#9283);
#8277=AXIS2_PLACEMENT_3D('',#12905,#9292,#9293);
#8278=AXIS2_PLACEMENT_3D('',#12906,#9294,#9295);
#8279=AXIS2_PLACEMENT_3D('',#12908,#9297,#9298);
#8280=AXIS2_PLACEMENT_3D('',#12910,#9300,#9301);
#8281=AXIS2_PLACEMENT_3D('',#12912,#9303,#9304);
#8282=AXIS2_PLACEMENT_3D('',#12914,#9306,#9307);
#8283=AXIS2_PLACEMENT_3D('',#12915,#9308,#9309);
#8284=AXIS2_PLACEMENT_3D('',#12917,#9310,#9311);
#8285=AXIS2_PLACEMENT_3D('',#12919,#9313,#9314);
#8286=AXIS2_PLACEMENT_3D('',#12921,#9316,#9317);
#8287=AXIS2_PLACEMENT_3D('',#12923,#9319,#9320);
#8288=AXIS2_PLACEMENT_3D('',#12924,#9321,#9322);
#8289=AXIS2_PLACEMENT_3D('',#12925,#9323,#9324);
#8290=AXIS2_PLACEMENT_3D('',#12934,#9329,#9330);
#8291=AXIS2_PLACEMENT_3D('',#12940,#9334,#9335);
#8292=AXIS2_PLACEMENT_3D('',#12946,#9339,#9340);
#8293=AXIS2_PLACEMENT_3D('',#12949,#9343,#9344);
#8294=AXIS2_PLACEMENT_3D('',#12950,#9345,#9346);
#8295=AXIS2_PLACEMENT_3D('',#12951,#9347,#9348);
#8296=AXIS2_PLACEMENT_3D('',#12960,#9353,#9354);
#8297=AXIS2_PLACEMENT_3D('',#12994,#9372,#9373);
#8298=AXIS2_PLACEMENT_3D('',#13003,#9378,#9379);
#8299=AXIS2_PLACEMENT_3D('',#13012,#9384,#9385);
#8300=AXIS2_PLACEMENT_3D('',#13019,#9390,#9391);
#8301=AXIS2_PLACEMENT_3D('',#13033,#9399,#9400);
#8302=AXIS2_PLACEMENT_3D('',#13037,#9403,#9404);
#8303=AXIS2_PLACEMENT_3D('',#13053,#9407,#9408);
#8304=AXIS2_PLACEMENT_3D('',#13117,#9414,#9415);
#8305=AXIS2_PLACEMENT_3D('',#13120,#9418,#9419);
#8306=AXIS2_PLACEMENT_3D('',#13122,#9421,#9422);
#8307=AXIS2_PLACEMENT_3D('',#13160,#9436,#9437);
#8308=AXIS2_PLACEMENT_3D('',#13164,#9439,#9440);
#8309=AXIS2_PLACEMENT_3D('',#13197,#9457,#9458);
#8310=AXIS2_PLACEMENT_3D('',#13198,#9459,#9460);
#8311=AXIS2_PLACEMENT_3D('',#13200,#9461,#9462);
#8312=AXIS2_PLACEMENT_3D('',#13210,#9467,#9468);
#8313=AXIS2_PLACEMENT_3D('',#13221,#9474,#9475);
#8314=AXIS2_PLACEMENT_3D('',#13227,#9479,#9480);
#8315=AXIS2_PLACEMENT_3D('',#13233,#9484,#9485);
#8316=AXIS2_PLACEMENT_3D('',#13236,#9488,#9489);
#8317=AXIS2_PLACEMENT_3D('',#13240,#9492,#9493);
#8318=AXIS2_PLACEMENT_3D('',#13242,#9495,#9496);
#8319=AXIS2_PLACEMENT_3D('',#13246,#9499,#9500);
#8320=AXIS2_PLACEMENT_3D('',#13250,#9503,#9504);
#8321=AXIS2_PLACEMENT_3D('',#13255,#9508,#9509);
#8322=AXIS2_PLACEMENT_3D('',#13307,#9520,#9521);
#8323=AXIS2_PLACEMENT_3D('',#13309,#9522,#9523);
#8324=AXIS2_PLACEMENT_3D('',#13324,#9531,#9532);
#8325=AXIS2_PLACEMENT_3D('',#13326,#9533,#9534);
#8326=AXIS2_PLACEMENT_3D('',#13327,#9535,#9536);
#8327=AXIS2_PLACEMENT_3D('',#13328,#9537,#9538);
#8328=AXIS2_PLACEMENT_3D('',#13330,#9540,#9541);
#8329=AXIS2_PLACEMENT_3D('',#13332,#9543,#9544);
#8330=AXIS2_PLACEMENT_3D('',#13334,#9546,#9547);
#8331=AXIS2_PLACEMENT_3D('',#13337,#9550,#9551);
#8332=AXIS2_PLACEMENT_3D('',#13339,#9553,#9554);
#8333=AXIS2_PLACEMENT_3D('',#13341,#9556,#9557);
#8334=AXIS2_PLACEMENT_3D('',#13342,#9558,#9559);
#8335=AXIS2_PLACEMENT_3D('',#13343,#9560,#9561);
#8336=AXIS2_PLACEMENT_3D('',#13348,#9563,#9564);
#8337=AXIS2_PLACEMENT_3D('',#13351,#9566,#9567);
#8338=AXIS2_PLACEMENT_3D('',#13352,#9568,#9569);
#8339=AXIS2_PLACEMENT_3D('',#13357,#9572,#9573);
#8340=AXIS2_PLACEMENT_3D('',#13358,#9574,#9575);
#8341=AXIS2_PLACEMENT_3D('',#13362,#9577,#9578);
#8342=AXIS2_PLACEMENT_3D('',#13364,#9580,#9581);
#8343=AXIS2_PLACEMENT_3D('',#13371,#9586,#9587);
#8344=AXIS2_PLACEMENT_3D('',#13377,#9591,#9592);
#8345=AXIS2_PLACEMENT_3D('',#13385,#9596,#9597);
#8346=AXIS2_PLACEMENT_3D('',#13392,#9601,#9602);
#8347=AXIS2_PLACEMENT_3D('',#13394,#9603,#9604);
#8348=AXIS2_PLACEMENT_3D('',#13396,#9605,#9606);
#8349=AXIS2_PLACEMENT_3D('',#13406,#9611,#9612);
#8350=AXIS2_PLACEMENT_3D('',#13407,#9613,#9614);
#8351=AXIS2_PLACEMENT_3D('',#13410,#9616,#9617);
#8352=AXIS2_PLACEMENT_3D('',#13411,#9618,#9619);
#8353=AXIS2_PLACEMENT_3D('',#13414,#9621,#9622);
#8354=AXIS2_PLACEMENT_3D('',#13415,#9623,#9624);
#8355=AXIS2_PLACEMENT_3D('',#13418,#9626,#9627);
#8356=AXIS2_PLACEMENT_3D('',#13419,#9628,#9629);
#8357=AXIS2_PLACEMENT_3D('',#13422,#9631,#9632);
#8358=AXIS2_PLACEMENT_3D('',#13423,#9633,#9634);
#8359=AXIS2_PLACEMENT_3D('',#13425,#9635,#9636);
#8360=AXIS2_PLACEMENT_3D('',#13428,#9638,#9639);
#8361=AXIS2_PLACEMENT_3D('',#13429,#9640,#9641);
#8362=AXIS2_PLACEMENT_3D('',#13439,#9646,#9647);
#8363=AXIS2_PLACEMENT_3D('',#13446,#9651,#9652);
#8364=AXIS2_PLACEMENT_3D('',#13456,#9657,#9658);
#8365=AXIS2_PLACEMENT_3D('',#13458,#9659,#9660);
#8366=AXIS2_PLACEMENT_3D('',#13459,#9661,#9662);
#8367=AXIS2_PLACEMENT_3D('',#13461,#9664,#9665);
#8368=AXIS2_PLACEMENT_3D('',#13464,#9667,#9668);
#8369=AXIS2_PLACEMENT_3D('',#13465,#9669,#9670);
#8370=AXIS2_PLACEMENT_3D('',#13467,#9672,#9673);
#8371=AXIS2_PLACEMENT_3D('',#13480,#9680,#9681);
#8372=AXIS2_PLACEMENT_3D('',#13481,#9682,#9683);
#8373=AXIS2_PLACEMENT_3D('',#13485,#9686,#9687);
#8374=AXIS2_PLACEMENT_3D('',#13489,#9690,#9691);
#8375=AXIS2_PLACEMENT_3D('',#13498,#9696,#9697);
#8376=AXIS2_PLACEMENT_3D('',#13499,#9698,#9699);
#8377=AXIS2_PLACEMENT_3D('',#13506,#9703,#9704);
#8378=AXIS2_PLACEMENT_3D('',#13517,#9710,#9711);
#8379=AXIS2_PLACEMENT_3D('',#13526,#9716,#9717);
#8380=AXIS2_PLACEMENT_3D('',#13534,#9722,#9723);
#8381=AXIS2_PLACEMENT_3D('',#13540,#9727,#9728);
#8382=AXIS2_PLACEMENT_3D('',#13554,#9733,#9734);
#8383=AXIS2_PLACEMENT_3D('',#13558,#9736,#9737);
#8384=AXIS2_PLACEMENT_3D('',#13560,#9739,#9740);
#8385=AXIS2_PLACEMENT_3D('',#13564,#9743,#9744);
#8386=AXIS2_PLACEMENT_3D('',#13578,#9749,#9750);
#8387=AXIS2_PLACEMENT_3D('',#13582,#9752,#9753);
#8388=AXIS2_PLACEMENT_3D('',#13586,#9756,#9757);
#8389=AXIS2_PLACEMENT_3D('',#13594,#9762,#9763);
#8390=AXIS2_PLACEMENT_3D('',#13599,#9767,#9768);
#8391=AXIS2_PLACEMENT_3D('',#13601,#9770,#9771);
#8392=AXIS2_PLACEMENT_3D('',#13604,#9773,#9774);
#8393=AXIS2_PLACEMENT_3D('',#13605,#9775,#9776);
#8394=AXIS2_PLACEMENT_3D('',#13608,#9779,#9780);
#8395=AXIS2_PLACEMENT_3D('',#13610,#9782,#9783);
#8396=AXIS2_PLACEMENT_3D('',#13611,#9784,#9785);
#8397=AXIS2_PLACEMENT_3D('',#13617,#9789,#9790);
#8398=AXIS2_PLACEMENT_3D('',#13623,#9794,#9795);
#8399=AXIS2_PLACEMENT_3D('',#13625,#9796,#9797);
#8400=AXIS2_PLACEMENT_3D('',#13627,#9798,#9799);
#8401=AXIS2_PLACEMENT_3D('',#13629,#9801,#9802);
#8402=AXIS2_PLACEMENT_3D('',#13632,#9804,#9805);
#8403=AXIS2_PLACEMENT_3D('',#13635,#9807,#9808);
#8404=AXIS2_PLACEMENT_3D('',#13639,#9810,#9811);
#8405=AXIS2_PLACEMENT_3D('',#13641,#9813,#9814);
#8406=AXIS2_PLACEMENT_3D('',#13644,#9816,#9817);
#8407=AXIS2_PLACEMENT_3D('',#13645,#9818,#9819);
#8408=AXIS2_PLACEMENT_3D('',#13648,#9822,#9823);
#8409=AXIS2_PLACEMENT_3D('',#13676,#9827,#9828);
#8410=AXIS2_PLACEMENT_3D('',#13698,#9831,#9832);
#8411=AXIS2_PLACEMENT_3D('',#13700,#9833,#9834);
#8412=AXIS2_PLACEMENT_3D('',#13702,#9835,#9836);
#8413=AXIS2_PLACEMENT_3D('',#13703,#9837,#9838);
#8414=AXIS2_PLACEMENT_3D('',#13705,#9839,#9840);
#8415=AXIS2_PLACEMENT_3D('',#13709,#9842,#9843);
#8416=AXIS2_PLACEMENT_3D('',#13710,#9844,#9845);
#8417=AXIS2_PLACEMENT_3D('',#13713,#9846,#9847);
#8418=AXIS2_PLACEMENT_3D('',#13717,#9849,#9850);
#8419=AXIS2_PLACEMENT_3D('',#13718,#9851,#9852);
#8420=AXIS2_PLACEMENT_3D('',#13721,#9853,#9854);
#8421=AXIS2_PLACEMENT_3D('',#13725,#9856,#9857);
#8422=AXIS2_PLACEMENT_3D('',#13726,#9858,#9859);
#8423=AXIS2_PLACEMENT_3D('',#13727,#9860,#9861);
#8424=AXIS2_PLACEMENT_3D('',#13731,#9863,#9864);
#8425=AXIS2_PLACEMENT_3D('',#13733,#9866,#9867);
#8426=AXIS2_PLACEMENT_3D('',#13735,#9868,#9869);
#8427=AXIS2_PLACEMENT_3D('',#13737,#9871,#9872);
#8428=AXIS2_PLACEMENT_3D('',#13740,#9874,#9875);
#8429=AXIS2_PLACEMENT_3D('',#13741,#9876,#9877);
#8430=AXIS2_PLACEMENT_3D('',#13743,#9879,#9880);
#8431=AXIS2_PLACEMENT_3D('',#13744,#9881,#9882);
#8432=AXIS2_PLACEMENT_3D('',#13748,#9884,#9885);
#8433=AXIS2_PLACEMENT_3D('',#13750,#9887,#9888);
#8434=AXIS2_PLACEMENT_3D('',#13752,#9889,#9890);
#8435=AXIS2_PLACEMENT_3D('',#13754,#9892,#9893);
#8436=AXIS2_PLACEMENT_3D('',#13757,#9895,#9896);
#8437=AXIS2_PLACEMENT_3D('',#13758,#9897,#9898);
#8438=AXIS2_PLACEMENT_3D('',#13760,#9900,#9901);
#8439=AXIS2_PLACEMENT_3D('',#13761,#9902,#9903);
#8440=AXIS2_PLACEMENT_3D('',#13766,#9905,#9906);
#8441=AXIS2_PLACEMENT_3D('',#13769,#9909,#9910);
#8442=AXIS2_PLACEMENT_3D('',#13771,#9911,#9912);
#8443=AXIS2_PLACEMENT_3D('',#13773,#9914,#9915);
#8444=AXIS2_PLACEMENT_3D('',#13776,#9917,#9918);
#8445=AXIS2_PLACEMENT_3D('',#13777,#9919,#9920);
#8446=AXIS2_PLACEMENT_3D('',#13779,#9922,#9923);
#8447=AXIS2_PLACEMENT_3D('',#13780,#9924,#9925);
#8448=AXIS2_PLACEMENT_3D('',#13784,#9927,#9928);
#8449=AXIS2_PLACEMENT_3D('',#13786,#9930,#9931);
#8450=AXIS2_PLACEMENT_3D('',#13788,#9932,#9933);
#8451=AXIS2_PLACEMENT_3D('',#13790,#9935,#9936);
#8452=AXIS2_PLACEMENT_3D('',#13793,#9938,#9939);
#8453=AXIS2_PLACEMENT_3D('',#13794,#9940,#9941);
#8454=AXIS2_PLACEMENT_3D('',#13796,#9943,#9944);
#8455=AXIS2_PLACEMENT_3D('',#13797,#9945,#9946);
#8456=AXIS2_PLACEMENT_3D('',#13799,#9947,#9948);
#8457=AXIS2_PLACEMENT_3D('',#13801,#9950,#9951);
#8458=AXIS2_PLACEMENT_3D('',#13803,#9952,#9953);
#8459=AXIS2_PLACEMENT_3D('',#13805,#9955,#9956);
#8460=AXIS2_PLACEMENT_3D('',#13814,#9961,#9962);
#8461=AXIS2_PLACEMENT_3D('',#13826,#9967,#9968);
#8462=AXIS2_PLACEMENT_3D('',#13829,#9971,#9972);
#8463=AXIS2_PLACEMENT_3D('',#13832,#9975,#9976);
#8464=AXIS2_PLACEMENT_3D('',#13834,#9978,#9979);
#8465=AXIS2_PLACEMENT_3D('',#13835,#9980,#9981);
#8466=AXIS2_PLACEMENT_3D('',#13836,#9982,#9983);
#8467=AXIS2_PLACEMENT_3D('',#13840,#9986,#9987);
#8468=AXIS2_PLACEMENT_3D('',#13846,#9991,#9992);
#8469=AXIS2_PLACEMENT_3D('',#13848,#9994,#9995);
#8470=AXIS2_PLACEMENT_3D('',#13850,#9997,#9998);
#8471=AXIS2_PLACEMENT_3D('',#13851,#9999,#10000);
#8472=AXIS2_PLACEMENT_3D('',#13853,#10002,#10003);
#8473=AXIS2_PLACEMENT_3D('',#13855,#10005,#10006);
#8474=AXIS2_PLACEMENT_3D('',#13858,#10007,#10008);
#8475=AXIS2_PLACEMENT_3D('',#13862,#10010,#10011);
#8476=AXIS2_PLACEMENT_3D('',#13864,#10013,#10014);
#8477=AXIS2_PLACEMENT_3D('',#13866,#10015,#10016);
#8478=AXIS2_PLACEMENT_3D('',#13870,#10019,#10020);
#8479=AXIS2_PLACEMENT_3D('',#13872,#10021,#10022);
#8480=AXIS2_PLACEMENT_3D('',#13874,#10024,#10025);
#8481=AXIS2_PLACEMENT_3D('',#13878,#10028,#10029);
#8482=AXIS2_PLACEMENT_3D('',#13880,#10031,#10032);
#8483=AXIS2_PLACEMENT_3D('',#13882,#10034,#10035);
#8484=AXIS2_PLACEMENT_3D('',#13885,#10038,#10039);
#8485=AXIS2_PLACEMENT_3D('',#13886,#10040,#10041);
#8486=AXIS2_PLACEMENT_3D('',#13979,#10044,#10045);
#8487=AXIS2_PLACEMENT_3D('',#13983,#10048,#10049);
#8488=AXIS2_PLACEMENT_3D('',#13987,#10051,#10052);
#8489=AXIS2_PLACEMENT_3D('',#13991,#10054,#10055);
#8490=AXIS2_PLACEMENT_3D('',#13994,#10058,#10059);
#8491=AXIS2_PLACEMENT_3D('',#13998,#10062,#10063);
#8492=AXIS2_PLACEMENT_3D('',#14002,#10065,#10066);
#8493=AXIS2_PLACEMENT_3D('',#14004,#10068,#10069);
#8494=AXIS2_PLACEMENT_3D('',#14008,#10072,#10073);
#8495=AXIS2_PLACEMENT_3D('',#14010,#10074,#10075);
#8496=AXIS2_PLACEMENT_3D('',#14012,#10077,#10078);
#8497=AXIS2_PLACEMENT_3D('',#14015,#10081,#10082);
#8498=AXIS2_PLACEMENT_3D('',#14017,#10084,#10085);
#8499=AXIS2_PLACEMENT_3D('',#14019,#10087,#10088);
#8500=AXIS2_PLACEMENT_3D('',#14023,#10091,#10092);
#8501=AXIS2_PLACEMENT_3D('',#14025,#10094,#10095);
#8502=AXIS2_PLACEMENT_3D('',#14026,#10096,#10097);
#8503=AXIS2_PLACEMENT_3D('',#14027,#10098,#10099);
#8504=AXIS2_PLACEMENT_3D('',#14030,#10102,#10103);
#8505=AXIS2_PLACEMENT_3D('',#14031,#10104,#10105);
#8506=AXIS2_PLACEMENT_3D('',#14033,#10107,#10108);
#8507=AXIS2_PLACEMENT_3D('',#14037,#10111,#10112);
#8508=AXIS2_PLACEMENT_3D('',#14038,#10113,#10114);
#8509=AXIS2_PLACEMENT_3D('',#14040,#10115,#10116);
#8510=AXIS2_PLACEMENT_3D('',#14041,#10117,#10118);
#8511=AXIS2_PLACEMENT_3D('',#14043,#10120,#10121);
#8512=AXIS2_PLACEMENT_3D('',#14044,#10122,#10123);
#8513=AXIS2_PLACEMENT_3D('',#14046,#10124,#10125);
#8514=AXIS2_PLACEMENT_3D('',#14049,#10127,#10128);
#8515=AXIS2_PLACEMENT_3D('',#14050,#10129,#10130);
#8516=AXIS2_PLACEMENT_3D('',#14060,#10136,#10137);
#8517=AXIS2_PLACEMENT_3D('',#14066,#10141,#10142);
#8518=AXIS2_PLACEMENT_3D('',#14070,#10145,#10146);
#8519=AXIS2_PLACEMENT_3D('',#14076,#10150,#10151);
#8520=AXIS2_PLACEMENT_3D('',#14080,#10154,#10155);
#8521=AXIS2_PLACEMENT_3D('',#14082,#10157,#10158);
#8522=AXIS2_PLACEMENT_3D('',#14088,#10162,#10163);
#8523=AXIS2_PLACEMENT_3D('',#14092,#10166,#10167);
#8524=AXIS2_PLACEMENT_3D('',#14096,#10170,#10171);
#8525=AXIS2_PLACEMENT_3D('',#14098,#10173,#10174);
#8526=AXIS2_PLACEMENT_3D('',#14102,#10176,#10177);
#8527=AXIS2_PLACEMENT_3D('',#14104,#10179,#10180);
#8528=AXIS2_PLACEMENT_3D('',#14105,#10181,#10182);
#8529=AXIS2_PLACEMENT_3D('',#14106,#10183,#10184);
#8530=AXIS2_PLACEMENT_3D('',#14108,#10185,#10186);
#8531=AXIS2_PLACEMENT_3D('',#14109,#10187,#10188);
#8532=AXIS2_PLACEMENT_3D('',#14111,#10189,#10190);
#8533=AXIS2_PLACEMENT_3D('',#14113,#10192,#10193);
#8534=AXIS2_PLACEMENT_3D('',#14114,#10194,#10195);
#8535=AXIS2_PLACEMENT_3D('',#14120,#10199,#10200);
#8536=AXIS2_PLACEMENT_3D('',#14124,#10203,#10204);
#8537=AXIS2_PLACEMENT_3D('',#14128,#10207,#10208);
#8538=AXIS2_PLACEMENT_3D('',#14130,#10210,#10211);
#8539=AXIS2_PLACEMENT_3D('',#14131,#10212,#10213);
#8540=AXIS2_PLACEMENT_3D('',#14133,#10214,#10215);
#8541=AXIS2_PLACEMENT_3D('',#14135,#10217,#10218);
#8542=AXIS2_PLACEMENT_3D('',#14137,#10219,#10220);
#8543=AXIS2_PLACEMENT_3D('',#14138,#10221,#10222);
#8544=AXIS2_PLACEMENT_3D('',#14140,#10224,#10225);
#8545=AXIS2_PLACEMENT_3D('',#14141,#10226,#10227);
#8546=AXIS2_PLACEMENT_3D('',#14143,#10229,#10230);
#8547=AXIS2_PLACEMENT_3D('',#14144,#10231,#10232);
#8548=AXIS2_PLACEMENT_3D('',#14146,#10234,#10235);
#8549=AXIS2_PLACEMENT_3D('',#14148,#10237,#10238);
#8550=AXIS2_PLACEMENT_3D('',#14149,#10239,#10240);
#8551=AXIS2_PLACEMENT_3D('',#14152,#10242,#10243);
#8552=AXIS2_PLACEMENT_3D('',#14153,#10244,#10245);
#8553=AXIS2_PLACEMENT_3D('',#14154,#10246,#10247);
#8554=AXIS2_PLACEMENT_3D('',#14157,#10249,#10250);
#8555=AXIS2_PLACEMENT_3D('',#14158,#10251,#10252);
#8556=AXIS2_PLACEMENT_3D('',#14159,#10253,#10254);
#8557=AXIS2_PLACEMENT_3D('',#14160,#10255,#10256);
#8558=AXIS2_PLACEMENT_3D('',#14161,#10257,#10258);
#8559=AXIS2_PLACEMENT_3D('',#14163,#10259,#10260);
#8560=AXIS2_PLACEMENT_3D('',#14166,#10262,#10263);
#8561=AXIS2_PLACEMENT_3D('',#14167,#10264,#10265);
#8562=AXIS2_PLACEMENT_3D('',#14170,#10268,#10269);
#8563=AXIS2_PLACEMENT_3D('',#14171,#10270,#10271);
#8564=AXIS2_PLACEMENT_3D('',#14172,#10272,#10273);
#8565=AXIS2_PLACEMENT_3D('',#14173,#10274,#10275);
#8566=AXIS2_PLACEMENT_3D('',#14176,#10276,#10277);
#8567=AXIS2_PLACEMENT_3D('',#14180,#10279,#10280);
#8568=AXIS2_PLACEMENT_3D('',#14182,#10282,#10283);
#8569=AXIS2_PLACEMENT_3D('',#14189,#10284,#10285);
#8570=AXIS2_PLACEMENT_3D('',#14194,#10286,#10287);
#8571=AXIS2_PLACEMENT_3D('',#14195,#10288,#10289);
#8572=AXIS2_PLACEMENT_3D('',#14207,#10296,#10297);
#8573=AXIS2_PLACEMENT_3D('',#14210,#10299,#10300);
#8574=AXIS2_PLACEMENT_3D('',#14211,#10301,#10302);
#8575=AXIS2_PLACEMENT_3D('',#14218,#10303,#10304);
#8576=AXIS2_PLACEMENT_3D('',#14223,#10305,#10306);
#8577=AXIS2_PLACEMENT_3D('',#14224,#10307,#10308);
#8578=AXIS2_PLACEMENT_3D('',#14228,#10310,#10311);
#8579=AXIS2_PLACEMENT_3D('',#14230,#10313,#10314);
#8580=AXIS2_PLACEMENT_3D('',#14240,#10320,#10321);
#8581=AXIS2_PLACEMENT_3D('',#14243,#10322,#10323);
#8582=AXIS2_PLACEMENT_3D('',#14247,#10325,#10326);
#8583=AXIS2_PLACEMENT_3D('',#14250,#10328,#10329);
#8584=AXIS2_PLACEMENT_3D('',#14252,#10330,#10331);
#8585=AXIS2_PLACEMENT_3D('',#14255,#10333,#10334);
#8586=AXIS2_PLACEMENT_3D('',#14257,#10335,#10336);
#8587=AXIS2_PLACEMENT_3D('',#14259,#10338,#10339);
#8588=AXIS2_PLACEMENT_3D('',#14262,#10342,#10343);
#8589=AXIS2_PLACEMENT_3D('',#14264,#10345,#10346);
#8590=AXIS2_PLACEMENT_3D('',#14266,#10348,#10349);
#8591=AXIS2_PLACEMENT_3D('',#14267,#10350,#10351);
#8592=AXIS2_PLACEMENT_3D('',#14270,#10353,#10354);
#8593=AXIS2_PLACEMENT_3D('',#14271,#10355,#10356);
#8594=AXIS2_PLACEMENT_3D('',#14273,#10358,#10359);
#8595=AXIS2_PLACEMENT_3D('',#14276,#10361,#10362);
#8596=AXIS2_PLACEMENT_3D('',#14277,#10363,#10364);
#8597=AXIS2_PLACEMENT_3D('',#14279,#10366,#10367);
#8598=AXIS2_PLACEMENT_3D('',#14280,#10368,#10369);
#8599=AXIS2_PLACEMENT_3D('',#14282,#10370,#10371);
#8600=AXIS2_PLACEMENT_3D('',#14284,#10373,#10374);
#8601=AXIS2_PLACEMENT_3D('',#14286,#10376,#10377);
#8602=AXIS2_PLACEMENT_3D('',#14288,#10378,#10379);
#8603=AXIS2_PLACEMENT_3D('',#14290,#10381,#10382);
#8604=AXIS2_PLACEMENT_3D('',#14292,#10384,#10385);
#8605=AXIS2_PLACEMENT_3D('',#14293,#10386,#10387);
#8606=AXIS2_PLACEMENT_3D('',#14300,#10388,#10389);
#8607=AXIS2_PLACEMENT_3D('',#14305,#10390,#10391);
#8608=AXIS2_PLACEMENT_3D('',#14306,#10392,#10393);
#8609=AXIS2_PLACEMENT_3D('',#14316,#10399,#10400);
#8610=AXIS2_PLACEMENT_3D('',#14323,#10401,#10402);
#8611=AXIS2_PLACEMENT_3D('',#14328,#10403,#10404);
#8612=AXIS2_PLACEMENT_3D('',#14329,#10405,#10406);
#8613=AXIS2_PLACEMENT_3D('',#14339,#10412,#10413);
#8614=AXIS2_PLACEMENT_3D('',#14344,#10415,#10416);
#8615=AXIS2_PLACEMENT_3D('',#14347,#10418,#10419);
#8616=AXIS2_PLACEMENT_3D('',#14349,#10420,#10421);
#8617=AXIS2_PLACEMENT_3D('',#14352,#10423,#10424);
#8618=AXIS2_PLACEMENT_3D('',#14354,#10425,#10426);
#8619=AXIS2_PLACEMENT_3D('',#14357,#10428,#10429);
#8620=AXIS2_PLACEMENT_3D('',#14358,#10430,#10431);
#8621=AXIS2_PLACEMENT_3D('',#14362,#10433,#10434);
#8622=AXIS2_PLACEMENT_3D('',#14364,#10436,#10437);
#8623=AXIS2_PLACEMENT_3D('',#14368,#10440,#10441);
#8624=AXIS2_PLACEMENT_3D('',#14370,#10442,#10443);
#8625=AXIS2_PLACEMENT_3D('',#14372,#10445,#10446);
#8626=AXIS2_PLACEMENT_3D('',#14374,#10448,#10449);
#8627=AXIS2_PLACEMENT_3D('',#14375,#10450,#10451);
#8628=AXIS2_PLACEMENT_3D('',#14378,#10453,#10454);
#8629=AXIS2_PLACEMENT_3D('',#14379,#10455,#10456);
#8630=AXIS2_PLACEMENT_3D('',#14381,#10458,#10459);
#8631=AXIS2_PLACEMENT_3D('',#14385,#10462,#10463);
#8632=AXIS2_PLACEMENT_3D('',#14386,#10464,#10465);
#8633=AXIS2_PLACEMENT_3D('',#14387,#10466,#10467);
#8634=AXIS2_PLACEMENT_3D('',#14388,#10468,#10469);
#8635=AXIS2_PLACEMENT_3D('',#14390,#10470,#10471);
#8636=AXIS2_PLACEMENT_3D('',#14392,#10473,#10474);
#8637=AXIS2_PLACEMENT_3D('',#14394,#10476,#10477);
#8638=AXIS2_PLACEMENT_3D('',#14398,#10480,#10481);
#8639=AXIS2_PLACEMENT_3D('',#14399,#10482,#10483);
#8640=AXIS2_PLACEMENT_3D('',#14400,#10484,#10485);
#8641=AXIS2_PLACEMENT_3D('',#14401,#10486,#10487);
#8642=AXIS2_PLACEMENT_3D('',#14410,#10492,#10493);
#8643=AXIS2_PLACEMENT_3D('',#14416,#10497,#10498);
#8644=AXIS2_PLACEMENT_3D('',#14420,#10501,#10502);
#8645=AXIS2_PLACEMENT_3D('',#14424,#10505,#10506);
#8646=AXIS2_PLACEMENT_3D('',#14426,#10508,#10509);
#8647=DIRECTION('axis',(0.,0.,1.));
#8648=DIRECTION('refdir',(1.,0.,0.));
#8649=DIRECTION('center_axis',(0.,1.,0.));
#8650=DIRECTION('ref_axis',(0.707106781186554,0.,0.707106781186541));
#8651=DIRECTION('center_axis',(1.91006111763468E-16,1.,0.));
#8652=DIRECTION('ref_axis',(0.707106781186554,0.,0.707106781186541));
#8653=DIRECTION('',(0.,1.,0.));
#8654=DIRECTION('center_axis',(0.,-1.,0.));
#8655=DIRECTION('ref_axis',(1.,0.,0.));
#8656=DIRECTION('',(0.,-1.,0.));
#8657=DIRECTION('center_axis',(0.,0.,-1.));
#8658=DIRECTION('ref_axis',(-1.,0.,0.));
#8659=DIRECTION('center_axis',(1.,0.,0.));
#8660=DIRECTION('ref_axis',(0.,1.,0.));
#8661=DIRECTION('center_axis',(0.,0.,-1.));
#8662=DIRECTION('ref_axis',(0.707106781186548,0.707106781186548,0.));
#8663=DIRECTION('center_axis',(0.,0.,1.));
#8664=DIRECTION('ref_axis',(0.707106781186548,0.707106781186547,0.));
#8665=DIRECTION('center_axis',(-1.,0.,0.));
#8666=DIRECTION('ref_axis',(0.,0.707106781186551,0.707106781186544));
#8667=DIRECTION('center_axis',(1.,0.,0.));
#8668=DIRECTION('ref_axis',(0.,1.,0.));
#8669=DIRECTION('',(1.,0.,0.));
#8670=DIRECTION('',(-1.,0.,0.));
#8671=DIRECTION('center_axis',(0.,0.,-1.));
#8672=DIRECTION('ref_axis',(-1.,0.,0.));
#8673=DIRECTION('center_axis',(-2.22044604925031E-15,1.,0.));
#8674=DIRECTION('ref_axis',(-1.,-2.22044604925031E-15,0.));
#8675=DIRECTION('center_axis',(0.,0.,-1.));
#8676=DIRECTION('ref_axis',(-0.707106781186548,0.707106781186548,0.));
#8677=DIRECTION('center_axis',(0.,0.,1.));
#8678=DIRECTION('ref_axis',(-0.707106781186548,0.707106781186547,0.));
#8679=DIRECTION('center_axis',(-5.7848255106638E-17,-1.,0.));
#8680=DIRECTION('ref_axis',(-0.707106781186548,0.,0.707106781186548));
#8681=DIRECTION('center_axis',(1.91006111763468E-16,1.,0.));
#8682=DIRECTION('ref_axis',(-0.707106781186548,0.,0.707106781186548));
#8683=DIRECTION('',(5.7848255106638E-17,1.,0.));
#8684=DIRECTION('',(-5.7848255106638E-17,-1.,0.));
#8685=DIRECTION('center_axis',(-1.,5.7848255106638E-17,0.));
#8686=DIRECTION('ref_axis',(-5.7848255106638E-17,-1.,0.));
#8687=DIRECTION('',(0.,0.,1.));
#8688=DIRECTION('',(-5.7848255106638E-17,-1.,0.));
#8689=DIRECTION('',(0.,0.,1.));
#8690=DIRECTION('center_axis',(0.,0.,1.));
#8691=DIRECTION('ref_axis',(-0.707106781186547,0.707106781186547,0.));
#8692=DIRECTION('',(0.,0.,-1.));
#8693=DIRECTION('center_axis',(0.,0.,1.));
#8694=DIRECTION('ref_axis',(-0.707106781186547,0.707106781186547,0.));
#8695=DIRECTION('center_axis',(0.,1.,0.));
#8696=DIRECTION('ref_axis',(-1.,0.,0.));
#8697=DIRECTION('',(0.,0.,1.));
#8698=DIRECTION('',(-1.,0.,0.));
#8699=DIRECTION('center_axis',(0.,0.,1.));
#8700=DIRECTION('ref_axis',(0.707106781186547,0.707106781186547,0.));
#8701=DIRECTION('',(0.,0.,-1.));
#8702=DIRECTION('center_axis',(0.,0.,1.));
#8703=DIRECTION('ref_axis',(0.707106781186547,0.707106781186547,0.));
#8704=DIRECTION('center_axis',(-1.91006111763468E-16,-1.,0.));
#8705=DIRECTION('ref_axis',(1.,-1.91006111763468E-16,0.));
#8706=DIRECTION('',(1.,-1.91006111763468E-16,0.));
#8707=DIRECTION('',(0.,0.,1.));
#8708=DIRECTION('',(1.,-1.91006111763468E-16,0.));
#8709=DIRECTION('center_axis',(1.,0.,0.));
#8710=DIRECTION('ref_axis',(0.,1.,0.));
#8711=DIRECTION('',(0.,1.,0.));
#8712=DIRECTION('center_axis',(0.,0.,1.));
#8713=DIRECTION('ref_axis',(-1.,0.,0.));
#8714=DIRECTION('center_axis',(0.,0.,1.));
#8715=DIRECTION('ref_axis',(-1.,0.,0.));
#8716=DIRECTION('',(-0.888217643155949,-1.08775289363714E-16,-0.459422918873766));
#8717=DIRECTION('center_axis',(0.,0.,-1.));
#8718=DIRECTION('ref_axis',(-1.,0.,0.));
#8719=DIRECTION('center_axis',(0.,0.,1.));
#8720=DIRECTION('ref_axis',(-1.,0.,0.));
#8721=DIRECTION('',(0.,0.,-1.));
#8722=DIRECTION('center_axis',(0.,0.,-1.));
#8723=DIRECTION('ref_axis',(-1.,0.,0.));
#8724=DIRECTION('center_axis',(0.,0.,1.));
#8725=DIRECTION('ref_axis',(-1.,0.,0.));
#8726=DIRECTION('',(0.,-1.,0.));
#8727=DIRECTION('',(1.,0.,0.));
#8728=DIRECTION('',(-1.,0.,0.));
#8729=DIRECTION('',(1.,0.,0.));
#8730=DIRECTION('',(1.,0.,0.));
#8731=DIRECTION('',(-1.,0.,0.));
#8732=DIRECTION('',(1.,0.,0.));
#8733=DIRECTION('',(-1.,0.,0.));
#8734=DIRECTION('',(1.,0.,0.));
#8735=DIRECTION('',(0.,-1.,0.));
#8736=DIRECTION('',(-1.,0.,0.));
#8737=DIRECTION('',(0.,1.,0.));
#8738=DIRECTION('',(1.,0.,0.));
#8739=DIRECTION('',(-1.,0.,0.));
#8740=DIRECTION('',(1.,0.,0.));
#8741=DIRECTION('',(0.,-1.,0.));
#8742=DIRECTION('',(-1.,0.,0.));
#8743=DIRECTION('',(0.,1.,0.));
#8744=DIRECTION('',(1.,0.,0.));
#8745=DIRECTION('',(0.,-1.,0.));
#8746=DIRECTION('',(1.,0.,0.));
#8747=DIRECTION('',(0.,1.,0.));
#8748=DIRECTION('',(1.,0.,0.));
#8749=DIRECTION('',(0.,-1.,0.));
#8750=DIRECTION('',(1.,0.,0.));
#8751=DIRECTION('',(0.,1.,0.));
#8752=DIRECTION('',(1.,0.,0.));
#8753=DIRECTION('',(0.,-1.,0.));
#8754=DIRECTION('',(-0.999999416177973,0.00108057563934668,0.));
#8755=DIRECTION('',(1.,0.,0.));
#8756=DIRECTION('',(0.,-1.,0.));
#8757=DIRECTION('',(-1.,0.,0.));
#8758=DIRECTION('',(-1.,0.,0.));
#8759=DIRECTION('',(0.,1.,0.));
#8760=DIRECTION('',(1.,0.,0.));
#8761=DIRECTION('',(0.,1.,0.));
#8762=DIRECTION('',(1.,0.,0.));
#8763=DIRECTION('',(0.,-1.,0.));
#8764=DIRECTION('',(-1.,0.,0.));
#8765=DIRECTION('',(1.,0.,0.));
#8766=DIRECTION('',(1.,0.,0.));
#8767=DIRECTION('',(1.,0.,0.));
#8768=DIRECTION('',(-1.,0.,0.));
#8769=DIRECTION('',(-0.95832810837237,0.285669803625506,0.));
#8770=DIRECTION('',(0.,1.,0.));
#8771=DIRECTION('',(0.94952411884636,-0.313694035214322,0.));
#8772=DIRECTION('',(0.95838874184474,0.285466319388569,0.));
#8773=DIRECTION('',(0.,-1.,0.));
#8774=DIRECTION('',(-0.971122228468077,-0.23858251691018,0.));
#8775=DIRECTION('',(-1.,0.,0.));
#8776=DIRECTION('',(0.,1.,0.));
#8777=DIRECTION('',(1.,0.,0.));
#8778=DIRECTION('',(1.,0.,0.));
#8779=DIRECTION('',(0.,1.,0.));
#8780=DIRECTION('',(-1.,0.,0.));
#8781=DIRECTION('',(0.,-1.,0.));
#8782=DIRECTION('',(-1.,0.,0.));
#8783=DIRECTION('',(-1.,0.,0.));
#8784=DIRECTION('center_axis',(-1.,0.,0.));
#8785=DIRECTION('ref_axis',(0.,1.,0.));
#8786=DIRECTION('',(0.,0.,1.));
#8787=DIRECTION('',(0.,-1.,0.));
#8788=DIRECTION('',(0.,0.821028058208841,0.57088784155368));
#8789=DIRECTION('',(0.,0.963199774079958,-0.268786523494609));
#8790=DIRECTION('center_axis',(0.,1.,0.));
#8791=DIRECTION('ref_axis',(0.,0.,1.));
#8792=DIRECTION('',(0.,0.,-1.));
#8793=DIRECTION('',(1.,0.,0.));
#8794=DIRECTION('',(-1.,0.,-1.16298515115301E-16));
#8795=DIRECTION('center_axis',(0.906598323936178,0.42199464337372,0.));
#8796=DIRECTION('ref_axis',(0.42199464337372,-0.906598323936178,0.));
#8797=DIRECTION('',(0.40910535028176,-0.878907423832632,0.245264250763794));
#8798=DIRECTION('',(0.356983660978577,-0.766931035257624,-0.533272400329326));
#8799=DIRECTION('',(-0.42199464337372,0.906598323936178,0.));
#8800=DIRECTION('center_axis',(1.12018703484892E-16,-0.268786523494609,
-0.963199774079958));
#8801=DIRECTION('ref_axis',(-1.,0.,-1.16298515115301E-16));
#8802=DIRECTION('',(1.,0.,1.16298515115301E-16));
#8803=DIRECTION('center_axis',(9.54843440376869E-17,0.57088784155368,-0.821028058208841));
#8804=DIRECTION('ref_axis',(-1.,0.,-1.16298515115301E-16));
#8805=DIRECTION('',(-1.,1.67255872498221E-16,0.));
#8806=DIRECTION('center_axis',(0.,0.,1.));
#8807=DIRECTION('ref_axis',(1.,0.,0.));
#8808=DIRECTION('center_axis',(0.,0.,1.));
#8809=DIRECTION('ref_axis',(1.,0.,0.));
#8810=DIRECTION('',(0.,0.,1.));
#8811=DIRECTION('center_axis',(0.,0.,1.));
#8812=DIRECTION('ref_axis',(1.,0.,0.));
#8813=DIRECTION('center_axis',(0.,0.,1.));
#8814=DIRECTION('ref_axis',(1.,0.,0.));
#8815=DIRECTION('center_axis',(0.,0.,1.));
#8816=DIRECTION('ref_axis',(0.258819045102521,-0.965925826289068,0.));
#8817=DIRECTION('center_axis',(0.,0.,1.));
#8818=DIRECTION('ref_axis',(0.258819045102521,-0.965925826289068,0.));
#8819=DIRECTION('',(0.,0.,1.));
#8820=DIRECTION('center_axis',(0.,0.,1.));
#8821=DIRECTION('ref_axis',(0.258819045102521,-0.965925826289068,0.));
#8822=DIRECTION('',(0.,0.,1.));
#8823=DIRECTION('center_axis',(0.,0.,1.));
#8824=DIRECTION('ref_axis',(-0.991178120508038,-0.132536536193431,0.));
#8825=DIRECTION('center_axis',(0.,0.,1.));
#8826=DIRECTION('ref_axis',(1.,0.,0.));
#8827=DIRECTION('center_axis',(0.,0.,1.));
#8828=DIRECTION('ref_axis',(1.,0.,0.));
#8829=DIRECTION('center_axis',(0.,0.,1.));
#8830=DIRECTION('ref_axis',(1.,0.,0.));
#8831=DIRECTION('center_axis',(-1.,0.,0.));
#8832=DIRECTION('ref_axis',(0.,-1.,0.));
#8833=DIRECTION('center_axis',(1.,0.,0.));
#8834=DIRECTION('ref_axis',(0.,-1.,0.));
#8835=DIRECTION('',(1.,0.,0.));
#8836=DIRECTION('center_axis',(-1.,0.,0.));
#8837=DIRECTION('ref_axis',(0.,-1.,0.));
#8838=DIRECTION('',(-1.,0.,0.));
#8839=DIRECTION('center_axis',(-1.,0.,0.));
#8840=DIRECTION('ref_axis',(0.,0.999999999999983,-1.81758282524416E-7));
#8841=DIRECTION('center_axis',(1.,0.,0.));
#8842=DIRECTION('ref_axis',(0.,-1.,0.));
#8843=DIRECTION('',(-1.,0.,0.));
#8844=DIRECTION('center_axis',(-1.,0.,0.));
#8845=DIRECTION('ref_axis',(0.,-1.,0.));
#8846=DIRECTION('',(-1.,0.,0.));
#8847=DIRECTION('center_axis',(-1.,0.,0.));
#8848=DIRECTION('ref_axis',(0.,-1.,0.));
#8849=DIRECTION('',(0.,-1.,0.));
#8850=DIRECTION('',(0.,-1.,-5.6803193606388E-17));
#8851=DIRECTION('center_axis',(1.,0.,0.));
#8852=DIRECTION('ref_axis',(0.,-1.,0.));
#8853=DIRECTION('center_axis',(-1.,0.,0.));
#8854=DIRECTION('ref_axis',(0.,1.,0.));
#8855=DIRECTION('',(0.,-1.,0.));
#8856=DIRECTION('center_axis',(1.,0.,0.));
#8857=DIRECTION('ref_axis',(0.,-1.,0.));
#8858=DIRECTION('',(0.,1.,0.));
#8859=DIRECTION('center_axis',(-1.,0.,0.));
#8860=DIRECTION('ref_axis',(0.,-1.,0.));
#8861=DIRECTION('',(1.,0.,0.));
#8862=DIRECTION('center_axis',(-1.,0.,0.));
#8863=DIRECTION('ref_axis',(0.,-1.,0.));
#8864=DIRECTION('',(-1.,0.,0.));
#8865=DIRECTION('center_axis',(-1.,0.,0.));
#8866=DIRECTION('ref_axis',(0.,1.,1.22464679914735E-16));
#8867=DIRECTION('',(-1.,0.,0.));
#8868=DIRECTION('center_axis',(-1.,0.,0.));
#8869=DIRECTION('ref_axis',(0.,-1.,0.));
#8870=DIRECTION('',(-1.,0.,0.));
#8871=DIRECTION('center_axis',(-1.,0.,0.));
#8872=DIRECTION('ref_axis',(0.,-1.,0.));
#8873=DIRECTION('',(0.,-1.,0.));
#8874=DIRECTION('',(0.,-1.,0.));
#8875=DIRECTION('center_axis',(1.,0.,0.));
#8876=DIRECTION('ref_axis',(0.,-1.,0.));
#8877=DIRECTION('center_axis',(-1.,0.,0.));
#8878=DIRECTION('ref_axis',(0.,-1.,0.));
#8879=DIRECTION('center_axis',(-1.,0.,0.));
#8880=DIRECTION('ref_axis',(0.,-1.,0.));
#8881=DIRECTION('',(-1.,0.,0.));
#8882=DIRECTION('center_axis',(0.,0.,-1.));
#8883=DIRECTION('ref_axis',(-1.,0.,0.));
#8884=DIRECTION('',(0.,-1.,0.));
#8885=DIRECTION('',(1.,0.,0.));
#8886=DIRECTION('',(0.,1.,0.));
#8887=DIRECTION('center_axis',(0.,0.,-1.));
#8888=DIRECTION('ref_axis',(0.707106781186547,0.707106781186547,0.));
#8889=DIRECTION('',(-1.,0.,0.));
#8890=DIRECTION('center_axis',(0.,0.,-1.));
#8891=DIRECTION('ref_axis',(-0.707106781186547,0.707106781186547,0.));
#8892=DIRECTION('',(-1.,0.,0.));
#8893=DIRECTION('',(0.,-1.,0.));
#8894=DIRECTION('',(-1.,0.,0.));
#8895=DIRECTION('',(5.09501317608951E-17,-1.,0.));
#8896=DIRECTION('',(-1.,0.,0.));
#8897=DIRECTION('',(0.,-1.,-5.6803193606388E-17));
#8898=DIRECTION('',(-1.,0.,0.));
#8899=DIRECTION('',(5.09501317608951E-17,-1.,0.));
#8900=DIRECTION('',(1.,0.,0.));
#8901=DIRECTION('',(0.,1.,0.));
#8902=DIRECTION('center_axis',(0.,0.,1.));
#8903=DIRECTION('ref_axis',(-0.707106781186547,0.707106781186547,0.));
#8904=DIRECTION('',(1.,0.,0.));
#8905=DIRECTION('center_axis',(0.,0.,1.));
#8906=DIRECTION('ref_axis',(0.707106781186547,0.707106781186547,0.));
#8907=DIRECTION('center_axis',(0.,0.,-1.));
#8908=DIRECTION('ref_axis',(0.707106781186547,0.707106781186547,0.));
#8909=DIRECTION('center_axis',(0.,0.,-1.));
#8910=DIRECTION('ref_axis',(0.707106781186547,0.707106781186547,0.));
#8911=DIRECTION('',(0.,0.,-1.));
#8912=DIRECTION('center_axis',(0.,0.,1.));
#8913=DIRECTION('ref_axis',(-1.,0.,0.));
#8914=DIRECTION('',(0.,-1.,0.));
#8915=DIRECTION('',(1.,0.,0.));
#8916=DIRECTION('',(0.,1.,0.));
#8917=DIRECTION('center_axis',(0.,0.,1.));
#8918=DIRECTION('ref_axis',(0.707106781186547,0.707106781186547,0.));
#8919=DIRECTION('',(-1.,0.,0.));
#8920=DIRECTION('center_axis',(0.,0.,1.));
#8921=DIRECTION('ref_axis',(-0.707106781186547,0.707106781186547,0.));
#8922=DIRECTION('',(0.,-1.,0.));
#8923=DIRECTION('',(1.,0.,0.));
#8924=DIRECTION('',(-5.09501317608951E-17,1.,0.));
#8925=DIRECTION('',(1.,0.,0.));
#8926=DIRECTION('',(0.,1.,0.));
#8927=DIRECTION('',(-1.,0.,0.));
#8928=DIRECTION('',(-5.09501317608951E-17,1.,0.));
#8929=DIRECTION('',(1.,0.,0.));
#8930=DIRECTION('',(0.,1.,0.));
#8931=DIRECTION('',(-1.,0.,0.));
#8932=DIRECTION('',(-5.09501317608951E-17,1.,0.));
#8933=DIRECTION('',(1.,0.,0.));
#8934=DIRECTION('',(0.,1.,0.));
#8935=DIRECTION('',(-1.,0.,0.));
#8936=DIRECTION('center_axis',(0.,0.,-1.));
#8937=DIRECTION('ref_axis',(-0.707106781186547,0.707106781186547,0.));
#8938=DIRECTION('',(1.,0.,0.));
#8939=DIRECTION('center_axis',(-1.,0.,0.));
#8940=DIRECTION('ref_axis',(0.,1.,-1.22464679914735E-16));
#8941=DIRECTION('center_axis',(-1.,0.,0.));
#8942=DIRECTION('ref_axis',(0.,-1.,0.));
#8943=DIRECTION('center_axis',(-1.,0.,0.));
#8944=DIRECTION('ref_axis',(0.,-1.,0.));
#8945=DIRECTION('center_axis',(-1.,0.,0.));
#8946=DIRECTION('ref_axis',(0.,-1.,0.));
#8947=DIRECTION('center_axis',(1.,0.,0.));
#8948=DIRECTION('ref_axis',(0.,-1.,0.));
#8949=DIRECTION('center_axis',(-1.,0.,0.));
#8950=DIRECTION('ref_axis',(0.,-1.,0.));
#8951=DIRECTION('center_axis',(-1.,-5.09501317608951E-17,0.));
#8952=DIRECTION('ref_axis',(0.,-1.,0.));
#8953=DIRECTION('center_axis',(1.,5.09501317608951E-17,0.));
#8954=DIRECTION('ref_axis',(5.09501317608951E-17,-1.,0.));
#8955=DIRECTION('',(0.,0.,1.));
#8956=DIRECTION('',(0.,-1.,0.));
#8957=DIRECTION('',(0.,0.,1.));
#8958=DIRECTION('center_axis',(-1.,-5.09501317608951E-17,0.));
#8959=DIRECTION('ref_axis',(0.,-1.,0.));
#8960=DIRECTION('center_axis',(-1.,0.,0.));
#8961=DIRECTION('ref_axis',(0.,-1.,0.));
#8962=DIRECTION('',(-1.,0.,0.));
#8963=DIRECTION('center_axis',(1.,0.,0.));
#8964=DIRECTION('ref_axis',(0.,-1.,0.));
#8965=DIRECTION('center_axis',(-1.,0.,0.));
#8966=DIRECTION('ref_axis',(0.,-1.,0.));
#8967=DIRECTION('center_axis',(-1.,0.,0.));
#8968=DIRECTION('ref_axis',(0.,-1.,0.));
#8969=DIRECTION('center_axis',(-1.,0.,0.));
#8970=DIRECTION('ref_axis',(0.,-1.,0.));
#8971=DIRECTION('center_axis',(1.,0.,0.));
#8972=DIRECTION('ref_axis',(0.,-1.,0.));
#8973=DIRECTION('center_axis',(-1.,0.,0.));
#8974=DIRECTION('ref_axis',(0.,-1.,0.));
#8975=DIRECTION('center_axis',(-1.,-5.09501317608951E-17,0.));
#8976=DIRECTION('ref_axis',(0.,-1.,0.));
#8977=DIRECTION('center_axis',(-1.,0.,0.));
#8978=DIRECTION('ref_axis',(0.,0.999999999999983,-1.81758282524416E-7));
#8979=DIRECTION('center_axis',(1.,5.09501317608951E-17,0.));
#8980=DIRECTION('ref_axis',(5.09501317608951E-17,-1.,0.));
#8981=DIRECTION('',(0.,0.,-1.));
#8982=DIRECTION('center_axis',(-1.,-5.09501317608951E-17,0.));
#8983=DIRECTION('ref_axis',(0.,-0.70710678118655,-0.707106781186545));
#8984=DIRECTION('center_axis',(-1.,0.,0.));
#8985=DIRECTION('ref_axis',(0.,-1.,0.));
#8986=DIRECTION('',(-1.,0.,0.));
#8987=DIRECTION('center_axis',(1.,0.,0.));
#8988=DIRECTION('ref_axis',(0.,-1.,0.));
#8989=DIRECTION('center_axis',(-1.,0.,0.));
#8990=DIRECTION('ref_axis',(0.,-1.,0.));
#8991=DIRECTION('center_axis',(-1.,0.,0.));
#8992=DIRECTION('ref_axis',(0.,-1.,0.));
#8993=DIRECTION('',(-1.,0.,0.));
#8994=DIRECTION('center_axis',(-1.,0.,0.));
#8995=DIRECTION('ref_axis',(0.,1.,0.));
#8996=DIRECTION('center_axis',(1.,0.,0.));
#8997=DIRECTION('ref_axis',(0.,-0.70710678118655,-0.707106781186545));
#8998=DIRECTION('',(0.,0.,-1.));
#8999=DIRECTION('center_axis',(0.,0.,-1.));
#9000=DIRECTION('ref_axis',(0.707106781186547,0.707106781186547,0.));
#9001=DIRECTION('',(0.,0.,1.));
#9002=DIRECTION('',(0.,0.,-1.));
#9003=DIRECTION('center_axis',(0.,1.,0.));
#9004=DIRECTION('ref_axis',(1.,0.,0.));
#9005=DIRECTION('',(0.,0.,-1.));
#9006=DIRECTION('center_axis',(0.,0.,-1.));
#9007=DIRECTION('ref_axis',(-0.707106781186547,0.707106781186547,0.));
#9008=DIRECTION('',(0.,0.,1.));
#9009=DIRECTION('center_axis',(-1.,0.,0.));
#9010=DIRECTION('ref_axis',(0.,1.,0.));
#9011=DIRECTION('center_axis',(1.,0.,0.));
#9012=DIRECTION('ref_axis',(0.,-0.70710678118655,-0.707106781186545));
#9013=DIRECTION('',(0.,0.,-1.));
#9014=DIRECTION('center_axis',(0.,0.,-1.));
#9015=DIRECTION('ref_axis',(-0.707106781186547,0.707106781186547,0.));
#9016=DIRECTION('',(0.,0.,1.));
#9017=DIRECTION('center_axis',(0.,-1.,0.));
#9018=DIRECTION('ref_axis',(-1.,0.,0.));
#9019=DIRECTION('center_axis',(0.,1.,0.));
#9020=DIRECTION('ref_axis',(-1.,0.,0.));
#9021=DIRECTION('',(0.,0.,1.));
#9022=DIRECTION('',(-1.,0.,0.));
#9023=DIRECTION('center_axis',(1.,0.,0.));
#9024=DIRECTION('ref_axis',(0.,1.,0.));
#9025=DIRECTION('',(0.,0.,1.));
#9026=DIRECTION('',(0.,1.,0.));
#9027=DIRECTION('center_axis',(0.,-1.,0.));
#9028=DIRECTION('ref_axis',(1.,0.,0.));
#9029=DIRECTION('',(1.,0.,0.));
#9030=DIRECTION('center_axis',(0.,0.,1.));
#9031=DIRECTION('ref_axis',(1.,0.,0.));
#9032=DIRECTION('',(1.,0.,0.));
#9033=DIRECTION('',(0.,-1.,0.));
#9034=DIRECTION('',(1.,0.,0.));
#9035=DIRECTION('',(0.,1.,0.));
#9036=DIRECTION('',(-1.,0.,0.));
#9037=DIRECTION('',(0.,-1.,0.));
#9038=DIRECTION('',(1.,0.,0.));
#9039=DIRECTION('',(0.,-1.,0.));
#9040=DIRECTION('',(1.,0.,0.));
#9041=DIRECTION('',(0.,1.,0.));
#9042=DIRECTION('',(1.,0.,0.));
#9043=DIRECTION('',(1.,0.,0.));
#9044=DIRECTION('',(1.,0.,0.));
#9045=DIRECTION('',(-1.,0.,0.));
#9046=DIRECTION('',(1.,0.,0.));
#9047=DIRECTION('',(1.,0.,0.));
#9048=DIRECTION('',(1.,0.,0.));
#9049=DIRECTION('',(-1.,0.,0.));
#9050=DIRECTION('',(-0.999999416177973,0.00108057563934668,0.));
#9051=DIRECTION('',(0.,-1.,0.));
#9052=DIRECTION('',(1.,0.,0.));
#9053=DIRECTION('',(0.,1.,0.));
#9054=DIRECTION('',(-1.,0.,0.));
#9055=DIRECTION('',(0.,-1.,0.));
#9056=DIRECTION('',(1.,0.,0.));
#9057=DIRECTION('',(0.,1.,0.));
#9058=DIRECTION('',(1.,0.,0.));
#9059=DIRECTION('',(0.,1.,0.));
#9060=DIRECTION('',(-1.,0.,0.));
#9061=DIRECTION('',(0.,-1.,0.));
#9062=DIRECTION('',(1.,0.,0.));
#9063=DIRECTION('',(-1.,0.,0.));
#9064=DIRECTION('',(1.,0.,0.));
#9065=DIRECTION('',(1.,0.,0.));
#9066=DIRECTION('',(0.,1.,0.));
#9067=DIRECTION('',(-1.,0.,0.));
#9068=DIRECTION('',(0.,-1.,0.));
#9069=DIRECTION('',(-1.,0.,0.));
#9070=DIRECTION('',(-0.971122228468077,-0.23858251691018,0.));
#9071=DIRECTION('',(0.,-1.,0.));
#9072=DIRECTION('',(0.95838874184474,0.285466319388569,0.));
#9073=DIRECTION('',(0.94952411884636,-0.313694035214322,0.));
#9074=DIRECTION('',(0.,1.,0.));
#9075=DIRECTION('',(-0.95832810837237,0.285669803625506,0.));
#9076=DIRECTION('',(-1.,0.,0.));
#9077=DIRECTION('',(1.,0.,0.));
#9078=DIRECTION('',(1.,0.,0.));
#9079=DIRECTION('',(0.,1.,0.));
#9080=DIRECTION('',(-1.,0.,0.));
#9081=DIRECTION('',(-1.,0.,0.));
#9082=DIRECTION('',(0.,1.,0.));
#9083=DIRECTION('',(-1.,0.,0.));
#9084=DIRECTION('',(1.,0.,0.));
#9085=DIRECTION('',(1.,0.,0.));
#9086=DIRECTION('',(-1.,0.,0.));
#9087=DIRECTION('',(0.,-1.,0.));
#9088=DIRECTION('',(1.,0.,0.));
#9089=DIRECTION('',(0.,-1.,0.));
#9090=DIRECTION('center_axis',(0.,-1.,0.));
#9091=DIRECTION('ref_axis',(-1.,0.,0.));
#9092=DIRECTION('',(0.,0.,-1.));
#9093=DIRECTION('',(0.,0.,-1.));
#9094=DIRECTION('',(0.,0.,-1.));
#9095=DIRECTION('',(0.,0.,-1.));
#9096=DIRECTION('center_axis',(0.,-1.,0.));
#9097=DIRECTION('ref_axis',(-1.,0.,0.));
#9098=DIRECTION('',(0.,0.,1.));
#9099=DIRECTION('',(0.,0.,-1.));
#9100=DIRECTION('',(0.,0.,-1.));
#9101=DIRECTION('',(0.,0.,-1.));
#9102=DIRECTION('',(0.,0.,-1.));
#9103=DIRECTION('',(0.,0.,-1.));
#9104=DIRECTION('',(0.,0.,-1.));
#9105=DIRECTION('',(0.,0.,-1.));
#9106=DIRECTION('center_axis',(0.,-1.,0.));
#9107=DIRECTION('ref_axis',(-1.,0.,0.));
#9108=DIRECTION('',(0.,0.,-1.));
#9109=DIRECTION('center_axis',(-1.,0.,0.));
#9110=DIRECTION('ref_axis',(0.,1.,0.));
#9111=DIRECTION('',(0.,0.,1.));
#9112=DIRECTION('center_axis',(0.,1.,0.));
#9113=DIRECTION('ref_axis',(1.,0.,0.));
#9114=DIRECTION('',(0.,0.,-1.));
#9115=DIRECTION('',(0.,0.,-1.));
#9116=DIRECTION('',(0.,0.,-1.));
#9117=DIRECTION('',(0.,0.,-1.));
#9118=DIRECTION('',(0.,0.,-1.));
#9119=DIRECTION('center_axis',(-0.285466319388569,0.95838874184474,0.));
#9120=DIRECTION('ref_axis',(0.95838874184474,0.285466319388569,0.));
#9121=DIRECTION('',(0.,0.,-1.));
#9122=DIRECTION('',(0.,0.,-1.));
#9123=DIRECTION('center_axis',(1.,0.,0.));
#9124=DIRECTION('ref_axis',(0.,-1.,0.));
#9125=DIRECTION('',(0.,0.,-1.));
#9126=DIRECTION('center_axis',(0.23858251691018,-0.971122228468077,0.));
#9127=DIRECTION('ref_axis',(-0.971122228468077,-0.23858251691018,0.));
#9128=DIRECTION('',(0.,0.,1.));
#9129=DIRECTION('center_axis',(0.,-1.,0.));
#9130=DIRECTION('ref_axis',(-1.,0.,0.));
#9131=DIRECTION('',(0.,0.,-1.));
#9132=DIRECTION('',(0.,0.,-1.));
#9133=DIRECTION('center_axis',(-1.,0.,0.));
#9134=DIRECTION('ref_axis',(0.,1.,0.));
#9135=DIRECTION('',(0.,0.,1.));
#9136=DIRECTION('center_axis',(0.,1.,0.));
#9137=DIRECTION('ref_axis',(1.,0.,0.));
#9138=DIRECTION('',(0.,0.,-1.));
#9139=DIRECTION('',(0.,0.,-1.));
#9140=DIRECTION('',(0.,0.,-1.));
#9141=DIRECTION('',(0.,0.,-1.));
#9142=DIRECTION('',(0.,0.,-1.));
#9143=DIRECTION('center_axis',(0.,-1.,0.));
#9144=DIRECTION('ref_axis',(-1.,0.,0.));
#9145=DIRECTION('',(0.,0.,-1.));
#9146=DIRECTION('',(0.,0.,-1.));
#9147=DIRECTION('center_axis',(-1.,0.,0.));
#9148=DIRECTION('ref_axis',(0.,1.,0.));
#9149=DIRECTION('',(0.,0.,-1.));
#9150=DIRECTION('center_axis',(0.,1.,0.));
#9151=DIRECTION('ref_axis',(1.,0.,0.));
#9152=DIRECTION('',(0.,0.,-1.));
#9153=DIRECTION('',(0.,0.,-1.));
#9154=DIRECTION('',(0.,0.,-1.));
#9155=DIRECTION('center_axis',(-1.,0.,0.));
#9156=DIRECTION('ref_axis',(0.,1.,0.));
#9157=DIRECTION('',(0.,0.,-1.));
#9158=DIRECTION('center_axis',(0.,1.,0.));
#9159=DIRECTION('ref_axis',(1.,0.,0.));
#9160=DIRECTION('',(0.,0.,-1.));
#9161=DIRECTION('center_axis',(1.,0.,0.));
#9162=DIRECTION('ref_axis',(0.,-1.,0.));
#9163=DIRECTION('',(0.,0.,-1.));
#9164=DIRECTION('center_axis',(-0.00108057563934668,-0.999999416177973,
0.));
#9165=DIRECTION('ref_axis',(-0.999999416177973,0.00108057563934668,0.));
#9166=DIRECTION('',(0.,0.,-1.));
#9167=DIRECTION('',(0.,0.,-1.));
#9168=DIRECTION('',(0.,0.,-1.));
#9169=DIRECTION('',(0.,0.,-1.));
#9170=DIRECTION('',(0.,0.,-1.));
#9171=DIRECTION('',(0.,0.,-1.));
#9172=DIRECTION('center_axis',(0.,-1.,0.));
#9173=DIRECTION('ref_axis',(-1.,0.,0.));
#9174=DIRECTION('center_axis',(0.,-1.,0.));
#9175=DIRECTION('ref_axis',(-1.,0.,0.));
#9176=DIRECTION('',(0.,0.,-1.));
#9177=DIRECTION('',(0.,0.,-1.));
#9178=DIRECTION('',(0.,0.,-1.));
#9179=DIRECTION('center_axis',(0.,-1.,0.));
#9180=DIRECTION('ref_axis',(-1.,0.,0.));
#9181=DIRECTION('center_axis',(0.,-1.,0.));
#9182=DIRECTION('ref_axis',(-1.,0.,0.));
#9183=DIRECTION('',(0.,0.,-1.));
#9184=DIRECTION('',(0.,0.,-1.));
#9185=DIRECTION('',(0.,0.,-1.));
#9186=DIRECTION('center_axis',(1.,0.,0.));
#9187=DIRECTION('ref_axis',(0.,-1.,0.));
#9188=DIRECTION('',(0.,0.,-1.));
#9189=DIRECTION('',(0.,0.,-1.));
#9190=DIRECTION('center_axis',(0.,-1.,0.));
#9191=DIRECTION('ref_axis',(-1.,0.,0.));
#9192=DIRECTION('',(0.,0.,-1.));
#9193=DIRECTION('center_axis',(-1.,0.,0.));
#9194=DIRECTION('ref_axis',(0.,1.,0.));
#9195=DIRECTION('',(0.,0.,-1.));
#9196=DIRECTION('center_axis',(0.,1.,0.));
#9197=DIRECTION('ref_axis',(1.,0.,0.));
#9198=DIRECTION('',(0.,0.,-1.));
#9199=DIRECTION('center_axis',(1.,0.,0.));
#9200=DIRECTION('ref_axis',(0.,-1.,0.));
#9201=DIRECTION('',(0.,0.,-1.));
#9202=DIRECTION('center_axis',(0.,-1.,0.));
#9203=DIRECTION('ref_axis',(-1.,0.,0.));
#9204=DIRECTION('',(0.,0.,-1.));
#9205=DIRECTION('center_axis',(1.,0.,0.));
#9206=DIRECTION('ref_axis',(0.,-1.,0.));
#9207=DIRECTION('',(0.,0.,-1.));
#9208=DIRECTION('center_axis',(0.,1.,0.));
#9209=DIRECTION('ref_axis',(1.,0.,0.));
#9210=DIRECTION('center_axis',(0.,-1.,0.));
#9211=DIRECTION('ref_axis',(-1.,0.,0.));
#9212=DIRECTION('center_axis',(0.,-1.,0.));
#9213=DIRECTION('ref_axis',(-1.,0.,0.));
#9214=DIRECTION('center_axis',(-1.,0.,0.));
#9215=DIRECTION('ref_axis',(0.,1.,0.));
#9216=DIRECTION('',(0.,0.,-1.));
#9217=DIRECTION('center_axis',(0.,-1.,0.));
#9218=DIRECTION('ref_axis',(-1.,0.,0.));
#9219=DIRECTION('',(0.,0.,-1.));
#9220=DIRECTION('center_axis',(1.,0.,0.));
#9221=DIRECTION('ref_axis',(0.,-1.,0.));
#9222=DIRECTION('center_axis',(0.,1.,0.));
#9223=DIRECTION('ref_axis',(1.,0.,0.));
#9224=DIRECTION('center_axis',(0.,-1.,0.));
#9225=DIRECTION('ref_axis',(-1.,0.,0.));
#9226=DIRECTION('center_axis',(0.,1.,0.));
#9227=DIRECTION('ref_axis',(1.,0.,0.));
#9228=DIRECTION('',(0.,0.,-1.));
#9229=DIRECTION('center_axis',(0.,-1.,0.));
#9230=DIRECTION('ref_axis',(-1.,0.,0.));
#9231=DIRECTION('',(0.,0.,-1.));
#9232=DIRECTION('center_axis',(1.,0.,0.));
#9233=DIRECTION('ref_axis',(0.,-1.,0.));
#9234=DIRECTION('center_axis',(0.,1.,0.));
#9235=DIRECTION('ref_axis',(1.,0.,0.));
#9236=DIRECTION('center_axis',(0.,-1.,0.));
#9237=DIRECTION('ref_axis',(-1.,0.,0.));
#9238=DIRECTION('center_axis',(-1.,0.,0.));
#9239=DIRECTION('ref_axis',(0.,1.,0.));
#9240=DIRECTION('',(0.,0.,-1.));
#9241=DIRECTION('center_axis',(1.,0.,0.));
#9242=DIRECTION('ref_axis',(0.,-1.,0.));
#9243=DIRECTION('',(0.,0.,-1.));
#9244=DIRECTION('center_axis',(0.,1.,0.));
#9245=DIRECTION('ref_axis',(1.,0.,0.));
#9246=DIRECTION('',(0.,0.,-1.));
#9247=DIRECTION('',(0.,0.,-1.));
#9248=DIRECTION('',(0.,0.,-1.));
#9249=DIRECTION('',(0.,0.,-1.));
#9250=DIRECTION('',(0.,0.,-1.));
#9251=DIRECTION('',(0.,0.,-1.));
#9252=DIRECTION('',(0.,0.,-1.));
#9253=DIRECTION('',(0.,0.,-1.));
#9254=DIRECTION('center_axis',(0.,-1.,0.));
#9255=DIRECTION('ref_axis',(-1.,0.,0.));
#9256=DIRECTION('',(0.,0.,-1.));
#9257=DIRECTION('center_axis',(1.,0.,0.));
#9258=DIRECTION('ref_axis',(0.,-1.,0.));
#9259=DIRECTION('',(0.,0.,-1.));
#9260=DIRECTION('center_axis',(0.,1.,0.));
#9261=DIRECTION('ref_axis',(1.,0.,0.));
#9262=DIRECTION('center_axis',(0.313694035214322,0.94952411884636,0.));
#9263=DIRECTION('ref_axis',(0.94952411884636,-0.313694035214322,0.));
#9264=DIRECTION('',(0.,0.,-1.));
#9265=DIRECTION('center_axis',(-1.,0.,0.));
#9266=DIRECTION('ref_axis',(0.,1.,0.));
#9267=DIRECTION('',(0.,0.,-1.));
#9268=DIRECTION('center_axis',(-0.285669803625506,-0.95832810837237,0.));
#9269=DIRECTION('ref_axis',(-0.95832810837237,0.285669803625506,0.));
#9270=DIRECTION('',(0.,0.,-1.));
#9271=DIRECTION('',(0.,0.,-1.));
#9272=DIRECTION('',(0.,0.,-1.));
#9273=DIRECTION('',(0.,0.,-1.));
#9274=DIRECTION('',(0.,0.,-1.));
#9275=DIRECTION('',(0.,0.,-1.));
#9276=DIRECTION('',(0.,0.,-1.));
#9277=DIRECTION('',(0.,0.,-1.));
#9278=DIRECTION('',(0.,0.,-1.));
#9279=DIRECTION('',(0.,0.,-1.));
#9280=DIRECTION('',(0.,0.,-1.));
#9281=DIRECTION('',(0.,0.,-1.));
#9282=DIRECTION('center_axis',(0.,-1.,0.));
#9283=DIRECTION('ref_axis',(-1.,0.,0.));
#9284=DIRECTION('',(0.,0.,-1.));
#9285=DIRECTION('',(0.,0.,-1.));
#9286=DIRECTION('',(0.,0.,-1.));
#9287=DIRECTION('',(0.,0.,-1.));
#9288=DIRECTION('',(0.,0.,-1.));
#9289=DIRECTION('',(0.,0.,-1.));
#9290=DIRECTION('',(0.,0.,-1.));
#9291=DIRECTION('',(0.,0.,-1.));
#9292=DIRECTION('center_axis',(0.,-1.,0.));
#9293=DIRECTION('ref_axis',(-1.,0.,0.));
#9294=DIRECTION('center_axis',(0.,1.,0.));
#9295=DIRECTION('ref_axis',(1.,0.,0.));
#9296=DIRECTION('',(0.,0.,-1.));
#9297=DIRECTION('center_axis',(0.,1.,0.));
#9298=DIRECTION('ref_axis',(1.,0.,0.));
#9299=DIRECTION('',(0.,0.,-1.));
#9300=DIRECTION('center_axis',(1.,0.,0.));
#9301=DIRECTION('ref_axis',(0.,-1.,0.));
#9302=DIRECTION('',(0.,0.,-1.));
#9303=DIRECTION('center_axis',(0.,1.,0.));
#9304=DIRECTION('ref_axis',(1.,0.,0.));
#9305=DIRECTION('',(0.,0.,-1.));
#9306=DIRECTION('center_axis',(-1.,0.,0.));
#9307=DIRECTION('ref_axis',(0.,1.,0.));
#9308=DIRECTION('center_axis',(-1.,0.,0.));
#9309=DIRECTION('ref_axis',(0.,-0.70710678118655,-0.707106781186545));
#9310=DIRECTION('center_axis',(-1.,0.,0.));
#9311=DIRECTION('ref_axis',(0.,-0.70710678118655,-0.707106781186545));
#9312=DIRECTION('',(-1.,0.,0.));
#9313=DIRECTION('center_axis',(0.,-1.,0.));
#9314=DIRECTION('ref_axis',(-1.,0.,0.));
#9315=DIRECTION('',(0.,0.,-1.));
#9316=DIRECTION('center_axis',(-1.,0.,0.));
#9317=DIRECTION('ref_axis',(0.,-0.70710678118655,-0.707106781186545));
#9318=DIRECTION('',(-1.,0.,0.));
#9319=DIRECTION('center_axis',(1.,0.,0.));
#9320=DIRECTION('ref_axis',(0.,-1.,0.));
#9321=DIRECTION('center_axis',(0.,-1.,0.));
#9322=DIRECTION('ref_axis',(-1.,0.,0.));
#9323=DIRECTION('center_axis',(-1.,0.,0.));
#9324=DIRECTION('ref_axis',(0.,1.,0.));
#9325=DIRECTION('',(0.,-1.,0.));
#9326=DIRECTION('',(0.,0.,-1.));
#9327=DIRECTION('',(0.,1.,0.));
#9328=DIRECTION('',(0.,0.,-1.));
#9329=DIRECTION('center_axis',(0.,-1.,0.));
#9330=DIRECTION('ref_axis',(-1.,0.,0.));
#9331=DIRECTION('',(1.,0.,0.));
#9332=DIRECTION('',(-1.,0.,0.));
#9333=DIRECTION('',(0.,0.,-1.));
#9334=DIRECTION('center_axis',(1.,0.,0.));
#9335=DIRECTION('ref_axis',(0.,-1.,0.));
#9336=DIRECTION('',(0.,1.,0.));
#9337=DIRECTION('',(0.,-1.,0.));
#9338=DIRECTION('',(0.,0.,-1.));
#9339=DIRECTION('center_axis',(0.,1.,0.));
#9340=DIRECTION('ref_axis',(1.,0.,0.));
#9341=DIRECTION('',(-1.,0.,0.));
#9342=DIRECTION('',(1.,0.,0.));
#9343=DIRECTION('center_axis',(0.,0.,-1.));
#9344=DIRECTION('ref_axis',(-1.,0.,0.));
#9345=DIRECTION('center_axis',(0.,0.,-1.));
#9346=DIRECTION('ref_axis',(1.,0.,0.));
#9347=DIRECTION('center_axis',(1.,0.,0.));
#9348=DIRECTION('ref_axis',(0.,0.,-1.));
#9349=DIRECTION('',(0.,1.,0.));
#9350=DIRECTION('',(0.,0.,-1.));
#9351=DIRECTION('',(0.,-1.,0.));
#9352=DIRECTION('',(0.,0.,1.));
#9353=DIRECTION('center_axis',(0.,0.,1.));
#9354=DIRECTION('ref_axis',(1.,0.,0.));
#9355=DIRECTION('',(-1.,0.,0.));
#9356=DIRECTION('',(-1.,0.,0.));
#9357=DIRECTION('',(0.,-1.,0.));
#9358=DIRECTION('',(-1.,0.,0.));
#9359=DIRECTION('',(0.,-1.,0.));
#9360=DIRECTION('',(-1.,0.,0.));
#9361=DIRECTION('',(0.,-1.,0.));
#9362=DIRECTION('',(1.,0.,0.));
#9363=DIRECTION('',(0.,-1.,0.));
#9364=DIRECTION('',(-1.,0.,0.));
#9365=DIRECTION('',(0.,1.,0.));
#9366=DIRECTION('',(1.,0.,0.));
#9367=DIRECTION('',(0.,1.,0.));
#9368=DIRECTION('',(-1.,0.,0.));
#9369=DIRECTION('',(-2.28575328599297E-16,1.,0.));
#9370=DIRECTION('',(1.,0.,0.));
#9371=DIRECTION('',(0.,-1.,0.));
#9372=DIRECTION('center_axis',(-0.999847695156391,0.,-0.0174524064372836));
#9373=DIRECTION('ref_axis',(0.,-1.,0.));
#9374=DIRECTION('',(-0.0174524064319732,2.46689358113238E-5,0.999847694852159));
#9375=DIRECTION('',(1.44453153521525E-18,-1.,-8.27571562269035E-17));
#9376=DIRECTION('',(0.0174524064372836,0.,-0.999847695156391));
#9377=DIRECTION('',(0.,-1.,0.));
#9378=DIRECTION('center_axis',(-0.999847695156391,0.,-0.0174524064372836));
#9379=DIRECTION('ref_axis',(0.,-1.,0.));
#9380=DIRECTION('',(0.0174524064372836,0.,-0.999847695156391));
#9381=DIRECTION('',(0.,-1.,0.));
#9382=DIRECTION('',(-0.0174524064372836,0.,0.999847695156391));
#9383=DIRECTION('',(1.44453153521525E-18,-1.,-8.27571562269035E-17));
#9384=DIRECTION('center_axis',(-1.,0.,0.));
#9385=DIRECTION('ref_axis',(0.,0.,1.));
#9386=DIRECTION('',(0.,1.,0.));
#9387=DIRECTION('',(0.,0.,1.));
#9388=DIRECTION('',(0.,-1.,0.));
#9389=DIRECTION('',(0.,0.,-1.));
#9390=DIRECTION('center_axis',(0.,-1.,0.));
#9391=DIRECTION('ref_axis',(-1.,0.,0.));
#9392=DIRECTION('',(-1.,0.,0.));
#9393=DIRECTION('',(0.,0.,-1.));
#9394=DIRECTION('',(-1.,0.,0.));
#9395=DIRECTION('',(0.,0.,1.));
#9396=DIRECTION('',(-1.,0.,0.));
#9397=DIRECTION('',(0.,0.,1.));
#9398=DIRECTION('',(-0.707106781186548,0.,-0.707106781186548));
#9399=DIRECTION('center_axis',(0.,0.,-1.));
#9400=DIRECTION('ref_axis',(-1.,0.,0.));
#9401=DIRECTION('',(1.,0.,0.));
#9402=DIRECTION('',(0.,-1.,0.));
#9403=DIRECTION('center_axis',(0.,1.,0.));
#9404=DIRECTION('ref_axis',(-1.,0.,0.));
#9405=DIRECTION('',(0.,0.,1.));
#9406=DIRECTION('',(1.,0.,0.));
#9407=DIRECTION('center_axis',(0.,-1.,0.));
#9408=DIRECTION('ref_axis',(1.,0.,0.));
#9409=DIRECTION('',(0.,0.,-1.));
#9410=DIRECTION('',(-1.,0.,0.));
#9411=DIRECTION('',(0.,0.,1.));
#9412=DIRECTION('',(1.,0.,0.));
#9413=DIRECTION('',(0.,0.,1.));
#9414=DIRECTION('center_axis',(-1.,0.,0.));
#9415=DIRECTION('ref_axis',(0.,-1.,0.));
#9416=DIRECTION('',(0.,0.,1.));
#9417=DIRECTION('',(0.,0.,1.));
#9418=DIRECTION('center_axis',(0.,1.,0.));
#9419=DIRECTION('ref_axis',(-1.,0.,0.));
#9420=DIRECTION('',(0.,0.,1.));
#9421=DIRECTION('center_axis',(0.,0.,1.));
#9422=DIRECTION('ref_axis',(1.,0.,0.));
#9423=DIRECTION('',(0.,-1.,0.));
#9424=DIRECTION('',(0.000746912023181553,0.999999721061176,0.));
#9425=DIRECTION('',(0.9999801000683,-0.00630868190614061,0.));
#9426=DIRECTION('',(0.271289371742453,-0.962497832090849,0.));
#9427=DIRECTION('',(-1.06939906877095E-16,-1.,0.));
#9428=DIRECTION('',(-0.519026840186172,0.854757941856265,0.));
#9429=DIRECTION('',(-0.258819045102522,0.965925826289068,0.));
#9430=DIRECTION('',(0.965925826289068,0.25881904510252,0.));
#9431=DIRECTION('',(0.584264291370397,-0.811563452743806,0.));
#9432=DIRECTION('',(0.513977285622448,-0.857803794503254,0.));
#9433=DIRECTION('',(0.,1.,0.));
#9434=DIRECTION('',(1.,0.,0.));
#9435=DIRECTION('',(0.,1.,0.));
#9436=DIRECTION('center_axis',(0.,0.,1.));
#9437=DIRECTION('ref_axis',(0.707106781186547,0.707106781186547,0.));
#9438=DIRECTION('',(-1.,-4.77515279408669E-17,0.));
#9439=DIRECTION('center_axis',(0.,0.,1.));
#9440=DIRECTION('ref_axis',(-0.707106781186547,0.707106781186547,0.));
#9441=DIRECTION('',(8.42016877621188E-17,-1.,0.));
#9442=DIRECTION('',(1.,0.,0.));
#9443=DIRECTION('',(0.,-1.,0.));
#9444=DIRECTION('',(1.,0.,0.));
#9445=DIRECTION('',(0.,-1.,0.));
#9446=DIRECTION('',(0.,-1.,0.));
#9447=DIRECTION('',(2.28575328599297E-16,-1.,0.));
#9448=DIRECTION('',(-1.,0.,0.));
#9449=DIRECTION('',(1.,0.,0.));
#9450=DIRECTION('',(2.28575328599297E-16,-1.,0.));
#9451=DIRECTION('',(1.,0.,0.));
#9452=DIRECTION('',(0.,-1.,0.));
#9453=DIRECTION('',(-1.,0.,0.));
#9454=DIRECTION('',(0.,-1.,0.));
#9455=DIRECTION('',(1.,0.,0.));
#9456=DIRECTION('',(0.,-1.,0.));
#9457=DIRECTION('center_axis',(0.,0.,-1.));
#9458=DIRECTION('ref_axis',(1.,0.,0.));
#9459=DIRECTION('center_axis',(0.,0.,-1.));
#9460=DIRECTION('ref_axis',(0.258819045102521,-0.965925826289068,0.));
#9461=DIRECTION('center_axis',(0.,0.,-1.));
#9462=DIRECTION('ref_axis',(1.,0.,0.));
#9463=DIRECTION('',(-0.96592582628907,-0.258819045102513,0.));
#9464=DIRECTION('',(-0.258819045102521,0.965925826289068,0.));
#9465=DIRECTION('',(0.965925826289068,0.258819045102521,0.));
#9466=DIRECTION('',(0.258819045102522,-0.965925826289068,0.));
#9467=DIRECTION('center_axis',(0.,0.,-1.));
#9468=DIRECTION('ref_axis',(1.,0.,0.));
#9469=DIRECTION('',(0.965925826289068,0.258819045102521,0.));
#9470=DIRECTION('',(0.551460608734069,-0.8342009332377,0.));
#9471=DIRECTION('',(0.250421268595498,-0.968136967703962,0.));
#9472=DIRECTION('',(-1.,0.,0.));
#9473=DIRECTION('',(-0.253488453667766,0.967338412272109,0.));
#9474=DIRECTION('center_axis',(0.,-1.,0.));
#9475=DIRECTION('ref_axis',(1.,0.,0.));
#9476=DIRECTION('',(0.,0.,-1.));
#9477=DIRECTION('',(1.,0.,0.));
#9478=DIRECTION('',(0.,0.,1.));
#9479=DIRECTION('center_axis',(0.,1.,0.));
#9480=DIRECTION('ref_axis',(-1.,0.,0.));
#9481=DIRECTION('',(0.,0.,-1.));
#9482=DIRECTION('',(-1.,0.,0.));
#9483=DIRECTION('',(0.,0.,1.));
#9484=DIRECTION('center_axis',(0.,0.,1.));
#9485=DIRECTION('ref_axis',(1.,0.,0.));
#9486=DIRECTION('',(0.,1.,0.));
#9487=DIRECTION('',(2.28575328599297E-16,-1.,0.));
#9488=DIRECTION('center_axis',(1.,0.,0.));
#9489=DIRECTION('ref_axis',(0.,1.,0.));
#9490=DIRECTION('',(0.,0.,1.));
#9491=DIRECTION('',(0.,1.,0.));
#9492=DIRECTION('center_axis',(1.,2.28575328599297E-16,0.));
#9493=DIRECTION('ref_axis',(-2.28575328599297E-16,1.,0.));
#9494=DIRECTION('',(0.,0.,1.));
#9495=DIRECTION('center_axis',(0.,-1.,0.));
#9496=DIRECTION('ref_axis',(1.,0.,0.));
#9497=DIRECTION('',(0.,0.,1.));
#9498=DIRECTION('',(-1.,0.,0.));
#9499=DIRECTION('center_axis',(0.,1.,0.));
#9500=DIRECTION('ref_axis',(-1.,0.,0.));
#9501=DIRECTION('',(1.,0.,0.));
#9502=DIRECTION('',(0.,0.,1.));
#9503=DIRECTION('center_axis',(0.,0.,1.));
#9504=DIRECTION('ref_axis',(1.,0.,0.));
#9505=DIRECTION('',(-8.42016877621188E-17,1.,0.));
#9506=DIRECTION('',(-1.,0.,0.));
#9507=DIRECTION('',(-8.42016877621188E-17,1.,0.));
#9508=DIRECTION('center_axis',(-1.,0.,0.));
#9509=DIRECTION('ref_axis',(0.,-1.,0.));
#9510=DIRECTION('',(0.,0.,1.));
#9511=DIRECTION('',(0.,0.,-1.));
#9512=DIRECTION('',(0.,0.,-1.));
#9513=DIRECTION('',(-8.42016877621188E-17,1.,0.));
#9514=DIRECTION('',(0.,0.,1.));
#9515=DIRECTION('',(-8.42016877621188E-17,1.,0.));
#9516=DIRECTION('',(-7.91237046477821E-17,0.939692620785908,-0.342020143325669));
#9517=DIRECTION('',(0.,-0.342020143325666,-0.939692620785909));
#9518=DIRECTION('',(7.91237046477821E-17,-0.939692620785908,0.342020143325669));
#9519=DIRECTION('',(-2.87986733166631E-17,0.342020143325669,0.939692620785908));
#9520=DIRECTION('center_axis',(-1.,-8.42016877621188E-17,0.));
#9521=DIRECTION('ref_axis',(0.,-1.,0.));
#9522=DIRECTION('center_axis',(-1.,-8.42016877621188E-17,0.));
#9523=DIRECTION('ref_axis',(0.,-1.,0.));
#9524=DIRECTION('',(0.,1.,0.));
#9525=DIRECTION('',(0.,0.,-1.));
#9526=DIRECTION('',(-8.42016877621188E-17,1.,0.));
#9527=DIRECTION('',(0.,0.,1.));
#9528=DIRECTION('',(8.42016877621188E-17,-1.,0.));
#9529=DIRECTION('',(0.,0.,-1.));
#9530=DIRECTION('',(-8.42016877621188E-17,1.,0.));
#9531=DIRECTION('center_axis',(-1.,-8.42016877621188E-17,0.));
#9532=DIRECTION('ref_axis',(0.,-1.,0.));
#9533=DIRECTION('center_axis',(-1.,-8.42016877621188E-17,0.));
#9534=DIRECTION('ref_axis',(0.,-1.,0.));
#9535=DIRECTION('center_axis',(0.,1.,0.));
#9536=DIRECTION('ref_axis',(-1.,0.,0.));
#9537=DIRECTION('center_axis',(-1.,0.,0.));
#9538=DIRECTION('ref_axis',(0.,-1.,0.));
#9539=DIRECTION('',(0.,0.,1.));
#9540=DIRECTION('center_axis',(0.,-1.,0.));
#9541=DIRECTION('ref_axis',(1.,0.,0.));
#9542=DIRECTION('',(0.,0.,1.));
#9543=DIRECTION('center_axis',(-1.,0.,0.));
#9544=DIRECTION('ref_axis',(0.,-1.,0.));
#9545=DIRECTION('',(0.,0.,-1.));
#9546=DIRECTION('center_axis',(1.,0.,0.));
#9547=DIRECTION('ref_axis',(0.,1.,0.));
#9548=DIRECTION('',(0.,0.,1.));
#9549=DIRECTION('',(0.,0.,1.));
#9550=DIRECTION('center_axis',(0.,-1.,0.));
#9551=DIRECTION('ref_axis',(1.,0.,0.));
#9552=DIRECTION('',(0.,0.,1.));
#9553=DIRECTION('center_axis',(1.,0.,0.));
#9554=DIRECTION('ref_axis',(0.,1.,0.));
#9555=DIRECTION('',(0.,0.,1.));
#9556=DIRECTION('center_axis',(0.,1.,0.));
#9557=DIRECTION('ref_axis',(-1.,0.,0.));
#9558=DIRECTION('center_axis',(0.,1.,0.));
#9559=DIRECTION('ref_axis',(-1.,0.,0.));
#9560=DIRECTION('center_axis',(0.,1.,0.));
#9561=DIRECTION('ref_axis',(0.707106781186554,0.,0.707106781186541));
#9562=DIRECTION('',(0.,1.,0.));
#9563=DIRECTION('center_axis',(0.,-1.,0.));
#9564=DIRECTION('ref_axis',(0.707106781186554,0.,0.707106781186541));
#9565=DIRECTION('',(0.,-1.,0.));
#9566=DIRECTION('center_axis',(0.707106781186548,0.707106781186548,0.));
#9567=DIRECTION('ref_axis',(0.707106781186548,-0.707106781186548,0.));
#9568=DIRECTION('center_axis',(1.,0.,0.));
#9569=DIRECTION('ref_axis',(0.,-0.707106781186554,0.707106781186541));
#9570=DIRECTION('',(1.,0.,0.));
#9571=DIRECTION('',(-1.,0.,0.));
#9572=DIRECTION('center_axis',(0.707106781186551,-0.707106781186544,0.));
#9573=DIRECTION('ref_axis',(-0.707106781186544,-0.707106781186551,0.));
#9574=DIRECTION('center_axis',(6.58547813475215E-17,-1.,0.));
#9575=DIRECTION('ref_axis',(-0.707106781186548,0.,0.707106781186548));
#9576=DIRECTION('',(-6.58547813475215E-17,1.,0.));
#9577=DIRECTION('center_axis',(0.,-1.,0.));
#9578=DIRECTION('ref_axis',(-0.707106781186548,0.,0.707106781186548));
#9579=DIRECTION('',(6.58547813475215E-17,-1.,0.));
#9580=DIRECTION('center_axis',(0.,0.,1.));
#9581=DIRECTION('ref_axis',(1.,0.,0.));
#9582=DIRECTION('',(-1.,0.,0.));
#9583=DIRECTION('',(0.,-1.,0.));
#9584=DIRECTION('',(-1.,0.,0.));
#9585=DIRECTION('',(-1.,0.,0.));
#9586=DIRECTION('center_axis',(0.,1.,0.));
#9587=DIRECTION('ref_axis',(-1.,0.,0.));
#9588=DIRECTION('',(0.,0.,1.));
#9589=DIRECTION('',(1.,0.,0.));
#9590=DIRECTION('',(0.,0.,1.));
#9591=DIRECTION('center_axis',(1.,0.,0.));
#9592=DIRECTION('ref_axis',(0.,-1.,0.));
#9593=DIRECTION('',(0.,0.,1.));
#9594=DIRECTION('',(0.,-1.,0.));
#9595=DIRECTION('',(0.,0.,1.));
#9596=DIRECTION('center_axis',(-1.,0.,0.));
#9597=DIRECTION('ref_axis',(0.,-0.707106781186547,-0.707106781186548));
#9598=DIRECTION('',(0.,-1.,0.));
#9599=DIRECTION('',(0.,0.,-1.));
#9600=DIRECTION('',(0.,1.,0.));
#9601=DIRECTION('center_axis',(1.,0.,0.));
#9602=DIRECTION('ref_axis',(0.,-1.,0.));
#9603=DIRECTION('center_axis',(-1.,0.,0.));
#9604=DIRECTION('ref_axis',(0.,-1.,0.));
#9605=DIRECTION('center_axis',(-1.,0.,0.));
#9606=DIRECTION('ref_axis',(0.,-1.,0.));
#9607=DIRECTION('',(0.,0.939692620785909,-0.342020143325668));
#9608=DIRECTION('',(0.,0.342020143325668,0.939692620785909));
#9609=DIRECTION('',(0.,-0.939692620785909,0.342020143325668));
#9610=DIRECTION('',(0.,0.342020143325674,0.939692620785907));
#9611=DIRECTION('center_axis',(1.,0.,0.));
#9612=DIRECTION('ref_axis',(0.,-1.,0.));
#9613=DIRECTION('center_axis',(1.,0.,0.));
#9614=DIRECTION('ref_axis',(0.,-1.,0.));
#9615=DIRECTION('',(-0.707106781186549,-0.707106781186546,-8.65956056235491E-17));
#9616=DIRECTION('center_axis',(-1.,0.,0.));
#9617=DIRECTION('ref_axis',(0.,-1.,0.));
#9618=DIRECTION('center_axis',(-1.,0.,0.));
#9619=DIRECTION('ref_axis',(0.,-1.,0.));
#9620=DIRECTION('',(-1.,0.,0.));
#9621=DIRECTION('center_axis',(1.,0.,0.));
#9622=DIRECTION('ref_axis',(0.,-1.,0.));
#9623=DIRECTION('center_axis',(1.,0.,0.));
#9624=DIRECTION('ref_axis',(0.,-1.,0.));
#9625=DIRECTION('',(-0.707106781186547,-0.707106781186547,-8.65956056235493E-17));
#9626=DIRECTION('center_axis',(-1.,0.,0.));
#9627=DIRECTION('ref_axis',(0.,-1.,0.));
#9628=DIRECTION('center_axis',(-1.,0.,0.));
#9629=DIRECTION('ref_axis',(0.,-1.,0.));
#9630=DIRECTION('',(-1.,0.,0.));
#9631=DIRECTION('center_axis',(1.,0.,0.));
#9632=DIRECTION('ref_axis',(0.,-1.,0.));
#9633=DIRECTION('center_axis',(-1.,0.,0.));
#9634=DIRECTION('ref_axis',(4.3404287706321E-17,-1.,0.));
#9635=DIRECTION('center_axis',(-1.,-6.58547813475215E-17,0.));
#9636=DIRECTION('ref_axis',(6.58547813475215E-17,-1.,0.));
#9637=DIRECTION('',(0.707106781186556,-0.707106781186539,8.65956056235483E-17));
#9638=DIRECTION('center_axis',(1.,6.58547813475215E-17,0.));
#9639=DIRECTION('ref_axis',(0.,-1.,0.));
#9640=DIRECTION('center_axis',(-1.,-6.58547813475215E-17,0.));
#9641=DIRECTION('ref_axis',(-6.58547813475215E-17,1.,0.));
#9642=DIRECTION('',(0.,0.,1.));
#9643=DIRECTION('',(6.58547813475215E-17,-1.,0.));
#9644=DIRECTION('',(0.,0.,1.));
#9645=DIRECTION('',(-6.58547813475215E-17,1.,0.));
#9646=DIRECTION('center_axis',(1.,6.58547813475215E-17,0.));
#9647=DIRECTION('ref_axis',(0.,-0.707106781186547,-0.707106781186548));
#9648=DIRECTION('',(0.,0.,-1.));
#9649=DIRECTION('',(-4.82705662880503E-17,1.,0.));
#9650=DIRECTION('',(0.,0.,1.));
#9651=DIRECTION('center_axis',(-1.,-6.58547813475215E-17,0.));
#9652=DIRECTION('ref_axis',(6.58547813475215E-17,-1.,0.));
#9653=DIRECTION('',(-6.18832520757356E-17,0.939692620785911,-0.342020143325662));
#9654=DIRECTION('',(2.25236617551599E-17,-0.342020143325669,-0.939692620785908));
#9655=DIRECTION('',(6.18832520757356E-17,-0.939692620785911,0.342020143325662));
#9656=DIRECTION('',(2.25236617551594E-17,-0.342020143325662,-0.939692620785911));
#9657=DIRECTION('center_axis',(1.,6.58547813475215E-17,0.));
#9658=DIRECTION('ref_axis',(0.,-1.,0.));
#9659=DIRECTION('center_axis',(1.,6.58547813475215E-17,0.));
#9660=DIRECTION('ref_axis',(0.,-1.,0.));
#9661=DIRECTION('center_axis',(-1.,0.,0.));
#9662=DIRECTION('ref_axis',(0.,-1.,0.));
#9663=DIRECTION('',(-1.,0.,0.));
#9664=DIRECTION('center_axis',(-1.,0.,0.));
#9665=DIRECTION('ref_axis',(4.3404287706321E-17,-1.,0.));
#9666=DIRECTION('',(0.707106781186549,-0.707106781186547,8.65956056235492E-17));
#9667=DIRECTION('center_axis',(1.,6.58547813475215E-17,0.));
#9668=DIRECTION('ref_axis',(0.,-1.,0.));
#9669=DIRECTION('center_axis',(-1.,0.,0.));
#9670=DIRECTION('ref_axis',(0.,-1.,0.));
#9671=DIRECTION('',(-1.,0.,0.));
#9672=DIRECTION('center_axis',(-6.34413156928663E-15,-0.939692620785914,
0.342020143325654));
#9673=DIRECTION('ref_axis',(0.,-0.342020143325654,-0.939692620785914));
#9674=DIRECTION('',(-0.99985943932993,-0.0057343385561452,-0.0157549656985363));
#9675=DIRECTION('',(0.99985943932993,0.0057343385561452,0.0157549656985363));
#9676=DIRECTION('',(0.99985943932993,0.00573433855614593,0.0157549656985383));
#9677=DIRECTION('',(0.485409864737002,0.299023668196076,0.821560776251257));
#9678=DIRECTION('',(-0.514449574592924,0.293289329639929,0.805805810552717));
#9679=DIRECTION('',(-0.99985943932993,-0.00573433855614617,-0.0157549656985389));
#9680=DIRECTION('center_axis',(6.34413156928663E-15,0.939692620785914,-0.342020143325654));
#9681=DIRECTION('ref_axis',(1.,0.,0.));
#9682=DIRECTION('center_axis',(-0.0167660843025003,0.341972068745145,0.939560536961471));
#9683=DIRECTION('ref_axis',(1.60246890531963E-17,-0.939692620785909,0.342020143325668));
#9684=DIRECTION('',(-0.99985943932993,-0.00573433855615139,-0.015754965698534));
#9685=DIRECTION('',(0.,0.939692620785909,-0.342020143325668));
#9686=DIRECTION('center_axis',(0.0167660843025003,-0.341972068745145,-0.939560536961471));
#9687=DIRECTION('ref_axis',(8.24164202536981E-18,0.939692620785909,-0.342020143325668));
#9688=DIRECTION('',(0.,-0.939692620785906,0.342020143325675));
#9689=DIRECTION('',(0.99985943932993,0.00573433855615139,0.015754965698534));
#9690=DIRECTION('center_axis',(-1.08300176438955E-16,-0.939692620785907,
0.342020143325674));
#9691=DIRECTION('ref_axis',(1.,-1.01768876629498E-16,3.70408418678465E-17));
#9692=DIRECTION('',(0.99985943932993,0.00573433855615235,0.0157549656985367));
#9693=DIRECTION('',(0.514449574592924,-0.293289329639943,-0.805805810552712));
#9694=DIRECTION('',(-0.485409864737002,-0.299023668196095,-0.82156077625125));
#9695=DIRECTION('',(-0.99985943932993,-0.00573433855615211,-0.015754965698536));
#9696=DIRECTION('center_axis',(1.08300176438955E-16,0.939692620785907,-0.342020143325674));
#9697=DIRECTION('ref_axis',(1.,0.,0.));
#9698=DIRECTION('center_axis',(0.000475300254903315,0.636353556472395,-0.77139738478595));
#9699=DIRECTION('ref_axis',(0.000576165981347427,0.77139716961327,0.636353733976157));
#9700=DIRECTION('',(-8.24931738122748E-17,-0.771397471919284,-0.636353628351829));
#9701=DIRECTION('',(0.999999721061176,-0.000746912023181628,0.));
#9702=DIRECTION('',(-0.999940214076418,0.00872949108944472,0.00658515437375146));
#9703=DIRECTION('center_axis',(0.000427152683089794,0.571891401775515,-0.82032922788099));
#9704=DIRECTION('ref_axis',(0.000612713763271552,0.82032899905932,0.571891561298275));
#9705=DIRECTION('',(0.476766611867371,-0.721210447776751,-0.50254262289498));
#9706=DIRECTION('',(0.999999721061176,-0.000746912023181628,0.));
#9707=DIRECTION('',(-0.210176963231145,0.802057241528879,0.55904367042121));
#9708=DIRECTION('',(-0.999999721754378,-0.00025741322727575,-0.000700163978190041));
#9709=DIRECTION('',(0.207580107972228,-0.802511613390601,-0.559361787350059));
#9710=DIRECTION('center_axis',(0.000427152683089794,0.571891401775515,-0.82032922788099));
#9711=DIRECTION('ref_axis',(0.000612713763271552,0.82032899905932,0.571891561298275));
#9712=DIRECTION('',(-0.445920601761934,0.734363131695887,0.511728060330957));
#9713=DIRECTION('',(-0.999999721754378,-0.00025741322727575,-0.000700163978190041));
#9714=DIRECTION('',(0.441169379839139,-0.736290841308985,-0.513074434460397));
#9715=DIRECTION('',(0.999999721061176,-0.000746912023181628,0.));
#9716=DIRECTION('center_axis',(0.000427152683089794,0.571891401775515,-0.82032922788099));
#9717=DIRECTION('ref_axis',(0.000612713763271552,0.82032899905932,0.571891561298275));
#9718=DIRECTION('',(-8.77259392413645E-17,-0.820329302719396,-0.571891453949008));
#9719=DIRECTION('',(0.225289141859917,-0.799295266309342,-0.557110294120922));
#9720=DIRECTION('',(0.999999721061176,-0.000746912023181628,0.));
#9721=DIRECTION('',(0.000612713763271552,0.82032899905932,0.571891561298275));
#9722=DIRECTION('center_axis',(-0.00592119353729637,-0.938559875747148,
0.345065644630976));
#9723=DIRECTION('ref_axis',(0.,-0.345071693882739,-0.938576329384509));
#9724=DIRECTION('',(-0.000257737190477753,-0.345070250023537,-0.938576824836536));
#9725=DIRECTION('',(0.999982469394805,-0.00556413124544883,0.0020251781528939));
#9726=DIRECTION('',(3.69019348097415E-17,0.345071693882739,0.938576329384509));
#9727=DIRECTION('center_axis',(-0.999999721061176,0.000746912023181553,
0.));
#9728=DIRECTION('ref_axis',(-0.000746912023181553,-0.999999721061176,0.));
#9729=DIRECTION('',(-0.000746912023181553,-0.999999721061176,0.));
#9730=DIRECTION('',(0.,0.,1.));
#9731=DIRECTION('',(-0.000257737190477753,-0.345070250023537,-0.938576824836536));
#9732=DIRECTION('',(0.000701867739461671,0.939692389330979,-0.342020059082962));
#9733=DIRECTION('center_axis',(-0.999999721061176,0.000746912023181553,
0.));
#9734=DIRECTION('ref_axis',(0.000746912023181553,0.999999721061176,7.47960743798035E-11));
#9735=DIRECTION('',(0.00025545902014212,0.342020132165668,0.939692590124062));
#9736=DIRECTION('center_axis',(-0.999999721061176,0.000746912023181553,
0.));
#9737=DIRECTION('ref_axis',(0.000746912023181553,0.999999721061176,7.47945478235704E-11));
#9738=DIRECTION('',(-0.000701867739461671,-0.939692389330979,0.342020059082962));
#9739=DIRECTION('center_axis',(0.,0.,1.));
#9740=DIRECTION('ref_axis',(1.,0.,0.));
#9741=DIRECTION('',(-0.271289371742453,0.962497832090849,0.));
#9742=DIRECTION('',(-0.9999801000683,0.00630868190614061,0.));
#9743=DIRECTION('center_axis',(-0.854757941856265,-0.519026840186172,0.));
#9744=DIRECTION('ref_axis',(0.519026840186172,-0.854757941856265,0.));
#9745=DIRECTION('',(0.519026840186172,-0.854757941856265,0.));
#9746=DIRECTION('',(0.,0.,1.));
#9747=DIRECTION('',(0.205077619304304,-0.337731520270616,-0.918629735136076));
#9748=DIRECTION('',(-0.495596950933031,0.816172492385576,-0.297062493255207));
#9749=DIRECTION('center_axis',(-0.854757941856265,-0.519026840186172,0.));
#9750=DIRECTION('ref_axis',(-0.519026840186172,0.854757941856265,1.18621493441255E-16));
#9751=DIRECTION('',(-0.203342791964613,0.334874524578797,0.920060194630852));
#9752=DIRECTION('center_axis',(-0.854757941856265,-0.519026840186172,0.));
#9753=DIRECTION('ref_axis',(-0.519026840186172,0.854757941856265,3.95404978137515E-17));
#9754=DIRECTION('',(0.495596950933031,-0.816172492385576,0.297062493255207));
#9755=DIRECTION('',(0.205077619304304,-0.337731520270616,-0.918629735136076));
#9756=DIRECTION('center_axis',(0.,0.,1.));
#9757=DIRECTION('ref_axis',(1.,0.,0.));
#9758=DIRECTION('',(-0.513977285622448,0.857803794503254,0.));
#9759=DIRECTION('',(-0.584264291370397,0.811563452743806,0.));
#9760=DIRECTION('',(-0.965925826289068,-0.25881904510252,0.));
#9761=DIRECTION('',(0.258819045102522,-0.965925826289068,0.));
#9762=DIRECTION('center_axis',(0.834200933237701,0.551460608734069,0.));
#9763=DIRECTION('ref_axis',(-0.551460608734069,0.8342009332377,0.));
#9764=DIRECTION('',(0.,0.,1.));
#9765=DIRECTION('',(0.,0.,1.));
#9766=DIRECTION('',(-0.551460608734069,0.8342009332377,0.));
#9767=DIRECTION('center_axis',(0.968136967703962,0.250421268595498,0.));
#9768=DIRECTION('ref_axis',(-0.250421268595498,0.968136967703962,0.));
#9769=DIRECTION('',(-0.0889023133618531,0.343699305425367,0.934862110756999));
#9770=DIRECTION('center_axis',(0.,0.939692620785909,-0.342020143325668));
#9771=DIRECTION('ref_axis',(1.,0.,0.));
#9772=DIRECTION('',(0.,0.939692620785909,-0.342020143325668));
#9773=DIRECTION('center_axis',(-4.16038344921284E-15,-0.939692620785914,
0.342020143325653));
#9774=DIRECTION('ref_axis',(1.,0.,0.));
#9775=DIRECTION('center_axis',(0.857520632522134,0.175952117236101,0.48342446901142));
#9776=DIRECTION('ref_axis',(0.514449574592924,-0.293289329639943,-0.805805810552712));
#9777=DIRECTION('',(0.,0.939692620785909,-0.342020143325668));
#9778=DIRECTION('',(0.,0.939692620785909,-0.342020143325668));
#9779=DIRECTION('center_axis',(0.874286716824638,-0.166019951509043,-0.456136067950047));
#9780=DIRECTION('ref_axis',(-0.485409864737002,-0.29902366819609,-0.821560776251252));
#9781=DIRECTION('',(0.,0.939692620785909,-0.342020143325668));
#9782=DIRECTION('center_axis',(0.0167660843025024,-0.341972068745145,-0.939560536961471));
#9783=DIRECTION('ref_axis',(-0.99985943932993,-0.00573433855615211,-0.015754965698536));
#9784=DIRECTION('center_axis',(0.00254891439579646,-0.342019032277476,-0.939689568206108));
#9785=DIRECTION('ref_axis',(-4.00262712558609E-17,-0.939692620785911,0.342020143325661));
#9786=DIRECTION('',(-0.999996751512425,-0.000871780066975162,-0.0023951960487449));
#9787=DIRECTION('',(-0.999996751512425,-0.000871780066975162,-0.0023951960487449));
#9788=DIRECTION('',(0.,0.939692620785908,-0.342020143325669));
#9789=DIRECTION('center_axis',(-0.00254891439579646,0.342019032277476,0.939689568206108));
#9790=DIRECTION('ref_axis',(-8.04763973571836E-18,0.939692620785911,-0.342020143325661));
#9791=DIRECTION('',(0.999996751512425,0.000871780066975162,0.0023951960487449));
#9792=DIRECTION('',(3.20493781063928E-17,-0.939692620785911,0.342020143325661));
#9793=DIRECTION('',(0.999996751512425,0.000871780066975162,0.0023951960487449));
#9794=DIRECTION('center_axis',(0.,0.,1.));
#9795=DIRECTION('ref_axis',(0.707106781186547,0.707106781186548,0.));
#9796=DIRECTION('center_axis',(0.,0.,-1.));
#9797=DIRECTION('ref_axis',(0.707106781186547,0.707106781186548,0.));
#9798=DIRECTION('center_axis',(0.,0.,1.));
#9799=DIRECTION('ref_axis',(0.707106781186547,0.707106781186548,0.));
#9800=DIRECTION('',(0.,0.,1.));
#9801=DIRECTION('center_axis',(0.,0.,1.));
#9802=DIRECTION('ref_axis',(1.,0.,0.));
#9803=DIRECTION('',(-1.,9.23262390540671E-17,0.));
#9804=DIRECTION('center_axis',(0.,0.,-1.));
#9805=DIRECTION('ref_axis',(-0.707106781186547,0.707106781186547,0.));
#9806=DIRECTION('',(1.,0.,0.));
#9807=DIRECTION('center_axis',(0.,0.,1.));
#9808=DIRECTION('ref_axis',(-0.707106781186547,0.707106781186547,0.));
#9809=DIRECTION('',(1.,4.77515279408669E-17,0.));
#9810=DIRECTION('center_axis',(0.,0.,1.));
#9811=DIRECTION('ref_axis',(0.707106781186547,0.707106781186547,0.));
#9812=DIRECTION('',(0.,-1.,0.));
#9813=DIRECTION('center_axis',(0.,0.,1.));
#9814=DIRECTION('ref_axis',(-0.707106781186547,0.707106781186547,0.));
#9815=DIRECTION('',(0.,0.,-1.));
#9816=DIRECTION('center_axis',(0.,0.,1.));
#9817=DIRECTION('ref_axis',(-0.707106781186547,0.707106781186547,0.));
#9818=DIRECTION('center_axis',(0.,0.,-1.));
#9819=DIRECTION('ref_axis',(-1.,0.,0.));
#9820=DIRECTION('',(1.,0.,0.));
#9821=DIRECTION('',(1.,-9.23262390540671E-17,0.));
#9822=DIRECTION('center_axis',(0.,0.,1.));
#9823=DIRECTION('ref_axis',(0.707106781186547,0.707106781186547,0.));
#9824=DIRECTION('',(0.,0.,-1.));
#9825=DIRECTION('',(0.,0.,1.));
#9826=DIRECTION('',(0.,0.,-1.));
#9827=DIRECTION('center_axis',(0.,0.,1.));
#9828=DIRECTION('ref_axis',(-0.707106781186547,0.707106781186547,0.));
#9829=DIRECTION('',(0.,0.,1.));
#9830=DIRECTION('',(0.,0.,1.));
#9831=DIRECTION('center_axis',(4.77515279408669E-17,-1.,0.));
#9832=DIRECTION('ref_axis',(1.,4.77515279408669E-17,0.));
#9833=DIRECTION('center_axis',(-4.77515279408669E-17,1.,0.));
#9834=DIRECTION('ref_axis',(-1.,0.,-2.23517391539921E-8));
#9835=DIRECTION('center_axis',(-4.77515279408669E-17,1.,0.));
#9836=DIRECTION('ref_axis',(-0.999262155743478,0.,0.0384076047013691));
#9837=DIRECTION('center_axis',(-4.77515279408669E-17,1.,0.));
#9838=DIRECTION('ref_axis',(0.999262286482168,0.,-0.0384042030828722));
#9839=DIRECTION('center_axis',(-4.77515279408669E-17,1.,0.));
#9840=DIRECTION('ref_axis',(0.999262286482168,0.,-0.0384042030828722));
#9841=DIRECTION('',(-0.000848823279798109,-4.05326085621377E-20,-0.999999639749455));
#9842=DIRECTION('center_axis',(-4.77515279408669E-17,1.,0.));
#9843=DIRECTION('ref_axis',(-1.,0.,-2.23517391539921E-8));
#9844=DIRECTION('center_axis',(-4.77515279408669E-17,1.,0.));
#9845=DIRECTION('ref_axis',(-0.999262155743478,0.,0.0384076047013691));
#9846=DIRECTION('center_axis',(-4.77515279408669E-17,1.,0.));
#9847=DIRECTION('ref_axis',(0.999262286482168,0.,-0.0384042030828722));
#9848=DIRECTION('',(-0.000848823279794055,-4.05326085619441E-20,-0.999999639749455));
#9849=DIRECTION('center_axis',(-4.77515279408669E-17,1.,0.));
#9850=DIRECTION('ref_axis',(-1.,0.,-2.23517391539921E-8));
#9851=DIRECTION('center_axis',(-4.77515279408669E-17,1.,0.));
#9852=DIRECTION('ref_axis',(-0.999262155743478,0.,0.0384076047013691));
#9853=DIRECTION('center_axis',(-4.77515279408669E-17,1.,0.));
#9854=DIRECTION('ref_axis',(0.999262286482168,0.,-0.0384042030828722));
#9855=DIRECTION('',(-0.000848823279802164,-4.05326085623313E-20,-0.999999639749455));
#9856=DIRECTION('center_axis',(-4.77515279408669E-17,1.,0.));
#9857=DIRECTION('ref_axis',(-1.,0.,-2.23517391539921E-8));
#9858=DIRECTION('center_axis',(-4.77515279408669E-17,1.,0.));
#9859=DIRECTION('ref_axis',(-0.999262155743478,0.,0.0384076047013691));
#9860=DIRECTION('center_axis',(0.,-1.,0.));
#9861=DIRECTION('ref_axis',(-1.,0.,-2.23517391539921E-8));
#9862=DIRECTION('',(0.,-1.,0.));
#9863=DIRECTION('center_axis',(0.,1.,0.));
#9864=DIRECTION('ref_axis',(-1.,0.,-2.23517391539921E-8));
#9865=DIRECTION('',(0.,-1.,0.));
#9866=DIRECTION('center_axis',(0.,-1.,0.));
#9867=DIRECTION('ref_axis',(-0.999262155743478,0.,0.0384076047013691));
#9868=DIRECTION('center_axis',(0.,1.,0.));
#9869=DIRECTION('ref_axis',(-0.999262155743478,0.,0.0384076047013691));
#9870=DIRECTION('',(0.,1.,0.));
#9871=DIRECTION('center_axis',(0.,-1.,0.));
#9872=DIRECTION('ref_axis',(1.,0.,0.));
#9873=DIRECTION('',(-0.000848823279802164,0.,-0.999999639749455));
#9874=DIRECTION('center_axis',(0.,1.,0.));
#9875=DIRECTION('ref_axis',(0.999262286482168,0.,-0.0384042030828722));
#9876=DIRECTION('center_axis',(0.,-1.,0.));
#9877=DIRECTION('ref_axis',(-0.0720971686073583,0.,0.99739761293017));
#9878=DIRECTION('',(0.,-1.,0.));
#9879=DIRECTION('center_axis',(0.999999639749455,0.,-0.000848823279802164));
#9880=DIRECTION('ref_axis',(0.000848823279802164,0.,0.999999639749455));
#9881=DIRECTION('center_axis',(0.,-1.,0.));
#9882=DIRECTION('ref_axis',(-1.,0.,-2.23517391539921E-8));
#9883=DIRECTION('',(0.,-1.,0.));
#9884=DIRECTION('center_axis',(0.,1.,0.));
#9885=DIRECTION('ref_axis',(-1.,0.,-2.23517391539921E-8));
#9886=DIRECTION('',(0.,-1.,0.));
#9887=DIRECTION('center_axis',(0.,-1.,0.));
#9888=DIRECTION('ref_axis',(-0.999262155743478,0.,0.0384076047013691));
#9889=DIRECTION('center_axis',(0.,1.,0.));
#9890=DIRECTION('ref_axis',(-0.999262155743478,0.,0.0384076047013691));
#9891=DIRECTION('',(0.,1.,0.));
#9892=DIRECTION('center_axis',(0.,-1.,0.));
#9893=DIRECTION('ref_axis',(1.,0.,0.));
#9894=DIRECTION('',(-0.000848823279794055,0.,-0.999999639749455));
#9895=DIRECTION('center_axis',(0.,1.,0.));
#9896=DIRECTION('ref_axis',(0.999262286482168,0.,-0.0384042030828722));
#9897=DIRECTION('center_axis',(0.,-1.,0.));
#9898=DIRECTION('ref_axis',(-0.0720971686073672,0.,0.99739761293017));
#9899=DIRECTION('',(0.,-1.,0.));
#9900=DIRECTION('center_axis',(0.999999639749455,0.,-0.000848823279794055));
#9901=DIRECTION('ref_axis',(0.000848823279794055,0.,0.999999639749455));
#9902=DIRECTION('center_axis',(0.,-1.,0.));
#9903=DIRECTION('ref_axis',(-1.,0.,-2.23517391539921E-8));
#9904=DIRECTION('',(0.,-1.,0.));
#9905=DIRECTION('center_axis',(0.,1.,0.));
#9906=DIRECTION('ref_axis',(-1.,0.,-2.23517391539921E-8));
#9907=DIRECTION('',(0.,-1.,0.));
#9908=DIRECTION('',(0.,1.,0.));
#9909=DIRECTION('center_axis',(0.,-1.,0.));
#9910=DIRECTION('ref_axis',(-0.999262155743478,0.,0.0384076047013691));
#9911=DIRECTION('center_axis',(0.,1.,0.));
#9912=DIRECTION('ref_axis',(-0.999262155743478,0.,0.0384076047013691));
#9913=DIRECTION('',(0.,1.,0.));
#9914=DIRECTION('center_axis',(0.,-1.,0.));
#9915=DIRECTION('ref_axis',(1.,0.,0.));
#9916=DIRECTION('',(-0.000848823279794055,0.,-0.999999639749455));
#9917=DIRECTION('center_axis',(0.,1.,0.));
#9918=DIRECTION('ref_axis',(0.999262286482168,0.,-0.0384042030828722));
#9919=DIRECTION('center_axis',(0.,-1.,0.));
#9920=DIRECTION('ref_axis',(-0.0720971686073648,0.,0.99739761293017));
#9921=DIRECTION('',(0.,1.,0.));
#9922=DIRECTION('center_axis',(0.999999639749455,0.,-0.000848823279794055));
#9923=DIRECTION('ref_axis',(0.000848823279794055,0.,0.999999639749455));
#9924=DIRECTION('center_axis',(0.,-1.,0.));
#9925=DIRECTION('ref_axis',(-1.,0.,-2.23517391539921E-8));
#9926=DIRECTION('',(0.,-1.,0.));
#9927=DIRECTION('center_axis',(0.,1.,0.));
#9928=DIRECTION('ref_axis',(-1.,0.,-2.23517391539921E-8));
#9929=DIRECTION('',(0.,-1.,0.));
#9930=DIRECTION('center_axis',(0.,-1.,0.));
#9931=DIRECTION('ref_axis',(-0.999262155743478,0.,0.0384076047013691));
#9932=DIRECTION('center_axis',(0.,1.,0.));
#9933=DIRECTION('ref_axis',(-0.999262155743478,0.,0.0384076047013691));
#9934=DIRECTION('',(0.,1.,0.));
#9935=DIRECTION('center_axis',(0.,-1.,0.));
#9936=DIRECTION('ref_axis',(1.,0.,0.));
#9937=DIRECTION('',(-0.000848823279798109,0.,-0.999999639749455));
#9938=DIRECTION('center_axis',(0.,1.,0.));
#9939=DIRECTION('ref_axis',(0.999262286482168,0.,-0.0384042030828722));
#9940=DIRECTION('center_axis',(0.,-1.,0.));
#9941=DIRECTION('ref_axis',(-0.0720971686073677,0.,0.99739761293017));
#9942=DIRECTION('',(0.,-1.,0.));
#9943=DIRECTION('center_axis',(0.999999639749455,0.,-0.000848823279798109));
#9944=DIRECTION('ref_axis',(0.000848823279798109,0.,0.999999639749455));
#9945=DIRECTION('center_axis',(1.,0.,0.));
#9946=DIRECTION('ref_axis',(0.,-1.,0.));
#9947=DIRECTION('center_axis',(1.,0.,0.));
#9948=DIRECTION('ref_axis',(0.,-1.,0.));
#9949=DIRECTION('',(1.,0.,0.));
#9950=DIRECTION('center_axis',(1.,0.,0.));
#9951=DIRECTION('ref_axis',(0.,-1.,0.));
#9952=DIRECTION('center_axis',(1.,0.,0.));
#9953=DIRECTION('ref_axis',(0.,-1.,0.));
#9954=DIRECTION('',(1.,0.,0.));
#9955=DIRECTION('center_axis',(0.,0.000294846810686268,0.999999956532678));
#9956=DIRECTION('ref_axis',(1.,0.,0.));
#9957=DIRECTION('',(0.,-0.999999956532678,0.000294846810686268));
#9958=DIRECTION('',(-1.,0.,0.));
#9959=DIRECTION('',(0.,-0.999999956532678,0.000294846810686268));
#9960=DIRECTION('',(1.,0.,0.));
#9961=DIRECTION('center_axis',(-1.,0.,0.));
#9962=DIRECTION('ref_axis',(0.,0.342020143325668,0.939692620785909));
#9963=DIRECTION('',(0.,0.342020143325668,0.939692620785909));
#9964=DIRECTION('',(0.,0.,-1.));
#9965=DIRECTION('',(0.,-0.345065644630976,-0.938578553396256));
#9966=DIRECTION('',(0.,-0.342020143325668,-0.939692620785909));
#9967=DIRECTION('center_axis',(-0.00141349625700901,-0.999999001013667,
0.));
#9968=DIRECTION('ref_axis',(-0.999999001013667,0.00141349625700901,0.));
#9969=DIRECTION('',(-0.999999001013667,0.00141349625700901,0.));
#9970=DIRECTION('',(-0.707106427991278,0.000999493287752813,-0.707106427991278));
#9971=DIRECTION('center_axis',(0.,1.,0.));
#9972=DIRECTION('ref_axis',(1.,0.,0.));
#9973=DIRECTION('',(1.,0.,0.));
#9974=DIRECTION('',(0.707106781186548,0.,0.707106781186548));
#9975=DIRECTION('center_axis',(0.707106781186548,5.95395844039465E-17,-0.707106781186548));
#9976=DIRECTION('ref_axis',(-0.707106781186548,0.,-0.707106781186548));
#9977=DIRECTION('',(0.707106781186548,0.,0.707106781186548));
#9978=DIRECTION('center_axis',(0.,0.,-1.));
#9979=DIRECTION('ref_axis',(-1.,0.,0.));
#9980=DIRECTION('center_axis',(0.707106781186548,5.95395844039465E-17,-0.707106781186548));
#9981=DIRECTION('ref_axis',(-0.707106781186548,0.,-0.707106781186548));
#9982=DIRECTION('center_axis',(1.,0.,0.));
#9983=DIRECTION('ref_axis',(0.,-1.,0.));
#9984=DIRECTION('',(0.,0.,1.));
#9985=DIRECTION('',(0.,-1.,0.));
#9986=DIRECTION('center_axis',(-1.,0.,0.));
#9987=DIRECTION('ref_axis',(0.,1.,0.));
#9988=DIRECTION('',(0.,1.,0.));
#9989=DIRECTION('',(0.,1.,0.));
#9990=DIRECTION('',(0.,0.,-1.));
#9991=DIRECTION('center_axis',(0.,0.,-1.));
#9992=DIRECTION('ref_axis',(-1.,0.,0.));
#9993=DIRECTION('',(1.,0.,0.));
#9994=DIRECTION('center_axis',(0.,1.,0.));
#9995=DIRECTION('ref_axis',(1.,0.,0.));
#9996=DIRECTION('',(1.,0.,0.));
#9997=DIRECTION('center_axis',(0.,0.,-1.));
#9998=DIRECTION('ref_axis',(-1.,0.,0.));
#9999=DIRECTION('center_axis',(-1.,0.,0.));
#10000=DIRECTION('ref_axis',(0.,-1.,0.));
#10001=DIRECTION('',(-1.,0.,0.));
#10002=DIRECTION('center_axis',(-1.,0.,0.));
#10003=DIRECTION('ref_axis',(0.,-1.,0.));
#10004=DIRECTION('',(-1.,0.,0.));
#10005=DIRECTION('center_axis',(1.,0.,0.));
#10006=DIRECTION('ref_axis',(0.,0.778078003348765,0.628167669261002));
#10007=DIRECTION('center_axis',(-1.,0.,0.));
#10008=DIRECTION('ref_axis',(0.,0.778078003348765,0.628167669261002));
#10009=DIRECTION('',(-1.,0.,0.));
#10010=DIRECTION('center_axis',(1.,8.42016877621188E-17,0.));
#10011=DIRECTION('ref_axis',(0.,0.778078003348765,0.628167669261002));
#10012=DIRECTION('',(-1.,0.,0.));
#10013=DIRECTION('center_axis',(1.,8.42016877621188E-17,0.));
#10014=DIRECTION('ref_axis',(-8.42016877621188E-17,1.,0.));
#10015=DIRECTION('center_axis',(1.,8.42016877621188E-17,0.));
#10016=DIRECTION('ref_axis',(0.,-0.707106781186547,-0.707106781186548));
#10017=DIRECTION('',(0.,0.,1.));
#10018=DIRECTION('',(8.42016877621188E-17,-1.,0.));
#10019=DIRECTION('center_axis',(-1.,0.,0.));
#10020=DIRECTION('ref_axis',(0.,-0.707106781186547,-0.707106781186548));
#10021=DIRECTION('center_axis',(-1.,0.,0.));
#10022=DIRECTION('ref_axis',(0.,-0.707106781186547,-0.707106781186548));
#10023=DIRECTION('',(-1.,0.,0.));
#10024=DIRECTION('center_axis',(-1.,0.,0.));
#10025=DIRECTION('ref_axis',(0.,-1.,0.));
#10026=DIRECTION('',(0.,1.,0.));
#10027=DIRECTION('',(0.,0.,1.));
#10028=DIRECTION('center_axis',(-1.,0.,0.));
#10029=DIRECTION('ref_axis',(0.,-0.707106781186547,-0.707106781186548));
#10030=DIRECTION('',(-1.,0.,0.));
#10031=DIRECTION('center_axis',(0.,1.,0.));
#10032=DIRECTION('ref_axis',(-1.,0.,0.));
#10033=DIRECTION('',(1.,0.,0.));
#10034=DIRECTION('center_axis',(0.,0.,-1.));
#10035=DIRECTION('ref_axis',(-1.,0.,0.));
#10036=DIRECTION('',(-1.,0.,0.));
#10037=DIRECTION('',(1.,0.,0.));
#10038=DIRECTION('center_axis',(0.,1.,0.));
#10039=DIRECTION('ref_axis',(-1.,0.,0.));
#10040=DIRECTION('center_axis',(-1.,0.,0.));
#10041=DIRECTION('ref_axis',(0.,-1.,0.));
#10042=DIRECTION('',(0.,0.342020143325668,0.939692620785909));
#10043=DIRECTION('',(0.,-0.342020143325668,-0.939692620785909));
#10044=DIRECTION('center_axis',(-0.00592119353729637,-0.938559875747148,
0.345065644630976));
#10045=DIRECTION('ref_axis',(0.,-0.345071693882739,-0.938576329384509));
#10046=DIRECTION('',(3.69019348097415E-17,0.345071693882739,0.938576329384509));
#10047=DIRECTION('',(-0.999982469394805,0.00556413124544883,-0.0020251781528939));
#10048=DIRECTION('center_axis',(1.,-1.06939906877095E-16,0.));
#10049=DIRECTION('ref_axis',(1.06939906877095E-16,1.,0.));
#10050=DIRECTION('',(1.00490641359938E-16,0.939692620785909,-0.342020143325667));
#10051=DIRECTION('center_axis',(1.,-1.06939906877095E-16,0.));
#10052=DIRECTION('ref_axis',(0.,0.906307787036651,0.422618261740696));
#10053=DIRECTION('',(-3.65756022773376E-17,-0.342020143325667,-0.939692620785909));
#10054=DIRECTION('center_axis',(1.,-1.06939906877095E-16,0.));
#10055=DIRECTION('ref_axis',(0.,0.422618261740697,-0.906307787036651));
#10056=DIRECTION('',(-1.00490641359938E-16,-0.939692620785909,0.342020143325667));
#10057=DIRECTION('',(0.,0.,1.));
#10058=DIRECTION('center_axis',(0.,-0.938578553396256,0.345065644630976));
#10059=DIRECTION('ref_axis',(0.,-0.345065644630976,-0.938578553396256));
#10060=DIRECTION('',(-0.202473416810112,0.337918561936868,0.919138488468282));
#10061=DIRECTION('',(-1.,0.,0.));
#10062=DIRECTION('center_axis',(1.,0.,0.));
#10063=DIRECTION('ref_axis',(0.,0.906307787036651,0.422618261740696));
#10064=DIRECTION('',(1.,0.,0.));
#10065=DIRECTION('center_axis',(0.857803794503254,0.513977285622448,0.));
#10066=DIRECTION('ref_axis',(-0.513977285622448,0.857803794503254,1.5872558721139E-16));
#10067=DIRECTION('',(-1.,0.,0.));
#10068=DIRECTION('center_axis',(0.,0.939692620785909,-0.342020143325667));
#10069=DIRECTION('ref_axis',(0.,0.342020143325667,0.939692620785909));
#10070=DIRECTION('',(-1.,0.,0.));
#10071=DIRECTION('',(0.200758745739312,-0.335056856970517,-0.920561148759938));
#10072=DIRECTION('center_axis',(-1.,0.,0.));
#10073=DIRECTION('ref_axis',(0.,0.422618261740697,-0.906307787036651));
#10074=DIRECTION('center_axis',(0.857803794503254,0.513977285622448,0.));
#10075=DIRECTION('ref_axis',(-0.513977285622448,0.857803794503254,1.19044190408542E-16));
#10076=DIRECTION('',(1.,0.,0.));
#10077=DIRECTION('center_axis',(-1.,0.,0.));
#10078=DIRECTION('ref_axis',(0.,0.422618261740697,-0.906307787036651));
#10079=DIRECTION('',(-1.,0.,0.));
#10080=DIRECTION('',(1.,0.,0.));
#10081=DIRECTION('center_axis',(0.,0.939692620785909,-0.342020143325667));
#10082=DIRECTION('ref_axis',(0.,0.342020143325667,0.939692620785909));
#10083=DIRECTION('',(1.,0.,0.));
#10084=DIRECTION('center_axis',(1.,0.,0.));
#10085=DIRECTION('ref_axis',(0.,0.906307787036651,0.422618261740696));
#10086=DIRECTION('',(-1.,0.,0.));
#10087=DIRECTION('center_axis',(0.,0.342020143325667,0.939692620785909));
#10088=DIRECTION('ref_axis',(1.,0.,0.));
#10089=DIRECTION('',(-0.490620813427075,0.818822946446637,-0.298027179640723));
#10090=DIRECTION('',(1.,0.,0.));
#10091=DIRECTION('center_axis',(0.,-0.342020143325667,-0.939692620785909));
#10092=DIRECTION('ref_axis',(-1.,0.,0.));
#10093=DIRECTION('',(0.490620813427075,-0.818822946446637,0.298027179640723));
#10094=DIRECTION('center_axis',(0.,0.342020143325667,0.939692620785909));
#10095=DIRECTION('ref_axis',(1.,0.,0.));
#10096=DIRECTION('center_axis',(0.,-0.342020143325667,-0.939692620785909));
#10097=DIRECTION('ref_axis',(-1.,0.,0.));
#10098=DIRECTION('center_axis',(0.857803794503254,0.513977285622448,0.));
#10099=DIRECTION('ref_axis',(-0.513977285622448,0.857803794503254,0.));
#10100=DIRECTION('',(-0.202473416810112,0.337918561936868,0.919138488468282));
#10101=DIRECTION('',(0.,0.,1.));
#10102=DIRECTION('center_axis',(0.,-0.938578553396256,0.345065644630976));
#10103=DIRECTION('ref_axis',(0.,-0.345065644630976,-0.938578553396256));
#10104=DIRECTION('center_axis',(0.,-0.938578553396256,0.345065644630976));
#10105=DIRECTION('ref_axis',(0.,-0.345065644630976,-0.938578553396256));
#10106=DIRECTION('',(0.0900561142394324,-0.343663536951253,-0.934764820507409));
#10107=DIRECTION('center_axis',(0.,0.,1.));
#10108=DIRECTION('ref_axis',(1.,0.,0.));
#10109=DIRECTION('',(-0.965925826289068,-0.258819045102521,0.));
#10110=DIRECTION('',(0.253488453667766,-0.967338412272109,0.));
#10111=DIRECTION('center_axis',(0.,1.,0.));
#10112=DIRECTION('ref_axis',(-1.,0.,0.));
#10113=DIRECTION('center_axis',(0.,-0.939692620785909,0.342020143325668));
#10114=DIRECTION('ref_axis',(1.,0.,0.));
#10115=DIRECTION('center_axis',(0.,0.939692620785909,-0.342020143325668));
#10116=DIRECTION('ref_axis',(1.,0.,0.));
#10117=DIRECTION('center_axis',(0.,0.939692620785911,-0.342020143325661));
#10118=DIRECTION('ref_axis',(1.,0.,0.));
#10119=DIRECTION('',(0.,-0.939692620785911,0.342020143325661));
#10120=DIRECTION('center_axis',(-0.0167660843025032,0.341972068745145,0.939560536961471));
#10121=DIRECTION('ref_axis',(0.99985943932993,0.00573433855615235,0.0157549656985367));
#10122=DIRECTION('center_axis',(0.,0.939692620785911,-0.342020143325661));
#10123=DIRECTION('ref_axis',(1.,0.,0.));
#10124=DIRECTION('center_axis',(0.,-0.939692620785909,0.342020143325668));
#10125=DIRECTION('ref_axis',(1.,0.,0.));
#10126=DIRECTION('',(0.,-0.939692620785911,0.342020143325661));
#10127=DIRECTION('center_axis',(0.,0.939692620785909,-0.342020143325668));
#10128=DIRECTION('ref_axis',(1.,0.,0.));
#10129=DIRECTION('center_axis',(1.64646600727786E-17,-0.939692620785911,
0.342020143325662));
#10130=DIRECTION('ref_axis',(1.,1.54717195741384E-17,-5.63124539790013E-18));
#10131=DIRECTION('',(-0.497790951137384,-0.296633060563551,-0.814992635762091));
#10132=DIRECTION('',(-0.999996751512425,-0.000871780066974262,-0.00239519604874243));
#10133=DIRECTION('',(-0.502205800375041,0.295761280496577,0.812597439713349));
#10134=DIRECTION('',(0.497790951137384,0.296633060563551,0.81499263576209));
#10135=DIRECTION('',(0.999996751512425,0.000871780066974263,0.00239519604874243));
#10136=DIRECTION('center_axis',(-0.867297047709572,0.170254532454225,0.4677704834778));
#10137=DIRECTION('ref_axis',(0.497790951137384,0.296633060563556,0.814992635762089));
#10138=DIRECTION('',(5.55111512312576E-15,-0.939692620785908,0.34202014332567));
#10139=DIRECTION('',(-0.497790951137384,-0.296633060563557,-0.814992635762088));
#10140=DIRECTION('',(0.,0.939692620785908,-0.342020143325669));
#10141=DIRECTION('center_axis',(0.00254891439579383,-0.342019032277476,
-0.939689568206108));
#10142=DIRECTION('ref_axis',(-0.999996751512425,-0.000871780066974263,-0.00239519604874243));
#10143=DIRECTION('',(0.999996751512425,0.000871780066980002,0.00239519604874183));
#10144=DIRECTION('',(0.,0.939692620785908,-0.342020143325669));
#10145=DIRECTION('center_axis',(0.864748133313778,0.17176449982325,0.471919084728309));
#10146=DIRECTION('ref_axis',(0.502205800375041,-0.295761280496577,-0.812597439713349));
#10147=DIRECTION('',(-0.502205800375042,0.295761280496583,0.812597439713346));
#10148=DIRECTION('',(0.,0.939692620785911,-0.342020143325661));
#10149=DIRECTION('',(0.,0.939692620785908,-0.342020143325669));
#10150=DIRECTION('center_axis',(-0.00254891439579383,0.342019032277476,
0.939689568206108));
#10151=DIRECTION('ref_axis',(0.999996751512425,0.000871780066974262,0.00239519604874243));
#10152=DIRECTION('',(-0.999996751512425,-0.000871780066974266,-0.00239519604874243));
#10153=DIRECTION('',(5.55111512312576E-15,-0.939692620785908,0.34202014332567));
#10154=DIRECTION('center_axis',(0.867297047709571,-0.170254532454226,-0.4677704834778));
#10155=DIRECTION('ref_axis',(-0.497790951137384,-0.296633060563566,-0.814992635762085));
#10156=DIRECTION('',(0.497790951137384,0.296633060563557,0.814992635762088));
#10157=DIRECTION('center_axis',(0.,-0.342020143325669,-0.939692620785908));
#10158=DIRECTION('ref_axis',(0.,0.939692620785908,-0.342020143325669));
#10159=DIRECTION('',(-1.,0.,0.));
#10160=DIRECTION('',(0.,0.939692620785908,-0.342020143325669));
#10161=DIRECTION('',(1.,0.,0.));
#10162=DIRECTION('center_axis',(0.,-0.939692620785908,0.342020143325669));
#10163=DIRECTION('ref_axis',(0.,-0.342020143325669,-0.939692620785908));
#10164=DIRECTION('',(0.,-0.342020143325669,-0.939692620785908));
#10165=DIRECTION('',(1.,0.,0.));
#10166=DIRECTION('center_axis',(0.,0.342020143325669,0.939692620785908));
#10167=DIRECTION('ref_axis',(0.,-0.939692620785908,0.342020143325669));
#10168=DIRECTION('',(0.,0.939692620785908,-0.342020143325669));
#10169=DIRECTION('',(1.,0.,0.));
#10170=DIRECTION('center_axis',(1.,0.,0.));
#10171=DIRECTION('ref_axis',(0.,0.,-1.));
#10172=DIRECTION('',(0.,-0.342020143325669,-0.939692620785908));
#10173=DIRECTION('center_axis',(0.,0.,1.));
#10174=DIRECTION('ref_axis',(-0.991178120508038,-0.132536536193431,0.));
#10175=DIRECTION('',(0.,0.,1.));
#10176=DIRECTION('center_axis',(0.,0.,1.));
#10177=DIRECTION('ref_axis',(1.,0.,0.));
#10178=DIRECTION('',(0.,0.,1.));
#10179=DIRECTION('center_axis',(0.,0.,1.));
#10180=DIRECTION('ref_axis',(0.258819045102521,-0.965925826289068,0.));
#10181=DIRECTION('center_axis',(0.,0.,1.));
#10182=DIRECTION('ref_axis',(0.258819045102521,-0.965925826289068,0.));
#10183=DIRECTION('center_axis',(0.,0.,1.));
#10184=DIRECTION('ref_axis',(1.,0.,0.));
#10185=DIRECTION('center_axis',(0.,0.,-1.));
#10186=DIRECTION('ref_axis',(1.,0.,0.));
#10187=DIRECTION('center_axis',(0.,0.,1.));
#10188=DIRECTION('ref_axis',(1.,0.,0.));
#10189=DIRECTION('center_axis',(0.,0.,1.));
#10190=DIRECTION('ref_axis',(1.,0.,0.));
#10191=DIRECTION('',(0.,0.,-1.));
#10192=DIRECTION('center_axis',(0.,0.,1.));
#10193=DIRECTION('ref_axis',(1.,0.,0.));
#10194=DIRECTION('center_axis',(0.258819045102513,-0.96592582628907,0.));
#10195=DIRECTION('ref_axis',(0.96592582628907,0.258819045102513,0.));
#10196=DIRECTION('',(0.,0.,1.));
#10197=DIRECTION('',(0.96592582628907,0.258819045102513,0.));
#10198=DIRECTION('',(0.,0.,1.));
#10199=DIRECTION('center_axis',(-0.965925826289068,-0.258819045102521,0.));
#10200=DIRECTION('ref_axis',(0.258819045102521,-0.965925826289068,0.));
#10201=DIRECTION('',(0.258819045102521,-0.965925826289068,0.));
#10202=DIRECTION('',(0.,0.,1.));
#10203=DIRECTION('center_axis',(-0.258819045102521,0.965925826289068,0.));
#10204=DIRECTION('ref_axis',(-0.965925826289068,-0.258819045102521,0.));
#10205=DIRECTION('',(-0.965925826289068,-0.258819045102521,0.));
#10206=DIRECTION('',(0.,0.,1.));
#10207=DIRECTION('center_axis',(0.965925826289068,0.258819045102522,0.));
#10208=DIRECTION('ref_axis',(-0.258819045102522,0.965925826289068,0.));
#10209=DIRECTION('',(-0.258819045102522,0.965925826289068,0.));
#10210=DIRECTION('center_axis',(0.,0.,1.));
#10211=DIRECTION('ref_axis',(1.,0.,0.));
#10212=DIRECTION('center_axis',(0.,0.,1.));
#10213=DIRECTION('ref_axis',(1.,0.,0.));
#10214=DIRECTION('center_axis',(0.,0.,1.));
#10215=DIRECTION('ref_axis',(1.,0.,0.));
#10216=DIRECTION('',(0.,0.,-1.));
#10217=DIRECTION('center_axis',(0.,0.,1.));
#10218=DIRECTION('ref_axis',(1.,0.,0.));
#10219=DIRECTION('center_axis',(0.,0.,-1.));
#10220=DIRECTION('ref_axis',(1.,0.,0.));
#10221=DIRECTION('center_axis',(0.00630868190614061,0.9999801000683,0.));
#10222=DIRECTION('ref_axis',(-0.9999801000683,0.00630868190614061,0.));
#10223=DIRECTION('',(0.,0.,1.));
#10224=DIRECTION('center_axis',(0.962497832090849,0.271289371742453,0.));
#10225=DIRECTION('ref_axis',(-0.271289371742453,0.962497832090849,0.));
#10226=DIRECTION('center_axis',(-0.258819045102521,0.965925826289068,0.));
#10227=DIRECTION('ref_axis',(-0.965925826289068,-0.258819045102521,0.));
#10228=DIRECTION('',(0.,0.,1.));
#10229=DIRECTION('center_axis',(-0.967338412272109,-0.253488453667766,0.));
#10230=DIRECTION('ref_axis',(0.253488453667766,-0.967338412272109,0.));
#10231=DIRECTION('center_axis',(-0.965925826289068,-0.258819045102522,0.));
#10232=DIRECTION('ref_axis',(0.258819045102522,-0.965925826289068,0.));
#10233=DIRECTION('',(0.,0.,1.));
#10234=DIRECTION('center_axis',(-0.25881904510252,0.965925826289069,0.));
#10235=DIRECTION('ref_axis',(-0.965925826289068,-0.25881904510252,0.));
#10236=DIRECTION('',(0.,0.,1.));
#10237=DIRECTION('center_axis',(0.811563452743806,0.584264291370397,0.));
#10238=DIRECTION('ref_axis',(-0.584264291370397,0.811563452743806,0.));
#10239=DIRECTION('center_axis',(0.,0.,-1.));
#10240=DIRECTION('ref_axis',(1.,0.,0.));
#10241=DIRECTION('',(0.,0.,-1.));
#10242=DIRECTION('center_axis',(0.,0.,-1.));
#10243=DIRECTION('ref_axis',(1.,0.,0.));
#10244=DIRECTION('center_axis',(0.,0.,1.));
#10245=DIRECTION('ref_axis',(1.,0.,0.));
#10246=DIRECTION('center_axis',(0.,0.,-1.));
#10247=DIRECTION('ref_axis',(1.,0.,0.));
#10248=DIRECTION('',(0.,0.,-1.));
#10249=DIRECTION('center_axis',(0.,0.,-1.));
#10250=DIRECTION('ref_axis',(1.,0.,0.));
#10251=DIRECTION('center_axis',(0.,0.,1.));
#10252=DIRECTION('ref_axis',(1.,0.,0.));
#10253=DIRECTION('center_axis',(9.23262390540671E-17,1.,0.));
#10254=DIRECTION('ref_axis',(1.,-9.23262390540671E-17,0.));
#10255=DIRECTION('center_axis',(0.,-1.,0.));
#10256=DIRECTION('ref_axis',(-1.,0.,0.));
#10257=DIRECTION('center_axis',(0.,0.939692620785909,-0.342020143325667));
#10258=DIRECTION('ref_axis',(1.,0.,0.));
#10259=DIRECTION('center_axis',(-5.55111512312576E-15,0.939692620785908,
-0.34202014332567));
#10260=DIRECTION('ref_axis',(1.,0.,0.));
#10261=DIRECTION('',(0.,0.939692620785909,-0.342020143325667));
#10262=DIRECTION('center_axis',(5.58569413700873E-15,-0.939692620785907,
0.342020143325672));
#10263=DIRECTION('ref_axis',(1.,0.,0.));
#10264=DIRECTION('center_axis',(-0.00422304192144238,0.342017093504249,
0.939684241470419));
#10265=DIRECTION('ref_axis',(-0.999991082918708,-0.00144436540324733,-0.00396836133084702));
#10266=DIRECTION('',(-0.999991082918708,-0.00144436540324733,-0.00396836133084702));
#10267=DIRECTION('',(-0.999991082918708,-0.00144436540324733,-0.00396836133084702));
#10268=DIRECTION('center_axis',(-5.58569413700873E-15,0.939692620785907,
-0.342020143325672));
#10269=DIRECTION('ref_axis',(-1.,-5.24883556251422E-15,1.91041990931308E-15));
#10270=DIRECTION('center_axis',(5.55111512312576E-15,-0.939692620785908,
0.34202014332567));
#10271=DIRECTION('ref_axis',(0.,-0.34202014332567,-0.939692620785908));
#10272=DIRECTION('center_axis',(4.16038344921284E-15,0.939692620785914,
-0.342020143325653));
#10273=DIRECTION('ref_axis',(-1.,3.90948162686513E-15,-1.42293494358951E-15));
#10274=DIRECTION('center_axis',(1.,0.,0.));
#10275=DIRECTION('ref_axis',(0.,1.,0.));
#10276=DIRECTION('center_axis',(1.,0.,0.));
#10277=DIRECTION('ref_axis',(0.,1.,0.));
#10278=DIRECTION('',(0.,-0.707106781186547,0.707106781186548));
#10279=DIRECTION('center_axis',(-1.,0.,0.));
#10280=DIRECTION('ref_axis',(0.,1.,0.));
#10281=DIRECTION('',(0.,0.707106781186544,-0.707106781186551));
#10282=DIRECTION('center_axis',(1.,0.,0.));
#10283=DIRECTION('ref_axis',(0.,1.,0.));
#10284=DIRECTION('center_axis',(1.,0.,0.));
#10285=DIRECTION('ref_axis',(0.,1.,0.));
#10286=DIRECTION('center_axis',(-1.,0.,0.));
#10287=DIRECTION('ref_axis',(0.,1.,0.));
#10288=DIRECTION('center_axis',(0.,-5.24159775785535E-15,-1.));
#10289=DIRECTION('ref_axis',(0.,-1.,5.24159775785535E-15));
#10290=DIRECTION('',(-1.,0.,0.));
#10291=DIRECTION('',(0.,-1.,5.24159775785535E-15));
#10292=DIRECTION('',(1.,0.,0.));
#10293=DIRECTION('',(0.,-1.,5.24159775785535E-15));
#10294=DIRECTION('',(-1.,0.,0.));
#10295=DIRECTION('',(0.,-1.,5.24159775785535E-15));
#10296=DIRECTION('center_axis',(-1.,0.,0.));
#10297=DIRECTION('ref_axis',(0.,1.,0.));
#10298=DIRECTION('',(-1.,0.,0.));
#10299=DIRECTION('center_axis',(-1.,0.,0.));
#10300=DIRECTION('ref_axis',(0.,1.,0.));
#10301=DIRECTION('center_axis',(1.,0.,0.));
#10302=DIRECTION('ref_axis',(0.,-1.,0.));
#10303=DIRECTION('center_axis',(1.,0.,0.));
#10304=DIRECTION('ref_axis',(0.,-1.,0.));
#10305=DIRECTION('center_axis',(-1.,0.,0.));
#10306=DIRECTION('ref_axis',(0.,-1.,0.));
#10307=DIRECTION('center_axis',(-1.,0.,0.));
#10308=DIRECTION('ref_axis',(0.,-0.710966646532216,-0.703225730131325));
#10309=DIRECTION('',(-1.,0.,0.));
#10310=DIRECTION('center_axis',(-1.,0.,0.));
#10311=DIRECTION('ref_axis',(0.,1.,0.));
#10312=DIRECTION('',(-1.,0.,0.));
#10313=DIRECTION('center_axis',(0.,1.,0.));
#10314=DIRECTION('ref_axis',(0.,0.,-1.));
#10315=DIRECTION('',(0.,0.,-1.));
#10316=DIRECTION('',(-1.,0.,0.));
#10317=DIRECTION('',(0.,0.,-1.));
#10318=DIRECTION('',(-1.,0.,0.));
#10319=DIRECTION('',(0.,0.,-1.));
#10320=DIRECTION('center_axis',(1.,0.,0.));
#10321=DIRECTION('ref_axis',(0.,1.,0.));
#10322=DIRECTION('center_axis',(1.,0.,0.));
#10323=DIRECTION('ref_axis',(0.,1.,0.));
#10324=DIRECTION('',(0.,-0.707106781186544,0.707106781186551));
#10325=DIRECTION('center_axis',(1.,0.,0.));
#10326=DIRECTION('ref_axis',(0.,1.,0.));
#10327=DIRECTION('',(0.,0.707106781186547,-0.707106781186548));
#10328=DIRECTION('center_axis',(1.,0.,0.));
#10329=DIRECTION('ref_axis',(0.,1.,0.));
#10330=DIRECTION('center_axis',(1.,0.,0.));
#10331=DIRECTION('ref_axis',(0.,1.,0.));
#10332=DIRECTION('',(0.,1.,-5.24159775797179E-15));
#10333=DIRECTION('center_axis',(1.,0.,0.));
#10334=DIRECTION('ref_axis',(0.,1.,0.));
#10335=DIRECTION('center_axis',(1.,0.,0.));
#10336=DIRECTION('ref_axis',(0.,1.,0.));
#10337=DIRECTION('',(0.,0.,1.));
#10338=DIRECTION('center_axis',(0.,-0.707106781186551,-0.707106781186544));
#10339=DIRECTION('ref_axis',(0.,0.707106781186544,-0.707106781186551));
#10340=DIRECTION('',(1.,0.,0.));
#10341=DIRECTION('',(1.,0.,0.));
#10342=DIRECTION('center_axis',(1.,0.,0.));
#10343=DIRECTION('ref_axis',(0.,-0.707106781186547,0.707106781186548));
#10344=DIRECTION('',(1.,0.,0.));
#10345=DIRECTION('center_axis',(0.,0.707106781186548,0.707106781186547));
#10346=DIRECTION('ref_axis',(0.,-0.707106781186547,0.707106781186548));
#10347=DIRECTION('',(1.,0.,0.));
#10348=DIRECTION('center_axis',(1.,0.,0.));
#10349=DIRECTION('ref_axis',(0.,-0.7071067819216,0.707106780451495));
#10350=DIRECTION('center_axis',(1.,0.,0.));
#10351=DIRECTION('ref_axis',(0.,1.,0.));
#10352=DIRECTION('',(0.,0.,1.));
#10353=DIRECTION('center_axis',(1.,0.,0.));
#10354=DIRECTION('ref_axis',(0.,1.,0.));
#10355=DIRECTION('center_axis',(-1.,0.,0.));
#10356=DIRECTION('ref_axis',(0.,1.,0.));
#10357=DIRECTION('',(-1.,0.,0.));
#10358=DIRECTION('center_axis',(-1.,0.,0.));
#10359=DIRECTION('ref_axis',(0.,1.,0.));
#10360=DIRECTION('',(-1.,0.,0.));
#10361=DIRECTION('center_axis',(1.,0.,0.));
#10362=DIRECTION('ref_axis',(0.,1.,0.));
#10363=DIRECTION('center_axis',(0.,-1.,0.));
#10364=DIRECTION('ref_axis',(0.,0.,1.));
#10365=DIRECTION('',(0.,0.,1.));
#10366=DIRECTION('center_axis',(1.,0.,0.));
#10367=DIRECTION('ref_axis',(0.,1.,0.));
#10368=DIRECTION('center_axis',(1.,0.,0.));
#10369=DIRECTION('ref_axis',(0.,1.,0.));
#10370=DIRECTION('center_axis',(1.,0.,0.));
#10371=DIRECTION('ref_axis',(0.,1.,0.));
#10372=DIRECTION('',(0.,1.,-5.24159775797179E-15));
#10373=DIRECTION('center_axis',(-1.,0.,0.));
#10374=DIRECTION('ref_axis',(0.,-0.711797815844622,-0.702384417081434));
#10375=DIRECTION('',(1.,0.,0.));
#10376=DIRECTION('center_axis',(-1.,0.,0.));
#10377=DIRECTION('ref_axis',(0.,-0.712970855682443,-0.701193667218583));
#10378=DIRECTION('center_axis',(1.,0.,0.));
#10379=DIRECTION('ref_axis',(0.,1.,0.));
#10380=DIRECTION('',(-1.,0.,0.));
#10381=DIRECTION('center_axis',(0.,5.24159775797179E-15,1.));
#10382=DIRECTION('ref_axis',(0.,1.,-5.24159775797179E-15));
#10383=DIRECTION('',(0.,1.,-5.24159775797179E-15));
#10384=DIRECTION('center_axis',(1.,0.,0.));
#10385=DIRECTION('ref_axis',(0.,1.,0.));
#10386=DIRECTION('center_axis',(1.,0.,0.));
#10387=DIRECTION('ref_axis',(0.,-1.,0.));
#10388=DIRECTION('center_axis',(1.,0.,0.));
#10389=DIRECTION('ref_axis',(0.,-1.,0.));
#10390=DIRECTION('center_axis',(-1.,0.,0.));
#10391=DIRECTION('ref_axis',(0.,1.,0.));
#10392=DIRECTION('center_axis',(0.,1.,2.61332297861085E-14));
#10393=DIRECTION('ref_axis',(0.,2.61332297861085E-14,-1.));
#10394=DIRECTION('',(0.,2.61332297861085E-14,-1.));
#10395=DIRECTION('',(1.,0.,0.));
#10396=DIRECTION('',(0.,-2.61332297861085E-14,1.));
#10397=DIRECTION('',(-1.,0.,0.));
#10398=DIRECTION('',(0.,2.61332297861085E-14,-1.));
#10399=DIRECTION('center_axis',(1.,0.,0.));
#10400=DIRECTION('ref_axis',(0.,1.,0.));
#10401=DIRECTION('center_axis',(1.,0.,0.));
#10402=DIRECTION('ref_axis',(0.,1.,0.));
#10403=DIRECTION('center_axis',(-1.,0.,0.));
#10404=DIRECTION('ref_axis',(0.,1.,0.));
#10405=DIRECTION('center_axis',(0.,-1.,-2.6133229786108E-14));
#10406=DIRECTION('ref_axis',(0.,-2.6133229786108E-14,1.));
#10407=DIRECTION('',(0.,-2.6133229786108E-14,1.));
#10408=DIRECTION('',(1.,0.,0.));
#10409=DIRECTION('',(0.,2.6133229786108E-14,-1.));
#10410=DIRECTION('',(-1.,0.,0.));
#10411=DIRECTION('',(0.,-2.6133229786108E-14,1.));
#10412=DIRECTION('center_axis',(1.,0.,0.));
#10413=DIRECTION('ref_axis',(0.,1.,0.));
#10414=DIRECTION('',(0.,0.707106363180655,0.707107199192193));
#10415=DIRECTION('center_axis',(1.,0.,0.));
#10416=DIRECTION('ref_axis',(0.,1.,0.));
#10417=DIRECTION('',(0.,0.707106363180655,0.707107199192193));
#10418=DIRECTION('center_axis',(1.,0.,0.));
#10419=DIRECTION('ref_axis',(0.,1.,0.));
#10420=DIRECTION('center_axis',(1.,0.,0.));
#10421=DIRECTION('ref_axis',(0.,1.,0.));
#10422=DIRECTION('',(0.,-1.,0.));
#10423=DIRECTION('center_axis',(1.,0.,0.));
#10424=DIRECTION('ref_axis',(0.,1.,0.));
#10425=DIRECTION('center_axis',(1.,0.,0.));
#10426=DIRECTION('ref_axis',(0.,1.,0.));
#10427=DIRECTION('',(0.,1.,-1.66193419745474E-14));
#10428=DIRECTION('center_axis',(1.,0.,0.));
#10429=DIRECTION('ref_axis',(0.,1.,0.));
#10430=DIRECTION('center_axis',(1.,0.,0.));
#10431=DIRECTION('ref_axis',(0.,-0.707107545725509,-0.70710601664676));
#10432=DIRECTION('',(1.,0.,0.));
#10433=DIRECTION('center_axis',(-1.,0.,0.));
#10434=DIRECTION('ref_axis',(0.,1.,0.));
#10435=DIRECTION('',(1.,0.,0.));
#10436=DIRECTION('center_axis',(0.,-0.707107199192193,0.707106363180655));
#10437=DIRECTION('ref_axis',(0.,-0.707106363180655,-0.707107199192193));
#10438=DIRECTION('',(0.,-0.707106363180655,-0.707107199192193));
#10439=DIRECTION('',(1.,0.,0.));
#10440=DIRECTION('center_axis',(1.,0.,0.));
#10441=DIRECTION('ref_axis',(0.,-0.707106715434644,-0.707106846938445));
#10442=DIRECTION('center_axis',(1.,0.,0.));
#10443=DIRECTION('ref_axis',(0.,1.,0.));
#10444=DIRECTION('',(1.,0.,0.));
#10445=DIRECTION('center_axis',(0.,0.707107199192193,-0.707106363180655));
#10446=DIRECTION('ref_axis',(0.,0.707106363180655,0.707107199192193));
#10447=DIRECTION('',(0.,0.707106363180655,0.707107199192193));
#10448=DIRECTION('center_axis',(1.,0.,0.));
#10449=DIRECTION('ref_axis',(0.,1.,0.));
#10450=DIRECTION('center_axis',(1.,0.,0.));
#10451=DIRECTION('ref_axis',(0.,1.,0.));
#10452=DIRECTION('',(0.,1.,-1.66193419745474E-14));
#10453=DIRECTION('center_axis',(1.,0.,0.));
#10454=DIRECTION('ref_axis',(0.,1.,0.));
#10455=DIRECTION('center_axis',(-1.,0.,0.));
#10456=DIRECTION('ref_axis',(0.,1.,0.));
#10457=DIRECTION('',(-1.,0.,0.));
#10458=DIRECTION('center_axis',(0.,1.66193419745474E-14,1.));
#10459=DIRECTION('ref_axis',(0.,1.,-1.66193419745474E-14));
#10460=DIRECTION('',(0.,1.,-1.66193419745474E-14));
#10461=DIRECTION('',(-1.,0.,0.));
#10462=DIRECTION('center_axis',(-1.,0.,0.));
#10463=DIRECTION('ref_axis',(0.,1.,0.));
#10464=DIRECTION('center_axis',(1.,0.,0.));
#10465=DIRECTION('ref_axis',(0.,1.,0.));
#10466=DIRECTION('center_axis',(1.,0.,0.));
#10467=DIRECTION('ref_axis',(0.,1.,0.));
#10468=DIRECTION('center_axis',(-1.,0.,0.));
#10469=DIRECTION('ref_axis',(0.,-0.707548443735576,0.706664842600341));
#10470=DIRECTION('center_axis',(1.,0.,0.));
#10471=DIRECTION('ref_axis',(0.,1.,0.));
#10472=DIRECTION('',(-1.,0.,0.));
#10473=DIRECTION('center_axis',(1.,0.,0.));
#10474=DIRECTION('ref_axis',(0.,1.,0.));
#10475=DIRECTION('',(0.,-1.,0.));
#10476=DIRECTION('center_axis',(0.,0.,-1.));
#10477=DIRECTION('ref_axis',(0.,-1.,0.));
#10478=DIRECTION('',(0.,-1.,0.));
#10479=DIRECTION('',(-1.,0.,0.));
#10480=DIRECTION('center_axis',(-1.,0.,0.));
#10481=DIRECTION('ref_axis',(0.,-0.707712725020744,0.706500317652946));
#10482=DIRECTION('center_axis',(1.,0.,0.));
#10483=DIRECTION('ref_axis',(0.,1.,0.));
#10484=DIRECTION('center_axis',(1.,0.,0.));
#10485=DIRECTION('ref_axis',(0.,1.,0.));
#10486=DIRECTION('center_axis',(1.,0.,0.));
#10487=DIRECTION('ref_axis',(0.,1.,0.));
#10488=DIRECTION('',(0.,-0.342020143325666,-0.939692620785909));
#10489=DIRECTION('',(0.,-0.939692620785909,0.342020143325668));
#10490=DIRECTION('',(0.,-0.342020143325669,-0.939692620785908));
#10491=DIRECTION('',(0.,0.939692620785909,-0.342020143325666));
#10492=DIRECTION('center_axis',(0.,-0.342020143325668,-0.939692620785909));
#10493=DIRECTION('ref_axis',(0.,-0.939692620785909,0.342020143325668));
#10494=DIRECTION('',(-1.,0.,0.));
#10495=DIRECTION('',(0.,-0.939692620785909,0.342020143325668));
#10496=DIRECTION('',(-1.,0.,0.));
#10497=DIRECTION('center_axis',(0.,0.939692620785908,-0.342020143325669));
#10498=DIRECTION('ref_axis',(0.,-0.342020143325669,-0.939692620785908));
#10499=DIRECTION('',(0.,-0.342020143325669,-0.939692620785908));
#10500=DIRECTION('',(-1.,0.,0.));
#10501=DIRECTION('center_axis',(0.,0.342020143325666,0.939692620785909));
#10502=DIRECTION('ref_axis',(0.,0.939692620785909,-0.342020143325666));
#10503=DIRECTION('',(0.,0.939692620785909,-0.342020143325666));
#10504=DIRECTION('',(-1.,0.,0.));
#10505=DIRECTION('center_axis',(0.,-0.939692620785909,0.342020143325666));
#10506=DIRECTION('ref_axis',(0.,0.342020143325666,0.939692620785909));
#10507=DIRECTION('',(0.,0.342020143325614,0.939692620785928));
#10508=DIRECTION('center_axis',(-1.,0.,0.));
#10509=DIRECTION('ref_axis',(0.,0.,1.));
#10510=CARTESIAN_POINT('',(0.,0.,0.));
#10511=CARTESIAN_POINT('Origin',(84.1210313297313,-68.6836201422794,35.1));
#10512=CARTESIAN_POINT('',(84.1210313297313,-97.4716023185411,35.6));
#10513=CARTESIAN_POINT('',(84.6210313297313,-97.4716023185411,35.1));
#10514=CARTESIAN_POINT('Origin',(84.1210313297313,-97.4716023185411,35.1));
#10515=CARTESIAN_POINT('',(84.6210313297313,-7.31967361349435,35.1));
#10516=CARTESIAN_POINT('',(84.6210313297313,-68.6836201422794,35.1));
#10517=CARTESIAN_POINT('',(84.1210313297313,-7.31967361349435,35.6));
#10518=CARTESIAN_POINT('Origin',(84.1210313297313,-7.31967361349435,35.1));
#10519=CARTESIAN_POINT('',(84.1210313297313,-68.6836201422794,35.6));
#10520=CARTESIAN_POINT('Origin',(59.6210313297313,-7.31967361349435,35.1));
#10521=CARTESIAN_POINT('',(59.6210313297313,17.6803263865057,35.1));
#10522=CARTESIAN_POINT('',(59.6210313297313,17.1803263865056,35.6));
#10523=CARTESIAN_POINT('Origin',(59.6210313297313,17.1803263865056,35.1));
#10524=CARTESIAN_POINT('Origin',(59.6210313297313,-7.31967361349435,35.6));
#10525=CARTESIAN_POINT('Origin',(59.6210313297313,-7.31967361349435,35.1));
#10526=CARTESIAN_POINT('Origin',(60.5710313297313,17.1803263865056,35.1));
#10527=CARTESIAN_POINT('',(13.4210313297313,17.6803263865057,35.1));
#10528=CARTESIAN_POINT('',(13.4210313297313,17.1803263865056,35.6));
#10529=CARTESIAN_POINT('Origin',(13.4210313297313,17.1803263865056,35.1));
#10530=CARTESIAN_POINT('',(60.5710313297313,17.1803263865056,35.6));
#10531=CARTESIAN_POINT('',(60.5710313297313,17.6803263865057,35.1));
#10532=CARTESIAN_POINT('Origin',(13.4210313297313,-7.31967361349435,35.1));
#10533=CARTESIAN_POINT('',(-11.5789686702687,-7.31967361349435,35.1));
#10534=CARTESIAN_POINT('',(-11.0789686702687,-7.31967361349435,35.6));
#10535=CARTESIAN_POINT('Origin',(-11.0789686702687,-7.31967361349435,35.1));
#10536=CARTESIAN_POINT('Origin',(13.4210313297313,-7.31967361349435,35.6));
#10537=CARTESIAN_POINT('Origin',(13.4210313297313,-7.31967361349435,35.1));
#10538=CARTESIAN_POINT('Origin',(-11.0789686702687,-11.107655789756,35.1));
#10539=CARTESIAN_POINT('',(-11.5789686702687,-97.4716023185411,35.1));
#10540=CARTESIAN_POINT('',(-11.0789686702687,-97.4716023185411,35.6));
#10541=CARTESIAN_POINT('Origin',(-11.0789686702687,-97.4716023185411,35.1));
#10542=CARTESIAN_POINT('',(-11.0789686702687,-11.107655789756,35.6));
#10543=CARTESIAN_POINT('',(-11.5789686702687,-11.107655789756,35.1));
#10544=CARTESIAN_POINT('Origin',(-11.5789686702687,17.6803263865057,34.));
#10545=CARTESIAN_POINT('',(-11.5789686702687,-7.31967361349435,34.));
#10546=CARTESIAN_POINT('',(-11.5789686702687,-7.31967361349435,34.));
#10547=CARTESIAN_POINT('',(-11.5789686702687,-97.4716023185411,34.));
#10548=CARTESIAN_POINT('',(-11.5789686702687,17.6803263865057,34.));
#10549=CARTESIAN_POINT('',(-11.5789686702687,-97.4716023185411,34.));
#10550=CARTESIAN_POINT('Origin',(13.4210313297313,-7.31967361349435,34.));
#10551=CARTESIAN_POINT('',(13.4210313297313,17.6803263865057,34.));
#10552=CARTESIAN_POINT('',(13.4210313297313,17.6803263865057,34.));
#10553=CARTESIAN_POINT('Origin',(13.4210313297313,-7.31967361349435,34.));
#10554=CARTESIAN_POINT('Origin',(84.6210313297313,17.6803263865057,34.));
#10555=CARTESIAN_POINT('',(59.6210313297313,17.6803263865057,34.));
#10556=CARTESIAN_POINT('',(59.6210313297313,17.6803263865057,34.));
#10557=CARTESIAN_POINT('',(84.6210313297313,17.6803263865057,34.));
#10558=CARTESIAN_POINT('Origin',(59.6210313297313,-7.31967361349435,34.));
#10559=CARTESIAN_POINT('',(84.6210313297313,-7.31967361349435,34.));
#10560=CARTESIAN_POINT('',(84.6210313297313,-7.31967361349435,34.));
#10561=CARTESIAN_POINT('Origin',(59.6210313297313,-7.31967361349435,34.));
#10562=CARTESIAN_POINT('Origin',(-11.5789686702687,-97.4716023185411,34.));
#10563=CARTESIAN_POINT('',(84.6210313297313,-97.4716023185411,34.));
#10564=CARTESIAN_POINT('',(-9.97896867026873,-97.4716023185411,34.));
#10565=CARTESIAN_POINT('',(84.6210313297313,-97.4716023185411,34.));
#10566=CARTESIAN_POINT('',(-9.97896867026873,-97.4716023185411,35.6));
#10567=CARTESIAN_POINT('Origin',(84.6210313297313,-97.4716023185411,34.));
#10568=CARTESIAN_POINT('',(84.6210313297313,-97.4716023185411,34.));
#10569=CARTESIAN_POINT('Origin',(41.3454647877714,-24.5646666411634,34.85));
#10570=CARTESIAN_POINT('',(68.2450612666335,-24.5646666411634,35.6));
#10571=CARTESIAN_POINT('Origin',(41.3454647877714,-24.5646666411634,35.6));
#10572=CARTESIAN_POINT('',(65.3450612666335,-24.5646666411634,34.1));
#10573=CARTESIAN_POINT('',(66.7950612666335,-24.5646666411634,34.85));
#10574=CARTESIAN_POINT('Origin',(41.3454647877714,-24.5646666411634,34.1));
#10575=CARTESIAN_POINT('Origin',(41.3454647877714,-24.5646666411634,34.));
#10576=CARTESIAN_POINT('',(65.3450612666335,-24.5646666411634,34.));
#10577=CARTESIAN_POINT('',(65.3450612666335,-24.5646666411634,34.));
#10578=CARTESIAN_POINT('Origin',(41.3454647877714,-24.5646666411634,34.));
#10579=CARTESIAN_POINT('Origin',(36.5210313297313,-39.8956379660177,35.6));
#10580=CARTESIAN_POINT('',(-2.4999999217689,-36.3999991863966,35.6));
#10581=CARTESIAN_POINT('',(-2.4999999217689,-36.916924379766,35.6));
#10582=CARTESIAN_POINT('',(-2.4999999217689,-36.3999991863966,35.6));
#10583=CARTESIAN_POINT('',(-2.11271019833636,-36.3999991863966,35.6));
#10584=CARTESIAN_POINT('',(-7.31243552223849,-36.3999991863966,35.6));
#10585=CARTESIAN_POINT('',(-2.13594895005226,-36.916924379766,35.6));
#10586=CARTESIAN_POINT('Ctrl Pts',(-2.11271019833636,-36.3999991863966,
35.6));
#10587=CARTESIAN_POINT('Ctrl Pts',(-2.13219153822264,-36.5709884356498,
35.6));
#10588=CARTESIAN_POINT('Ctrl Pts',(-2.13407024413745,-36.7439564077079,
35.6));
#10589=CARTESIAN_POINT('Ctrl Pts',(-2.13594895005226,-36.916924379766,35.6));
#10590=CARTESIAN_POINT('',(17.1925411898395,-36.916924379766,35.6));
#10591=CARTESIAN_POINT('',(-4.90658857467009,-59.8625028433162,35.6));
#10592=CARTESIAN_POINT('',(-4.6225784023263,-59.8625028433162,35.6));
#10593=CARTESIAN_POINT('Ctrl Pts',(-4.90658857466992,-59.8625028433162,
35.6));
#10594=CARTESIAN_POINT('Ctrl Pts',(-4.81250996280378,-59.8664355574243,
35.6));
#10595=CARTESIAN_POINT('Ctrl Pts',(-4.71759030529319,-59.8647758853976,
35.6));
#10596=CARTESIAN_POINT('Ctrl Pts',(-4.62257840232591,-59.8625028433162,
35.6));
#10597=CARTESIAN_POINT('',(-0.316354924748441,-59.8625028433162,35.6));
#10598=CARTESIAN_POINT('',(-7.14381534642605,-59.8625028433162,35.6));
#10599=CARTESIAN_POINT('',(-0.0532381763941248,-59.8625028433162,35.6));
#10600=CARTESIAN_POINT('Ctrl Pts',(-0.316354924748618,-59.8625028433162,
35.6));
#10601=CARTESIAN_POINT('Ctrl Pts',(-0.228563244211906,-59.8635254834121,
35.6));
#10602=CARTESIAN_POINT('Ctrl Pts',(-0.140809301390628,-59.8640998876352,
35.6));
#10603=CARTESIAN_POINT('Ctrl Pts',(-0.0532381763939515,-59.8625028433162,
35.6));
#10604=CARTESIAN_POINT('',(2.27065222282495,-59.8625028433162,35.6));
#10605=CARTESIAN_POINT('',(-7.14381534642605,-59.8625028433162,35.6));
#10606=CARTESIAN_POINT('',(2.05274838805199,-60.7927748188376,35.6));
#10607=CARTESIAN_POINT('Ctrl Pts',(2.27065222282495,-59.8625028433162,35.6));
#10608=CARTESIAN_POINT('Ctrl Pts',(2.26224780422953,-59.9694931084056,35.6));
#10609=CARTESIAN_POINT('Ctrl Pts',(2.22527932734409,-60.2862149735623,35.6));
#10610=CARTESIAN_POINT('Ctrl Pts',(2.12162858167649,-60.5905389742516,35.6));
#10611=CARTESIAN_POINT('Ctrl Pts',(2.05274838805199,-60.7927748188376,35.6));
#10612=CARTESIAN_POINT('',(1.34397763609886,-61.7183455452323,35.6));
#10613=CARTESIAN_POINT('Ctrl Pts',(2.05274838805199,-60.7927748188376,35.6));
#10614=CARTESIAN_POINT('Ctrl Pts',(1.9653461495352,-60.9742869587444,35.6));
#10615=CARTESIAN_POINT('Ctrl Pts',(1.79308640076532,-61.3320264874981,35.6));
#10616=CARTESIAN_POINT('Ctrl Pts',(1.49219892527741,-61.5908470119669,35.6));
#10617=CARTESIAN_POINT('Ctrl Pts',(1.34397763609886,-61.7183455452323,35.6));
#10618=CARTESIAN_POINT('',(0.315565055608749,-62.1352693066001,35.6));
#10619=CARTESIAN_POINT('Ctrl Pts',(1.34397763609886,-61.7183455452323,35.6));
#10620=CARTESIAN_POINT('Ctrl Pts',(1.18422820028243,-61.8231193340063,35.6));
#10621=CARTESIAN_POINT('Ctrl Pts',(0.86881324181719,-62.0299884228735,35.6));
#10622=CARTESIAN_POINT('Ctrl Pts',(0.498382369238415,-62.1004799140286,
35.6));
#10623=CARTESIAN_POINT('Ctrl Pts',(0.315565055608749,-62.1352693066001,
35.6));
#10624=CARTESIAN_POINT('',(-1.63008075356484,-62.2019776329398,35.6));
#10625=CARTESIAN_POINT('Ctrl Pts',(0.315565055608749,-62.1352693066001,
35.6));
#10626=CARTESIAN_POINT('Ctrl Pts',(0.0608804697898591,-62.1545172907002,
35.6));
#10627=CARTESIAN_POINT('Ctrl Pts',(-0.586606607280098,-62.2034516261817,
35.6));
#10628=CARTESIAN_POINT('Ctrl Pts',(-1.23607579888837,-62.2025341974149,
35.6));
#10629=CARTESIAN_POINT('Ctrl Pts',(-1.63008075356484,-62.2019776329398,
35.6));
#10630=CARTESIAN_POINT('',(-3.16992025971413,-62.2019776329398,35.6));
#10631=CARTESIAN_POINT('',(17.4454752880832,-62.2019776329398,35.6));
#10632=CARTESIAN_POINT('',(-5.09054999947548,-62.1380492672324,35.6));
#10633=CARTESIAN_POINT('Ctrl Pts',(-3.16992025971413,-62.2019776329398,
35.6));
#10634=CARTESIAN_POINT('Ctrl Pts',(-3.55625657328194,-62.2023492865728,
35.6));
#10635=CARTESIAN_POINT('Ctrl Pts',(-4.1973068039153,-62.202965973741,35.6));
#10636=CARTESIAN_POINT('Ctrl Pts',(-4.83655292466761,-62.1565085778001,
35.6));
#10637=CARTESIAN_POINT('Ctrl Pts',(-5.09054999947548,-62.1380492672324,
35.6));
#10638=CARTESIAN_POINT('',(-6.12174254059792,-61.7378016933799,35.6));
#10639=CARTESIAN_POINT('Ctrl Pts',(-5.09054999947548,-62.1380492672324,
35.6));
#10640=CARTESIAN_POINT('Ctrl Pts',(-5.27484590904707,-62.1051949077728,
35.6));
#10641=CARTESIAN_POINT('Ctrl Pts',(-5.64473161865056,-62.039255527509,35.6));
#10642=CARTESIAN_POINT('Ctrl Pts',(-5.96236852665561,-61.8385203674247,
35.6));
#10643=CARTESIAN_POINT('Ctrl Pts',(-6.12174254059792,-61.7378016933799,
35.6));
#10644=CARTESIAN_POINT('',(-6.83885138630867,-60.8289083465934,35.6));
#10645=CARTESIAN_POINT('Ctrl Pts',(-6.12174254059792,-61.7378016933799,
35.6));
#10646=CARTESIAN_POINT('Ctrl Pts',(-6.26921870521467,-61.6138594224646,
35.6));
#10647=CARTESIAN_POINT('Ctrl Pts',(-6.57071396070955,-61.3604760588999,
35.6));
#10648=CARTESIAN_POINT('Ctrl Pts',(-6.74818841850093,-61.0086426984124,
35.6));
#10649=CARTESIAN_POINT('Ctrl Pts',(-6.83885138630867,-60.8289083465934,
35.6));
#10650=CARTESIAN_POINT('',(-7.07145601610407,-59.8625028433162,35.6));
#10651=CARTESIAN_POINT('Ctrl Pts',(-6.83885138630867,-60.8289083465934,
35.6));
#10652=CARTESIAN_POINT('Ctrl Pts',(-6.91176164255645,-60.6243009756597,
35.6));
#10653=CARTESIAN_POINT('Ctrl Pts',(-7.02415505527272,-60.3088923916054,
35.6));
#10654=CARTESIAN_POINT('Ctrl Pts',(-7.06260930951004,-59.9792159123965,
35.6));
#10655=CARTESIAN_POINT('Ctrl Pts',(-7.07145601610406,-59.8625028433162,
35.6));
#10656=CARTESIAN_POINT('',(-7.14381534642605,-59.8625028433162,35.6));
#10657=CARTESIAN_POINT('',(2.2713028736539,-59.1250028082868,35.6));
#10658=CARTESIAN_POINT('',(-7.07049602561043,-59.1250028082868,35.6));
#10659=CARTESIAN_POINT('',(2.39556923506302,-59.1250028082868,35.6));
#10660=CARTESIAN_POINT('',(-6.8527488052845,-58.1967278942466,35.6));
#10661=CARTESIAN_POINT('Ctrl Pts',(-7.07049602561044,-59.1250028082868,
35.6));
#10662=CARTESIAN_POINT('Ctrl Pts',(-7.06209423915035,-59.018687877758,35.6));
#10663=CARTESIAN_POINT('Ctrl Pts',(-7.02506370934784,-58.7026529175134,
35.6));
#10664=CARTESIAN_POINT('Ctrl Pts',(-6.92162920378789,-58.398964127989,35.6));
#10665=CARTESIAN_POINT('Ctrl Pts',(-6.8527488052845,-58.1967278942466,35.6));
#10666=CARTESIAN_POINT('',(-6.14397805333138,-57.2711571678519,35.6));
#10667=CARTESIAN_POINT('Ctrl Pts',(-6.8527488052845,-58.1967278942466,35.6));
#10668=CARTESIAN_POINT('Ctrl Pts',(-6.76534656676772,-58.0152157543398,
35.6));
#10669=CARTESIAN_POINT('Ctrl Pts',(-6.59308681799784,-57.6574762255861,
35.6));
#10670=CARTESIAN_POINT('Ctrl Pts',(-6.29219934250992,-57.3986557011173,
35.6));
#10671=CARTESIAN_POINT('Ctrl Pts',(-6.14397805333138,-57.2711571678519,
35.6));
#10672=CARTESIAN_POINT('',(-5.11556547284126,-56.8542322143912,35.6));
#10673=CARTESIAN_POINT('Ctrl Pts',(-6.14397805333138,-57.2711571678519,
35.6));
#10674=CARTESIAN_POINT('Ctrl Pts',(-5.9842289497601,-57.1663822838309,35.6));
#10675=CARTESIAN_POINT('Ctrl Pts',(-5.66881474840714,-56.959511098788,35.6));
#10676=CARTESIAN_POINT('Ctrl Pts',(-5.29838310617138,-56.8890209386338,
35.6));
#10677=CARTESIAN_POINT('Ctrl Pts',(-5.11556547284126,-56.8542322143912,
35.6));
#10678=CARTESIAN_POINT('',(-3.16992025971413,-56.7875250801444,35.6));
#10679=CARTESIAN_POINT('Ctrl Pts',(-5.11556547284126,-56.8542322143912,
35.6));
#10680=CARTESIAN_POINT('Ctrl Pts',(-4.86088069489589,-56.8349836518045,
35.6));
#10681=CARTESIAN_POINT('Ctrl Pts',(-4.21339388181515,-56.7860479024984,
35.6));
#10682=CARTESIAN_POINT('Ctrl Pts',(-3.56392483168874,-56.7869673135331,
35.6));
#10683=CARTESIAN_POINT('Ctrl Pts',(-3.16992025971413,-56.7875250801444,
35.6));
#10684=CARTESIAN_POINT('',(-1.63008075356484,-56.7875250801444,35.6));
#10685=CARTESIAN_POINT('',(16.6755555350086,-56.7875250801444,35.6));
#10686=CARTESIAN_POINT('',(0.290548986196517,-56.8514522537589,35.6));
#10687=CARTESIAN_POINT('Ctrl Pts',(-1.63008075356484,-56.7875250801444,
35.6));
#10688=CARTESIAN_POINT('Ctrl Pts',(-1.24374423907366,-56.7871528971692,
35.6));
#10689=CARTESIAN_POINT('Ctrl Pts',(-0.60269400085607,-56.786535331974,35.6));
#10690=CARTESIAN_POINT('Ctrl Pts',(0.0365521108021327,-56.8329928921601,
35.6));
#10691=CARTESIAN_POINT('Ctrl Pts',(0.290548986196517,-56.8514522537589,
35.6));
#10692=CARTESIAN_POINT('',(1.32174152731895,-57.2516998276114,35.6));
#10693=CARTESIAN_POINT('Ctrl Pts',(0.290548986196517,-56.8514522537589,
35.6));
#10694=CARTESIAN_POINT('Ctrl Pts',(0.474844895768107,-56.8843066132186,
35.6));
#10695=CARTESIAN_POINT('Ctrl Pts',(0.844730605371604,-56.9502459934824,
35.6));
#10696=CARTESIAN_POINT('Ctrl Pts',(1.16236751337665,-57.1509811535666,35.6));
#10697=CARTESIAN_POINT('Ctrl Pts',(1.32174152731895,-57.2516998276114,35.6));
#10698=CARTESIAN_POINT('',(2.03885096907616,-58.1605943664908,35.6));
#10699=CARTESIAN_POINT('Ctrl Pts',(1.32174152731895,-57.2516998276114,35.6));
#10700=CARTESIAN_POINT('Ctrl Pts',(1.46921801638071,-57.3756415997892,35.6));
#10701=CARTESIAN_POINT('Ctrl Pts',(1.77071457058241,-57.6290244777719,35.6));
#10702=CARTESIAN_POINT('Ctrl Pts',(1.94818822745745,-57.9808590387101,35.6));
#10703=CARTESIAN_POINT('Ctrl Pts',(2.03885096907616,-58.1605943664908,35.6));
#10704=CARTESIAN_POINT('Ctrl Pts',(2.03885096907616,-58.1605943664908,35.6));
#10705=CARTESIAN_POINT('Ctrl Pts',(2.11176102188418,-58.3652017475352,35.6));
#10706=CARTESIAN_POINT('Ctrl Pts',(2.22392892088194,-58.6799783684163,35.6));
#10707=CARTESIAN_POINT('Ctrl Pts',(2.26245369956235,-59.0089656932748,35.6));
#10708=CARTESIAN_POINT('Ctrl Pts',(2.2713028736539,-59.1250028082868,35.6));
#10709=CARTESIAN_POINT('',(2.09999937415123,-44.3125028433162,35.6));
#10710=CARTESIAN_POINT('',(2.09999937415123,-46.2977155670524,35.6));
#10711=CARTESIAN_POINT('',(2.09999937415123,-41.9265100356543,35.6));
#10712=CARTESIAN_POINT('',(-6.90000038743019,-46.2977155670524,35.6));
#10713=CARTESIAN_POINT('',(19.3105153519413,-46.2977155670524,35.6));
#10714=CARTESIAN_POINT('',(-6.90000038743019,-44.3125028433162,35.6));
#10715=CARTESIAN_POINT('',(-6.90000038743019,-43.096676766535,35.6));
#10716=CARTESIAN_POINT('',(-7.14381534642605,-44.3125028433162,35.6));
#10717=CARTESIAN_POINT('',(2.27130496815302,-51.2062528082868,35.6));
#10718=CARTESIAN_POINT('',(-7.07049814969007,-51.2062528082868,35.6));
#10719=CARTESIAN_POINT('',(2.39556923506302,-51.2062528082868,35.6));
#10720=CARTESIAN_POINT('',(-6.8527488052845,-50.2779492363334,35.6));
#10721=CARTESIAN_POINT('Ctrl Pts',(-7.07049814969007,-51.2062528082868,
35.6));
#10722=CARTESIAN_POINT('Ctrl Pts',(-7.06209632075437,-51.0999286001184,
35.6));
#10723=CARTESIAN_POINT('Ctrl Pts',(-7.02506662479004,-50.7838838101292,
35.6));
#10724=CARTESIAN_POINT('Ctrl Pts',(-6.92162920507382,-50.4801858698417,
35.6));
#10725=CARTESIAN_POINT('Ctrl Pts',(-6.8527488052845,-50.2779492363334,35.6));
#10726=CARTESIAN_POINT('',(-6.14397805333138,-49.3523797020316,35.6));
#10727=CARTESIAN_POINT('Ctrl Pts',(-6.8527488052845,-50.2779492363334,35.6));
#10728=CARTESIAN_POINT('Ctrl Pts',(-6.76534636319504,-50.0964380432465,
35.6));
#10729=CARTESIAN_POINT('Ctrl Pts',(-6.59308579643486,-49.738699515043,35.6));
#10730=CARTESIAN_POINT('Ctrl Pts',(-6.29219925282011,-49.4798786974289,
35.6));
#10731=CARTESIAN_POINT('Ctrl Pts',(-6.14397805333138,-49.3523797020316,
35.6));
#10732=CARTESIAN_POINT('',(-5.11556547284126,-48.9354547485709,35.6));
#10733=CARTESIAN_POINT('Ctrl Pts',(-6.14397805333138,-49.3523797020316,
35.6));
#10734=CARTESIAN_POINT('Ctrl Pts',(-5.9842289497601,-49.2476048180106,35.6));
#10735=CARTESIAN_POINT('Ctrl Pts',(-5.66881474840714,-49.0407336329677,
35.6));
#10736=CARTESIAN_POINT('Ctrl Pts',(-5.29838310617138,-48.9702434728135,
35.6));
#10737=CARTESIAN_POINT('Ctrl Pts',(-5.11556547284126,-48.9354547485709,
35.6));
#10738=CARTESIAN_POINT('',(-3.16992025971413,-48.8687476143241,35.6));
#10739=CARTESIAN_POINT('Ctrl Pts',(-5.11556547284126,-48.9354547485709,
35.6));
#10740=CARTESIAN_POINT('Ctrl Pts',(-4.86088069489589,-48.9162061859842,
35.6));
#10741=CARTESIAN_POINT('Ctrl Pts',(-4.21339388181515,-48.867270436678,35.6));
#10742=CARTESIAN_POINT('Ctrl Pts',(-3.56392483168874,-48.8681898477128,
35.6));
#10743=CARTESIAN_POINT('Ctrl Pts',(-3.16992025971413,-48.8687476143241,
35.6));
#10744=CARTESIAN_POINT('',(-1.63008075356484,-48.8687476143241,35.6));
#10745=CARTESIAN_POINT('',(16.6755555350086,-48.8687476143241,35.6));
#10746=CARTESIAN_POINT('',(0.290548986196517,-48.9326747879386,35.6));
#10747=CARTESIAN_POINT('Ctrl Pts',(-1.63008075356484,-48.8687476143241,
35.6));
#10748=CARTESIAN_POINT('Ctrl Pts',(-1.24374426510727,-48.8683768266323,
35.6));
#10749=CARTESIAN_POINT('Ctrl Pts',(-0.602694127230412,-48.8677615766934,
35.6));
#10750=CARTESIAN_POINT('Ctrl Pts',(0.0365520994431567,-48.9142164832312,
35.6));
#10751=CARTESIAN_POINT('Ctrl Pts',(0.290548986196517,-48.9326747879386,
35.6));
#10752=CARTESIAN_POINT('',(1.32174152731895,-49.3329223617911,35.6));
#10753=CARTESIAN_POINT('Ctrl Pts',(0.290548986196517,-48.9326747879386,
35.6));
#10754=CARTESIAN_POINT('Ctrl Pts',(0.474844895768107,-48.9655291473983,
35.6));
#10755=CARTESIAN_POINT('Ctrl Pts',(0.844730605371604,-49.031468527662,35.6));
#10756=CARTESIAN_POINT('Ctrl Pts',(1.16236751337665,-49.2322036877463,35.6));
#10757=CARTESIAN_POINT('Ctrl Pts',(1.32174152731895,-49.3329223617911,35.6));
#10758=CARTESIAN_POINT('',(2.03885096907616,-50.2418169006705,35.6));
#10759=CARTESIAN_POINT('Ctrl Pts',(1.32174152731895,-49.3329223617911,35.6));
#10760=CARTESIAN_POINT('Ctrl Pts',(1.46921801638071,-49.4568641339689,35.6));
#10761=CARTESIAN_POINT('Ctrl Pts',(1.77071457058241,-49.7102470119516,35.6));
#10762=CARTESIAN_POINT('Ctrl Pts',(1.94818822745745,-50.0620815728898,35.6));
#10763=CARTESIAN_POINT('Ctrl Pts',(2.03885096907616,-50.2418169006705,35.6));
#10764=CARTESIAN_POINT('Ctrl Pts',(2.03885096907616,-50.2418169006705,35.6));
#10765=CARTESIAN_POINT('Ctrl Pts',(2.11176102188418,-50.4464242817149,35.6));
#10766=CARTESIAN_POINT('Ctrl Pts',(2.22393201830553,-50.7612095948916,35.6));
#10767=CARTESIAN_POINT('Ctrl Pts',(2.26245582716588,-51.0902063968901,35.6));
#10768=CARTESIAN_POINT('Ctrl Pts',(2.27130496815302,-51.2062528082868,35.6));
#10769=CARTESIAN_POINT('',(2.09999937415123,-71.8801745399833,35.6));
#10770=CARTESIAN_POINT('',(2.09999937415123,-74.2205077037215,35.6));
#10771=CARTESIAN_POINT('',(2.09999937415123,-55.8879062530005,35.6));
#10772=CARTESIAN_POINT('',(-6.90000038743019,-74.2205077037215,35.6));
#10773=CARTESIAN_POINT('',(19.3105153519413,-74.2205077037215,35.6));
#10774=CARTESIAN_POINT('',(-6.90000038743019,-70.2569499239326,35.6));
#10775=CARTESIAN_POINT('',(-6.90000038743019,-57.0580728348696,35.6));
#10776=CARTESIAN_POINT('',(-5.09888868927956,-70.2569499239326,35.6));
#10777=CARTESIAN_POINT('',(14.8105154711505,-70.2569499239326,35.6));
#10778=CARTESIAN_POINT('',(-5.09888868927956,-71.8801745399833,35.6));
#10779=CARTESIAN_POINT('',(-5.09888868927955,-55.0762939449751,35.6));
#10780=CARTESIAN_POINT('',(-3.39227955937386,-71.8801745399833,35.6));
#10781=CARTESIAN_POINT('',(15.7110713202259,-71.8801745399833,35.6));
#10782=CARTESIAN_POINT('',(-3.39227955937386,-70.4348376020789,35.6));
#10783=CARTESIAN_POINT('',(-3.39227955937385,-55.8879062530005,35.6));
#10784=CARTESIAN_POINT('',(-1.6801117002964,-70.4348376020789,35.6));
#10785=CARTESIAN_POINT('',(16.5643758851787,-70.4348376020789,35.6));
#10786=CARTESIAN_POINT('',(-1.6801117002964,-71.8801745399833,35.6));
#10787=CARTESIAN_POINT('',(-1.6801117002964,-55.1652377840483,35.6));
#10788=CARTESIAN_POINT('',(17.4204598147174,-71.8801745399833,35.6));
#10789=CARTESIAN_POINT('',(-3.0920944750309,-26.1658486351371,35.6));
#10790=CARTESIAN_POINT('',(0.56571859717369,-28.4423407539725,35.6));
#10791=CARTESIAN_POINT('Ctrl Pts',(-3.0920944750309,-26.1658486351371,35.6));
#10792=CARTESIAN_POINT('Ctrl Pts',(-2.64058044973691,-26.4148816785389,
35.6));
#10793=CARTESIAN_POINT('Ctrl Pts',(-1.38190796319384,-27.1091038342425,
35.6));
#10794=CARTESIAN_POINT('Ctrl Pts',(-0.195255217859049,-27.9214203651286,
35.6));
#10795=CARTESIAN_POINT('Ctrl Pts',(0.56571859717369,-28.4423407539725,35.6));
#10796=CARTESIAN_POINT('',(0.56571859717369,-25.9796198830009,35.6));
#10797=CARTESIAN_POINT('',(0.565718597173692,-34.1689893599951,35.6));
#10798=CARTESIAN_POINT('',(2.09999937415123,-25.9796198830009,35.6));
#10799=CARTESIAN_POINT('',(18.5433749634525,-25.9796198830009,35.6));
#10800=CARTESIAN_POINT('',(2.09999937415123,-30.921560190618,35.6));
#10801=CARTESIAN_POINT('',(2.09999937415123,-32.9376289245093,35.6));
#10802=CARTESIAN_POINT('',(0.815873330831527,-30.9201725944877,35.6));
#10803=CARTESIAN_POINT('',(19.3153438382746,-30.9401626833295,35.6));
#10804=CARTESIAN_POINT('',(-3.62853687405586,-28.3102282509208,35.6));
#10805=CARTESIAN_POINT('Ctrl Pts',(0.815873330831527,-30.9201725944877,
35.6));
#10806=CARTESIAN_POINT('Ctrl Pts',(-0.146970552782872,-30.3263009630074,
35.6));
#10807=CARTESIAN_POINT('Ctrl Pts',(-1.60973249225686,-29.4240853138809,
35.6));
#10808=CARTESIAN_POINT('Ctrl Pts',(-3.11432326607631,-28.5939409594338,
35.6));
#10809=CARTESIAN_POINT('Ctrl Pts',(-3.62853687405586,-28.3102282509208,
35.6));
#10810=CARTESIAN_POINT('',(-4.95991390347481,-27.8960808739066,35.6));
#10811=CARTESIAN_POINT('Ctrl Pts',(-3.62853687405586,-28.3102282509208,
35.6));
#10812=CARTESIAN_POINT('Ctrl Pts',(-3.87702576786239,-28.1906510595196,
35.6));
#10813=CARTESIAN_POINT('Ctrl Pts',(-4.30151303466832,-27.9863803801639,
35.6));
#10814=CARTESIAN_POINT('Ctrl Pts',(-4.76694095956077,-27.9225470624887,
35.6));
#10815=CARTESIAN_POINT('Ctrl Pts',(-4.95991390347481,-27.8960808739066,
35.6));
#10816=CARTESIAN_POINT('',(-5.50747435688973,-28.0213316902518,35.6));
#10817=CARTESIAN_POINT('Ctrl Pts',(-4.95991390347481,-27.8960808739066,
35.6));
#10818=CARTESIAN_POINT('Ctrl Pts',(-5.06885558246617,-27.897858692056,35.6));
#10819=CARTESIAN_POINT('Ctrl Pts',(-5.2610190793869,-27.9009946062041,35.6));
#10820=CARTESIAN_POINT('Ctrl Pts',(-5.43299523572367,-27.9849656592446,
35.6));
#10821=CARTESIAN_POINT('Ctrl Pts',(-5.50747435688973,-28.0213316902518,
35.6));
#10822=CARTESIAN_POINT('',(-5.68814139962196,-28.4026440605521,35.6));
#10823=CARTESIAN_POINT('Ctrl Pts',(-5.50747435688973,-28.0213316902518,
35.6));
#10824=CARTESIAN_POINT('Ctrl Pts',(-5.5601393630668,-28.0703207487174,35.6));
#10825=CARTESIAN_POINT('Ctrl Pts',(-5.6704729997465,-28.17295324362,35.6));
#10826=CARTESIAN_POINT('Ctrl Pts',(-5.68207652656353,-28.3238001552069,
35.6));
#10827=CARTESIAN_POINT('Ctrl Pts',(-5.68814139962196,-28.4026440605521,
35.6));
#10828=CARTESIAN_POINT('',(-5.48801820874214,-28.7839564308524,35.6));
#10829=CARTESIAN_POINT('Ctrl Pts',(-5.68814139962196,-28.4026440605521,
35.6));
#10830=CARTESIAN_POINT('Ctrl Pts',(-5.68065541065662,-28.4820012149033,
35.6));
#10831=CARTESIAN_POINT('Ctrl Pts',(-5.66604330069347,-28.636900650517,35.6));
#10832=CARTESIAN_POINT('Ctrl Pts',(-5.5463775273164,-28.7357493211764,35.6));
#10833=CARTESIAN_POINT('Ctrl Pts',(-5.48801820874214,-28.7839564308524,
35.6));
#10834=CARTESIAN_POINT('',(-4.69308298230171,-28.9092072471976,35.6));
#10835=CARTESIAN_POINT('Ctrl Pts',(-5.48801820874214,-28.7839564308524,
35.6));
#10836=CARTESIAN_POINT('Ctrl Pts',(-5.38930851104953,-28.8200513095909,
35.6));
#10837=CARTESIAN_POINT('Ctrl Pts',(-5.13392965252387,-28.9134349299071,
35.6));
#10838=CARTESIAN_POINT('Ctrl Pts',(-4.8607019845414,-28.910814699415,35.6));
#10839=CARTESIAN_POINT('Ctrl Pts',(-4.69308298230171,-28.9092072471976,
35.6));
#10840=CARTESIAN_POINT('',(-3.83699875473976,-28.9092072471976,35.6));
#10841=CARTESIAN_POINT('',(15.9139741737148,-28.9092072471976,35.6));
#10842=CARTESIAN_POINT('',(-3.83699875473976,-30.921560190618,35.6));
#10843=CARTESIAN_POINT('',(-3.83699875473976,-34.4024226066077,35.6));
#10844=CARTESIAN_POINT('',(-4.16497927308083,-30.921560190618,35.6));
#10845=CARTESIAN_POINT('',(16.3420162874958,-30.921560190618,35.6));
#10846=CARTESIAN_POINT('',(-5.35738151669502,-30.8437355980277,35.6));
#10847=CARTESIAN_POINT('Ctrl Pts',(-4.16497927308083,-30.921560190618,35.6));
#10848=CARTESIAN_POINT('Ctrl Pts',(-4.3907269332614,-30.9204011822055,35.6));
#10849=CARTESIAN_POINT('Ctrl Pts',(-4.7898856572384,-30.9183518660856,35.6));
#10850=CARTESIAN_POINT('Ctrl Pts',(-5.18550716567289,-30.8663342169153,
35.6));
#10851=CARTESIAN_POINT('Ctrl Pts',(-5.35738151669502,-30.8437355980277,
35.6));
#10852=CARTESIAN_POINT('',(-6.21624510884285,-30.4601630195975,35.6));
#10853=CARTESIAN_POINT('Ctrl Pts',(-5.35738151669502,-30.8437355980277,
35.6));
#10854=CARTESIAN_POINT('Ctrl Pts',(-5.50498640447286,-30.8062917478216,
35.6));
#10855=CARTESIAN_POINT('Ctrl Pts',(-5.81317533903657,-30.7281115433941,
35.6));
#10856=CARTESIAN_POINT('Ctrl Pts',(-6.07816851879238,-30.5519521371309,
35.6));
#10857=CARTESIAN_POINT('Ctrl Pts',(-6.21624510884285,-30.4601630195975,
35.6));
#10858=CARTESIAN_POINT('',(-6.85552876591682,-29.6652277931571,35.6));
#10859=CARTESIAN_POINT('Ctrl Pts',(-6.21624510884285,-30.4601630195975,
35.6));
#10860=CARTESIAN_POINT('Ctrl Pts',(-6.34874329228944,-30.3500599174162,
35.6));
#10861=CARTESIAN_POINT('Ctrl Pts',(-6.61554507735798,-30.1283534499051,
35.6));
#10862=CARTESIAN_POINT('Ctrl Pts',(-6.77517413899469,-29.8202978714176,
35.6));
#10863=CARTESIAN_POINT('Ctrl Pts',(-6.85552876591682,-29.6652277931571,
35.6));
#10864=CARTESIAN_POINT('',(-7.0723293364048,-28.4922846779227,35.6));
#10865=CARTESIAN_POINT('Ctrl Pts',(-6.85552876591682,-29.6652277931571,
35.6));
#10866=CARTESIAN_POINT('Ctrl Pts',(-6.91869488823293,-29.487669719311,35.6));
#10867=CARTESIAN_POINT('Ctrl Pts',(-7.0535206340967,-29.1086785945963,35.6));
#10868=CARTESIAN_POINT('Ctrl Pts',(-7.06580187864515,-28.7062008316522,
35.6));
#10869=CARTESIAN_POINT('Ctrl Pts',(-7.0723293364048,-28.4922846779227,35.6));
#10870=CARTESIAN_POINT('',(-6.40803020596504,-26.4660319313407,35.6));
#10871=CARTESIAN_POINT('Ctrl Pts',(-7.0723293364048,-28.4922846779227,35.6));
#10872=CARTESIAN_POINT('Ctrl Pts',(-7.05658894810317,-28.0863420378646,
35.6));
#10873=CARTESIAN_POINT('Ctrl Pts',(-7.02779726040183,-27.3438080232496,
35.6));
#10874=CARTESIAN_POINT('Ctrl Pts',(-6.60134253727628,-26.7398201901412,
35.6));
#10875=CARTESIAN_POINT('Ctrl Pts',(-6.40803020596504,-26.4660319313407,
35.6));
#10876=CARTESIAN_POINT('',(-4.72643654942513,-25.7794960960746,35.6));
#10877=CARTESIAN_POINT('Ctrl Pts',(-6.40803020596504,-26.4660319313407,
35.6));
#10878=CARTESIAN_POINT('Ctrl Pts',(-6.16897788230858,-26.2658094033771,
35.6));
#10879=CARTESIAN_POINT('Ctrl Pts',(-5.68224129071267,-25.8581345088978,
35.6));
#10880=CARTESIAN_POINT('Ctrl Pts',(-5.04878278260352,-25.8060169899996,
35.6));
#10881=CARTESIAN_POINT('Ctrl Pts',(-4.72643654942513,-25.7794960960746,
35.6));
#10882=CARTESIAN_POINT('Ctrl Pts',(-4.72643654942513,-25.7794960960746,
35.6));
#10883=CARTESIAN_POINT('Ctrl Pts',(-4.45845621849219,-25.7986751238335,
35.6));
#10884=CARTESIAN_POINT('Ctrl Pts',(-3.89330369493337,-25.8391224055411,
35.6));
#10885=CARTESIAN_POINT('Ctrl Pts',(-3.36820519778037,-26.053253056911,35.6));
#10886=CARTESIAN_POINT('Ctrl Pts',(-3.0920944750309,-26.1658486351371,35.6));
#10887=CARTESIAN_POINT('',(2.09999937415123,-67.9916628822684,35.6));
#10888=CARTESIAN_POINT('',(-6.90000038743019,-67.9916628822684,35.6));
#10889=CARTESIAN_POINT('',(19.3105153519413,-67.9916628822684,35.6));
#10890=CARTESIAN_POINT('',(-6.90000038743019,-65.651329420507,35.6));
#10891=CARTESIAN_POINT('',(-6.90000038743019,-53.9436504241431,35.6));
#10892=CARTESIAN_POINT('',(0.298887676000594,-65.651329420507,35.6));
#10893=CARTESIAN_POINT('',(14.8105154711505,-65.651329420507,35.6));
#10894=CARTESIAN_POINT('',(0.298887676000594,-64.2282279953361,35.6));
#10895=CARTESIAN_POINT('',(0.298887676000597,-52.7734836932623,35.6));
#10896=CARTESIAN_POINT('',(2.09999937415123,-64.2282279953361,35.6));
#10897=CARTESIAN_POINT('',(18.4099595028659,-64.2282279953361,35.6));
#10898=CARTESIAN_POINT('',(2.09999937415123,-52.0619329806769,35.6));
#10899=CARTESIAN_POINT('',(2.27064997118256,-51.9437528433162,35.6));
#10900=CARTESIAN_POINT('',(2.05274838805199,-52.8739961609244,35.6));
#10901=CARTESIAN_POINT('Ctrl Pts',(2.27064997118255,-51.9437528433162,35.6));
#10902=CARTESIAN_POINT('Ctrl Pts',(2.26224558591967,-52.0507334228171,35.6));
#10903=CARTESIAN_POINT('Ctrl Pts',(2.22527622553546,-52.3674454342681,35.6));
#10904=CARTESIAN_POINT('Ctrl Pts',(2.12162858291145,-52.6717603173225,35.6));
#10905=CARTESIAN_POINT('Ctrl Pts',(2.05274838805199,-52.8739961609244,35.6));
#10906=CARTESIAN_POINT('',(1.34397763609886,-53.799568079412,35.6));
#10907=CARTESIAN_POINT('Ctrl Pts',(2.05274838805199,-52.8739961609244,35.6));
#10908=CARTESIAN_POINT('Ctrl Pts',(1.96534635310926,-53.0555092476521,35.6));
#10909=CARTESIAN_POINT('Ctrl Pts',(1.79308742232772,-53.4132497769549,35.6));
#10910=CARTESIAN_POINT('Ctrl Pts',(1.49219901496592,-53.6720700082776,35.6));
#10911=CARTESIAN_POINT('Ctrl Pts',(1.34397763609886,-53.799568079412,35.6));
#10912=CARTESIAN_POINT('',(0.315565055608749,-54.2164930328727,35.6));
#10913=CARTESIAN_POINT('Ctrl Pts',(1.34397763609886,-53.799568079412,35.6));
#10914=CARTESIAN_POINT('Ctrl Pts',(1.18422817412714,-53.904341768231,35.6));
#10915=CARTESIAN_POINT('Ctrl Pts',(0.86881308036771,-54.1112107146079,35.6));
#10916=CARTESIAN_POINT('Ctrl Pts',(0.498382349203979,-54.1817031599274,
35.6));
#10917=CARTESIAN_POINT('Ctrl Pts',(0.315565055608749,-54.2164930328727,
35.6));
#10918=CARTESIAN_POINT('',(-1.63008075356484,-54.2832001671195,35.6));
#10919=CARTESIAN_POINT('Ctrl Pts',(0.315565055608749,-54.2164930328727,
35.6));
#10920=CARTESIAN_POINT('Ctrl Pts',(0.0608804646797512,-54.2357405413717,
35.6));
#10921=CARTESIAN_POINT('Ctrl Pts',(-0.586606665308522,-54.2846736707456,
35.6));
#10922=CARTESIAN_POINT('Ctrl Pts',(-1.23607581099445,-54.2837565467346,
35.6));
#10923=CARTESIAN_POINT('Ctrl Pts',(-1.63008075356484,-54.2832001671195,
35.6));
#10924=CARTESIAN_POINT('',(-3.16992025971413,-54.2832001671195,35.6));
#10925=CARTESIAN_POINT('',(17.4454752880832,-54.2832001671195,35.6));
#10926=CARTESIAN_POINT('',(-5.09054999947548,-54.219272993505,35.6));
#10927=CARTESIAN_POINT('Ctrl Pts',(-3.16992025971413,-54.2832001671195,
35.6));
#10928=CARTESIAN_POINT('Ctrl Pts',(-3.55625657492931,-54.2835723377191,
35.6));
#10929=CARTESIAN_POINT('Ctrl Pts',(-4.19730681191214,-54.2841898826964,
35.6));
#10930=CARTESIAN_POINT('Ctrl Pts',(-4.8365529253864,-54.2377323561323,35.6));
#10931=CARTESIAN_POINT('Ctrl Pts',(-5.09054999947548,-54.219272993505,35.6));
#10932=CARTESIAN_POINT('',(-6.12174254059792,-53.8190254196525,35.6));
#10933=CARTESIAN_POINT('Ctrl Pts',(-5.09054999947548,-54.219272993505,35.6));
#10934=CARTESIAN_POINT('Ctrl Pts',(-5.27484590904707,-54.1864186340453,
35.6));
#10935=CARTESIAN_POINT('Ctrl Pts',(-5.64473161865056,-54.1204792537816,
35.6));
#10936=CARTESIAN_POINT('Ctrl Pts',(-5.96236852665561,-53.9197440936973,
35.6));
#10937=CARTESIAN_POINT('Ctrl Pts',(-6.12174254059792,-53.8190254196525,
35.6));
#10938=CARTESIAN_POINT('',(-6.83885138630867,-52.9101308807731,35.6));
#10939=CARTESIAN_POINT('Ctrl Pts',(-6.12174254059792,-53.8190254196525,
35.6));
#10940=CARTESIAN_POINT('Ctrl Pts',(-6.26921867822768,-53.6950827178075,
35.6));
#10941=CARTESIAN_POINT('Ctrl Pts',(-6.5707136563425,-53.4416986600148,35.6));
#10942=CARTESIAN_POINT('Ctrl Pts',(-6.7481883579364,-53.0898651712709,35.6));
#10943=CARTESIAN_POINT('Ctrl Pts',(-6.83885138630867,-52.9101308807731,
35.6));
#10944=CARTESIAN_POINT('',(-7.07145393414146,-51.9437528433162,35.6));
#10945=CARTESIAN_POINT('Ctrl Pts',(-6.83885138630867,-52.9101308807731,
35.6));
#10946=CARTESIAN_POINT('Ctrl Pts',(-6.91176164255645,-52.7055235098394,
35.6));
#10947=CARTESIAN_POINT('Ctrl Pts',(-7.02415195811047,-52.3901236173226,
35.6));
#10948=CARTESIAN_POINT('Ctrl Pts',(-7.06260719012926,-52.0604566159852,
35.6));
#10949=CARTESIAN_POINT('Ctrl Pts',(-7.07145393414146,-51.9437528433162,
35.6));
#10950=CARTESIAN_POINT('',(-4.90592933391834,-51.9437528433162,35.6));
#10951=CARTESIAN_POINT('',(-7.14381534642605,-51.9437528433162,35.6));
#10952=CARTESIAN_POINT('',(-4.62372771807449,-51.9437528433162,35.6));
#10953=CARTESIAN_POINT('Ctrl Pts',(-4.90592933391834,-51.9437528433162,
35.6));
#10954=CARTESIAN_POINT('Ctrl Pts',(-4.81244590810109,-51.9476345829126,
35.6));
#10955=CARTESIAN_POINT('Ctrl Pts',(-4.71813384076356,-51.9460064154317,
35.6));
#10956=CARTESIAN_POINT('Ctrl Pts',(-4.62372771807449,-51.9437528433162,
35.6));
#10957=CARTESIAN_POINT('',(-0.313980827963171,-51.9437528433162,35.6));
#10958=CARTESIAN_POINT('',(-7.14381534642605,-51.9437528433162,35.6));
#10959=CARTESIAN_POINT('',(-0.0547712505515371,-51.9437528433162,35.6));
#10960=CARTESIAN_POINT('Ctrl Pts',(-0.313980827963171,-51.9437528433162,
35.6));
#10961=CARTESIAN_POINT('Ctrl Pts',(-0.227493507739056,-51.9447521053644,
35.6));
#10962=CARTESIAN_POINT('Ctrl Pts',(-0.141044080099279,-51.9453012826329,
35.6));
#10963=CARTESIAN_POINT('Ctrl Pts',(-0.0547712505515371,-51.9437528433162,
35.6));
#10964=CARTESIAN_POINT('',(-7.14381534642605,-51.9437528433162,35.6));
#10965=CARTESIAN_POINT('',(-0.201507282818354,-43.5750028082868,35.6));
#10966=CARTESIAN_POINT('',(-4.68615422201584,-43.5750028082868,35.6));
#10967=CARTESIAN_POINT('',(2.39556923506302,-43.5750028082868,35.6));
#10968=CARTESIAN_POINT('',(-6.90000038743019,-42.9150732979178,35.6));
#10969=CARTESIAN_POINT('',(14.3737731868371,-49.2566119277887,35.6));
#10970=CARTESIAN_POINT('',(-6.90000038743019,-40.7192715629935,35.6));
#10971=CARTESIAN_POINT('',(-6.90000038743019,-41.4053556319678,35.6));
#10972=CARTESIAN_POINT('',(-2.83638101220131,-42.0617684349418,35.6));
#10973=CARTESIAN_POINT('',(12.551451230266,-47.1454425549898,35.6));
#10974=CARTESIAN_POINT('',(2.09999937415123,-40.5914148315787,35.6));
#10975=CARTESIAN_POINT('',(15.5350006640275,-36.5896562530927,35.6));
#10976=CARTESIAN_POINT('',(2.09999937415123,-43.0095752701163,35.6));
#10977=CARTESIAN_POINT('',(2.09999937415123,-40.2435263987982,35.6));
#10978=CARTESIAN_POINT('',(18.691603350546,-38.933397709533,35.6));
#10979=CARTESIAN_POINT('',(2.26105943110606,-36.3999991863966,35.6));
#10980=CARTESIAN_POINT('',(1.91933173537254,-37.6312574371696,35.6));
#10981=CARTESIAN_POINT('Ctrl Pts',(2.26105943110606,-36.3999991863966,35.6));
#10982=CARTESIAN_POINT('Ctrl Pts',(2.24934819466534,-36.5721699696798,35.6));
#10983=CARTESIAN_POINT('Ctrl Pts',(2.19755416115916,-36.9967975591569,35.6));
#10984=CARTESIAN_POINT('Ctrl Pts',(2.02360047229112,-37.3934824629961,35.6));
#10985=CARTESIAN_POINT('Ctrl Pts',(1.91933173537254,-37.6312574371696,35.6));
#10986=CARTESIAN_POINT('',(1.04101199507713,-38.4317525848746,35.6));
#10987=CARTESIAN_POINT('Ctrl Pts',(1.91933173537254,-37.6312574371696,35.6));
#10988=CARTESIAN_POINT('Ctrl Pts',(1.79955809979274,-37.8142185473829,35.6));
#10989=CARTESIAN_POINT('Ctrl Pts',(1.57484029800693,-38.1574879012803,35.6));
#10990=CARTESIAN_POINT('Ctrl Pts',(1.21095020933157,-38.3444435188186,35.6));
#10991=CARTESIAN_POINT('Ctrl Pts',(1.04101199507713,-38.4317525848746,35.6));
#10992=CARTESIAN_POINT('',(-0.762878471612931,-38.6235364899039,35.6));
#10993=CARTESIAN_POINT('Ctrl Pts',(1.04101199507713,-38.4317525848746,35.6));
#10994=CARTESIAN_POINT('Ctrl Pts',(0.804970956347264,-38.4871434583059,
35.6));
#10995=CARTESIAN_POINT('Ctrl Pts',(0.212852950511921,-38.6260935904274,
35.6));
#10996=CARTESIAN_POINT('Ctrl Pts',(-0.396460703733228,-38.6244967613934,
35.6));
#10997=CARTESIAN_POINT('Ctrl Pts',(-0.762878471612931,-38.6235364899039,
35.6));
#10998=CARTESIAN_POINT('',(-1.47442918419838,-38.6235364899039,35.6));
#10999=CARTESIAN_POINT('',(17.8790764290592,-38.6235364899039,35.6));
#11000=CARTESIAN_POINT('',(-1.47442918419838,-36.3999991863966,35.6));
#11001=CARTESIAN_POINT('',(-1.47442918419838,-39.2595872279608,35.6));
#11002=CARTESIAN_POINT('',(-7.31243552223849,-36.3999991863966,35.6));
#11003=CARTESIAN_POINT('',(-7.07365207182691,-36.3999991863966,35.6));
#11004=CARTESIAN_POINT('',(-4.19999988377094,-36.3999991863966,35.6));
#11005=CARTESIAN_POINT('',(-7.31243552223849,-36.3999991863966,35.6));
#11006=CARTESIAN_POINT('',(-4.19999988377094,-36.9999991729856,35.6));
#11007=CARTESIAN_POINT('',(-4.19999988377094,-36.9999991729856,35.6));
#11008=CARTESIAN_POINT('',(-4.11494832634926,-36.9999991729856,35.6));
#11009=CARTESIAN_POINT('',(-2.4999999217689,-36.9999991729856,35.6));
#11010=CARTESIAN_POINT('',(-4.11494832634926,-38.6235364899039,35.6));
#11011=CARTESIAN_POINT('',(-4.11494832634926,-38.1366726752722,35.6));
#11012=CARTESIAN_POINT('',(-4.88208811879158,-38.6235364899039,35.6));
#11013=CARTESIAN_POINT('',(16.203041501691,-38.6235364899039,35.6));
#11014=CARTESIAN_POINT('',(-6.62483077645302,-38.0342849716544,35.6));
#11015=CARTESIAN_POINT('Ctrl Pts',(-4.88208811879158,-38.6235364899039,
35.6));
#11016=CARTESIAN_POINT('Ctrl Pts',(-5.25897389051486,-38.618558603546,35.6));
#11017=CARTESIAN_POINT('Ctrl Pts',(-5.91100603707246,-38.6099465991384,
35.6));
#11018=CARTESIAN_POINT('Ctrl Pts',(-6.41299855129236,-38.2051163771271,
35.6));
#11019=CARTESIAN_POINT('Ctrl Pts',(-6.62483077645302,-38.0342849716544,
35.6));
#11020=CARTESIAN_POINT('Ctrl Pts',(-6.62483077645302,-38.0342849716544,
35.6));
#11021=CARTESIAN_POINT('Ctrl Pts',(-6.75628835676814,-37.7848074809334,
35.6));
#11022=CARTESIAN_POINT('Ctrl Pts',(-7.02642392827035,-37.2721497523238,
35.6));
#11023=CARTESIAN_POINT('Ctrl Pts',(-7.06608439692899,-36.6981022245575,
35.6));
#11024=CARTESIAN_POINT('Ctrl Pts',(-7.07365207182691,-36.3999991863966,
35.6));
#11025=CARTESIAN_POINT('',(-7.05841161611446,-35.4999992065132,35.6));
#11026=CARTESIAN_POINT('',(-6.45015698075295,-33.9817818626761,35.6));
#11027=CARTESIAN_POINT('Ctrl Pts',(-7.05841161611446,-35.4999992065132,
35.6));
#11028=CARTESIAN_POINT('Ctrl Pts',(-7.03937306166217,-35.2622043068391,
35.6));
#11029=CARTESIAN_POINT('Ctrl Pts',(-6.94873157727077,-34.7195194446976,
35.6));
#11030=CARTESIAN_POINT('Ctrl Pts',(-6.63189830119376,-34.250703310403,35.6));
#11031=CARTESIAN_POINT('Ctrl Pts',(-6.45015698075295,-33.9817818626761,
35.6));
#11032=CARTESIAN_POINT('',(-4.70585089325905,-33.409205339849,35.6));
#11033=CARTESIAN_POINT('Ctrl Pts',(-6.45015698075295,-33.9817818626761,
35.6));
#11034=CARTESIAN_POINT('Ctrl Pts',(-6.20830189871979,-33.815032095558,35.6));
#11035=CARTESIAN_POINT('Ctrl Pts',(-5.6852917947306,-33.4544367658776,35.6));
#11036=CARTESIAN_POINT('Ctrl Pts',(-5.0482864444578,-33.4250193091047,35.6));
#11037=CARTESIAN_POINT('Ctrl Pts',(-4.70585089325905,-33.409205339849,35.6));
#11038=CARTESIAN_POINT('',(-3.61424844861031,-33.6148890480399,35.6));
#11039=CARTESIAN_POINT('Ctrl Pts',(-4.70585089325905,-33.409205339849,35.6));
#11040=CARTESIAN_POINT('Ctrl Pts',(-4.48560795239,-33.4104053175593,35.6));
#11041=CARTESIAN_POINT('Ctrl Pts',(-4.10772587723171,-33.4124641806744,
35.6));
#11042=CARTESIAN_POINT('Ctrl Pts',(-3.75951133132491,-33.5553020881079,
35.6));
#11043=CARTESIAN_POINT('Ctrl Pts',(-3.61424844861031,-33.6148890480399,
35.6));
#11044=CARTESIAN_POINT('',(-3.00037127137184,-34.3375596031547,35.6));
#11045=CARTESIAN_POINT('Ctrl Pts',(-3.61424844861031,-33.6148890480399,
35.6));
#11046=CARTESIAN_POINT('Ctrl Pts',(-3.50080124770836,-33.7039158102936,
35.6));
#11047=CARTESIAN_POINT('Ctrl Pts',(-3.24773132762685,-33.9025103585021,
35.6));
#11048=CARTESIAN_POINT('Ctrl Pts',(-3.08832067560748,-34.1828769011063,
35.6));
#11049=CARTESIAN_POINT('Ctrl Pts',(-3.00037127137184,-34.3375596031547,
35.6));
#11050=CARTESIAN_POINT('',(-2.43583005070686,-33.575974367559,35.6));
#11051=CARTESIAN_POINT('Ctrl Pts',(-3.00037127137184,-34.3375596031547,
35.6));
#11052=CARTESIAN_POINT('Ctrl Pts',(-2.93658026586449,-34.1798359987432,
35.6));
#11053=CARTESIAN_POINT('Ctrl Pts',(-2.81395842290643,-33.8766528321337,
35.6));
#11054=CARTESIAN_POINT('Ctrl Pts',(-2.55842735128275,-33.673460752629,35.6));
#11055=CARTESIAN_POINT('Ctrl Pts',(-2.43583005070686,-33.575974367559,35.6));
#11056=CARTESIAN_POINT('',(-0.597585254907609,-33.325820825994,35.6));
#11057=CARTESIAN_POINT('Ctrl Pts',(-2.43583005070686,-33.575974367559,35.6));
#11058=CARTESIAN_POINT('Ctrl Pts',(-2.2188334112197,-33.5042024537324,35.6));
#11059=CARTESIAN_POINT('Ctrl Pts',(-1.62499573259672,-33.3077898880918,
35.6));
#11060=CARTESIAN_POINT('Ctrl Pts',(-0.996450940276019,-33.3188207782425,
35.6));
#11061=CARTESIAN_POINT('Ctrl Pts',(-0.597585254907609,-33.325820825994,
35.6));
#11062=CARTESIAN_POINT('',(1.06815595030785,-33.5704192146659,35.6));
#11063=CARTESIAN_POINT('Ctrl Pts',(-0.597585254907609,-33.325820825994,
35.6));
#11064=CARTESIAN_POINT('Ctrl Pts',(-0.277218107906336,-33.3295450019503,
35.6));
#11065=CARTESIAN_POINT('Ctrl Pts',(0.289970134012367,-33.3361384021568,
35.6));
#11066=CARTESIAN_POINT('Ctrl Pts',(0.832197139351443,-33.4993813972296,
35.6));
#11067=CARTESIAN_POINT('Ctrl Pts',(1.06815595030785,-33.5704192146659,35.6));
#11068=CARTESIAN_POINT('',(1.96918982863426,-34.415384195745,35.6));
#11069=CARTESIAN_POINT('Ctrl Pts',(1.06815595030785,-33.5704192146659,35.6));
#11070=CARTESIAN_POINT('Ctrl Pts',(1.25449225559597,-33.6681693007498,35.6));
#11071=CARTESIAN_POINT('Ctrl Pts',(1.63256451827079,-33.8665020742009,35.6));
#11072=CARTESIAN_POINT('Ctrl Pts',(1.85591807527808,-34.2306897049296,35.6));
#11073=CARTESIAN_POINT('Ctrl Pts',(1.96918982863426,-34.415384195745,35.6));
#11074=CARTESIAN_POINT('',(2.25758106897988,-35.4999992065132,35.6));
#11075=CARTESIAN_POINT('Ctrl Pts',(1.96918982863426,-34.415384195745,35.6));
#11076=CARTESIAN_POINT('Ctrl Pts',(2.05905415523975,-34.6410876475168,35.6));
#11077=CARTESIAN_POINT('Ctrl Pts',(2.19929546761388,-34.9933180539474,35.6));
#11078=CARTESIAN_POINT('Ctrl Pts',(2.24682091142783,-35.3651126243623,35.6));
#11079=CARTESIAN_POINT('Ctrl Pts',(2.25758106897988,-35.4999992065132,35.6));
#11080=CARTESIAN_POINT('',(2.44455205285123,-35.4999992065132,35.6));
#11081=CARTESIAN_POINT('Origin',(9.82103132973127,-81.2768057415319,34.));
#11082=CARTESIAN_POINT('',(9.82103132973127,-79.8768057415319,28.1093218218911));
#11083=CARTESIAN_POINT('',(9.82103132973127,-79.8768057415319,34.));
#11084=CARTESIAN_POINT('',(9.82103132973127,-79.8768057415319,31.25));
#11085=CARTESIAN_POINT('',(9.82103132973127,-70.4906023185411,34.));
#11086=CARTESIAN_POINT('',(9.82103132973127,-60.5862218537748,34.));
#11087=CARTESIAN_POINT('',(9.82103132973127,-79.2242344804134,27.9272179994769));
#11088=CARTESIAN_POINT('',(9.82103132973127,-76.822572462216,29.5971726764234));
#11089=CARTESIAN_POINT('',(9.82103132973127,-81.4756245026931,28.5554815367031));
#11090=CARTESIAN_POINT('Origin',(67.9446629538064,-79.8768057415319,34.));
#11091=CARTESIAN_POINT('',(67.293004457287,-79.8768057415319,34.));
#11092=CARTESIAN_POINT('',(67.293004457287,-79.8768057415319,28.1093218218911));
#11093=CARTESIAN_POINT('',(67.293004457287,-79.8768057415319,31.25));
#11094=CARTESIAN_POINT('',(52.2328471417688,-79.8768057415319,34.));
#11095=CARTESIAN_POINT('',(27.9846662122547,-79.8768057415319,28.1093218218911));
#11096=CARTESIAN_POINT('Origin',(62.9240050211078,-70.4906023185411,34.));
#11097=CARTESIAN_POINT('',(66.9892518809355,-79.2242344804134,27.9272179994769));
#11098=CARTESIAN_POINT('',(63.8383991813302,-72.4550542993698,26.0382387277476));
#11099=CARTESIAN_POINT('',(62.9240050211078,-70.4906023185411,34.));
#11100=CARTESIAN_POINT('',(61.5614537217475,-67.5633454358438,36.0354180916569));
#11101=CARTESIAN_POINT('',(54.7205859524081,-52.8666677615264,34.));
#11102=CARTESIAN_POINT('Origin',(46.1483010947782,-80.2505201109727,28.2136089997384));
#11103=CARTESIAN_POINT('',(46.1483010947782,-79.2242344804134,27.9272179994769));
#11104=CARTESIAN_POINT('Origin',(24.35193923575,-75.8837023185411,30.25));
#11105=CARTESIAN_POINT('',(23.1710313297313,-70.4906023185411,34.));
#11106=CARTESIAN_POINT('Origin',(0.,-11.3,0.));
#11107=CARTESIAN_POINT('',(-4.,-11.3,34.));
#11108=CARTESIAN_POINT('Origin',(0.,-11.3,34.));
#11109=CARTESIAN_POINT('',(-4.,-11.3,34.5));
#11110=CARTESIAN_POINT('',(-4.,-11.3,0.));
#11111=CARTESIAN_POINT('Origin',(0.,-11.3,34.5));
#11112=CARTESIAN_POINT('Origin',(0.,-11.3,34.5));
#11113=CARTESIAN_POINT('Origin',(66.838544164555,-38.2478285058592,0.));
#11114=CARTESIAN_POINT('',(80.8161402758572,-37.4561171005409,34.));
#11115=CARTESIAN_POINT('',(80.5330912332539,-35.339327073301,34.));
#11116=CARTESIAN_POINT('Origin',(66.838544164555,-38.2478285058592,34.));
#11117=CARTESIAN_POINT('',(80.8161402758572,-37.4561171005409,34.5));
#11118=CARTESIAN_POINT('',(80.8161402758572,-37.4561171005409,0.));
#11119=CARTESIAN_POINT('',(80.5330912332539,-35.339327073301,34.5));
#11120=CARTESIAN_POINT('Origin',(66.838544164555,-38.2478285058592,34.5));
#11121=CARTESIAN_POINT('',(80.5330912332539,-35.339327073301,0.));
#11122=CARTESIAN_POINT('Origin',(76.8537853395377,-36.9086288736138,0.));
#11123=CARTESIAN_POINT('Origin',(76.8537853395377,-36.9086288736138,34.));
#11124=CARTESIAN_POINT('Origin',(76.8537853395377,-36.9086288736138,34.5));
#11125=CARTESIAN_POINT('Origin',(76.8349628076974,-36.9086288736138,34.5));
#11126=CARTESIAN_POINT('Origin',(83.0210313297313,-82.5000014603138,30.5000005140901));
#11127=CARTESIAN_POINT('',(81.4210313297313,-85.3284292212138,34.));
#11128=CARTESIAN_POINT('',(81.4210313297313,-85.3284279489059,27.));
#11129=CARTESIAN_POINT('Origin',(81.4210313297313,-82.5000014603138,30.5000005140901));
#11130=CARTESIAN_POINT('',(78.8210313297313,-85.3284292212138,34.));
#11131=CARTESIAN_POINT('',(83.0210313297313,-85.3284292212138,34.));
#11132=CARTESIAN_POINT('',(78.8210313297313,-85.3284279489059,27.));
#11133=CARTESIAN_POINT('Origin',(78.8210313297313,-82.5000014603138,30.5000005140901));
#11134=CARTESIAN_POINT('',(83.0210313297313,-85.3284279489059,27.));
#11135=CARTESIAN_POINT('Origin',(83.0210313297313,-82.5000014603138,30.5000005140901));
#11136=CARTESIAN_POINT('',(81.4210313297313,-79.6715749717217,27.));
#11137=CARTESIAN_POINT('',(81.4210313297313,-79.6715736994137,34.));
#11138=CARTESIAN_POINT('Origin',(81.4210313297313,-82.5000014603138,30.5000005140901));
#11139=CARTESIAN_POINT('',(78.8210313297313,-79.6715749717217,27.));
#11140=CARTESIAN_POINT('',(83.0210313297313,-79.6715749717217,27.));
#11141=CARTESIAN_POINT('',(78.8210313297313,-79.6715736994137,34.));
#11142=CARTESIAN_POINT('Origin',(78.8210313297313,-82.5000014603138,30.5000005140901));
#11143=CARTESIAN_POINT('',(83.0210313297313,-79.6715736994137,34.));
#11144=CARTESIAN_POINT('Origin',(78.8210313297313,-82.5000014603138,30.5));
#11145=CARTESIAN_POINT('',(78.8210313297313,-61.1978197131658,34.));
#11146=CARTESIAN_POINT('',(78.8210313297313,-88.4999979324639,27.));
#11147=CARTESIAN_POINT('',(78.8210313297313,-80.3500014603138,30.5000005140901));
#11148=CARTESIAN_POINT('Origin',(78.8210313297313,-82.5000014603138,30.5000005140901));
#11149=CARTESIAN_POINT('Origin',(81.4210313297313,-92.4999979324639,34.));
#11150=CARTESIAN_POINT('',(81.4210313297313,-15.8284273382952,34.));
#11151=CARTESIAN_POINT('',(81.4210313297313,-66.1978179492408,34.));
#11152=CARTESIAN_POINT('',(81.4210313297313,-15.8284272092204,27.));
#11153=CARTESIAN_POINT('Origin',(81.4210313297313,-13.0000001490116,30.5000000521541));
#11154=CARTESIAN_POINT('',(81.4210313297313,-95.8716023185411,27.));
#11155=CARTESIAN_POINT('Origin',(83.0210313297313,-13.0000001490116,30.5000000521541));
#11156=CARTESIAN_POINT('',(78.8210313297313,-15.8284273382952,34.));
#11157=CARTESIAN_POINT('',(83.0210313297313,-15.8284273382952,34.));
#11158=CARTESIAN_POINT('',(78.8210313297313,-15.8284272092205,27.));
#11159=CARTESIAN_POINT('Origin',(78.8210313297313,-13.0000001490116,30.5000000521541));
#11160=CARTESIAN_POINT('',(83.0210313297313,-15.8284272092205,27.));
#11161=CARTESIAN_POINT('Origin',(83.0210313297313,-13.0000001490116,30.5000000521541));
#11162=CARTESIAN_POINT('',(81.3598393316301,-10.1715730888028,27.));
#11163=CARTESIAN_POINT('',(81.3598393316301,-10.1715730888028,34.0000001043081));
#11164=CARTESIAN_POINT('Ctrl Pts',(81.3598393316301,-10.1715730888028,27.));
#11165=CARTESIAN_POINT('Ctrl Pts',(81.3511167629768,-10.0471348989763,27.1005612394812));
#11166=CARTESIAN_POINT('Ctrl Pts',(81.341942809259,-9.9296229207363,27.206545032712));
#11167=CARTESIAN_POINT('Ctrl Pts',(81.2989884245933,-9.42001986683784,27.7155551167867));
#11168=CARTESIAN_POINT('Ctrl Pts',(81.2595566464979,-9.07338128044625,28.22138158383));
#11169=CARTESIAN_POINT('Ctrl Pts',(81.2025154596522,-8.61335166392803,29.3304906361393));
#11170=CARTESIAN_POINT('Ctrl Pts',(81.1860436131183,-8.50000014901161,29.9338478225206));
#11171=CARTESIAN_POINT('Ctrl Pts',(81.1860436131183,-8.50000014901161,30.5000000521541));
#11172=CARTESIAN_POINT('Ctrl Pts',(81.1860436131183,-8.50000014901161,31.0661522817875));
#11173=CARTESIAN_POINT('Ctrl Pts',(81.2025154596522,-8.61335166392803,31.6695094681688));
#11174=CARTESIAN_POINT('Ctrl Pts',(81.2595566464979,-9.07338128044625,32.7786185204781));
#11175=CARTESIAN_POINT('Ctrl Pts',(81.2989884245933,-9.42001986683784,33.2844449875214));
#11176=CARTESIAN_POINT('Ctrl Pts',(81.3419428092617,-9.92962292076826,33.7934550716281));
#11177=CARTESIAN_POINT('Ctrl Pts',(81.3511167629784,-10.0471348989984,33.8994388648449));
#11178=CARTESIAN_POINT('Ctrl Pts',(81.3598393316301,-10.1715730888028,34.0000001043081));
#11179=CARTESIAN_POINT('',(78.8210313297313,-10.1715730888028,27.));
#11180=CARTESIAN_POINT('',(83.0210313297313,-10.1715730888028,27.));
#11181=CARTESIAN_POINT('',(78.8210313297313,-10.1715730888028,34.0000001043081));
#11182=CARTESIAN_POINT('Origin',(78.8210313297313,-13.0000001490116,30.5000000521541));
#11183=CARTESIAN_POINT('',(83.0210313297313,-10.1715729597281,34.));
#11184=CARTESIAN_POINT('Origin',(78.8210313297313,-13.0000001490116,30.5000000521541));
#11185=CARTESIAN_POINT('',(78.8210313297313,-0.971602318541045,27.));
#11186=CARTESIAN_POINT('',(78.8210313297313,-26.4478190575147,34.));
#11187=CARTESIAN_POINT('',(78.8210313297313,-10.8500001490116,30.5000000521541));
#11188=CARTESIAN_POINT('Origin',(78.8210313297313,-13.0000001490116,30.5000000521541));
#11189=CARTESIAN_POINT('Origin',(83.0210313297313,-13.0000001490116,30.5000000521541));
#11190=CARTESIAN_POINT('',(83.0210313297313,-10.8500001490116,30.5000000521541));
#11191=CARTESIAN_POINT('Origin',(83.0210313297313,-13.0000001490116,30.5000000521541));
#11192=CARTESIAN_POINT('',(83.0210313297313,-10.8500001490116,30.5000000521541));
#11193=CARTESIAN_POINT('Origin',(36.5210313297313,-38.9098357729791,27.));
#11194=CARTESIAN_POINT('',(83.0210313297313,-10.3196736134944,27.));
#11195=CARTESIAN_POINT('',(83.0210313297313,-88.4999979324639,27.));
#11196=CARTESIAN_POINT('',(83.0210313297313,-97.4716023185411,27.));
#11197=CARTESIAN_POINT('',(81.4210313297313,-88.4999979324639,27.));
#11198=CARTESIAN_POINT('',(59.7710313297313,-88.4999979324639,27.));
#11199=CARTESIAN_POINT('',(81.4210313297313,-95.8716023185411,27.));
#11200=CARTESIAN_POINT('',(56.4210313297313,13.0803263865056,27.));
#11201=CARTESIAN_POINT('Origin',(56.4210313297313,-11.9196736134944,27.));
#11202=CARTESIAN_POINT('',(16.6210313297313,13.0803263865056,27.));
#11203=CARTESIAN_POINT('',(81.4210313297313,13.0803263865056,27.));
#11204=CARTESIAN_POINT('',(-8.31777667216756,-10.1715730888028,27.));
#11205=CARTESIAN_POINT('Origin',(16.6210313297313,-11.9196736134944,27.));
#11206=CARTESIAN_POINT('',(-5.77896867026874,-10.1715730888028,27.));
#11207=CARTESIAN_POINT('',(83.0210313297313,-10.1715730888028,27.));
#11208=CARTESIAN_POINT('',(-5.77896867026874,-15.8284272092205,27.));
#11209=CARTESIAN_POINT('',(-5.77896867026874,-11.5857866189072,27.));
#11210=CARTESIAN_POINT('',(-8.37896867026874,-15.8284272092205,27.));
#11211=CARTESIAN_POINT('',(83.0210313297313,-15.8284272092205,27.));
#11212=CARTESIAN_POINT('',(-8.37896867026874,-79.6715749717217,27.));
#11213=CARTESIAN_POINT('',(-8.37896867026874,13.0803263865056,27.));
#11214=CARTESIAN_POINT('',(-5.77896867026874,-79.6715749717217,27.));
#11215=CARTESIAN_POINT('',(83.0210313297313,-79.6715749717217,27.));
#11216=CARTESIAN_POINT('',(-5.77896867026874,-85.3284279489059,27.));
#11217=CARTESIAN_POINT('',(-5.77896867026874,-81.0857882160177,27.));
#11218=CARTESIAN_POINT('',(-8.37896867026874,-85.3284279489059,27.));
#11219=CARTESIAN_POINT('',(83.0210313297313,-85.3284279489059,27.));
#11220=CARTESIAN_POINT('',(-8.37896867026874,-88.4999979324639,27.));
#11221=CARTESIAN_POINT('',(-8.37896867026874,13.0803263865056,27.));
#11222=CARTESIAN_POINT('',(-9.97896867026874,-88.4999979324639,27.));
#11223=CARTESIAN_POINT('',(14.0710313297313,-88.4999979324639,27.));
#11224=CARTESIAN_POINT('',(-9.97896867026874,-10.3196736134944,27.));
#11225=CARTESIAN_POINT('',(-9.97896867026874,14.6803263865056,27.));
#11226=CARTESIAN_POINT('',(15.0210313297313,14.6803263865056,27.));
#11227=CARTESIAN_POINT('Origin',(15.0210313297313,-10.3196736134944,27.));
#11228=CARTESIAN_POINT('',(58.0210313297313,14.6803263865056,27.));
#11229=CARTESIAN_POINT('',(83.0210313297313,14.6803263865056,27.));
#11230=CARTESIAN_POINT('Origin',(58.0210313297313,-10.3196736134944,27.));
#11231=CARTESIAN_POINT('Origin',(56.4210313297313,-11.9196736134944,34.));
#11232=CARTESIAN_POINT('',(56.4210313297313,13.0803263865056,34.));
#11233=CARTESIAN_POINT('Origin',(56.4210313297313,-11.9196736134944,34.));
#11234=CARTESIAN_POINT('',(56.4210313297313,13.0803263865056,34.));
#11235=CARTESIAN_POINT('Origin',(36.5210313297313,-39.8956379660177,34.));
#11236=CARTESIAN_POINT('',(81.4210313297313,-92.4999979324639,34.));
#11237=CARTESIAN_POINT('',(81.4210313297313,-66.1978179492408,34.));
#11238=CARTESIAN_POINT('',(83.0210313297313,-92.4999979324639,34.));
#11239=CARTESIAN_POINT('',(59.7710313297313,-92.4999979324639,34.));
#11240=CARTESIAN_POINT('',(83.0210313297313,-10.3196736134944,34.));
#11241=CARTESIAN_POINT('',(83.0210313297313,-12.607655789756,34.));
#11242=CARTESIAN_POINT('',(58.0210313297313,14.6803263865056,34.));
#11243=CARTESIAN_POINT('Origin',(58.0210313297313,-10.3196736134944,34.));
#11244=CARTESIAN_POINT('',(15.0210313297313,14.6803263865056,34.));
#11245=CARTESIAN_POINT('',(13.2710313297313,14.6803263865056,34.));
#11246=CARTESIAN_POINT('',(-9.97896867026874,-10.3196736134944,34.));
#11247=CARTESIAN_POINT('Origin',(15.0210313297313,-10.3196736134944,34.));
#11248=CARTESIAN_POINT('',(-9.97896867026873,-92.4999979324639,34.));
#11249=CARTESIAN_POINT('',(-9.97896867026874,-66.1978179492408,34.));
#11250=CARTESIAN_POINT('',(-8.37896867026874,-92.4999979324639,34.));
#11251=CARTESIAN_POINT('',(14.0710313297313,-92.4999979324639,34.));
#11252=CARTESIAN_POINT('',(-8.37896867026874,-85.3284292212138,34.));
#11253=CARTESIAN_POINT('',(-8.37896867026874,-13.407655789756,34.));
#11254=CARTESIAN_POINT('',(-5.77896867026874,-85.3284292212138,34.));
#11255=CARTESIAN_POINT('',(83.0210313297313,-85.3284292212138,34.));
#11256=CARTESIAN_POINT('',(-5.77896867026874,-79.6715736994137,34.));
#11257=CARTESIAN_POINT('',(-5.77896867026874,-61.1978197131658,34.));
#11258=CARTESIAN_POINT('',(-8.37896867026874,-79.6715736994137,34.));
#11259=CARTESIAN_POINT('',(83.0210313297313,-79.6715736994137,34.));
#11260=CARTESIAN_POINT('',(-8.37896867026874,-77.4971043330355,34.));
#11261=CARTESIAN_POINT('',(-8.37896867026874,-13.407655789756,34.));
#11262=CARTESIAN_POINT('',(3.60000002980232,-77.4971043330355,34.));
#11263=CARTESIAN_POINT('',(14.0710313297313,-77.4971043330355,34.));
#11264=CARTESIAN_POINT('',(3.60000002980232,-23.0000003427267,34.));
#11265=CARTESIAN_POINT('',(3.60000002980232,-58.6963711495266,34.));
#11266=CARTESIAN_POINT('',(-8.37896867026874,-23.0000003427267,34.));
#11267=CARTESIAN_POINT('',(20.0605156797668,-23.0000003427267,34.));
#11268=CARTESIAN_POINT('',(-8.37896867026874,-15.8284273382952,34.));
#11269=CARTESIAN_POINT('',(-8.37896867026874,-13.407655789756,34.));
#11270=CARTESIAN_POINT('',(-5.77896867026874,-15.8284273382952,34.));
#11271=CARTESIAN_POINT('',(83.0210313297313,-15.8284273382952,34.));
#11272=CARTESIAN_POINT('',(-5.77896867026874,-10.1715730888028,34.0000001043081));
#11273=CARTESIAN_POINT('',(-5.77896867026874,-26.4478190575147,34.));
#11274=CARTESIAN_POINT('',(-8.31777667216757,-10.1715730888028,34.0000001043081));
#11275=CARTESIAN_POINT('',(83.0210313297313,-10.1715729597281,34.));
#11276=CARTESIAN_POINT('',(16.6210313297313,13.0803263865056,34.));
#11277=CARTESIAN_POINT('Origin',(16.6210313297313,-11.9196736134944,34.));
#11278=CARTESIAN_POINT('',(58.9710313297313,13.0803263865056,34.));
#11279=CARTESIAN_POINT('Origin',(83.0210313297313,-13.0000001490116,30.5000000521541));
#11280=CARTESIAN_POINT('Ctrl Pts',(-8.31777667216757,-10.1715730888028,
34.0000001043081));
#11281=CARTESIAN_POINT('Ctrl Pts',(-8.30905410351429,-10.0471348989763,
33.899438864827));
#11282=CARTESIAN_POINT('Ctrl Pts',(-8.29988014979644,-9.9296229207363,33.7934550715962));
#11283=CARTESIAN_POINT('Ctrl Pts',(-8.25692576513079,-9.42001986683784,
33.2844449875214));
#11284=CARTESIAN_POINT('Ctrl Pts',(-8.21749398703539,-9.07338128044625,
32.7786185204781));
#11285=CARTESIAN_POINT('Ctrl Pts',(-8.16045280018973,-8.61335166392804,
31.6695094681688));
#11286=CARTESIAN_POINT('Ctrl Pts',(-8.14398095365581,-8.50000014901161,
31.0661522817875));
#11287=CARTESIAN_POINT('Ctrl Pts',(-8.14398095365581,-8.50000014901161,
30.5000000521541));
#11288=CARTESIAN_POINT('Ctrl Pts',(-8.14398095365581,-8.50000014901161,
29.9338478225206));
#11289=CARTESIAN_POINT('Ctrl Pts',(-8.16045280018973,-8.61335166392804,
29.3304906361393));
#11290=CARTESIAN_POINT('Ctrl Pts',(-8.21749398703539,-9.07338128044625,
28.22138158383));
#11291=CARTESIAN_POINT('Ctrl Pts',(-8.25692576513079,-9.42001986683784,
27.7155551167867));
#11292=CARTESIAN_POINT('Ctrl Pts',(-8.29988014979913,-9.92962292076826,
27.20654503268));
#11293=CARTESIAN_POINT('Ctrl Pts',(-8.30905410351584,-10.0471348989984,
27.1005612394633));
#11294=CARTESIAN_POINT('Ctrl Pts',(-8.31777667216757,-10.1715730888028,
27.));
#11295=CARTESIAN_POINT('Origin',(-5.77896867026874,-13.0000001490116,30.5000000521541));
#11296=CARTESIAN_POINT('Origin',(-5.77896867026874,-13.0000001490116,30.5000000521541));
#11297=CARTESIAN_POINT('Origin',(-5.77896867026874,-13.0000001490116,30.5000000521541));
#11298=CARTESIAN_POINT('',(-5.77896867026874,-10.8500001490116,30.5000000521541));
#11299=CARTESIAN_POINT('Origin',(-5.77896867026874,-13.0000001490116,30.5000000521541));
#11300=CARTESIAN_POINT('Origin',(83.0210313297313,-13.0000001490116,30.5000000521541));
#11301=CARTESIAN_POINT('Origin',(-8.37896867026874,-13.0000001490116,30.5000000521541));
#11302=CARTESIAN_POINT('Origin',(-8.37896867026874,13.0803263865056,34.));
#11303=CARTESIAN_POINT('',(-8.37896867026874,-23.0000003427267,34.6));
#11304=CARTESIAN_POINT('',(-8.37896867026874,-23.0000003427267,34.));
#11305=CARTESIAN_POINT('',(-8.37896867026874,-77.4971043330355,34.6));
#11306=CARTESIAN_POINT('',(-8.37896867026874,-92.4999979324639,34.6));
#11307=CARTESIAN_POINT('',(-8.37896867026874,-77.4971043330355,34.));
#11308=CARTESIAN_POINT('Origin',(-8.37896867026874,-82.5000014603138,30.5000005140901));
#11309=CARTESIAN_POINT('Origin',(83.0210313297313,-13.0000001490116,30.5000000521541));
#11310=CARTESIAN_POINT('',(-9.97896867026874,-10.8500001490116,30.5000000521541));
#11311=CARTESIAN_POINT('',(83.0210313297313,-10.8500001490116,30.5000000521541));
#11312=CARTESIAN_POINT('Origin',(-9.97896867026874,-13.0000001490116,30.5000000521541));
#11313=CARTESIAN_POINT('Origin',(-5.77896867026874,-82.5000014603138,30.5));
#11314=CARTESIAN_POINT('Origin',(-5.77896867026874,-82.5000014603138,30.5000005140901));
#11315=CARTESIAN_POINT('Origin',(-5.77896867026874,-82.5000014603138,30.5000005140901));
#11316=CARTESIAN_POINT('',(-5.77896867026874,-80.3500014603138,30.5000005140901));
#11317=CARTESIAN_POINT('Origin',(-5.77896867026874,-82.5000014603138,30.5000005140901));
#11318=CARTESIAN_POINT('Origin',(83.0210313297313,-82.5000014603138,30.5000005140901));
#11319=CARTESIAN_POINT('Origin',(-8.37896867026874,-82.5000014603138,30.5000005140901));
#11320=CARTESIAN_POINT('Origin',(83.0210313297313,-82.5000014603138,30.5000005140901));
#11321=CARTESIAN_POINT('Origin',(-8.37896867026874,13.0803263865056,34.));
#11322=CARTESIAN_POINT('',(-8.37896867026874,-92.4999979324639,31.));
#11323=CARTESIAN_POINT('',(-8.37896867026874,-92.4999979324639,34.));
#11324=CARTESIAN_POINT('Origin',(-8.37896867026874,-88.4999979324639,31.));
#11325=CARTESIAN_POINT('Origin',(83.0210313297313,-82.5000014603138,30.5000005140901));
#11326=CARTESIAN_POINT('',(-9.97896867026874,-80.3500014603138,30.5000005140901));
#11327=CARTESIAN_POINT('',(83.0210313297313,-80.3500014603138,30.5000005140901));
#11328=CARTESIAN_POINT('Origin',(-9.97896867026874,-82.5000014603138,30.5000005140901));
#11329=CARTESIAN_POINT('Origin',(83.0210313297313,-82.5000014603138,30.5000005140901));
#11330=CARTESIAN_POINT('',(83.0210313297313,-80.3500014603138,30.5000005140901));
#11331=CARTESIAN_POINT('Origin',(83.0210313297313,-82.5000014603138,30.5000005140901));
#11332=CARTESIAN_POINT('',(83.0210313297313,-80.3500014603138,30.5000005140901));
#11333=CARTESIAN_POINT('Origin',(81.4210313297313,-92.4999979324639,34.));
#11334=CARTESIAN_POINT('',(81.4210313297313,-92.4999979324639,31.));
#11335=CARTESIAN_POINT('Origin',(81.4210313297313,-88.4999979324639,31.));
#11336=CARTESIAN_POINT('',(81.4210313297313,-92.4999979324639,34.));
#11337=CARTESIAN_POINT('Origin',(58.0210313297313,-10.3196736134944,34.));
#11338=CARTESIAN_POINT('',(58.0210313297313,14.6803263865056,34.));
#11339=CARTESIAN_POINT('',(83.0210313297313,-10.3196736134944,34.));
#11340=CARTESIAN_POINT('Origin',(-9.97896867026874,14.6803263865056,34.));
#11341=CARTESIAN_POINT('',(15.0210313297313,14.6803263865056,34.));
#11342=CARTESIAN_POINT('Origin',(15.0210313297313,-10.3196736134944,34.));
#11343=CARTESIAN_POINT('',(-9.97896867026874,-10.3196736134944,34.));
#11344=CARTESIAN_POINT('Origin',(-9.97896867026874,-92.4999979324639,34.));
#11345=CARTESIAN_POINT('',(-9.97896867026873,-92.4999979324639,31.));
#11346=CARTESIAN_POINT('Origin',(-9.97896867026874,-88.4999979324639,31.));
#11347=CARTESIAN_POINT('',(-9.97896867026873,-92.4999979324639,34.));
#11348=CARTESIAN_POINT('Origin',(16.6210313297313,-11.9196736134944,34.));
#11349=CARTESIAN_POINT('',(16.6210313297313,13.0803263865056,34.));
#11350=CARTESIAN_POINT('Origin',(81.4210313297313,13.0803263865056,34.));
#11351=CARTESIAN_POINT('Origin',(3.60000002980232,-23.0000003427267,34.));
#11352=CARTESIAN_POINT('',(3.60000002980232,-23.0000003427267,34.6));
#11353=CARTESIAN_POINT('',(3.60000002980232,-23.0000003427267,34.));
#11354=CARTESIAN_POINT('',(3.60000002980232,-23.0000003427267,34.6));
#11355=CARTESIAN_POINT('Origin',(3.60000002980232,-77.4971043330355,34.));
#11356=CARTESIAN_POINT('',(3.60000002980232,-77.4971043330355,34.6));
#11357=CARTESIAN_POINT('',(3.60000002980232,-77.4971043330355,34.));
#11358=CARTESIAN_POINT('',(3.60000002980232,-77.4971043330355,34.6));
#11359=CARTESIAN_POINT('Origin',(-8.37896867026872,-77.4971043330355,34.));
#11360=CARTESIAN_POINT('',(-8.37896867026872,-77.4971043330355,34.6));
#11361=CARTESIAN_POINT('Origin',(-2.38948432023321,-50.2485519094727,34.6));
#11362=CARTESIAN_POINT('',(-5.09888868927956,-71.8801745399833,34.6));
#11363=CARTESIAN_POINT('',(-3.39227955937386,-71.8801745399833,34.6));
#11364=CARTESIAN_POINT('',(-3.74418650475638,-71.8801745399833,34.6));
#11365=CARTESIAN_POINT('',(-5.09888868927956,-70.2569499239326,34.6));
#11366=CARTESIAN_POINT('',(-5.09888868927956,-60.2527509167026,34.6));
#11367=CARTESIAN_POINT('',(-6.90000038743019,-70.2569499239326,34.6));
#11368=CARTESIAN_POINT('',(-4.6447423538317,-70.2569499239326,34.6));
#11369=CARTESIAN_POINT('',(-6.90000038743019,-74.2205077037215,34.6));
#11370=CARTESIAN_POINT('',(-6.90000038743019,-62.2345298065971,34.6));
#11371=CARTESIAN_POINT('',(2.09999937415123,-74.2205077037215,34.6));
#11372=CARTESIAN_POINT('',(-0.14474247304099,-74.2205077037215,34.6));
#11373=CARTESIAN_POINT('',(2.09999937415123,-71.8801745399833,34.6));
#11374=CARTESIAN_POINT('',(2.09999937415123,-61.064363224728,34.6));
#11375=CARTESIAN_POINT('',(-1.6801117002964,-71.8801745399833,34.6));
#11376=CARTESIAN_POINT('',(-2.03479801026481,-71.8801745399833,34.6));
#11377=CARTESIAN_POINT('',(-1.6801117002964,-70.4348376020789,34.6));
#11378=CARTESIAN_POINT('',(-1.6801117002964,-60.3416947557758,34.6));
#11379=CARTESIAN_POINT('',(-3.39227955937386,-70.4348376020789,34.6));
#11380=CARTESIAN_POINT('',(-2.89088193980353,-70.4348376020789,34.6));
#11381=CARTESIAN_POINT('',(-3.39227955937386,-61.064363224728,34.6));
#11382=CARTESIAN_POINT('',(0.315565055608749,-62.1352693066001,34.6));
#11383=CARTESIAN_POINT('',(-1.63008075356484,-62.2019776329398,34.6));
#11384=CARTESIAN_POINT('Ctrl Pts',(0.315565055608749,-62.1352693066001,
34.6));
#11385=CARTESIAN_POINT('Ctrl Pts',(0.0608804697898591,-62.1545172907002,
34.6));
#11386=CARTESIAN_POINT('Ctrl Pts',(-0.19380411602903,-62.1737652748002,
34.6));
#11387=CARTESIAN_POINT('Ctrl Pts',(-0.448795372247697,-62.1853002533317,
34.6));
#11388=CARTESIAN_POINT('Ctrl Pts',(-0.842070844211903,-62.2030907618899,
34.6));
#11389=CARTESIAN_POINT('Ctrl Pts',(-1.23607579888837,-62.2025341974149,
34.6));
#11390=CARTESIAN_POINT('Ctrl Pts',(-1.63008075356484,-62.2019776329398,
34.6));
#11391=CARTESIAN_POINT('',(1.34397763609886,-61.7183455452323,34.6));
#11392=CARTESIAN_POINT('Ctrl Pts',(1.34397763609886,-61.7183455452323,34.6));
#11393=CARTESIAN_POINT('Ctrl Pts',(1.18422820028243,-61.8231193340063,34.6));
#11394=CARTESIAN_POINT('Ctrl Pts',(1.024478764466,-61.9278931227803,34.6));
#11395=CARTESIAN_POINT('Ctrl Pts',(0.850616878271103,-61.9976839050651,
34.6));
#11396=CARTESIAN_POINT('Ctrl Pts',(0.681199682868082,-62.0656905214572,
34.6));
#11397=CARTESIAN_POINT('Ctrl Pts',(0.498382369238415,-62.1004799140286,
34.6));
#11398=CARTESIAN_POINT('Ctrl Pts',(0.315565055608749,-62.1352693066001,
34.6));
#11399=CARTESIAN_POINT('',(2.05274838805199,-60.7927748188376,34.6));
#11400=CARTESIAN_POINT('Ctrl Pts',(2.05274838805199,-60.7927748188376,34.6));
#11401=CARTESIAN_POINT('Ctrl Pts',(1.9653461495352,-60.9742869587444,34.6));
#11402=CARTESIAN_POINT('Ctrl Pts',(1.87794391101842,-61.1557990986511,34.6));
#11403=CARTESIAN_POINT('Ctrl Pts',(1.75742763876915,-61.3118454441428,34.6));
#11404=CARTESIAN_POINT('Ctrl Pts',(1.64042021445595,-61.4633484787016,34.6));
#11405=CARTESIAN_POINT('Ctrl Pts',(1.49219892527741,-61.5908470119669,34.6));
#11406=CARTESIAN_POINT('Ctrl Pts',(1.34397763609886,-61.7183455452323,34.6));
#11407=CARTESIAN_POINT('',(2.27065222282495,-59.8625028433162,34.6));
#11408=CARTESIAN_POINT('Ctrl Pts',(2.27065222282495,-59.8625028433162,34.6));
#11409=CARTESIAN_POINT('Ctrl Pts',(2.25631633840523,-60.0450020914132,34.6));
#11410=CARTESIAN_POINT('Ctrl Pts',(2.23386720637758,-60.1837765299608,34.6));
#11411=CARTESIAN_POINT('Ctrl Pts',(2.1563991337196,-60.4884508181483,34.6));
#11412=CARTESIAN_POINT('Ctrl Pts',(2.1045737608858,-60.640612818493,34.6));
#11413=CARTESIAN_POINT('Ctrl Pts',(2.05274838805199,-60.7927748188376,34.6));
#11414=CARTESIAN_POINT('',(-0.0532381763938137,-59.8625028433162,34.6));
#11415=CARTESIAN_POINT('',(0.00304245741490516,-59.8625028433162,34.6));
#11416=CARTESIAN_POINT('',(-0.316354924748646,-59.8625028433162,34.6));
#11417=CARTESIAN_POINT('Ctrl Pts',(-0.316354924748691,-59.8625028433162,
34.6));
#11418=CARTESIAN_POINT('Ctrl Pts',(-0.228563244211908,-59.8635254834121,
34.6));
#11419=CARTESIAN_POINT('Ctrl Pts',(-0.14080930139056,-59.8640998876352,
34.6));
#11420=CARTESIAN_POINT('Ctrl Pts',(-0.0532381763938135,-59.8625028433162,
34.6));
#11421=CARTESIAN_POINT('',(-4.62257840232605,-59.8625028433162,34.6));
#11422=CARTESIAN_POINT('',(0.00304245741490516,-59.8625028433162,34.6));
#11423=CARTESIAN_POINT('',(-4.90658857467004,-59.8625028433162,34.6));
#11424=CARTESIAN_POINT('Ctrl Pts',(-4.90658857467004,-59.8625028433162,
34.6));
#11425=CARTESIAN_POINT('Ctrl Pts',(-4.81250996280386,-59.8664355574243,
34.6));
#11426=CARTESIAN_POINT('Ctrl Pts',(-4.71759030529322,-59.8647758853976,
34.6));
#11427=CARTESIAN_POINT('Ctrl Pts',(-4.62257840232591,-59.8625028433162,
34.6));
#11428=CARTESIAN_POINT('',(-7.07145601610407,-59.8625028433162,34.6));
#11429=CARTESIAN_POINT('',(0.00304245741490516,-59.8625028433162,34.6));
#11430=CARTESIAN_POINT('',(-6.83885138630867,-60.8289083465934,34.6));
#11431=CARTESIAN_POINT('Ctrl Pts',(-6.83885138630867,-60.8289083465934,
34.6));
#11432=CARTESIAN_POINT('Ctrl Pts',(-6.89504809266681,-60.6712040545662,
34.6));
#11433=CARTESIAN_POINT('Ctrl Pts',(-6.95124479902494,-60.5134997625391,
34.6));
#11434=CARTESIAN_POINT('Ctrl Pts',(-7.03027899933448,-60.2111983973981,
34.6));
#11435=CARTESIAN_POINT('Ctrl Pts',(-7.05576993542695,-60.06944659105,34.6));
#11436=CARTESIAN_POINT('Ctrl Pts',(-7.07145601610407,-59.8625028433162,
34.6));
#11437=CARTESIAN_POINT('',(-6.12174254059792,-61.7378016933799,34.6));
#11438=CARTESIAN_POINT('Ctrl Pts',(-6.12174254059792,-61.7378016933799,
34.6));
#11439=CARTESIAN_POINT('Ctrl Pts',(-6.26921870521467,-61.6138594224646,
34.6));
#11440=CARTESIAN_POINT('Ctrl Pts',(-6.41669486983142,-61.4899171515494,
34.6));
#11441=CARTESIAN_POINT('Ctrl Pts',(-6.53449695706368,-61.3424190506339,
34.6));
#11442=CARTESIAN_POINT('Ctrl Pts',(-6.6575254506932,-61.1883770502315,34.6));
#11443=CARTESIAN_POINT('Ctrl Pts',(-6.74818841850093,-61.0086426984124,
34.6));
#11444=CARTESIAN_POINT('Ctrl Pts',(-6.83885138630867,-60.8289083465934,
34.6));
#11445=CARTESIAN_POINT('',(-5.09054999947548,-62.1380492672324,34.6));
#11446=CARTESIAN_POINT('Ctrl Pts',(-5.09054999947548,-62.1380492672324,
34.6));
#11447=CARTESIAN_POINT('Ctrl Pts',(-5.27484590904707,-62.1051949077728,
34.6));
#11448=CARTESIAN_POINT('Ctrl Pts',(-5.45914181861866,-62.0723405483131,
34.6));
#11449=CARTESIAN_POINT('Ctrl Pts',(-5.6304667532444,-62.0060225948691,34.6));
#11450=CARTESIAN_POINT('Ctrl Pts',(-5.8029945127133,-61.9392390414696,34.6));
#11451=CARTESIAN_POINT('Ctrl Pts',(-5.96236852665561,-61.8385203674247,
34.6));
#11452=CARTESIAN_POINT('Ctrl Pts',(-6.12174254059792,-61.7378016933799,
34.6));
#11453=CARTESIAN_POINT('',(-3.16992025971413,-62.2019776329398,34.6));
#11454=CARTESIAN_POINT('Ctrl Pts',(-3.16992025971413,-62.2019776329398,
34.6));
#11455=CARTESIAN_POINT('Ctrl Pts',(-3.55625657328194,-62.2023492865728,
34.6));
#11456=CARTESIAN_POINT('Ctrl Pts',(-3.94259288684974,-62.2027209402058,
34.6));
#11457=CARTESIAN_POINT('Ctrl Pts',(-4.32827394604683,-62.1859952434897,
34.6));
#11458=CARTESIAN_POINT('Ctrl Pts',(-4.58255584985974,-62.1749678883678,
34.6));
#11459=CARTESIAN_POINT('Ctrl Pts',(-4.83655292466761,-62.1565085778001,
34.6));
#11460=CARTESIAN_POINT('Ctrl Pts',(-5.09054999947548,-62.1380492672324,
34.6));
#11461=CARTESIAN_POINT('',(-2.00978253689902,-62.2019776329398,34.6));
#11462=CARTESIAN_POINT('',(0.315565055608749,-54.2164930328727,34.6));
#11463=CARTESIAN_POINT('',(-1.63008075356484,-54.2832001671195,34.6));
#11464=CARTESIAN_POINT('Ctrl Pts',(0.315565055608749,-54.2164930328727,
34.6));
#11465=CARTESIAN_POINT('Ctrl Pts',(0.0608804646797512,-54.2357405413717,
34.6));
#11466=CARTESIAN_POINT('Ctrl Pts',(-0.193804126249248,-54.2549880498708,
34.6));
#11467=CARTESIAN_POINT('Ctrl Pts',(-0.448795372247697,-54.2665227875113,
34.6));
#11468=CARTESIAN_POINT('Ctrl Pts',(-0.842070868424071,-54.2843129263497,
34.6));
#11469=CARTESIAN_POINT('Ctrl Pts',(-1.23607581099445,-54.2837565467346,
34.6));
#11470=CARTESIAN_POINT('Ctrl Pts',(-1.63008075356484,-54.2832001671195,
34.6));
#11471=CARTESIAN_POINT('',(1.34397763609886,-53.799568079412,34.6));
#11472=CARTESIAN_POINT('Ctrl Pts',(1.34397763609886,-53.799568079412,34.6));
#11473=CARTESIAN_POINT('Ctrl Pts',(1.18627008921915,-53.9030025526004,34.6));
#11474=CARTESIAN_POINT('Ctrl Pts',(1.02856254233943,-54.0064370257889,34.6));
#11475=CARTESIAN_POINT('Ctrl Pts',(0.685935256236567,-54.1460121064287,
34.6));
#11476=CARTESIAN_POINT('Ctrl Pts',(0.505276948944491,-54.1803911273277,
34.6));
#11477=CARTESIAN_POINT('Ctrl Pts',(0.315565055608748,-54.2164930328727,
34.6));
#11478=CARTESIAN_POINT('',(2.05274838805199,-52.8739961609244,34.6));
#11479=CARTESIAN_POINT('Ctrl Pts',(2.05274838805199,-52.8739961609244,34.6));
#11480=CARTESIAN_POINT('Ctrl Pts',(1.96534635310926,-53.0555092476521,34.6));
#11481=CARTESIAN_POINT('Ctrl Pts',(1.87794431816653,-53.2370223343797,34.6));
#11482=CARTESIAN_POINT('Ctrl Pts',(1.75742763876915,-53.3930691704154,34.6));
#11483=CARTESIAN_POINT('Ctrl Pts',(1.64042039383299,-53.5445719371431,34.6));
#11484=CARTESIAN_POINT('Ctrl Pts',(1.49219901496592,-53.6720700082776,34.6));
#11485=CARTESIAN_POINT('Ctrl Pts',(1.34397763609886,-53.799568079412,34.6));
#11486=CARTESIAN_POINT('',(2.27064997118255,-51.9437528433162,34.6));
#11487=CARTESIAN_POINT('Ctrl Pts',(2.27064997118255,-51.9437528433162,34.6));
#11488=CARTESIAN_POINT('Ctrl Pts',(2.26224558591967,-52.0507334228171,34.6));
#11489=CARTESIAN_POINT('Ctrl Pts',(2.24984462557454,-52.1569709409676,34.6));
#11490=CARTESIAN_POINT('Ctrl Pts',(2.22994107604027,-52.2618135437369,34.6));
#11491=CARTESIAN_POINT('Ctrl Pts',(2.19050877777092,-52.4695244737205,34.6));
#11492=CARTESIAN_POINT('Ctrl Pts',(2.12162858291145,-52.6717603173225,34.6));
#11493=CARTESIAN_POINT('Ctrl Pts',(2.05274838805199,-52.8739961609244,34.6));
#11494=CARTESIAN_POINT('',(-0.0547712505521165,-51.9437528433162,34.6));
#11495=CARTESIAN_POINT('',(0.00304245741490516,-51.9437528433162,34.6));
#11496=CARTESIAN_POINT('',(-0.313980827962782,-51.9437528433162,34.6));
#11497=CARTESIAN_POINT('Ctrl Pts',(-0.313980827963171,-51.9437528433162,
34.6));
#11498=CARTESIAN_POINT('Ctrl Pts',(-0.227493507738952,-51.9447521053644,
34.6));
#11499=CARTESIAN_POINT('Ctrl Pts',(-0.141044080099071,-51.9453012826329,
34.6));
#11500=CARTESIAN_POINT('Ctrl Pts',(-0.0547712505512264,-51.9437528433162,
34.6));
#11501=CARTESIAN_POINT('',(-4.62372771807414,-51.9437528433162,34.6));
#11502=CARTESIAN_POINT('',(0.00304245741490516,-51.9437528433162,34.6));
#11503=CARTESIAN_POINT('',(-4.90592933391837,-51.9437528433162,34.6));
#11504=CARTESIAN_POINT('Ctrl Pts',(-4.90592933391837,-51.9437528433162,
34.6));
#11505=CARTESIAN_POINT('Ctrl Pts',(-4.81244590810099,-51.9476345829126,
34.6));
#11506=CARTESIAN_POINT('Ctrl Pts',(-4.71813384076334,-51.9460064154317,
34.6));
#11507=CARTESIAN_POINT('Ctrl Pts',(-4.62372771807413,-51.9437528433162,
34.6));
#11508=CARTESIAN_POINT('',(-7.07145393414146,-51.9437528433162,34.6));
#11509=CARTESIAN_POINT('',(0.00304245741490516,-51.9437528433162,34.6));
#11510=CARTESIAN_POINT('',(-6.83885138630867,-52.9101308807731,34.6));
#11511=CARTESIAN_POINT('Ctrl Pts',(-6.83885138630867,-52.9101308807731,
34.6));
#11512=CARTESIAN_POINT('Ctrl Pts',(-6.91176164255645,-52.7055235098394,
34.6));
#11513=CARTESIAN_POINT('Ctrl Pts',(-6.98467189880423,-52.5009161389056,
34.6));
#11514=CARTESIAN_POINT('Ctrl Pts',(-7.02646713852883,-52.2903045639396,
34.6));
#11515=CARTESIAN_POINT('Ctrl Pts',(-7.04909877676416,-52.1762608354142,
34.6));
#11516=CARTESIAN_POINT('Ctrl Pts',(-7.06260719012926,-52.0604566159852,
34.6));
#11517=CARTESIAN_POINT('Ctrl Pts',(-7.07145393414146,-51.9437528433162,
34.6));
#11518=CARTESIAN_POINT('',(-6.12174254059792,-53.8190254196525,34.6));
#11519=CARTESIAN_POINT('Ctrl Pts',(-6.12174254059792,-53.8190254196525,
34.6));
#11520=CARTESIAN_POINT('Ctrl Pts',(-6.26921867822768,-53.6950827178075,
34.6));
#11521=CARTESIAN_POINT('Ctrl Pts',(-6.41669481585744,-53.5711400159626,
34.6));
#11522=CARTESIAN_POINT('Ctrl Pts',(-6.53449695706368,-53.4236415848136,
34.6));
#11523=CARTESIAN_POINT('Ctrl Pts',(-6.65752532956412,-53.2695994617688,
34.6));
#11524=CARTESIAN_POINT('Ctrl Pts',(-6.7481883579364,-53.0898651712709,34.6));
#11525=CARTESIAN_POINT('Ctrl Pts',(-6.83885138630867,-52.9101308807731,
34.6));
#11526=CARTESIAN_POINT('',(-5.09054999947548,-54.219272993505,34.6));
#11527=CARTESIAN_POINT('Ctrl Pts',(-5.09054999947548,-54.219272993505,34.6));
#11528=CARTESIAN_POINT('Ctrl Pts',(-5.27484590904707,-54.1864186340453,
34.6));
#11529=CARTESIAN_POINT('Ctrl Pts',(-5.45914181861866,-54.1535642745857,
34.6));
#11530=CARTESIAN_POINT('Ctrl Pts',(-5.6304667532444,-54.0872463211417,34.6));
#11531=CARTESIAN_POINT('Ctrl Pts',(-5.8029945127133,-54.0204627677422,34.6));
#11532=CARTESIAN_POINT('Ctrl Pts',(-5.96236852665561,-53.9197440936973,
34.6));
#11533=CARTESIAN_POINT('Ctrl Pts',(-6.12174254059792,-53.8190254196525,
34.6));
#11534=CARTESIAN_POINT('',(-3.16992025971413,-54.2832001671195,34.6));
#11535=CARTESIAN_POINT('Ctrl Pts',(-3.16992025971413,-54.2832001671195,
34.6));
#11536=CARTESIAN_POINT('Ctrl Pts',(-3.55625657492931,-54.2835723377191,
34.6));
#11537=CARTESIAN_POINT('Ctrl Pts',(-3.9425928901445,-54.2839445083186,34.6));
#11538=CARTESIAN_POINT('Ctrl Pts',(-4.32827394604683,-54.2672189697623,
34.6));
#11539=CARTESIAN_POINT('Ctrl Pts',(-4.58255585129731,-54.2561917187596,
34.6));
#11540=CARTESIAN_POINT('Ctrl Pts',(-4.8365529253864,-54.2377323561323,34.6));
#11541=CARTESIAN_POINT('Ctrl Pts',(-5.09054999947548,-54.219272993505,34.6));
#11542=CARTESIAN_POINT('',(-2.00978253689902,-54.2832001671195,34.6));
#11543=CARTESIAN_POINT('',(-5.48801820874214,-28.7839564308524,34.6));
#11544=CARTESIAN_POINT('',(-4.69308298230171,-28.9092072471976,34.6));
#11545=CARTESIAN_POINT('Ctrl Pts',(-5.48801820874214,-28.7839564308524,
34.6));
#11546=CARTESIAN_POINT('Ctrl Pts',(-5.38930851104953,-28.8200513095909,
34.6));
#11547=CARTESIAN_POINT('Ctrl Pts',(-5.29059881335692,-28.8561461883294,
34.6));
#11548=CARTESIAN_POINT('Ctrl Pts',(-5.1892225086689,-28.87789811939,34.6));
#11549=CARTESIAN_POINT('Ctrl Pts',(-5.0283209867811,-28.9124221516323,34.6));
#11550=CARTESIAN_POINT('Ctrl Pts',(-4.8607019845414,-28.910814699415,34.6));
#11551=CARTESIAN_POINT('Ctrl Pts',(-4.69308298230171,-28.9092072471976,
34.6));
#11552=CARTESIAN_POINT('',(-5.68814139962196,-28.4026440605521,34.6));
#11553=CARTESIAN_POINT('Ctrl Pts',(-5.68814139962196,-28.4026440605521,
34.6));
#11554=CARTESIAN_POINT('Ctrl Pts',(-5.68065541065662,-28.4820012149033,
34.6));
#11555=CARTESIAN_POINT('Ctrl Pts',(-5.67316942169128,-28.5613583692544,
34.6));
#11556=CARTESIAN_POINT('Ctrl Pts',(-5.6381104528904,-28.6260041221976,34.6));
#11557=CARTESIAN_POINT('Ctrl Pts',(-5.60473684589066,-28.6875422115003,
34.6));
#11558=CARTESIAN_POINT('Ctrl Pts',(-5.5463775273164,-28.7357493211764,34.6));
#11559=CARTESIAN_POINT('Ctrl Pts',(-5.48801820874214,-28.7839564308524,
34.6));
#11560=CARTESIAN_POINT('',(-5.50747435688973,-28.0213316902518,34.6));
#11561=CARTESIAN_POINT('Ctrl Pts',(-5.50747435688973,-28.0213316902518,
34.6));
#11562=CARTESIAN_POINT('Ctrl Pts',(-5.5601393630668,-28.0703207487174,34.6));
#11563=CARTESIAN_POINT('Ctrl Pts',(-5.61280436924388,-28.1193098071829,
34.6));
#11564=CARTESIAN_POINT('Ctrl Pts',(-5.64297478795052,-28.1792839989066,
34.6));
#11565=CARTESIAN_POINT('Ctrl Pts',(-5.67601165350508,-28.2449562498617,
34.6));
#11566=CARTESIAN_POINT('Ctrl Pts',(-5.68207652656353,-28.3238001552069,
34.6));
#11567=CARTESIAN_POINT('Ctrl Pts',(-5.68814139962196,-28.4026440605521,
34.6));
#11568=CARTESIAN_POINT('',(-4.95991390347481,-27.8960808739066,34.6));
#11569=CARTESIAN_POINT('Ctrl Pts',(-4.95991390347481,-27.8960808739066,
34.6));
#11570=CARTESIAN_POINT('Ctrl Pts',(-5.06885558246617,-27.897858692056,34.6));
#11571=CARTESIAN_POINT('Ctrl Pts',(-5.17779726145752,-27.8996365102053,
34.6));
#11572=CARTESIAN_POINT('Ctrl Pts',(-5.28025072216988,-27.9273947700858,
34.6));
#11573=CARTESIAN_POINT('Ctrl Pts',(-5.35851611455761,-27.9485996282374,
34.6));
#11574=CARTESIAN_POINT('Ctrl Pts',(-5.43299523572367,-27.9849656592446,
34.6));
#11575=CARTESIAN_POINT('Ctrl Pts',(-5.50747435688973,-28.0213316902518,
34.6));
#11576=CARTESIAN_POINT('',(-3.62853687405586,-28.3102282509208,34.6));
#11577=CARTESIAN_POINT('Ctrl Pts',(-3.62853687405586,-28.3102282509208,
34.6));
#11578=CARTESIAN_POINT('Ctrl Pts',(-3.87702576786239,-28.1906510595196,
34.6));
#11579=CARTESIAN_POINT('Ctrl Pts',(-4.12551466166891,-28.0710738681185,
34.6));
#11580=CARTESIAN_POINT('Ctrl Pts',(-4.38803296685219,-27.9996212944388,
34.6));
#11581=CARTESIAN_POINT('Ctrl Pts',(-4.57396801564674,-27.9490132510708,
34.6));
#11582=CARTESIAN_POINT('Ctrl Pts',(-4.76694095956077,-27.9225470624887,
34.6));
#11583=CARTESIAN_POINT('Ctrl Pts',(-4.95991390347481,-27.8960808739066,
34.6));
#11584=CARTESIAN_POINT('',(0.815873330831527,-30.9201725944877,34.6));
#11585=CARTESIAN_POINT('Ctrl Pts',(0.815873330831527,-30.9201725944877,
34.6));
#11586=CARTESIAN_POINT('Ctrl Pts',(-0.146970552782872,-30.3263009630074,
34.6));
#11587=CARTESIAN_POINT('Ctrl Pts',(-1.10981443639727,-29.7324293315271,
34.6));
#11588=CARTESIAN_POINT('Ctrl Pts',(-2.09078174233437,-29.1697844490409,
34.6));
#11589=CARTESIAN_POINT('Ctrl Pts',(-2.60010965809675,-28.8776536679469,
34.6));
#11590=CARTESIAN_POINT('Ctrl Pts',(-3.11432326607631,-28.5939409594338,
34.6));
#11591=CARTESIAN_POINT('Ctrl Pts',(-3.62853687405586,-28.3102282509208,
34.6));
#11592=CARTESIAN_POINT('',(2.09999937415123,-30.921560190618,34.6));
#11593=CARTESIAN_POINT('',(-0.134297719862012,-30.9191458621976,34.6));
#11594=CARTESIAN_POINT('',(2.09999937415123,-25.9796198830009,34.6));
#11595=CARTESIAN_POINT('',(2.09999937415123,-38.1140858962368,34.6));
#11596=CARTESIAN_POINT('',(0.56571859717369,-25.9796198830009,34.6));
#11597=CARTESIAN_POINT('',(-0.91188286152976,-25.9796198830009,34.6));
#11598=CARTESIAN_POINT('',(0.56571859717369,-28.4423407539725,34.6));
#11599=CARTESIAN_POINT('',(0.56571859717369,-39.3454463317226,34.6));
#11600=CARTESIAN_POINT('',(-3.0920944750309,-26.1658486351371,34.6));
#11601=CARTESIAN_POINT('Ctrl Pts',(-3.0920944750309,-26.1658486351371,34.6));
#11602=CARTESIAN_POINT('Ctrl Pts',(-2.64058044973691,-26.4148816785389,
34.6));
#11603=CARTESIAN_POINT('Ctrl Pts',(-2.18906642444292,-26.6639147219408,
34.6));
#11604=CARTESIAN_POINT('Ctrl Pts',(-1.74682002663613,-26.9281443580985,
34.6));
#11605=CARTESIAN_POINT('Ctrl Pts',(-0.956229032891789,-27.4004999762847,
34.6));
#11606=CARTESIAN_POINT('Ctrl Pts',(-0.19525521785905,-27.9214203651286,
34.6));
#11607=CARTESIAN_POINT('Ctrl Pts',(0.56571859717369,-28.4423407539725,34.6));
#11608=CARTESIAN_POINT('',(-4.72643654942513,-25.7794960960746,34.6));
#11609=CARTESIAN_POINT('Ctrl Pts',(-4.72643654942513,-25.7794960960746,
34.6));
#11610=CARTESIAN_POINT('Ctrl Pts',(-4.45845621849219,-25.7986751238335,
34.6));
#11611=CARTESIAN_POINT('Ctrl Pts',(-4.19047588755926,-25.8178541515924,
34.6));
#11612=CARTESIAN_POINT('Ctrl Pts',(-3.9315013229847,-25.8760842308402,34.6));
#11613=CARTESIAN_POINT('Ctrl Pts',(-3.64431592052985,-25.940657478685,34.6));
#11614=CARTESIAN_POINT('Ctrl Pts',(-3.36820519778037,-26.053253056911,34.6));
#11615=CARTESIAN_POINT('Ctrl Pts',(-3.0920944750309,-26.1658486351371,34.6));
#11616=CARTESIAN_POINT('',(-6.40803020596504,-26.4660319313407,34.6));
#11617=CARTESIAN_POINT('Ctrl Pts',(-6.40803020596504,-26.4660319313407,
34.6));
#11618=CARTESIAN_POINT('Ctrl Pts',(-6.16897788230858,-26.2658094033771,
34.6));
#11619=CARTESIAN_POINT('Ctrl Pts',(-5.92992555865212,-26.0655868754136,
34.6));
#11620=CARTESIAN_POINT('Ctrl Pts',(-5.65548222661018,-25.9511288627982,
34.6));
#11621=CARTESIAN_POINT('Ctrl Pts',(-5.37112901578192,-25.8325378839245,
34.6));
#11622=CARTESIAN_POINT('Ctrl Pts',(-5.04878278260352,-25.8060169899996,
34.6));
#11623=CARTESIAN_POINT('Ctrl Pts',(-4.72643654942513,-25.7794960960746,
34.6));
#11624=CARTESIAN_POINT('',(-7.0723293364048,-28.4922846779227,34.6));
#11625=CARTESIAN_POINT('Ctrl Pts',(-7.0723293364048,-28.4922846779227,34.6));
#11626=CARTESIAN_POINT('Ctrl Pts',(-7.05658894810317,-28.0863420378646,
34.6));
#11627=CARTESIAN_POINT('Ctrl Pts',(-7.04084855980154,-27.6803993978065,
34.6));
#11628=CARTESIAN_POINT('Ctrl Pts',(-6.90625470280647,-27.315865419805,34.6));
#11629=CARTESIAN_POINT('Ctrl Pts',(-6.79465486858752,-27.0136084489417,
34.6));
#11630=CARTESIAN_POINT('Ctrl Pts',(-6.60134253727628,-26.7398201901412,
34.6));
#11631=CARTESIAN_POINT('Ctrl Pts',(-6.40803020596504,-26.4660319313407,
34.6));
#11632=CARTESIAN_POINT('',(-6.85552876591682,-29.6652277931571,34.6));
#11633=CARTESIAN_POINT('Ctrl Pts',(-6.85552876591682,-29.6652277931571,
34.6));
#11634=CARTESIAN_POINT('Ctrl Pts',(-6.91869488823293,-29.487669719311,34.6));
#11635=CARTESIAN_POINT('Ctrl Pts',(-6.98186101054903,-29.3101116454648,
34.6));
#11636=CARTESIAN_POINT('Ctrl Pts',(-7.01812934279442,-29.1273983940482,
34.6));
#11637=CARTESIAN_POINT('Ctrl Pts',(-7.0592744208855,-28.9201169853817,34.6));
#11638=CARTESIAN_POINT('Ctrl Pts',(-7.06580187864515,-28.7062008316522,
34.6));
#11639=CARTESIAN_POINT('Ctrl Pts',(-7.0723293364048,-28.4922846779227,34.6));
#11640=CARTESIAN_POINT('',(-6.21624510884285,-30.4601630195975,34.6));
#11641=CARTESIAN_POINT('Ctrl Pts',(-6.21624510884285,-30.4601630195975,
34.6));
#11642=CARTESIAN_POINT('Ctrl Pts',(-6.34874329228944,-30.3500599174162,
34.6));
#11643=CARTESIAN_POINT('Ctrl Pts',(-6.48124147573602,-30.2399568152348,
34.6));
#11644=CARTESIAN_POINT('Ctrl Pts',(-6.58730786442757,-30.1085576042533,
34.6));
#11645=CARTESIAN_POINT('Ctrl Pts',(-6.69481951207255,-29.975367949678,34.6));
#11646=CARTESIAN_POINT('Ctrl Pts',(-6.77517413899469,-29.8202978714176,
34.6));
#11647=CARTESIAN_POINT('Ctrl Pts',(-6.85552876591682,-29.6652277931571,
34.6));
#11648=CARTESIAN_POINT('',(-5.35738151669502,-30.8437355980277,34.6));
#11649=CARTESIAN_POINT('Ctrl Pts',(-5.35738151669502,-30.8437355980277,
34.6));
#11650=CARTESIAN_POINT('Ctrl Pts',(-5.50498640447286,-30.8062917478216,
34.6));
#11651=CARTESIAN_POINT('Ctrl Pts',(-5.65259129225069,-30.7688478976156,
34.6));
#11652=CARTESIAN_POINT('Ctrl Pts',(-5.79028766751289,-30.7089289650321,
34.6));
#11653=CARTESIAN_POINT('Ctrl Pts',(-5.94009192874191,-30.6437412546642,
34.6));
#11654=CARTESIAN_POINT('Ctrl Pts',(-6.07816851879238,-30.5519521371309,
34.6));
#11655=CARTESIAN_POINT('Ctrl Pts',(-6.21624510884285,-30.4601630195975,
34.6));
#11656=CARTESIAN_POINT('',(-4.16497927308083,-30.921560190618,34.6));
#11657=CARTESIAN_POINT('Ctrl Pts',(-4.16497927308083,-30.921560190618,34.6));
#11658=CARTESIAN_POINT('Ctrl Pts',(-4.3907269332614,-30.9204011822055,34.6));
#11659=CARTESIAN_POINT('Ctrl Pts',(-4.61647459344198,-30.9192421737929,
34.6));
#11660=CARTESIAN_POINT('Ctrl Pts',(-4.84109085202217,-30.9021004661918,
34.6));
#11661=CARTESIAN_POINT('Ctrl Pts',(-5.01363281465075,-30.8889328358029,
34.6));
#11662=CARTESIAN_POINT('Ctrl Pts',(-5.18550716567289,-30.8663342169153,
34.6));
#11663=CARTESIAN_POINT('Ctrl Pts',(-5.35738151669502,-30.8437355980277,
34.6));
#11664=CARTESIAN_POINT('',(-3.83699875473976,-30.921560190618,34.6));
#11665=CARTESIAN_POINT('',(-3.11324153748649,-30.921560190618,34.6));
#11666=CARTESIAN_POINT('',(-3.83699875473976,-28.9092072471976,34.6));
#11667=CARTESIAN_POINT('',(-3.83699875473976,-39.5788795783352,34.6));
#11668=CARTESIAN_POINT('',(-3.54128365126746,-28.9092072471976,34.6));
#11669=CARTESIAN_POINT('',(0.298887676000594,-65.651329420507,34.6));
#11670=CARTESIAN_POINT('',(0.298887676000594,-64.2282279953361,34.6));
#11671=CARTESIAN_POINT('',(0.298887676000594,-57.9499406649898,34.6));
#11672=CARTESIAN_POINT('',(-6.90000038743019,-65.651329420507,34.6));
#11673=CARTESIAN_POINT('',(-4.6447423538317,-65.651329420507,34.6));
#11674=CARTESIAN_POINT('',(-6.90000038743019,-67.9916628822684,34.6));
#11675=CARTESIAN_POINT('',(-6.90000038743019,-59.1201073958706,34.6));
#11676=CARTESIAN_POINT('',(2.09999937415123,-67.9916628822684,34.6));
#11677=CARTESIAN_POINT('',(-0.14474247304099,-67.9916628822684,34.6));
#11678=CARTESIAN_POINT('',(2.09999937415123,-64.2282279953361,34.6));
#11679=CARTESIAN_POINT('',(2.09999937415123,-57.2383899524044,34.6));
#11680=CARTESIAN_POINT('',(-1.04529832211631,-64.2282279953361,34.6));
#11681=CARTESIAN_POINT('',(2.27130496815302,-51.2062528082868,34.6));
#11682=CARTESIAN_POINT('',(-7.07049814969007,-51.2062528082868,34.6));
#11683=CARTESIAN_POINT('',(-4.76664983332963,-51.2062528082868,34.6));
#11684=CARTESIAN_POINT('',(2.03885096907616,-50.2418169006705,34.6));
#11685=CARTESIAN_POINT('Ctrl Pts',(2.03885096907616,-50.2418169006705,34.6));
#11686=CARTESIAN_POINT('Ctrl Pts',(2.11176102188418,-50.4464242817149,34.6));
#11687=CARTESIAN_POINT('Ctrl Pts',(2.1846710746922,-50.6510316627592,34.6));
#11688=CARTESIAN_POINT('Ctrl Pts',(2.22646612524986,-50.861643217504,34.6));
#11689=CARTESIAN_POINT('Ctrl Pts',(2.24897211804597,-50.9750543049562,34.6));
#11690=CARTESIAN_POINT('Ctrl Pts',(2.26245582716589,-51.0902063968901,34.6));
#11691=CARTESIAN_POINT('Ctrl Pts',(2.27130496815302,-51.2062528082868,34.6));
#11692=CARTESIAN_POINT('',(1.32174152731895,-49.3329223617911,34.6));
#11693=CARTESIAN_POINT('Ctrl Pts',(1.32174152731895,-49.3329223617911,34.6));
#11694=CARTESIAN_POINT('Ctrl Pts',(1.46921801638071,-49.4568641339689,34.6));
#11695=CARTESIAN_POINT('Ctrl Pts',(1.61669450544246,-49.5808059061467,34.6));
#11696=CARTESIAN_POINT('Ctrl Pts',(1.73449653983116,-49.7283038124442,34.6));
#11697=CARTESIAN_POINT('Ctrl Pts',(1.85752548583875,-49.8823462451091,34.6));
#11698=CARTESIAN_POINT('Ctrl Pts',(1.94818822745745,-50.0620815728898,34.6));
#11699=CARTESIAN_POINT('Ctrl Pts',(2.03885096907616,-50.2418169006705,34.6));
#11700=CARTESIAN_POINT('',(0.290548986196517,-48.9326747879386,34.6));
#11701=CARTESIAN_POINT('Ctrl Pts',(0.290548986196517,-48.9326747879386,
34.6));
#11702=CARTESIAN_POINT('Ctrl Pts',(0.474844895768107,-48.9655291473983,
34.6));
#11703=CARTESIAN_POINT('Ctrl Pts',(0.6591408053397,-48.9983835068579,34.6));
#11704=CARTESIAN_POINT('Ctrl Pts',(0.830465739965439,-49.0647014603019,
34.6));
#11705=CARTESIAN_POINT('Ctrl Pts',(1.00299349943434,-49.1314850137014,34.6));
#11706=CARTESIAN_POINT('Ctrl Pts',(1.16236751337665,-49.2322036877463,34.6));
#11707=CARTESIAN_POINT('Ctrl Pts',(1.32174152731895,-49.3329223617911,34.6));
#11708=CARTESIAN_POINT('',(-1.63008075356484,-48.8687476143241,34.6));
#11709=CARTESIAN_POINT('Ctrl Pts',(-1.63008075356484,-48.8687476143241,
34.6));
#11710=CARTESIAN_POINT('Ctrl Pts',(-1.24374426510727,-48.8683768266323,
34.6));
#11711=CARTESIAN_POINT('Ctrl Pts',(-0.857407776649697,-48.8680060389406,
34.6));
#11712=CARTESIAN_POINT('Ctrl Pts',(-0.471726471185686,-48.8847311958671,
34.6));
#11713=CARTESIAN_POINT('Ctrl Pts',(-0.217444787310202,-48.8957581785237,
34.6));
#11714=CARTESIAN_POINT('Ctrl Pts',(0.0365520994431567,-48.9142164832312,
34.6));
#11715=CARTESIAN_POINT('Ctrl Pts',(0.290548986196517,-48.9326747879386,
34.6));
#11716=CARTESIAN_POINT('',(-3.16992025971413,-48.8687476143241,34.6));
#11717=CARTESIAN_POINT('',(-2.77970228997367,-48.8687476143241,34.6));
#11718=CARTESIAN_POINT('',(-5.11556547284126,-48.9354547485709,34.6));
#11719=CARTESIAN_POINT('Ctrl Pts',(-5.11556547284126,-48.9354547485709,
34.6));
#11720=CARTESIAN_POINT('Ctrl Pts',(-4.86088069489589,-48.9162061859842,
34.6));
#11721=CARTESIAN_POINT('Ctrl Pts',(-4.60619591695051,-48.8969576233975,
34.6));
#11722=CARTESIAN_POINT('Ctrl Pts',(-4.35120444893837,-48.8854226097464,
34.6));
#11723=CARTESIAN_POINT('Ctrl Pts',(-3.95792940366336,-48.8676320811015,
34.6));
#11724=CARTESIAN_POINT('Ctrl Pts',(-3.56392483168874,-48.8681898477128,
34.6));
#11725=CARTESIAN_POINT('Ctrl Pts',(-3.16992025971413,-48.8687476143241,
34.6));
#11726=CARTESIAN_POINT('',(-6.14397805333138,-49.3523797020316,34.6));
#11727=CARTESIAN_POINT('Ctrl Pts',(-6.14397805333138,-49.3523797020316,
34.6));
#11728=CARTESIAN_POINT('Ctrl Pts',(-5.9842289497601,-49.2476048180106,34.6));
#11729=CARTESIAN_POINT('Ctrl Pts',(-5.82447984618882,-49.1428299339896,
34.6));
#11730=CARTESIAN_POINT('Ctrl Pts',(-5.65061789155006,-49.0730389580131,
34.6));
#11731=CARTESIAN_POINT('Ctrl Pts',(-5.4812007395015,-49.005032197056,34.6));
#11732=CARTESIAN_POINT('Ctrl Pts',(-5.29838310617138,-48.9702434728135,
34.6));
#11733=CARTESIAN_POINT('Ctrl Pts',(-5.11556547284126,-48.9354547485709,
34.6));
#11734=CARTESIAN_POINT('',(-6.8527488052845,-50.2779492363334,34.6));
#11735=CARTESIAN_POINT('Ctrl Pts',(-6.8527488052845,-50.2779492363334,34.6));
#11736=CARTESIAN_POINT('Ctrl Pts',(-6.76534636319504,-50.0964380432465,
34.6));
#11737=CARTESIAN_POINT('Ctrl Pts',(-6.67794392110558,-49.9149268501596,
34.6));
#11738=CARTESIAN_POINT('Ctrl Pts',(-6.55742805600166,-49.758880995214,34.6));
#11739=CARTESIAN_POINT('Ctrl Pts',(-6.44042045230884,-49.6073776928261,
34.6));
#11740=CARTESIAN_POINT('Ctrl Pts',(-6.29219925282011,-49.4798786974289,
34.6));
#11741=CARTESIAN_POINT('Ctrl Pts',(-6.14397805333138,-49.3523797020316,
34.6));
#11742=CARTESIAN_POINT('Ctrl Pts',(-7.07049814969007,-51.2062528082868,
34.6));
#11743=CARTESIAN_POINT('Ctrl Pts',(-7.05609484309036,-51.0239805695944,
34.6));
#11744=CARTESIAN_POINT('Ctrl Pts',(-7.03357316672646,-50.885583886242,34.6));
#11745=CARTESIAN_POINT('Ctrl Pts',(-6.95618622500071,-50.5816471766208,
34.6));
#11746=CARTESIAN_POINT('Ctrl Pts',(-6.9044675151426,-50.4297982064771,34.6));
#11747=CARTESIAN_POINT('Ctrl Pts',(-6.8527488052845,-50.2779492363334,34.6));
#11748=CARTESIAN_POINT('',(-6.90000038743019,-44.3125028433162,34.6));
#11749=CARTESIAN_POINT('',(2.09999937415123,-44.3125028433162,34.6));
#11750=CARTESIAN_POINT('',(0.00304245741490516,-44.3125028433162,34.6));
#11751=CARTESIAN_POINT('',(-6.90000038743019,-46.2977155670524,34.6));
#11752=CARTESIAN_POINT('',(-6.90000038743019,-48.2731337382625,34.6));
#11753=CARTESIAN_POINT('',(2.09999937415123,-46.2977155670524,34.6));
#11754=CARTESIAN_POINT('',(-0.14474247304099,-46.2977155670524,34.6));
#11755=CARTESIAN_POINT('',(2.09999937415123,-47.1029670073818,34.6));
#11756=CARTESIAN_POINT('',(-0.201507282818355,-43.5750028082868,34.6));
#11757=CARTESIAN_POINT('',(-4.68615422201583,-43.5750028082868,34.6));
#11758=CARTESIAN_POINT('',(-4.76664983332963,-43.5750028082868,34.6));
#11759=CARTESIAN_POINT('',(2.09999937415123,-43.0095752701163,34.6));
#11760=CARTESIAN_POINT('',(-0.855577467363096,-43.735692890637,34.6));
#11761=CARTESIAN_POINT('',(2.09999937415123,-40.5914148315787,34.6));
#11762=CARTESIAN_POINT('',(2.09999937415123,-45.4199833705257,34.6));
#11763=CARTESIAN_POINT('',(-2.83638101220131,-42.0617684349418,34.6));
#11764=CARTESIAN_POINT('',(-3.75104335767082,-42.3342103803072,34.6));
#11765=CARTESIAN_POINT('',(-6.90000038743019,-40.7192715629935,34.6));
#11766=CARTESIAN_POINT('',(-3.44747267593989,-41.8598822415538,34.6));
#11767=CARTESIAN_POINT('',(-6.90000038743019,-42.9150732979178,34.6));
#11768=CARTESIAN_POINT('',(-6.90000038743019,-46.5818126036953,34.6));
#11769=CARTESIAN_POINT('',(-2.07665998116401,-44.3528717874323,34.6));
#11770=CARTESIAN_POINT('',(2.2713028736539,-59.1250028082868,34.6));
#11771=CARTESIAN_POINT('',(-7.07049602561044,-59.1250028082868,34.6));
#11772=CARTESIAN_POINT('',(-4.76664983332963,-59.1250028082868,34.6));
#11773=CARTESIAN_POINT('',(2.03885096907616,-58.1605943664908,34.6));
#11774=CARTESIAN_POINT('Ctrl Pts',(2.03885096907616,-58.1605943664908,34.6));
#11775=CARTESIAN_POINT('Ctrl Pts',(2.11176102188418,-58.3652017475352,34.6));
#11776=CARTESIAN_POINT('Ctrl Pts',(2.1846710746922,-58.5698091285795,34.6));
#11777=CARTESIAN_POINT('Ctrl Pts',(2.22646612524986,-58.7804206833243,34.6));
#11778=CARTESIAN_POINT('Ctrl Pts',(2.24897034247496,-58.8938228234068,34.6));
#11779=CARTESIAN_POINT('Ctrl Pts',(2.26245369956235,-59.0089656932748,34.6));
#11780=CARTESIAN_POINT('Ctrl Pts',(2.2713028736539,-59.1250028082868,34.6));
#11781=CARTESIAN_POINT('',(1.32174152731895,-57.2516998276114,34.6));
#11782=CARTESIAN_POINT('Ctrl Pts',(1.32174152731895,-57.2516998276114,34.6));
#11783=CARTESIAN_POINT('Ctrl Pts',(1.46921801638071,-57.3756415997892,34.6));
#11784=CARTESIAN_POINT('Ctrl Pts',(1.61669450544246,-57.499583371967,34.6));
#11785=CARTESIAN_POINT('Ctrl Pts',(1.73449653983116,-57.6470812782645,34.6));
#11786=CARTESIAN_POINT('Ctrl Pts',(1.85752548583875,-57.8011237109294,34.6));
#11787=CARTESIAN_POINT('Ctrl Pts',(1.94818822745745,-57.9808590387101,34.6));
#11788=CARTESIAN_POINT('Ctrl Pts',(2.03885096907616,-58.1605943664908,34.6));
#11789=CARTESIAN_POINT('',(0.290548986196517,-56.8514522537589,34.6));
#11790=CARTESIAN_POINT('Ctrl Pts',(0.290548986196517,-56.8514522537589,
34.6));
#11791=CARTESIAN_POINT('Ctrl Pts',(0.474844895768107,-56.8843066132186,
34.6));
#11792=CARTESIAN_POINT('Ctrl Pts',(0.6591408053397,-56.9171609726782,34.6));
#11793=CARTESIAN_POINT('Ctrl Pts',(0.830465739965439,-56.9834789261222,
34.6));
#11794=CARTESIAN_POINT('Ctrl Pts',(1.00299349943434,-57.0502624795217,34.6));
#11795=CARTESIAN_POINT('Ctrl Pts',(1.16236751337665,-57.1509811535666,34.6));
#11796=CARTESIAN_POINT('Ctrl Pts',(1.32174152731895,-57.2516998276114,34.6));
#11797=CARTESIAN_POINT('',(-1.63008075356484,-56.7875250801444,34.6));
#11798=CARTESIAN_POINT('Ctrl Pts',(-1.63008075356484,-56.7875250801444,
34.6));
#11799=CARTESIAN_POINT('Ctrl Pts',(-1.24374423907366,-56.7871528971692,
34.6));
#11800=CARTESIAN_POINT('Ctrl Pts',(-0.85740772458249,-56.7867807141939,
34.6));
#11801=CARTESIAN_POINT('Ctrl Pts',(-0.471726471185685,-56.8035062775016,
34.6));
#11802=CARTESIAN_POINT('Ctrl Pts',(-0.217444764592254,-56.8145335305613,
34.6));
#11803=CARTESIAN_POINT('Ctrl Pts',(0.0365521108021327,-56.8329928921601,
34.6));
#11804=CARTESIAN_POINT('Ctrl Pts',(0.290548986196517,-56.8514522537589,
34.6));
#11805=CARTESIAN_POINT('',(-3.16992025971413,-56.7875250801444,34.6));
#11806=CARTESIAN_POINT('',(-2.77970228997367,-56.7875250801444,34.6));
#11807=CARTESIAN_POINT('',(-5.11556547284126,-56.8542322143912,34.6));
#11808=CARTESIAN_POINT('Ctrl Pts',(-5.11556547284126,-56.8542322143912,
34.6));
#11809=CARTESIAN_POINT('Ctrl Pts',(-4.86088069489589,-56.8349836518045,
34.6));
#11810=CARTESIAN_POINT('Ctrl Pts',(-4.60619591695051,-56.8157350892179,
34.6));
#11811=CARTESIAN_POINT('Ctrl Pts',(-4.35120444893837,-56.8042000755668,
34.6));
#11812=CARTESIAN_POINT('Ctrl Pts',(-3.95792940366336,-56.7864095469218,
34.6));
#11813=CARTESIAN_POINT('Ctrl Pts',(-3.56392483168874,-56.7869673135331,
34.6));
#11814=CARTESIAN_POINT('Ctrl Pts',(-3.16992025971413,-56.7875250801444,
34.6));
#11815=CARTESIAN_POINT('',(-6.14397805333138,-57.2711571678519,34.6));
#11816=CARTESIAN_POINT('Ctrl Pts',(-6.14397805333138,-57.2711571678519,
34.6));
#11817=CARTESIAN_POINT('Ctrl Pts',(-5.9842289497601,-57.1663822838309,34.6));
#11818=CARTESIAN_POINT('Ctrl Pts',(-5.82447984618882,-57.0616073998099,
34.6));
#11819=CARTESIAN_POINT('Ctrl Pts',(-5.65061789155006,-56.9918164238334,
34.6));
#11820=CARTESIAN_POINT('Ctrl Pts',(-5.4812007395015,-56.9238096628764,34.6));
#11821=CARTESIAN_POINT('Ctrl Pts',(-5.29838310617138,-56.8890209386338,
34.6));
#11822=CARTESIAN_POINT('Ctrl Pts',(-5.11556547284126,-56.8542322143912,
34.6));
#11823=CARTESIAN_POINT('',(-6.8527488052845,-58.1967278942466,34.6));
#11824=CARTESIAN_POINT('Ctrl Pts',(-6.8527488052845,-58.1967278942466,34.6));
#11825=CARTESIAN_POINT('Ctrl Pts',(-6.76534656676772,-58.0152157543398,
34.6));
#11826=CARTESIAN_POINT('Ctrl Pts',(-6.67794432825093,-57.8337036144331,
34.6));
#11827=CARTESIAN_POINT('Ctrl Pts',(-6.55742805600166,-57.6776572689414,
34.6));
#11828=CARTESIAN_POINT('Ctrl Pts',(-6.44042063168846,-57.5261542343827,
34.6));
#11829=CARTESIAN_POINT('Ctrl Pts',(-6.29219934250992,-57.3986557011173,
34.6));
#11830=CARTESIAN_POINT('Ctrl Pts',(-6.14397805333138,-57.2711571678519,
34.6));
#11831=CARTESIAN_POINT('Ctrl Pts',(-7.07049602561044,-59.1250028082868,
34.6));
#11832=CARTESIAN_POINT('Ctrl Pts',(-7.06209423915035,-59.018687877758,34.6));
#11833=CARTESIAN_POINT('Ctrl Pts',(-7.04972354250294,-58.9131108675447,
34.6));
#11834=CARTESIAN_POINT('Ctrl Pts',(-7.02994208931923,-58.808911703527,34.6));
#11835=CARTESIAN_POINT('Ctrl Pts',(-6.99050960229128,-58.6012003617314,
34.6));
#11836=CARTESIAN_POINT('Ctrl Pts',(-6.92162920378789,-58.398964127989,34.6));
#11837=CARTESIAN_POINT('Ctrl Pts',(-6.8527488052845,-58.1967278942466,34.6));
#11838=CARTESIAN_POINT('',(-1.47442918419838,-36.3999991863966,34.6));
#11839=CARTESIAN_POINT('',(2.26105943110606,-36.3999991863966,34.6));
#11840=CARTESIAN_POINT('',(0.0275338663090124,-36.3999991863966,34.6));
#11841=CARTESIAN_POINT('',(-1.47442918419838,-38.6235364899039,34.6));
#11842=CARTESIAN_POINT('',(-1.47442918419838,-44.4360441996883,34.6));
#11843=CARTESIAN_POINT('',(-0.762878471612931,-38.6235364899039,34.6));
#11844=CARTESIAN_POINT('',(-1.57618139592307,-38.6235364899039,34.6));
#11845=CARTESIAN_POINT('',(1.04101199507713,-38.4317525848746,34.6));
#11846=CARTESIAN_POINT('Ctrl Pts',(1.04101199507713,-38.4317525848746,34.6));
#11847=CARTESIAN_POINT('Ctrl Pts',(0.804970956347264,-38.4871434583059,
34.6));
#11848=CARTESIAN_POINT('Ctrl Pts',(0.568929917617396,-38.5425343317372,
34.6));
#11849=CARTESIAN_POINT('Ctrl Pts',(0.330156272649765,-38.5755905136466,
34.6));
#11850=CARTESIAN_POINT('Ctrl Pts',(-0.0300429358535263,-38.6254570328829,
34.6));
#11851=CARTESIAN_POINT('Ctrl Pts',(-0.396460703733228,-38.6244967613934,
34.6));
#11852=CARTESIAN_POINT('Ctrl Pts',(-0.762878471612931,-38.6235364899039,
34.6));
#11853=CARTESIAN_POINT('',(1.91933173537254,-37.6312574371696,34.6));
#11854=CARTESIAN_POINT('Ctrl Pts',(1.91933173537254,-37.6312574371696,34.6));
#11855=CARTESIAN_POINT('Ctrl Pts',(1.79955809979274,-37.8142185473829,34.6));
#11856=CARTESIAN_POINT('Ctrl Pts',(1.67978446421293,-37.9971796575962,34.6));
#11857=CARTESIAN_POINT('Ctrl Pts',(1.52047414183617,-38.1357344612479,34.6));
#11858=CARTESIAN_POINT('Ctrl Pts',(1.38088842358601,-38.2571344527626,34.6));
#11859=CARTESIAN_POINT('Ctrl Pts',(1.21095020933157,-38.3444435188186,34.6));
#11860=CARTESIAN_POINT('Ctrl Pts',(1.04101199507713,-38.4317525848746,34.6));
#11861=CARTESIAN_POINT('Ctrl Pts',(2.26105943110606,-36.3999991863966,34.6));
#11862=CARTESIAN_POINT('Ctrl Pts',(2.24934819466534,-36.5721699696798,34.6));
#11863=CARTESIAN_POINT('Ctrl Pts',(2.22859977156703,-36.7422735953153,34.6));
#11864=CARTESIAN_POINT('Ctrl Pts',(2.18824762701988,-36.9078930839896,34.6));
#11865=CARTESIAN_POINT('Ctrl Pts',(2.1278692092097,-37.1557074888226,34.6));
#11866=CARTESIAN_POINT('Ctrl Pts',(2.02360047229112,-37.3934824629961,34.6));
#11867=CARTESIAN_POINT('Ctrl Pts',(1.91933173537254,-37.6312574371696,34.6));
#11868=CARTESIAN_POINT('',(2.25758106897988,-35.4999992065132,34.6));
#11869=CARTESIAN_POINT('',(-7.05841161611446,-35.4999992065132,34.6));
#11870=CARTESIAN_POINT('',(-4.85095992123585,-35.4999992065132,34.6));
#11871=CARTESIAN_POINT('',(1.96918982863426,-34.415384195745,34.6));
#11872=CARTESIAN_POINT('Ctrl Pts',(1.96918982863426,-34.415384195745,34.6));
#11873=CARTESIAN_POINT('Ctrl Pts',(2.05905415523975,-34.6410876475168,34.6));
#11874=CARTESIAN_POINT('Ctrl Pts',(2.14891848184523,-34.8667910992887,34.6));
#11875=CARTESIAN_POINT('Ctrl Pts',(2.20071334242821,-35.1005276665092,34.6));
#11876=CARTESIAN_POINT('Ctrl Pts',(2.22974899042158,-35.2315579002544,34.6));
#11877=CARTESIAN_POINT('Ctrl Pts',(2.24682091142783,-35.3651126243623,34.6));
#11878=CARTESIAN_POINT('Ctrl Pts',(2.25758106897988,-35.4999992065132,34.6));
#11879=CARTESIAN_POINT('',(1.06815595030785,-33.5704192146659,34.6));
#11880=CARTESIAN_POINT('Ctrl Pts',(1.06815595030785,-33.5704192146659,34.6));
#11881=CARTESIAN_POINT('Ctrl Pts',(1.25449225559597,-33.6681693007498,34.6));
#11882=CARTESIAN_POINT('Ctrl Pts',(1.44082856088409,-33.7659193868338,34.6));
#11883=CARTESIAN_POINT('Ctrl Pts',(1.58958215117455,-33.9039572700858,34.6));
#11884=CARTESIAN_POINT('Ctrl Pts',(1.74264632192189,-34.0459952141142,34.6));
#11885=CARTESIAN_POINT('Ctrl Pts',(1.85591807527808,-34.2306897049296,34.6));
#11886=CARTESIAN_POINT('Ctrl Pts',(1.96918982863426,-34.415384195745,34.6));
#11887=CARTESIAN_POINT('',(-0.597585254907609,-33.325820825994,34.6));
#11888=CARTESIAN_POINT('Ctrl Pts',(-0.597585254907609,-33.325820825994,
34.6));
#11889=CARTESIAN_POINT('Ctrl Pts',(-0.277218107906336,-33.3295450019503,
34.6));
#11890=CARTESIAN_POINT('Ctrl Pts',(0.0431490390949348,-33.3332691779065,
34.6));
#11891=CARTESIAN_POINT('Ctrl Pts',(0.355552619695662,-33.386970423162,34.6));
#11892=CARTESIAN_POINT('Ctrl Pts',(0.596238328395038,-33.4283435797932,
34.6));
#11893=CARTESIAN_POINT('Ctrl Pts',(0.832197139351443,-33.4993813972296,
34.6));
#11894=CARTESIAN_POINT('Ctrl Pts',(1.06815595030785,-33.5704192146659,34.6));
#11895=CARTESIAN_POINT('',(-2.43583005070686,-33.575974367559,34.6));
#11896=CARTESIAN_POINT('Ctrl Pts',(-2.43583005070686,-33.575974367559,34.6));
#11897=CARTESIAN_POINT('Ctrl Pts',(-2.2188334112197,-33.5042024537324,34.6));
#11898=CARTESIAN_POINT('Ctrl Pts',(-2.00183677173254,-33.4324305399059,
34.6));
#11899=CARTESIAN_POINT('Ctrl Pts',(-1.78020578026772,-33.3883580192924,
34.6));
#11900=CARTESIAN_POINT('Ctrl Pts',(-1.39531662564443,-33.311820730491,34.6));
#11901=CARTESIAN_POINT('Ctrl Pts',(-0.996450940276019,-33.3188207782425,
34.6));
#11902=CARTESIAN_POINT('Ctrl Pts',(-0.597585254907609,-33.325820825994,
34.6));
#11903=CARTESIAN_POINT('',(-3.00037127137184,-34.3375596031547,34.6));
#11904=CARTESIAN_POINT('Ctrl Pts',(-3.00037127137184,-34.3375596031547,
34.6));
#11905=CARTESIAN_POINT('Ctrl Pts',(-2.93658026586449,-34.1798359987432,
34.6));
#11906=CARTESIAN_POINT('Ctrl Pts',(-2.87278926035715,-34.0221123943317,
34.6));
#11907=CARTESIAN_POINT('Ctrl Pts',(-2.77302842736244,-33.8914498314261,
34.6));
#11908=CARTESIAN_POINT('Ctrl Pts',(-2.68102465185865,-33.7709471376991,
34.6));
#11909=CARTESIAN_POINT('Ctrl Pts',(-2.55842735128275,-33.673460752629,34.6));
#11910=CARTESIAN_POINT('Ctrl Pts',(-2.43583005070686,-33.575974367559,34.6));
#11911=CARTESIAN_POINT('',(-3.61424844861031,-33.6148890480399,34.6));
#11912=CARTESIAN_POINT('Ctrl Pts',(-3.61424844861031,-33.6148890480399,
34.6));
#11913=CARTESIAN_POINT('Ctrl Pts',(-3.50080124770836,-33.7039158102936,
34.6));
#11914=CARTESIAN_POINT('Ctrl Pts',(-3.38735404680641,-33.7929425725472,
34.6));
#11915=CARTESIAN_POINT('Ctrl Pts',(-3.29272847771645,-33.8984021171927,
34.6));
#11916=CARTESIAN_POINT('Ctrl Pts',(-3.17627007984313,-34.0281941990579,
34.6));
#11917=CARTESIAN_POINT('Ctrl Pts',(-3.08832067560748,-34.1828769011063,
34.6));
#11918=CARTESIAN_POINT('Ctrl Pts',(-3.00037127137184,-34.3375596031547,
34.6));
#11919=CARTESIAN_POINT('',(-4.70585089325905,-33.409205339849,34.6));
#11920=CARTESIAN_POINT('Ctrl Pts',(-4.70585089325905,-33.409205339849,34.6));
#11921=CARTESIAN_POINT('Ctrl Pts',(-4.48560795239,-33.4104053175593,34.6));
#11922=CARTESIAN_POINT('Ctrl Pts',(-4.26536501152094,-33.4116052952696,
34.6));
#11923=CARTESIAN_POINT('Ctrl Pts',(-4.05520003437996,-33.4606274589896,
34.6));
#11924=CARTESIAN_POINT('Ctrl Pts',(-3.9047742140395,-33.4957151281758,34.6));
#11925=CARTESIAN_POINT('Ctrl Pts',(-3.75951133132491,-33.5553020881079,
34.6));
#11926=CARTESIAN_POINT('Ctrl Pts',(-3.61424844861031,-33.6148890480399,
34.6));
#11927=CARTESIAN_POINT('',(-6.45015698075295,-33.9817818626761,34.6));
#11928=CARTESIAN_POINT('Ctrl Pts',(-6.45015698075295,-33.9817818626761,
34.6));
#11929=CARTESIAN_POINT('Ctrl Pts',(-6.20830189871979,-33.815032095558,34.6));
#11930=CARTESIAN_POINT('Ctrl Pts',(-5.96644681668663,-33.6482823284399,
34.6));
#11931=CARTESIAN_POINT('Ctrl Pts',(-5.70021491646767,-33.5523518547416,
34.6));
#11932=CARTESIAN_POINT('Ctrl Pts',(-5.39072199565655,-33.4408332783603,
34.6));
#11933=CARTESIAN_POINT('Ctrl Pts',(-5.0482864444578,-33.4250193091047,34.6));
#11934=CARTESIAN_POINT('Ctrl Pts',(-4.70585089325905,-33.409205339849,34.6));
#11935=CARTESIAN_POINT('Ctrl Pts',(-7.05841161611446,-35.4999992065132,
34.6));
#11936=CARTESIAN_POINT('Ctrl Pts',(-7.03937306166217,-35.2622043068391,
34.6));
#11937=CARTESIAN_POINT('Ctrl Pts',(-7.00072517864995,-35.0308133360781,
34.6));
#11938=CARTESIAN_POINT('Ctrl Pts',(-6.92095529437065,-34.8128518089652,
34.6));
#11939=CARTESIAN_POINT('Ctrl Pts',(-6.81363962163457,-34.5196247581298,
34.6));
#11940=CARTESIAN_POINT('Ctrl Pts',(-6.63189830119376,-34.250703310403,34.6));
#11941=CARTESIAN_POINT('Ctrl Pts',(-6.45015698075295,-33.9817818626761,
34.6));
#11942=CARTESIAN_POINT('',(-2.4999999217689,-36.916924379766,34.6));
#11943=CARTESIAN_POINT('',(-2.4999999217689,-36.3999991863966,34.6));
#11944=CARTESIAN_POINT('',(-2.4999999217689,-43.3242755479346,34.6));
#11945=CARTESIAN_POINT('',(-2.13594895005226,-36.916924379766,34.6));
#11946=CARTESIAN_POINT('',(-2.26271663514274,-36.916924379766,34.6));
#11947=CARTESIAN_POINT('',(-2.11271019833636,-36.3999991863966,34.6));
#11948=CARTESIAN_POINT('Ctrl Pts',(-2.11271019757783,-36.399999179739,34.6));
#11949=CARTESIAN_POINT('Ctrl Pts',(-2.13219153817387,-36.57098843116,34.6));
#11950=CARTESIAN_POINT('Ctrl Pts',(-2.13407024411307,-36.743956405463,34.6));
#11951=CARTESIAN_POINT('Ctrl Pts',(-2.13594895005226,-36.916924379766,34.6));
#11952=CARTESIAN_POINT('',(0.0275338663090124,-36.3999991863966,34.6));
#11953=CARTESIAN_POINT('',(-7.07365207182691,-36.3999991863966,34.6));
#11954=CARTESIAN_POINT('',(-4.19999988377094,-36.3999991863966,34.6));
#11955=CARTESIAN_POINT('',(-3.29474210200208,-36.3999991863966,34.6));
#11956=CARTESIAN_POINT('',(-6.62483077645302,-38.0342849716544,34.6));
#11957=CARTESIAN_POINT('Ctrl Pts',(-6.62483077645302,-38.0342849716544,
34.6));
#11958=CARTESIAN_POINT('Ctrl Pts',(-6.75628835676814,-37.7848074809334,
34.6));
#11959=CARTESIAN_POINT('Ctrl Pts',(-6.88774593708327,-37.5353299902123,
34.6));
#11960=CARTESIAN_POINT('Ctrl Pts',(-6.96462374329567,-37.2713145241141,
34.6));
#11961=CARTESIAN_POINT('Ctrl Pts',(-7.04572412340954,-36.9927978011298,
34.6));
#11962=CARTESIAN_POINT('Ctrl Pts',(-7.06608439692899,-36.6981022245575,
34.6));
#11963=CARTESIAN_POINT('Ctrl Pts',(-7.07365207182691,-36.3999991863966,
34.6));
#11964=CARTESIAN_POINT('',(-4.88208811879158,-38.6235364899039,34.6));
#11965=CARTESIAN_POINT('Ctrl Pts',(-4.88208811879158,-38.6235364899039,
34.6));
#11966=CARTESIAN_POINT('Ctrl Pts',(-5.25897389051486,-38.618558603546,34.6));
#11967=CARTESIAN_POINT('Ctrl Pts',(-5.63585966223813,-38.6135807171881,
34.6));
#11968=CARTESIAN_POINT('Ctrl Pts',(-5.9626166164875,-38.4762248024344,34.6));
#11969=CARTESIAN_POINT('Ctrl Pts',(-6.20116632613171,-38.3759477825997,
34.6));
#11970=CARTESIAN_POINT('Ctrl Pts',(-6.41299855129236,-38.2051163771271,
34.6));
#11971=CARTESIAN_POINT('Ctrl Pts',(-6.62483077645302,-38.0342849716544,
34.6));
#11972=CARTESIAN_POINT('',(-4.11494832634926,-38.6235364899039,34.6));
#11973=CARTESIAN_POINT('',(-3.25221632329123,-38.6235364899039,34.6));
#11974=CARTESIAN_POINT('',(-4.11494832634926,-36.9999991729856,34.6));
#11975=CARTESIAN_POINT('',(-4.11494832634926,-43.3131296469997,34.6));
#11976=CARTESIAN_POINT('',(-4.19999988377094,-36.9999991729856,34.6));
#11977=CARTESIAN_POINT('',(-2.44474212100106,-36.9999991729856,34.6));
#11978=CARTESIAN_POINT('',(-4.19999988377094,-43.6242755412291,34.6));
#11979=CARTESIAN_POINT('Origin',(-4.11494832634926,-38.6235364899039,35.6));
#11980=CARTESIAN_POINT('',(-4.88208811879158,-38.6235364899039,35.6));
#11981=CARTESIAN_POINT('',(-4.11494832634926,-38.6235364899039,35.6));
#11982=CARTESIAN_POINT('Ctrl Pts',(-4.88208811879158,-38.6235364899039,
35.6));
#11983=CARTESIAN_POINT('Ctrl Pts',(-4.88208811879158,-38.6235364899039,
29.6));
#11984=CARTESIAN_POINT('Ctrl Pts',(-5.25897389051486,-38.618558603546,35.6));
#11985=CARTESIAN_POINT('Ctrl Pts',(-5.25897389051486,-38.618558603546,29.6));
#11986=CARTESIAN_POINT('Ctrl Pts',(-5.91100603707246,-38.6099465991384,
35.6));
#11987=CARTESIAN_POINT('Ctrl Pts',(-5.91100603707246,-38.6099465991384,
29.6));
#11988=CARTESIAN_POINT('Ctrl Pts',(-6.41299855129236,-38.2051163771271,
35.6));
#11989=CARTESIAN_POINT('Ctrl Pts',(-6.41299855129236,-38.2051163771271,
29.6));
#11990=CARTESIAN_POINT('Ctrl Pts',(-6.62483077645302,-38.0342849716544,
35.6));
#11991=CARTESIAN_POINT('Ctrl Pts',(-6.62483077645302,-38.0342849716544,
29.6));
#11992=CARTESIAN_POINT('',(-6.62483077645302,-38.0342849716544,35.6));
#11993=CARTESIAN_POINT('Ctrl Pts',(-6.62483077645302,-38.0342849716544,
35.6));
#11994=CARTESIAN_POINT('Ctrl Pts',(-6.62483077645302,-38.0342849716544,
29.6));
#11995=CARTESIAN_POINT('Ctrl Pts',(-6.75628835676814,-37.7848074809334,
35.6));
#11996=CARTESIAN_POINT('Ctrl Pts',(-6.75628835676814,-37.7848074809334,
29.6));
#11997=CARTESIAN_POINT('Ctrl Pts',(-7.06342380488332,-37.2019321478899,
35.6));
#11998=CARTESIAN_POINT('Ctrl Pts',(-7.06342380488332,-37.2019321478899,
29.6));
#11999=CARTESIAN_POINT('Ctrl Pts',(-7.07262505729959,-36.5396984797804,
35.6));
#12000=CARTESIAN_POINT('Ctrl Pts',(-7.07262505729959,-36.5396984797804,
29.6));
#12001=CARTESIAN_POINT('Ctrl Pts',(-7.07788806557655,-36.1609086021781,
35.6));
#12002=CARTESIAN_POINT('Ctrl Pts',(-7.07788806557655,-36.1609086021781,
29.6));
#12003=CARTESIAN_POINT('Ctrl Pts',(-7.07365207182691,-36.3999991863966,
34.6));
#12004=CARTESIAN_POINT('Ctrl Pts',(-7.07365207182691,-36.3999991863966,
34.6666666666667));
#12005=CARTESIAN_POINT('Ctrl Pts',(-7.07365207182691,-36.3999991863966,
34.7333333333333));
#12006=CARTESIAN_POINT('Ctrl Pts',(-7.07365207182691,-36.3999991863966,
35.0666666666667));
#12007=CARTESIAN_POINT('Ctrl Pts',(-7.07365207182691,-36.3999991863966,
35.3333333333333));
#12008=CARTESIAN_POINT('Ctrl Pts',(-7.07365207182691,-36.3999991863966,
35.6));
#12009=CARTESIAN_POINT('Ctrl Pts',(-2.04978447556496,-36.0330494865775,
35.6));
#12010=CARTESIAN_POINT('Ctrl Pts',(-2.04978447556496,-36.0330494865775,
29.6));
#12011=CARTESIAN_POINT('Ctrl Pts',(-2.07216729995789,-36.144390056516,35.6));
#12012=CARTESIAN_POINT('Ctrl Pts',(-2.07216729995789,-36.144390056516,29.6));
#12013=CARTESIAN_POINT('Ctrl Pts',(-2.13072167340865,-36.435661488483,35.6));
#12014=CARTESIAN_POINT('Ctrl Pts',(-2.13072167340865,-36.435661488483,29.6));
#12015=CARTESIAN_POINT('Ctrl Pts',(-2.13395288932732,-36.7331518302806,
35.6));
#12016=CARTESIAN_POINT('Ctrl Pts',(-2.13395288932732,-36.7331518302806,
29.6));
#12017=CARTESIAN_POINT('Ctrl Pts',(-2.13594895005226,-36.916924379766,35.6));
#12018=CARTESIAN_POINT('Ctrl Pts',(-2.13594895005226,-36.916924379766,29.6));
#12019=CARTESIAN_POINT('',(-2.13594895005226,-36.916924379766,35.6));
#12020=CARTESIAN_POINT('Ctrl Pts',(-2.11271019833636,-36.3999991863966,
35.6));
#12021=CARTESIAN_POINT('Ctrl Pts',(-2.11271019833636,-36.3999991863966,
35.3333333333333));
#12022=CARTESIAN_POINT('Ctrl Pts',(-2.11271019833636,-36.3999991863966,
35.0666666666667));
#12023=CARTESIAN_POINT('Ctrl Pts',(-2.11271019833636,-36.3999991863966,
34.7333333333333));
#12024=CARTESIAN_POINT('Ctrl Pts',(-2.11271019833636,-36.3999991863966,
34.6666666666667));
#12025=CARTESIAN_POINT('Ctrl Pts',(-2.11271019833636,-36.3999991863966,
34.6));
#12026=CARTESIAN_POINT('Origin',(-2.13594895005226,-36.916924379766,35.6));
#12027=CARTESIAN_POINT('',(-2.4999999217689,-36.916924379766,35.6));
#12028=CARTESIAN_POINT('Ctrl Pts',(-3.00037127137184,-34.3375596031547,
35.6));
#12029=CARTESIAN_POINT('Ctrl Pts',(-3.00037127137184,-34.3375596031547,
29.6));
#12030=CARTESIAN_POINT('Ctrl Pts',(-2.93658026586449,-34.1798359987432,
35.6));
#12031=CARTESIAN_POINT('Ctrl Pts',(-2.93658026586449,-34.1798359987432,
29.6));
#12032=CARTESIAN_POINT('Ctrl Pts',(-2.81395842290643,-33.8766528321337,
35.6));
#12033=CARTESIAN_POINT('Ctrl Pts',(-2.81395842290643,-33.8766528321337,
29.6));
#12034=CARTESIAN_POINT('Ctrl Pts',(-2.55842735128275,-33.673460752629,35.6));
#12035=CARTESIAN_POINT('Ctrl Pts',(-2.55842735128275,-33.673460752629,29.6));
#12036=CARTESIAN_POINT('Ctrl Pts',(-2.43583005070686,-33.575974367559,35.6));
#12037=CARTESIAN_POINT('Ctrl Pts',(-2.43583005070686,-33.575974367559,29.6));
#12038=CARTESIAN_POINT('',(-2.43583005070686,-33.575974367559,35.6));
#12039=CARTESIAN_POINT('',(-3.00037127137184,-34.3375596031547,35.6));
#12040=CARTESIAN_POINT('Ctrl Pts',(-2.43583005070686,-33.575974367559,35.6));
#12041=CARTESIAN_POINT('Ctrl Pts',(-2.43583005070686,-33.575974367559,29.6));
#12042=CARTESIAN_POINT('Ctrl Pts',(-2.2188334112197,-33.5042024537324,35.6));
#12043=CARTESIAN_POINT('Ctrl Pts',(-2.2188334112197,-33.5042024537324,29.6));
#12044=CARTESIAN_POINT('Ctrl Pts',(-1.62499573259672,-33.3077898880918,
35.6));
#12045=CARTESIAN_POINT('Ctrl Pts',(-1.62499573259672,-33.3077898880918,
29.6));
#12046=CARTESIAN_POINT('Ctrl Pts',(-0.996450940276019,-33.3188207782425,
35.6));
#12047=CARTESIAN_POINT('Ctrl Pts',(-0.996450940276019,-33.3188207782425,
29.6));
#12048=CARTESIAN_POINT('Ctrl Pts',(-0.597585254907609,-33.325820825994,
35.6));
#12049=CARTESIAN_POINT('Ctrl Pts',(-0.597585254907609,-33.325820825994,
29.6));
#12050=CARTESIAN_POINT('',(-0.597585254907609,-33.325820825994,35.6));
#12051=CARTESIAN_POINT('Ctrl Pts',(-0.597585254907609,-33.325820825994,
35.6));
#12052=CARTESIAN_POINT('Ctrl Pts',(-0.597585254907609,-33.325820825994,
29.6));
#12053=CARTESIAN_POINT('Ctrl Pts',(-0.277218107906336,-33.3295450019503,
35.6));
#12054=CARTESIAN_POINT('Ctrl Pts',(-0.277218107906336,-33.3295450019503,
29.6));
#12055=CARTESIAN_POINT('Ctrl Pts',(0.289970134012367,-33.3361384021568,
35.6));
#12056=CARTESIAN_POINT('Ctrl Pts',(0.289970134012367,-33.3361384021568,
29.6));
#12057=CARTESIAN_POINT('Ctrl Pts',(0.832197139351443,-33.4993813972296,
35.6));
#12058=CARTESIAN_POINT('Ctrl Pts',(0.832197139351443,-33.4993813972296,
29.6));
#12059=CARTESIAN_POINT('Ctrl Pts',(1.06815595030785,-33.5704192146659,35.6));
#12060=CARTESIAN_POINT('Ctrl Pts',(1.06815595030785,-33.5704192146659,29.6));
#12061=CARTESIAN_POINT('',(1.06815595030785,-33.5704192146659,35.6));
#12062=CARTESIAN_POINT('Ctrl Pts',(1.06815595030785,-33.5704192146659,35.6));
#12063=CARTESIAN_POINT('Ctrl Pts',(1.06815595030785,-33.5704192146659,29.6));
#12064=CARTESIAN_POINT('Ctrl Pts',(1.25449225559597,-33.6681693007498,35.6));
#12065=CARTESIAN_POINT('Ctrl Pts',(1.25449225559597,-33.6681693007498,29.6));
#12066=CARTESIAN_POINT('Ctrl Pts',(1.63256451827079,-33.8665020742009,35.6));
#12067=CARTESIAN_POINT('Ctrl Pts',(1.63256451827079,-33.8665020742009,29.6));
#12068=CARTESIAN_POINT('Ctrl Pts',(1.85591807527808,-34.2306897049296,35.6));
#12069=CARTESIAN_POINT('Ctrl Pts',(1.85591807527808,-34.2306897049296,29.6));
#12070=CARTESIAN_POINT('Ctrl Pts',(1.96918982863426,-34.415384195745,35.6));
#12071=CARTESIAN_POINT('Ctrl Pts',(1.96918982863426,-34.415384195745,29.6));
#12072=CARTESIAN_POINT('',(1.96918982863426,-34.415384195745,35.6));
#12073=CARTESIAN_POINT('Ctrl Pts',(1.96918982863426,-34.415384195745,35.6));
#12074=CARTESIAN_POINT('Ctrl Pts',(1.96918982863426,-34.415384195745,29.6));
#12075=CARTESIAN_POINT('Ctrl Pts',(2.05905415523975,-34.6410876475168,35.6));
#12076=CARTESIAN_POINT('Ctrl Pts',(2.05905415523975,-34.6410876475168,29.6));
#12077=CARTESIAN_POINT('Ctrl Pts',(2.25555337088145,-35.1346155346783,35.6));
#12078=CARTESIAN_POINT('Ctrl Pts',(2.25555337088145,-35.1346155346783,29.6));
#12079=CARTESIAN_POINT('Ctrl Pts',(2.2700306296687,-35.6665522451401,35.6));
#12080=CARTESIAN_POINT('Ctrl Pts',(2.2700306296687,-35.6665522451401,29.6));
#12081=CARTESIAN_POINT('Ctrl Pts',(2.27788705229759,-35.9552201256156,35.6));
#12082=CARTESIAN_POINT('Ctrl Pts',(2.27788705229759,-35.9552201256156,29.6));
#12083=CARTESIAN_POINT('Ctrl Pts',(2.25758106897988,-35.4999992065132,34.6));
#12084=CARTESIAN_POINT('Ctrl Pts',(2.25758106897988,-35.4999992065132,34.6666666666667));
#12085=CARTESIAN_POINT('Ctrl Pts',(2.25758106897988,-35.4999992065132,34.7333333333333));
#12086=CARTESIAN_POINT('Ctrl Pts',(2.25758106897988,-35.4999992065132,35.0666666666667));
#12087=CARTESIAN_POINT('Ctrl Pts',(2.25758106897988,-35.4999992065132,35.3333333333333));
#12088=CARTESIAN_POINT('Ctrl Pts',(2.25758106897988,-35.4999992065132,35.6));
#12089=CARTESIAN_POINT('Ctrl Pts',(1.04101199507713,-38.4317525848746,35.6));
#12090=CARTESIAN_POINT('Ctrl Pts',(1.04101199507713,-38.4317525848746,29.6));
#12091=CARTESIAN_POINT('Ctrl Pts',(0.804970956347264,-38.4871434583059,
35.6));
#12092=CARTESIAN_POINT('Ctrl Pts',(0.804970956347264,-38.4871434583059,
29.6));
#12093=CARTESIAN_POINT('Ctrl Pts',(0.212852950511921,-38.6260935904274,
35.6));
#12094=CARTESIAN_POINT('Ctrl Pts',(0.212852950511921,-38.6260935904274,
29.6));
#12095=CARTESIAN_POINT('Ctrl Pts',(-0.396460703733228,-38.6244967613934,
35.6));
#12096=CARTESIAN_POINT('Ctrl Pts',(-0.396460703733228,-38.6244967613934,
29.6));
#12097=CARTESIAN_POINT('Ctrl Pts',(-0.762878471612931,-38.6235364899039,
35.6));
#12098=CARTESIAN_POINT('Ctrl Pts',(-0.762878471612931,-38.6235364899039,
29.6));
#12099=CARTESIAN_POINT('',(-0.762878471612931,-38.6235364899039,35.6));
#12100=CARTESIAN_POINT('',(1.04101199507713,-38.4317525848746,35.6));
#12101=CARTESIAN_POINT('Origin',(-0.762878471612931,-38.6235364899039,35.6));
#12102=CARTESIAN_POINT('',(-1.47442918419838,-38.6235364899039,35.6));
#12103=CARTESIAN_POINT('Origin',(-1.47442918419838,-38.6235364899039,35.6));
#12104=CARTESIAN_POINT('',(-1.47442918419838,-36.3999991863966,35.6));
#12105=CARTESIAN_POINT('Origin',(-3.16992025971413,-56.7875250801444,35.6));
#12106=CARTESIAN_POINT('',(-1.63008075356484,-56.7875250801444,35.6));
#12107=CARTESIAN_POINT('',(-3.16992025971413,-56.7875250801444,35.6));
#12108=CARTESIAN_POINT('Ctrl Pts',(-1.63008075356484,-56.7875250801444,
35.6));
#12109=CARTESIAN_POINT('Ctrl Pts',(-1.63008075356484,-56.7875250801444,
29.6));
#12110=CARTESIAN_POINT('Ctrl Pts',(-1.24374423907366,-56.7871528971692,
35.6));
#12111=CARTESIAN_POINT('Ctrl Pts',(-1.24374423907366,-56.7871528971692,
29.6));
#12112=CARTESIAN_POINT('Ctrl Pts',(-0.60269400085607,-56.786535331974,35.6));
#12113=CARTESIAN_POINT('Ctrl Pts',(-0.60269400085607,-56.786535331974,29.6));
#12114=CARTESIAN_POINT('Ctrl Pts',(0.0365521108021327,-56.8329928921601,
35.6));
#12115=CARTESIAN_POINT('Ctrl Pts',(0.0365521108021327,-56.8329928921601,
29.6));
#12116=CARTESIAN_POINT('Ctrl Pts',(0.290548986196517,-56.8514522537589,
35.6));
#12117=CARTESIAN_POINT('Ctrl Pts',(0.290548986196517,-56.8514522537589,
29.6));
#12118=CARTESIAN_POINT('',(0.290548986196517,-56.8514522537589,35.6));
#12119=CARTESIAN_POINT('Ctrl Pts',(0.290548986196517,-56.8514522537589,
35.6));
#12120=CARTESIAN_POINT('Ctrl Pts',(0.290548986196517,-56.8514522537589,
29.6));
#12121=CARTESIAN_POINT('Ctrl Pts',(0.474844895768107,-56.8843066132186,
35.6));
#12122=CARTESIAN_POINT('Ctrl Pts',(0.474844895768107,-56.8843066132186,
29.6));
#12123=CARTESIAN_POINT('Ctrl Pts',(0.844730605371604,-56.9502459934824,
35.6));
#12124=CARTESIAN_POINT('Ctrl Pts',(0.844730605371604,-56.9502459934824,
29.6));
#12125=CARTESIAN_POINT('Ctrl Pts',(1.16236751337665,-57.1509811535666,35.6));
#12126=CARTESIAN_POINT('Ctrl Pts',(1.16236751337665,-57.1509811535666,29.6));
#12127=CARTESIAN_POINT('Ctrl Pts',(1.32174152731895,-57.2516998276114,35.6));
#12128=CARTESIAN_POINT('Ctrl Pts',(1.32174152731895,-57.2516998276114,29.6));
#12129=CARTESIAN_POINT('',(1.32174152731895,-57.2516998276114,35.6));
#12130=CARTESIAN_POINT('Ctrl Pts',(1.32174152731895,-57.2516998276114,35.6));
#12131=CARTESIAN_POINT('Ctrl Pts',(1.32174152731895,-57.2516998276114,29.6));
#12132=CARTESIAN_POINT('Ctrl Pts',(1.46921801638071,-57.3756415997892,35.6));
#12133=CARTESIAN_POINT('Ctrl Pts',(1.46921801638071,-57.3756415997892,29.6));
#12134=CARTESIAN_POINT('Ctrl Pts',(1.77071457058241,-57.6290244777719,35.6));
#12135=CARTESIAN_POINT('Ctrl Pts',(1.77071457058241,-57.6290244777719,29.6));
#12136=CARTESIAN_POINT('Ctrl Pts',(1.94818822745745,-57.9808590387101,35.6));
#12137=CARTESIAN_POINT('Ctrl Pts',(1.94818822745745,-57.9808590387101,29.6));
#12138=CARTESIAN_POINT('Ctrl Pts',(2.03885096907616,-58.1605943664908,35.6));
#12139=CARTESIAN_POINT('Ctrl Pts',(2.03885096907616,-58.1605943664908,29.6));
#12140=CARTESIAN_POINT('',(2.03885096907616,-58.1605943664908,35.6));
#12141=CARTESIAN_POINT('Ctrl Pts',(2.03885096907616,-58.1605943664908,35.6));
#12142=CARTESIAN_POINT('Ctrl Pts',(2.03885096907616,-58.1605943664908,29.6));
#12143=CARTESIAN_POINT('Ctrl Pts',(2.11176102188418,-58.3652017475352,35.6));
#12144=CARTESIAN_POINT('Ctrl Pts',(2.11176102188418,-58.3652017475352,29.6));
#12145=CARTESIAN_POINT('Ctrl Pts',(2.26540178003774,-58.7963635960973,35.6));
#12146=CARTESIAN_POINT('Ctrl Pts',(2.26540178003774,-58.7963635960973,29.6));
#12147=CARTESIAN_POINT('Ctrl Pts',(2.28087440358266,-59.2541873575652,35.6));
#12148=CARTESIAN_POINT('Ctrl Pts',(2.28087440358266,-59.2541873575652,29.6));
#12149=CARTESIAN_POINT('Ctrl Pts',(2.2890045106411,-59.4947513565421,35.6));
#12150=CARTESIAN_POINT('Ctrl Pts',(2.2890045106411,-59.4947513565421,29.6));
#12151=CARTESIAN_POINT('Ctrl Pts',(2.2713028736539,-59.1250028082868,34.6));
#12152=CARTESIAN_POINT('Ctrl Pts',(2.2713028736539,-59.1250028082868,34.6666666666667));
#12153=CARTESIAN_POINT('Ctrl Pts',(2.2713028736539,-59.1250028082868,34.7333333333333));
#12154=CARTESIAN_POINT('Ctrl Pts',(2.2713028736539,-59.1250028082868,35.0666666666667));
#12155=CARTESIAN_POINT('Ctrl Pts',(2.2713028736539,-59.1250028082868,35.3333333333333));
#12156=CARTESIAN_POINT('Ctrl Pts',(2.2713028736539,-59.1250028082868,35.6));
#12157=CARTESIAN_POINT('Origin',(-2.83638101220131,-42.0617684349418,35.6));
#12158=CARTESIAN_POINT('',(2.09999937415123,-40.5914148315787,35.6));
#12159=CARTESIAN_POINT('',(-2.83638101220131,-42.0617684349418,35.6));
#12160=CARTESIAN_POINT('Origin',(2.09999937415123,-40.5914148315787,35.6));
#12161=CARTESIAN_POINT('',(2.09999937415123,-43.0095752701163,35.6));
#12162=CARTESIAN_POINT('Origin',(2.09999937415123,-43.0095752701163,35.6));
#12163=CARTESIAN_POINT('',(-0.201507282818355,-43.5750028082868,35.6));
#12164=CARTESIAN_POINT('Origin',(2.09999937415123,-46.2977155670524,35.6));
#12165=CARTESIAN_POINT('',(-6.90000038743019,-46.2977155670524,35.6));
#12166=CARTESIAN_POINT('',(2.09999937415123,-46.2977155670524,35.6));
#12167=CARTESIAN_POINT('Origin',(-6.90000038743019,-46.2977155670524,35.6));
#12168=CARTESIAN_POINT('',(-6.90000038743019,-44.3125028433162,35.6));
#12169=CARTESIAN_POINT('Origin',(-3.16992025971413,-48.8687476143241,35.6));
#12170=CARTESIAN_POINT('',(-1.63008075356484,-48.8687476143241,35.6));
#12171=CARTESIAN_POINT('',(-3.16992025971413,-48.8687476143241,35.6));
#12172=CARTESIAN_POINT('Ctrl Pts',(-1.63008075356484,-48.8687476143241,
35.6));
#12173=CARTESIAN_POINT('Ctrl Pts',(-1.63008075356484,-48.8687476143241,
29.6));
#12174=CARTESIAN_POINT('Ctrl Pts',(-1.24374426510727,-48.8683768266323,
35.6));
#12175=CARTESIAN_POINT('Ctrl Pts',(-1.24374426510727,-48.8683768266323,
29.6));
#12176=CARTESIAN_POINT('Ctrl Pts',(-0.602694127230412,-48.8677615766934,
35.6));
#12177=CARTESIAN_POINT('Ctrl Pts',(-0.602694127230412,-48.8677615766934,
29.6));
#12178=CARTESIAN_POINT('Ctrl Pts',(0.0365520994431567,-48.9142164832312,
35.6));
#12179=CARTESIAN_POINT('Ctrl Pts',(0.0365520994431567,-48.9142164832312,
29.6));
#12180=CARTESIAN_POINT('Ctrl Pts',(0.290548986196517,-48.9326747879386,
35.6));
#12181=CARTESIAN_POINT('Ctrl Pts',(0.290548986196517,-48.9326747879386,
29.6));
#12182=CARTESIAN_POINT('',(0.290548986196517,-48.9326747879386,35.6));
#12183=CARTESIAN_POINT('Ctrl Pts',(0.290548986196517,-48.9326747879386,
35.6));
#12184=CARTESIAN_POINT('Ctrl Pts',(0.290548986196517,-48.9326747879386,
29.6));
#12185=CARTESIAN_POINT('Ctrl Pts',(0.474844895768107,-48.9655291473983,
35.6));
#12186=CARTESIAN_POINT('Ctrl Pts',(0.474844895768107,-48.9655291473983,
29.6));
#12187=CARTESIAN_POINT('Ctrl Pts',(0.844730605371604,-49.031468527662,35.6));
#12188=CARTESIAN_POINT('Ctrl Pts',(0.844730605371604,-49.031468527662,29.6));
#12189=CARTESIAN_POINT('Ctrl Pts',(1.16236751337665,-49.2322036877463,35.6));
#12190=CARTESIAN_POINT('Ctrl Pts',(1.16236751337665,-49.2322036877463,29.6));
#12191=CARTESIAN_POINT('Ctrl Pts',(1.32174152731895,-49.3329223617911,35.6));
#12192=CARTESIAN_POINT('Ctrl Pts',(1.32174152731895,-49.3329223617911,29.6));
#12193=CARTESIAN_POINT('',(1.32174152731895,-49.3329223617911,35.6));
#12194=CARTESIAN_POINT('Ctrl Pts',(1.32174152731895,-49.3329223617911,35.6));
#12195=CARTESIAN_POINT('Ctrl Pts',(1.32174152731895,-49.3329223617911,29.6));
#12196=CARTESIAN_POINT('Ctrl Pts',(1.46921801638071,-49.4568641339689,35.6));
#12197=CARTESIAN_POINT('Ctrl Pts',(1.46921801638071,-49.4568641339689,29.6));
#12198=CARTESIAN_POINT('Ctrl Pts',(1.77071457058241,-49.7102470119516,35.6));
#12199=CARTESIAN_POINT('Ctrl Pts',(1.77071457058241,-49.7102470119516,29.6));
#12200=CARTESIAN_POINT('Ctrl Pts',(1.94818822745745,-50.0620815728898,35.6));
#12201=CARTESIAN_POINT('Ctrl Pts',(1.94818822745745,-50.0620815728898,29.6));
#12202=CARTESIAN_POINT('Ctrl Pts',(2.03885096907616,-50.2418169006705,35.6));
#12203=CARTESIAN_POINT('Ctrl Pts',(2.03885096907616,-50.2418169006705,29.6));
#12204=CARTESIAN_POINT('',(2.03885096907616,-50.2418169006705,35.6));
#12205=CARTESIAN_POINT('Ctrl Pts',(2.03885096907616,-50.2418169006705,35.6));
#12206=CARTESIAN_POINT('Ctrl Pts',(2.03885096907616,-50.2418169006705,29.6));
#12207=CARTESIAN_POINT('Ctrl Pts',(2.11176102188418,-50.4464242817149,35.6));
#12208=CARTESIAN_POINT('Ctrl Pts',(2.11176102188418,-50.4464242817149,29.6));
#12209=CARTESIAN_POINT('Ctrl Pts',(2.26540178003774,-50.8775861302769,35.6));
#12210=CARTESIAN_POINT('Ctrl Pts',(2.26540178003774,-50.8775861302769,29.6));
#12211=CARTESIAN_POINT('Ctrl Pts',(2.28087440358266,-51.3354098917449,35.6));
#12212=CARTESIAN_POINT('Ctrl Pts',(2.28087440358266,-51.3354098917449,29.6));
#12213=CARTESIAN_POINT('Ctrl Pts',(2.2890045106411,-51.5759738907218,35.6));
#12214=CARTESIAN_POINT('Ctrl Pts',(2.2890045106411,-51.5759738907218,29.6));
#12215=CARTESIAN_POINT('Ctrl Pts',(2.27130496815302,-51.2062528082868,34.6));
#12216=CARTESIAN_POINT('Ctrl Pts',(2.27130496815302,-51.2062528082868,34.6666666666667));
#12217=CARTESIAN_POINT('Ctrl Pts',(2.27130496815302,-51.2062528082868,34.7333333333333));
#12218=CARTESIAN_POINT('Ctrl Pts',(2.27130496815302,-51.2062528082868,35.0666666666667));
#12219=CARTESIAN_POINT('Ctrl Pts',(2.27130496815302,-51.2062528082868,35.3333333333333));
#12220=CARTESIAN_POINT('Ctrl Pts',(2.27130496815302,-51.2062528082868,35.6));
#12221=CARTESIAN_POINT('Origin',(2.09999937415123,-67.9916628822684,35.6));
#12222=CARTESIAN_POINT('',(-6.90000038743019,-67.9916628822684,35.6));
#12223=CARTESIAN_POINT('',(2.09999937415123,-67.9916628822684,35.6));
#12224=CARTESIAN_POINT('Origin',(-6.90000038743019,-67.9916628822684,35.6));
#12225=CARTESIAN_POINT('',(-6.90000038743019,-65.651329420507,35.6));
#12226=CARTESIAN_POINT('Origin',(-6.90000038743019,-65.651329420507,35.6));
#12227=CARTESIAN_POINT('',(0.298887676000594,-65.651329420507,35.6));
#12228=CARTESIAN_POINT('Ctrl Pts',(-3.0920944750309,-26.1658486351371,35.6));
#12229=CARTESIAN_POINT('Ctrl Pts',(-3.0920944750309,-26.1658486351371,29.6));
#12230=CARTESIAN_POINT('Ctrl Pts',(-2.64058044973691,-26.4148816785389,
35.6));
#12231=CARTESIAN_POINT('Ctrl Pts',(-2.64058044973691,-26.4148816785389,
29.6));
#12232=CARTESIAN_POINT('Ctrl Pts',(-1.38190796319384,-27.1091038342425,
35.6));
#12233=CARTESIAN_POINT('Ctrl Pts',(-1.38190796319384,-27.1091038342425,
29.6));
#12234=CARTESIAN_POINT('Ctrl Pts',(-0.19525521785905,-27.9214203651286,
35.6));
#12235=CARTESIAN_POINT('Ctrl Pts',(-0.19525521785905,-27.9214203651286,
29.6));
#12236=CARTESIAN_POINT('Ctrl Pts',(0.56571859717369,-28.4423407539725,35.6));
#12237=CARTESIAN_POINT('Ctrl Pts',(0.56571859717369,-28.4423407539725,29.6));
#12238=CARTESIAN_POINT('',(0.56571859717369,-28.4423407539725,35.6));
#12239=CARTESIAN_POINT('',(-3.0920944750309,-26.1658486351371,35.6));
#12240=CARTESIAN_POINT('Origin',(0.56571859717369,-28.4423407539725,35.6));
#12241=CARTESIAN_POINT('',(0.56571859717369,-25.9796198830009,35.6));
#12242=CARTESIAN_POINT('Origin',(0.56571859717369,-25.9796198830009,35.6));
#12243=CARTESIAN_POINT('',(2.09999937415123,-25.9796198830009,35.6));
#12244=CARTESIAN_POINT('Origin',(2.09999937415123,-25.9796198830009,35.6));
#12245=CARTESIAN_POINT('',(2.09999937415123,-30.921560190618,35.6));
#12246=CARTESIAN_POINT('Origin',(2.09999937415123,-30.921560190618,35.6));
#12247=CARTESIAN_POINT('',(0.815873330831527,-30.9201725944877,35.6));
#12248=CARTESIAN_POINT('Ctrl Pts',(0.815873330831527,-30.9201725944877,
35.6));
#12249=CARTESIAN_POINT('Ctrl Pts',(0.815873330831527,-30.9201725944877,
29.6));
#12250=CARTESIAN_POINT('Ctrl Pts',(-0.146970552782872,-30.3263009630074,
35.6));
#12251=CARTESIAN_POINT('Ctrl Pts',(-0.146970552782872,-30.3263009630074,
29.6));
#12252=CARTESIAN_POINT('Ctrl Pts',(-1.60973249225686,-29.4240853138809,
35.6));
#12253=CARTESIAN_POINT('Ctrl Pts',(-1.60973249225686,-29.4240853138809,
29.6));
#12254=CARTESIAN_POINT('Ctrl Pts',(-3.11432326607631,-28.5939409594338,
35.6));
#12255=CARTESIAN_POINT('Ctrl Pts',(-3.11432326607631,-28.5939409594338,
29.6));
#12256=CARTESIAN_POINT('Ctrl Pts',(-3.62853687405586,-28.3102282509208,
35.6));
#12257=CARTESIAN_POINT('Ctrl Pts',(-3.62853687405586,-28.3102282509208,
29.6));
#12258=CARTESIAN_POINT('',(-3.62853687405586,-28.3102282509208,35.6));
#12259=CARTESIAN_POINT('Ctrl Pts',(-3.62853687405586,-28.3102282509208,
35.6));
#12260=CARTESIAN_POINT('Ctrl Pts',(-3.62853687405586,-28.3102282509208,
29.6));
#12261=CARTESIAN_POINT('Ctrl Pts',(-3.87702576786239,-28.1906510595196,
35.6));
#12262=CARTESIAN_POINT('Ctrl Pts',(-3.87702576786239,-28.1906510595196,
29.6));
#12263=CARTESIAN_POINT('Ctrl Pts',(-4.30151303466832,-27.9863803801639,
35.6));
#12264=CARTESIAN_POINT('Ctrl Pts',(-4.30151303466832,-27.9863803801639,
29.6));
#12265=CARTESIAN_POINT('Ctrl Pts',(-4.76694095956077,-27.9225470624887,
35.6));
#12266=CARTESIAN_POINT('Ctrl Pts',(-4.76694095956077,-27.9225470624887,
29.6));
#12267=CARTESIAN_POINT('Ctrl Pts',(-4.95991390347481,-27.8960808739066,
35.6));
#12268=CARTESIAN_POINT('Ctrl Pts',(-4.95991390347481,-27.8960808739066,
29.6));
#12269=CARTESIAN_POINT('',(-4.95991390347481,-27.8960808739066,35.6));
#12270=CARTESIAN_POINT('Ctrl Pts',(-4.95991390347481,-27.8960808739066,
35.6));
#12271=CARTESIAN_POINT('Ctrl Pts',(-4.95991390347481,-27.8960808739066,
29.6));
#12272=CARTESIAN_POINT('Ctrl Pts',(-5.06885558246617,-27.897858692056,35.6));
#12273=CARTESIAN_POINT('Ctrl Pts',(-5.06885558246617,-27.897858692056,29.6));
#12274=CARTESIAN_POINT('Ctrl Pts',(-5.2610190793869,-27.9009946062041,35.6));
#12275=CARTESIAN_POINT('Ctrl Pts',(-5.2610190793869,-27.9009946062041,29.6));
#12276=CARTESIAN_POINT('Ctrl Pts',(-5.43299523572367,-27.9849656592446,
35.6));
#12277=CARTESIAN_POINT('Ctrl Pts',(-5.43299523572367,-27.9849656592446,
29.6));
#12278=CARTESIAN_POINT('Ctrl Pts',(-5.50747435688973,-28.0213316902518,
35.6));
#12279=CARTESIAN_POINT('Ctrl Pts',(-5.50747435688973,-28.0213316902518,
29.6));
#12280=CARTESIAN_POINT('',(-5.50747435688973,-28.0213316902518,35.6));
#12281=CARTESIAN_POINT('Ctrl Pts',(-5.50747435688973,-28.0213316902518,
35.6));
#12282=CARTESIAN_POINT('Ctrl Pts',(-5.50747435688973,-28.0213316902518,
29.6));
#12283=CARTESIAN_POINT('Ctrl Pts',(-5.5601393630668,-28.0703207487174,35.6));
#12284=CARTESIAN_POINT('Ctrl Pts',(-5.5601393630668,-28.0703207487174,29.6));
#12285=CARTESIAN_POINT('Ctrl Pts',(-5.6704729997465,-28.17295324362,35.6));
#12286=CARTESIAN_POINT('Ctrl Pts',(-5.6704729997465,-28.17295324362,29.6));
#12287=CARTESIAN_POINT('Ctrl Pts',(-5.68207652656353,-28.3238001552069,
35.6));
#12288=CARTESIAN_POINT('Ctrl Pts',(-5.68207652656353,-28.3238001552069,
29.6));
#12289=CARTESIAN_POINT('Ctrl Pts',(-5.68814139962196,-28.4026440605521,
35.6));
#12290=CARTESIAN_POINT('Ctrl Pts',(-5.68814139962196,-28.4026440605521,
29.6));
#12291=CARTESIAN_POINT('',(-5.68814139962196,-28.4026440605521,35.6));
#12292=CARTESIAN_POINT('Ctrl Pts',(-5.68814139962196,-28.4026440605521,
35.6));
#12293=CARTESIAN_POINT('Ctrl Pts',(-5.68814139962196,-28.4026440605521,
29.6));
#12294=CARTESIAN_POINT('Ctrl Pts',(-5.68065541065662,-28.4820012149033,
35.6));
#12295=CARTESIAN_POINT('Ctrl Pts',(-5.68065541065662,-28.4820012149033,
29.6));
#12296=CARTESIAN_POINT('Ctrl Pts',(-5.66604330069347,-28.636900650517,35.6));
#12297=CARTESIAN_POINT('Ctrl Pts',(-5.66604330069347,-28.636900650517,29.6));
#12298=CARTESIAN_POINT('Ctrl Pts',(-5.5463775273164,-28.7357493211764,35.6));
#12299=CARTESIAN_POINT('Ctrl Pts',(-5.5463775273164,-28.7357493211764,29.6));
#12300=CARTESIAN_POINT('Ctrl Pts',(-5.48801820874214,-28.7839564308524,
35.6));
#12301=CARTESIAN_POINT('Ctrl Pts',(-5.48801820874214,-28.7839564308524,
29.6));
#12302=CARTESIAN_POINT('',(-5.48801820874214,-28.7839564308524,35.6));
#12303=CARTESIAN_POINT('Ctrl Pts',(-5.4240892469883,-51.8455847725272,35.6));
#12304=CARTESIAN_POINT('Ctrl Pts',(-5.4240892469883,-51.8455847725272,29.6));
#12305=CARTESIAN_POINT('Ctrl Pts',(-5.33126152806927,-51.8733422912172,
35.6));
#12306=CARTESIAN_POINT('Ctrl Pts',(-5.33126152806927,-51.8733422912172,
29.6));
#12307=CARTESIAN_POINT('Ctrl Pts',(-5.05972020165151,-51.9545390881535,
35.6));
#12308=CARTESIAN_POINT('Ctrl Pts',(-5.05972020165151,-51.9545390881535,
29.6));
#12309=CARTESIAN_POINT('Ctrl Pts',(-4.7749089247167,-51.9474996665548,35.6));
#12310=CARTESIAN_POINT('Ctrl Pts',(-4.7749089247167,-51.9474996665548,29.6));
#12311=CARTESIAN_POINT('Ctrl Pts',(-4.58746176362038,-51.942866705358,35.6));
#12312=CARTESIAN_POINT('Ctrl Pts',(-4.58746176362038,-51.942866705358,29.6));
#12313=CARTESIAN_POINT('Ctrl Pts',(-4.62372771807414,-51.9437528433162,
34.6));
#12314=CARTESIAN_POINT('Ctrl Pts',(-4.62372771807414,-51.9437528433162,
34.7565272903205));
#12315=CARTESIAN_POINT('Ctrl Pts',(-4.62372771807413,-51.9437528433162,
34.9130545806411));
#12316=CARTESIAN_POINT('Ctrl Pts',(-4.62372771807413,-51.9437528433162,
35.2463879139744));
#12317=CARTESIAN_POINT('Ctrl Pts',(-4.62372771807413,-51.9437528433162,
35.4231939569872));
#12318=CARTESIAN_POINT('Ctrl Pts',(-4.62372771807413,-51.9437528433162,
35.6));
#12319=CARTESIAN_POINT('Ctrl Pts',(-4.90592933391837,-51.9437528433162,
35.6));
#12320=CARTESIAN_POINT('Ctrl Pts',(-4.90592933391837,-51.9437528433162,
35.3333333333333));
#12321=CARTESIAN_POINT('Ctrl Pts',(-4.90592933391837,-51.9437528433162,
35.0666666666667));
#12322=CARTESIAN_POINT('Ctrl Pts',(-4.90592933391837,-51.9437528433162,
34.7333333333333));
#12323=CARTESIAN_POINT('Ctrl Pts',(-4.90592933391837,-51.9437528433162,
34.6666666666667));
#12324=CARTESIAN_POINT('Ctrl Pts',(-4.90592933391837,-51.9437528433162,
34.6));
#12325=CARTESIAN_POINT('Origin',(2.39556923506302,-51.9437528433162,35.6));
#12326=CARTESIAN_POINT('Ctrl Pts',(-0.313980827962782,-51.9437528433162,
35.6));
#12327=CARTESIAN_POINT('Ctrl Pts',(-0.313980827962782,-51.9437528433162,
35.3333333333333));
#12328=CARTESIAN_POINT('Ctrl Pts',(-0.313980827962782,-51.9437528433162,
35.0666666666667));
#12329=CARTESIAN_POINT('Ctrl Pts',(-0.313980827962782,-51.9437528433162,
34.7333333333333));
#12330=CARTESIAN_POINT('Ctrl Pts',(-0.313980827962782,-51.9437528433162,
34.6666666666667));
#12331=CARTESIAN_POINT('Ctrl Pts',(-0.313980827962782,-51.9437528433162,
34.6));
#12332=CARTESIAN_POINT('Ctrl Pts',(-0.384868198633195,-51.942866705358,
35.6));
#12333=CARTESIAN_POINT('Ctrl Pts',(-0.384868198633195,-51.942866705358,
29.6));
#12334=CARTESIAN_POINT('Ctrl Pts',(-0.172946593599022,-51.9456161730801,
35.6));
#12335=CARTESIAN_POINT('Ctrl Pts',(-0.172946593599022,-51.9456161730801,
29.6));
#12336=CARTESIAN_POINT('Ctrl Pts',(0.151623325933203,-51.9498271383432,
35.6));
#12337=CARTESIAN_POINT('Ctrl Pts',(0.151623325933203,-51.9498271383432,
29.6));
#12338=CARTESIAN_POINT('Ctrl Pts',(0.47140835258638,-51.8972035673686,35.6));
#12339=CARTESIAN_POINT('Ctrl Pts',(0.47140835258638,-51.8972035673686,29.6));
#12340=CARTESIAN_POINT('Ctrl Pts',(0.582395976781844,-51.8789395317435,
35.6));
#12341=CARTESIAN_POINT('Ctrl Pts',(0.582395976781844,-51.8789395317435,
29.6));
#12342=CARTESIAN_POINT('Ctrl Pts',(-0.0547712505521165,-51.9437528433162,
34.6));
#12343=CARTESIAN_POINT('Ctrl Pts',(-0.0547712505521165,-51.9437528433162,
34.7912003476328));
#12344=CARTESIAN_POINT('Ctrl Pts',(-0.0547712505521165,-51.9437528433162,
34.9824006952656));
#12345=CARTESIAN_POINT('Ctrl Pts',(-0.0547712505521165,-51.9437528433162,
35.315734028599));
#12346=CARTESIAN_POINT('Ctrl Pts',(-0.0547712505521165,-51.9437528433162,
35.4578670142995));
#12347=CARTESIAN_POINT('Ctrl Pts',(-0.0547712505521165,-51.9437528433162,
35.6));
#12348=CARTESIAN_POINT('Origin',(2.39556923506302,-51.9437528433162,35.6));
#12349=CARTESIAN_POINT('Ctrl Pts',(2.27064997118255,-51.9437528433162,35.6));
#12350=CARTESIAN_POINT('Ctrl Pts',(2.27064997118255,-51.9437528433162,35.3333333333333));
#12351=CARTESIAN_POINT('Ctrl Pts',(2.27064997118255,-51.9437528433162,35.0666666666667));
#12352=CARTESIAN_POINT('Ctrl Pts',(2.27064997118255,-51.9437528433162,34.7333333333333));
#12353=CARTESIAN_POINT('Ctrl Pts',(2.27064997118255,-51.9437528433162,34.6666666666667));
#12354=CARTESIAN_POINT('Ctrl Pts',(2.27064997118255,-51.9437528433162,34.6));
#12355=CARTESIAN_POINT('Ctrl Pts',(2.2890045106411,-51.5759738907218,35.6));
#12356=CARTESIAN_POINT('Ctrl Pts',(2.2890045106411,-51.5759738907218,29.6));
#12357=CARTESIAN_POINT('Ctrl Pts',(2.2807687937287,-51.8067163337224,35.6));
#12358=CARTESIAN_POINT('Ctrl Pts',(2.2807687937287,-51.8067163337224,29.6));
#12359=CARTESIAN_POINT('Ctrl Pts',(2.26490832944978,-52.251083510711,35.6));
#12360=CARTESIAN_POINT('Ctrl Pts',(2.26490832944978,-52.251083510711,29.6));
#12361=CARTESIAN_POINT('Ctrl Pts',(2.12162858291145,-52.6717603173225,35.6));
#12362=CARTESIAN_POINT('Ctrl Pts',(2.12162858291145,-52.6717603173225,29.6));
#12363=CARTESIAN_POINT('Ctrl Pts',(2.05274838805199,-52.8739961609244,35.6));
#12364=CARTESIAN_POINT('Ctrl Pts',(2.05274838805199,-52.8739961609244,29.6));
#12365=CARTESIAN_POINT('',(2.05274838805199,-52.8739961609244,35.6));
#12366=CARTESIAN_POINT('Ctrl Pts',(2.05274838805199,-52.8739961609244,35.6));
#12367=CARTESIAN_POINT('Ctrl Pts',(2.05274838805199,-52.8739961609244,29.6));
#12368=CARTESIAN_POINT('Ctrl Pts',(1.96534635310926,-53.0555092476521,35.6));
#12369=CARTESIAN_POINT('Ctrl Pts',(1.96534635310926,-53.0555092476521,29.6));
#12370=CARTESIAN_POINT('Ctrl Pts',(1.79308742232772,-53.4132497769549,35.6));
#12371=CARTESIAN_POINT('Ctrl Pts',(1.79308742232772,-53.4132497769549,29.6));
#12372=CARTESIAN_POINT('Ctrl Pts',(1.49219901496592,-53.6720700082776,35.6));
#12373=CARTESIAN_POINT('Ctrl Pts',(1.49219901496592,-53.6720700082776,29.6));
#12374=CARTESIAN_POINT('Ctrl Pts',(1.34397763609886,-53.799568079412,35.6));
#12375=CARTESIAN_POINT('Ctrl Pts',(1.34397763609886,-53.799568079412,29.6));
#12376=CARTESIAN_POINT('',(1.34397763609886,-53.799568079412,35.6));
#12377=CARTESIAN_POINT('Ctrl Pts',(1.34397763609886,-53.799568079412,35.6));
#12378=CARTESIAN_POINT('Ctrl Pts',(1.34397763609886,-53.799568079412,29.6));
#12379=CARTESIAN_POINT('Ctrl Pts',(1.18422817412714,-53.904341768231,35.6));
#12380=CARTESIAN_POINT('Ctrl Pts',(1.18422817412714,-53.904341768231,29.6));
#12381=CARTESIAN_POINT('Ctrl Pts',(0.86881308036771,-54.1112107146079,35.6));
#12382=CARTESIAN_POINT('Ctrl Pts',(0.86881308036771,-54.1112107146079,29.6));
#12383=CARTESIAN_POINT('Ctrl Pts',(0.498382349203979,-54.1817031599274,
35.6));
#12384=CARTESIAN_POINT('Ctrl Pts',(0.498382349203979,-54.1817031599274,
29.6));
#12385=CARTESIAN_POINT('Ctrl Pts',(0.315565055608749,-54.2164930328727,
35.6));
#12386=CARTESIAN_POINT('Ctrl Pts',(0.315565055608749,-54.2164930328727,
29.6));
#12387=CARTESIAN_POINT('',(0.315565055608749,-54.2164930328727,35.6));
#12388=CARTESIAN_POINT('Ctrl Pts',(-5.4240892469883,-59.7643622383475,35.6));
#12389=CARTESIAN_POINT('Ctrl Pts',(-5.4240892469883,-59.7643622383475,29.6));
#12390=CARTESIAN_POINT('Ctrl Pts',(-5.33126152806927,-59.7921197570375,
35.6));
#12391=CARTESIAN_POINT('Ctrl Pts',(-5.33126152806927,-59.7921197570375,
29.6));
#12392=CARTESIAN_POINT('Ctrl Pts',(-5.05972020165151,-59.8733165539738,
35.6));
#12393=CARTESIAN_POINT('Ctrl Pts',(-5.05972020165151,-59.8733165539738,
29.6));
#12394=CARTESIAN_POINT('Ctrl Pts',(-4.7749089247167,-59.8662771323751,35.6));
#12395=CARTESIAN_POINT('Ctrl Pts',(-4.7749089247167,-59.8662771323751,29.6));
#12396=CARTESIAN_POINT('Ctrl Pts',(-4.58746176362038,-59.8616441711783,
35.6));
#12397=CARTESIAN_POINT('Ctrl Pts',(-4.58746176362038,-59.8616441711783,
29.6));
#12398=CARTESIAN_POINT('Ctrl Pts',(-4.62257840232605,-59.8625028433162,
34.6));
#12399=CARTESIAN_POINT('Ctrl Pts',(-4.62257840232605,-59.8625028433162,
34.7553941865382));
#12400=CARTESIAN_POINT('Ctrl Pts',(-4.62257840232605,-59.8625028433162,
34.9107883730764));
#12401=CARTESIAN_POINT('Ctrl Pts',(-4.62257840232605,-59.8625028433162,
35.2441217064098));
#12402=CARTESIAN_POINT('Ctrl Pts',(-4.62257840232605,-59.8625028433162,
35.4220608532049));
#12403=CARTESIAN_POINT('Ctrl Pts',(-4.62257840232605,-59.8625028433162,
35.6));
#12404=CARTESIAN_POINT('Ctrl Pts',(-4.90658857467004,-59.8625028433162,
35.6));
#12405=CARTESIAN_POINT('Ctrl Pts',(-4.90658857467004,-59.8625028433162,
35.3333333333333));
#12406=CARTESIAN_POINT('Ctrl Pts',(-4.90658857467004,-59.8625028433162,
35.0666666666667));
#12407=CARTESIAN_POINT('Ctrl Pts',(-4.90658857467004,-59.8625028433162,
34.7333333333333));
#12408=CARTESIAN_POINT('Ctrl Pts',(-4.90658857467004,-59.8625028433162,
34.6666666666667));
#12409=CARTESIAN_POINT('Ctrl Pts',(-4.90658857467004,-59.8625028433162,
34.6));
#12410=CARTESIAN_POINT('Origin',(2.39556923506302,-59.8625028433162,35.6));
#12411=CARTESIAN_POINT('Ctrl Pts',(-0.316354924748646,-59.8625028433162,
35.6));
#12412=CARTESIAN_POINT('Ctrl Pts',(-0.316354924748646,-59.8625028433162,
35.3333333333333));
#12413=CARTESIAN_POINT('Ctrl Pts',(-0.316354924748646,-59.8625028433162,
35.0666666666667));
#12414=CARTESIAN_POINT('Ctrl Pts',(-0.316354924748646,-59.8625028433162,
34.7333333333333));
#12415=CARTESIAN_POINT('Ctrl Pts',(-0.316354924748646,-59.8625028433162,
34.6666666666667));
#12416=CARTESIAN_POINT('Ctrl Pts',(-0.316354924748646,-59.8625028433162,
34.6));
#12417=CARTESIAN_POINT('Ctrl Pts',(-0.384868198633195,-59.8616441711783,
35.6));
#12418=CARTESIAN_POINT('Ctrl Pts',(-0.384868198633195,-59.8616441711783,
29.6));
#12419=CARTESIAN_POINT('Ctrl Pts',(-0.172946559345888,-59.8643938765969,
35.6));
#12420=CARTESIAN_POINT('Ctrl Pts',(-0.172946559345888,-59.8643938765969,
29.6));
#12421=CARTESIAN_POINT('Ctrl Pts',(0.15162346935121,-59.8686052066414,35.6));
#12422=CARTESIAN_POINT('Ctrl Pts',(0.15162346935121,-59.8686052066414,29.6));
#12423=CARTESIAN_POINT('Ctrl Pts',(0.471408362458112,-59.8159803079195,
35.6));
#12424=CARTESIAN_POINT('Ctrl Pts',(0.471408362458112,-59.8159803079195,
29.6));
#12425=CARTESIAN_POINT('Ctrl Pts',(0.582395976781844,-59.7977158054709,
35.6));
#12426=CARTESIAN_POINT('Ctrl Pts',(0.582395976781844,-59.7977158054709,
29.6));
#12427=CARTESIAN_POINT('Ctrl Pts',(-0.0532381763938137,-59.8625028433162,
34.6));
#12428=CARTESIAN_POINT('Ctrl Pts',(-0.0532381763938137,-59.8625028433162,
34.7890579511808));
#12429=CARTESIAN_POINT('Ctrl Pts',(-0.0532381763938137,-59.8625028433162,
34.9781159023616));
#12430=CARTESIAN_POINT('Ctrl Pts',(-0.0532381763938137,-59.8625028433162,
35.3114492356949));
#12431=CARTESIAN_POINT('Ctrl Pts',(-0.0532381763938137,-59.8625028433162,
35.4557246178475));
#12432=CARTESIAN_POINT('Ctrl Pts',(-0.0532381763938137,-59.8625028433162,
35.6));
#12433=CARTESIAN_POINT('Origin',(2.39556923506302,-59.8625028433162,35.6));
#12434=CARTESIAN_POINT('Ctrl Pts',(2.27065222282495,-59.8625028433162,35.6));
#12435=CARTESIAN_POINT('Ctrl Pts',(2.27065222282495,-59.8625028433162,35.3333333333333));
#12436=CARTESIAN_POINT('Ctrl Pts',(2.27065222282495,-59.8625028433162,35.0666666666667));
#12437=CARTESIAN_POINT('Ctrl Pts',(2.27065222282495,-59.8625028433162,34.7333333333333));
#12438=CARTESIAN_POINT('Ctrl Pts',(2.27065222282495,-59.8625028433162,34.6666666666667));
#12439=CARTESIAN_POINT('Ctrl Pts',(2.27065222282495,-59.8625028433162,34.6));
#12440=CARTESIAN_POINT('Ctrl Pts',(2.2890045106411,-59.4947513565421,35.6));
#12441=CARTESIAN_POINT('Ctrl Pts',(2.2890045106411,-59.4947513565421,29.6));
#12442=CARTESIAN_POINT('Ctrl Pts',(2.28076883180578,-59.7254942031062,35.6));
#12443=CARTESIAN_POINT('Ctrl Pts',(2.28076883180578,-59.7254942031062,29.6));
#12444=CARTESIAN_POINT('Ctrl Pts',(2.26490845401157,-60.1698617887049,35.6));
#12445=CARTESIAN_POINT('Ctrl Pts',(2.26490845401157,-60.1698617887049,29.6));
#12446=CARTESIAN_POINT('Ctrl Pts',(2.12162858167649,-60.5905389742516,35.6));
#12447=CARTESIAN_POINT('Ctrl Pts',(2.12162858167649,-60.5905389742516,29.6));
#12448=CARTESIAN_POINT('Ctrl Pts',(2.05274838805199,-60.7927748188376,35.6));
#12449=CARTESIAN_POINT('Ctrl Pts',(2.05274838805199,-60.7927748188376,29.6));
#12450=CARTESIAN_POINT('',(2.05274838805199,-60.7927748188376,35.6));
#12451=CARTESIAN_POINT('Ctrl Pts',(2.05274838805199,-60.7927748188376,35.6));
#12452=CARTESIAN_POINT('Ctrl Pts',(2.05274838805199,-60.7927748188376,29.6));
#12453=CARTESIAN_POINT('Ctrl Pts',(1.9653461495352,-60.9742869587444,35.6));
#12454=CARTESIAN_POINT('Ctrl Pts',(1.9653461495352,-60.9742869587444,29.6));
#12455=CARTESIAN_POINT('Ctrl Pts',(1.79308640076532,-61.3320264874981,35.6));
#12456=CARTESIAN_POINT('Ctrl Pts',(1.79308640076532,-61.3320264874981,29.6));
#12457=CARTESIAN_POINT('Ctrl Pts',(1.49219892527741,-61.5908470119669,35.6));
#12458=CARTESIAN_POINT('Ctrl Pts',(1.49219892527741,-61.5908470119669,29.6));
#12459=CARTESIAN_POINT('Ctrl Pts',(1.34397763609886,-61.7183455452323,35.6));
#12460=CARTESIAN_POINT('Ctrl Pts',(1.34397763609886,-61.7183455452323,29.6));
#12461=CARTESIAN_POINT('',(1.34397763609886,-61.7183455452323,35.6));
#12462=CARTESIAN_POINT('Ctrl Pts',(1.34397763609886,-61.7183455452323,35.6));
#12463=CARTESIAN_POINT('Ctrl Pts',(1.34397763609886,-61.7183455452323,29.6));
#12464=CARTESIAN_POINT('Ctrl Pts',(1.18422820028243,-61.8231193340063,35.6));
#12465=CARTESIAN_POINT('Ctrl Pts',(1.18422820028243,-61.8231193340063,29.6));
#12466=CARTESIAN_POINT('Ctrl Pts',(0.86881324181719,-62.0299884228735,35.6));
#12467=CARTESIAN_POINT('Ctrl Pts',(0.86881324181719,-62.0299884228735,29.6));
#12468=CARTESIAN_POINT('Ctrl Pts',(0.498382369238415,-62.1004799140286,
35.6));
#12469=CARTESIAN_POINT('Ctrl Pts',(0.498382369238415,-62.1004799140286,
29.6));
#12470=CARTESIAN_POINT('Ctrl Pts',(0.315565055608749,-62.1352693066001,
35.6));
#12471=CARTESIAN_POINT('Ctrl Pts',(0.315565055608749,-62.1352693066001,
29.6));
#12472=CARTESIAN_POINT('',(0.315565055608749,-62.1352693066001,35.6));
#12473=CARTESIAN_POINT('Origin',(2.09999937415123,-71.8801745399833,35.6));
#12474=CARTESIAN_POINT('',(2.09999937415123,-74.2205077037215,35.6));
#12475=CARTESIAN_POINT('',(2.09999937415123,-71.8801745399833,35.6));
#12476=CARTESIAN_POINT('Origin',(2.09999937415123,-74.2205077037215,35.6));
#12477=CARTESIAN_POINT('',(-6.90000038743019,-74.2205077037215,35.6));
#12478=CARTESIAN_POINT('Origin',(-6.90000038743019,-74.2205077037215,35.6));
#12479=CARTESIAN_POINT('',(-6.90000038743019,-70.2569499239326,35.6));
#12480=CARTESIAN_POINT('Origin',(-6.90000038743019,-70.2569499239326,35.6));
#12481=CARTESIAN_POINT('',(-5.09888868927956,-70.2569499239326,35.6));
#12482=CARTESIAN_POINT('Origin',(-5.09888868927956,-70.2569499239326,35.6));
#12483=CARTESIAN_POINT('',(-5.09888868927956,-71.8801745399833,35.6));
#12484=CARTESIAN_POINT('Origin',(-4.19999988377094,-36.3999991863966,35.6));
#12485=CARTESIAN_POINT('',(-4.19999988377094,-36.3999991863966,35.6));
#12486=CARTESIAN_POINT('Origin',(-2.4999999217689,-36.3999991863966,35.6));
#12487=CARTESIAN_POINT('',(-2.4999999217689,-36.3999991863966,35.6));
#12488=CARTESIAN_POINT('Origin',(-7.31243552223849,-35.4999992065132,35.6));
#12489=CARTESIAN_POINT('Ctrl Pts',(-7.05841161611446,-35.4999992065132,
35.6));
#12490=CARTESIAN_POINT('Ctrl Pts',(-7.05841161611446,-35.4999992065132,
35.3333333333333));
#12491=CARTESIAN_POINT('Ctrl Pts',(-7.05841161611446,-35.4999992065132,
35.0666666666667));
#12492=CARTESIAN_POINT('Ctrl Pts',(-7.05841161611446,-35.4999992065132,
34.7333333333333));
#12493=CARTESIAN_POINT('Ctrl Pts',(-7.05841161611446,-35.4999992065132,
34.6666666666667));
#12494=CARTESIAN_POINT('Ctrl Pts',(-7.05841161611446,-35.4999992065132,
34.6));
#12495=CARTESIAN_POINT('Origin',(2.44455205285123,-36.3999991863966,35.6));
#12496=CARTESIAN_POINT('Origin',(2.44455205285123,-36.3999991863966,35.6));
#12497=CARTESIAN_POINT('Ctrl Pts',(2.26105943110606,-36.3999991863966,35.6));
#12498=CARTESIAN_POINT('Ctrl Pts',(2.26105943110606,-36.3999991863966,35.3333333333333));
#12499=CARTESIAN_POINT('Ctrl Pts',(2.26105943110606,-36.3999991863966,35.0666666666667));
#12500=CARTESIAN_POINT('Ctrl Pts',(2.26105943110606,-36.3999991863966,34.7333333333333));
#12501=CARTESIAN_POINT('Ctrl Pts',(2.26105943110606,-36.3999991863966,34.6666666666667));
#12502=CARTESIAN_POINT('Ctrl Pts',(2.26105943110606,-36.3999991863966,34.6));
#12503=CARTESIAN_POINT('Origin',(-4.19999988377094,-36.9999991729856,35.6));
#12504=CARTESIAN_POINT('',(-4.19999988377094,-36.9999991729856,35.6));
#12505=CARTESIAN_POINT('Origin',(-2.4999999217689,-36.9999991729856,35.6));
#12506=CARTESIAN_POINT('',(-4.11494832634926,-36.9999991729856,35.6));
#12507=CARTESIAN_POINT('Origin',(-4.11494832634926,-36.3777073845267,35.6));
#12508=CARTESIAN_POINT('Origin',(-7.14381534642605,-59.1250028082868,35.6));
#12509=CARTESIAN_POINT('Ctrl Pts',(-7.07049602561044,-59.1250028082868,
35.6));
#12510=CARTESIAN_POINT('Ctrl Pts',(-7.07049602561044,-59.1250028082868,
35.3333333333333));
#12511=CARTESIAN_POINT('Ctrl Pts',(-7.07049602561044,-59.1250028082868,
35.0666666666667));
#12512=CARTESIAN_POINT('Ctrl Pts',(-7.07049602561044,-59.1250028082868,
34.7333333333333));
#12513=CARTESIAN_POINT('Ctrl Pts',(-7.07049602561044,-59.1250028082868,
34.6666666666667));
#12514=CARTESIAN_POINT('Ctrl Pts',(-7.07049602561044,-59.1250028082868,
34.6));
#12515=CARTESIAN_POINT('Origin',(2.39556923506302,-59.8625028433162,35.6));
#12516=CARTESIAN_POINT('Ctrl Pts',(-7.07145601610407,-59.8625028433162,
34.6));
#12517=CARTESIAN_POINT('Ctrl Pts',(-7.07145601610407,-59.8625028433162,
34.6666666666667));
#12518=CARTESIAN_POINT('Ctrl Pts',(-7.07145601610407,-59.8625028433162,
34.7333333333333));
#12519=CARTESIAN_POINT('Ctrl Pts',(-7.07145601610407,-59.8625028433162,
35.0666666666667));
#12520=CARTESIAN_POINT('Ctrl Pts',(-7.07145601610407,-59.8625028433162,
35.3333333333333));
#12521=CARTESIAN_POINT('Ctrl Pts',(-7.07145601610407,-59.8625028433162,
35.6));
#12522=CARTESIAN_POINT('Origin',(-7.14381534642605,-43.5750028082868,35.6));
#12523=CARTESIAN_POINT('',(-4.68615422201583,-43.5750028082868,35.6));
#12524=CARTESIAN_POINT('Origin',(2.39556923506302,-44.3125028433162,35.6));
#12525=CARTESIAN_POINT('',(2.09999937415123,-44.3125028433162,35.6));
#12526=CARTESIAN_POINT('Origin',(2.09999937415123,-43.9573821052909,35.6));
#12527=CARTESIAN_POINT('Origin',(-7.14381534642605,-51.2062528082868,35.6));
#12528=CARTESIAN_POINT('Ctrl Pts',(-7.07049814969007,-51.2062528082868,
35.6));
#12529=CARTESIAN_POINT('Ctrl Pts',(-7.07049814969007,-51.2062528082868,
35.3333333333333));
#12530=CARTESIAN_POINT('Ctrl Pts',(-7.07049814969007,-51.2062528082868,
35.0666666666667));
#12531=CARTESIAN_POINT('Ctrl Pts',(-7.07049814969007,-51.2062528082868,
34.7333333333333));
#12532=CARTESIAN_POINT('Ctrl Pts',(-7.07049814969007,-51.2062528082868,
34.6666666666667));
#12533=CARTESIAN_POINT('Ctrl Pts',(-7.07049814969007,-51.2062528082868,
34.6));
#12534=CARTESIAN_POINT('Origin',(2.39556923506302,-51.9437528433162,35.6));
#12535=CARTESIAN_POINT('Ctrl Pts',(-7.07145393414146,-51.9437528433162,
34.6));
#12536=CARTESIAN_POINT('Ctrl Pts',(-7.07145393414146,-51.9437528433162,
34.6666666666667));
#12537=CARTESIAN_POINT('Ctrl Pts',(-7.07145393414146,-51.9437528433162,
34.7333333333333));
#12538=CARTESIAN_POINT('Ctrl Pts',(-7.07145393414146,-51.9437528433162,
35.0666666666667));
#12539=CARTESIAN_POINT('Ctrl Pts',(-7.07145393414146,-51.9437528433162,
35.3333333333333));
#12540=CARTESIAN_POINT('Ctrl Pts',(-7.07145393414146,-51.9437528433162,
35.6));
#12541=CARTESIAN_POINT('Origin',(0.298887676000594,-65.651329420507,35.6));
#12542=CARTESIAN_POINT('',(0.298887676000594,-64.2282279953361,35.6));
#12543=CARTESIAN_POINT('Origin',(2.09999937415123,-64.2282279953361,35.6));
#12544=CARTESIAN_POINT('',(2.09999937415123,-64.2282279953361,35.6));
#12545=CARTESIAN_POINT('Origin',(0.298887676000594,-64.2282279953361,35.6));
#12546=CARTESIAN_POINT('Ctrl Pts',(-5.48801820874214,-28.7839564308524,
35.6));
#12547=CARTESIAN_POINT('Ctrl Pts',(-5.48801820874214,-28.7839564308524,
29.6));
#12548=CARTESIAN_POINT('Ctrl Pts',(-5.38930851104953,-28.8200513095909,
35.6));
#12549=CARTESIAN_POINT('Ctrl Pts',(-5.38930851104953,-28.8200513095909,
29.6));
#12550=CARTESIAN_POINT('Ctrl Pts',(-5.13392965252387,-28.9134349299071,
35.6));
#12551=CARTESIAN_POINT('Ctrl Pts',(-5.13392965252387,-28.9134349299071,
29.6));
#12552=CARTESIAN_POINT('Ctrl Pts',(-4.8607019845414,-28.910814699415,35.6));
#12553=CARTESIAN_POINT('Ctrl Pts',(-4.8607019845414,-28.910814699415,29.6));
#12554=CARTESIAN_POINT('Ctrl Pts',(-4.69308298230171,-28.9092072471976,
35.6));
#12555=CARTESIAN_POINT('Ctrl Pts',(-4.69308298230171,-28.9092072471976,
29.6));
#12556=CARTESIAN_POINT('',(-4.69308298230171,-28.9092072471976,35.6));
#12557=CARTESIAN_POINT('Ctrl Pts',(-4.72643654942513,-25.7794960960746,
35.6));
#12558=CARTESIAN_POINT('Ctrl Pts',(-4.72643654942513,-25.7794960960746,
29.6));
#12559=CARTESIAN_POINT('Ctrl Pts',(-4.45845621849219,-25.7986751238335,
35.6));
#12560=CARTESIAN_POINT('Ctrl Pts',(-4.45845621849219,-25.7986751238335,
29.6));
#12561=CARTESIAN_POINT('Ctrl Pts',(-3.89330369493337,-25.8391224055411,
35.6));
#12562=CARTESIAN_POINT('Ctrl Pts',(-3.89330369493337,-25.8391224055411,
29.6));
#12563=CARTESIAN_POINT('Ctrl Pts',(-3.36820519778037,-26.053253056911,35.6));
#12564=CARTESIAN_POINT('Ctrl Pts',(-3.36820519778037,-26.053253056911,29.6));
#12565=CARTESIAN_POINT('Ctrl Pts',(-3.0920944750309,-26.1658486351371,35.6));
#12566=CARTESIAN_POINT('Ctrl Pts',(-3.0920944750309,-26.1658486351371,29.6));
#12567=CARTESIAN_POINT('',(-4.72643654942513,-25.7794960960746,35.6));
#12568=CARTESIAN_POINT('Ctrl Pts',(-6.40803020596504,-26.4660319313407,
35.6));
#12569=CARTESIAN_POINT('Ctrl Pts',(-6.40803020596504,-26.4660319313407,
29.6));
#12570=CARTESIAN_POINT('Ctrl Pts',(-6.16897788230858,-26.2658094033771,
35.6));
#12571=CARTESIAN_POINT('Ctrl Pts',(-6.16897788230858,-26.2658094033771,
29.6));
#12572=CARTESIAN_POINT('Ctrl Pts',(-5.68224129071267,-25.8581345088978,
35.6));
#12573=CARTESIAN_POINT('Ctrl Pts',(-5.68224129071267,-25.8581345088978,
29.6));
#12574=CARTESIAN_POINT('Ctrl Pts',(-5.04878278260352,-25.8060169899996,
35.6));
#12575=CARTESIAN_POINT('Ctrl Pts',(-5.04878278260352,-25.8060169899996,
29.6));
#12576=CARTESIAN_POINT('Ctrl Pts',(-4.72643654942513,-25.7794960960746,
35.6));
#12577=CARTESIAN_POINT('Ctrl Pts',(-4.72643654942513,-25.7794960960746,
29.6));
#12578=CARTESIAN_POINT('',(-6.40803020596504,-26.4660319313407,35.6));
#12579=CARTESIAN_POINT('Ctrl Pts',(-7.0723293364048,-28.4922846779227,35.6));
#12580=CARTESIAN_POINT('Ctrl Pts',(-7.0723293364048,-28.4922846779227,29.6));
#12581=CARTESIAN_POINT('Ctrl Pts',(-7.05658894810317,-28.0863420378646,
35.6));
#12582=CARTESIAN_POINT('Ctrl Pts',(-7.05658894810317,-28.0863420378646,
29.6));
#12583=CARTESIAN_POINT('Ctrl Pts',(-7.02779726040183,-27.3438080232496,
35.6));
#12584=CARTESIAN_POINT('Ctrl Pts',(-7.02779726040183,-27.3438080232496,
29.6));
#12585=CARTESIAN_POINT('Ctrl Pts',(-6.60134253727628,-26.7398201901412,
35.6));
#12586=CARTESIAN_POINT('Ctrl Pts',(-6.60134253727628,-26.7398201901412,
29.6));
#12587=CARTESIAN_POINT('Ctrl Pts',(-6.40803020596504,-26.4660319313407,
35.6));
#12588=CARTESIAN_POINT('Ctrl Pts',(-6.40803020596504,-26.4660319313407,
29.6));
#12589=CARTESIAN_POINT('',(-7.0723293364048,-28.4922846779227,35.6));
#12590=CARTESIAN_POINT('Ctrl Pts',(-6.85552876591682,-29.6652277931571,
35.6));
#12591=CARTESIAN_POINT('Ctrl Pts',(-6.85552876591682,-29.6652277931571,
29.6));
#12592=CARTESIAN_POINT('Ctrl Pts',(-6.91869488823293,-29.487669719311,35.6));
#12593=CARTESIAN_POINT('Ctrl Pts',(-6.91869488823293,-29.487669719311,29.6));
#12594=CARTESIAN_POINT('Ctrl Pts',(-7.0535206340967,-29.1086785945963,35.6));
#12595=CARTESIAN_POINT('Ctrl Pts',(-7.0535206340967,-29.1086785945963,29.6));
#12596=CARTESIAN_POINT('Ctrl Pts',(-7.06580187864515,-28.7062008316522,
35.6));
#12597=CARTESIAN_POINT('Ctrl Pts',(-7.06580187864515,-28.7062008316522,
29.6));
#12598=CARTESIAN_POINT('Ctrl Pts',(-7.0723293364048,-28.4922846779227,35.6));
#12599=CARTESIAN_POINT('Ctrl Pts',(-7.0723293364048,-28.4922846779227,29.6));
#12600=CARTESIAN_POINT('',(-6.85552876591682,-29.6652277931571,35.6));
#12601=CARTESIAN_POINT('Ctrl Pts',(-6.21624510884285,-30.4601630195975,
35.6));
#12602=CARTESIAN_POINT('Ctrl Pts',(-6.21624510884285,-30.4601630195975,
29.6));
#12603=CARTESIAN_POINT('Ctrl Pts',(-6.34874329228944,-30.3500599174162,
35.6));
#12604=CARTESIAN_POINT('Ctrl Pts',(-6.34874329228944,-30.3500599174162,
29.6));
#12605=CARTESIAN_POINT('Ctrl Pts',(-6.61554507735798,-30.1283534499051,
35.6));
#12606=CARTESIAN_POINT('Ctrl Pts',(-6.61554507735798,-30.1283534499051,
29.6));
#12607=CARTESIAN_POINT('Ctrl Pts',(-6.77517413899469,-29.8202978714176,
35.6));
#12608=CARTESIAN_POINT('Ctrl Pts',(-6.77517413899469,-29.8202978714176,
29.6));
#12609=CARTESIAN_POINT('Ctrl Pts',(-6.85552876591682,-29.6652277931571,
35.6));
#12610=CARTESIAN_POINT('Ctrl Pts',(-6.85552876591682,-29.6652277931571,
29.6));
#12611=CARTESIAN_POINT('',(-6.21624510884285,-30.4601630195975,35.6));
#12612=CARTESIAN_POINT('Ctrl Pts',(-5.35738151669502,-30.8437355980277,
35.6));
#12613=CARTESIAN_POINT('Ctrl Pts',(-5.35738151669502,-30.8437355980277,
29.6));
#12614=CARTESIAN_POINT('Ctrl Pts',(-5.50498640447286,-30.8062917478216,
35.6));
#12615=CARTESIAN_POINT('Ctrl Pts',(-5.50498640447286,-30.8062917478216,
29.6));
#12616=CARTESIAN_POINT('Ctrl Pts',(-5.81317533903657,-30.7281115433941,
35.6));
#12617=CARTESIAN_POINT('Ctrl Pts',(-5.81317533903657,-30.7281115433941,
29.6));
#12618=CARTESIAN_POINT('Ctrl Pts',(-6.07816851879238,-30.5519521371309,
35.6));
#12619=CARTESIAN_POINT('Ctrl Pts',(-6.07816851879238,-30.5519521371309,
29.6));
#12620=CARTESIAN_POINT('Ctrl Pts',(-6.21624510884285,-30.4601630195975,
35.6));
#12621=CARTESIAN_POINT('Ctrl Pts',(-6.21624510884285,-30.4601630195975,
29.6));
#12622=CARTESIAN_POINT('',(-5.35738151669502,-30.8437355980277,35.6));
#12623=CARTESIAN_POINT('Ctrl Pts',(-4.16497927308083,-30.921560190618,35.6));
#12624=CARTESIAN_POINT('Ctrl Pts',(-4.16497927308083,-30.921560190618,29.6));
#12625=CARTESIAN_POINT('Ctrl Pts',(-4.3907269332614,-30.9204011822055,35.6));
#12626=CARTESIAN_POINT('Ctrl Pts',(-4.3907269332614,-30.9204011822055,29.6));
#12627=CARTESIAN_POINT('Ctrl Pts',(-4.7898856572384,-30.9183518660856,35.6));
#12628=CARTESIAN_POINT('Ctrl Pts',(-4.7898856572384,-30.9183518660856,29.6));
#12629=CARTESIAN_POINT('Ctrl Pts',(-5.18550716567289,-30.8663342169153,
35.6));
#12630=CARTESIAN_POINT('Ctrl Pts',(-5.18550716567289,-30.8663342169153,
29.6));
#12631=CARTESIAN_POINT('Ctrl Pts',(-5.35738151669502,-30.8437355980277,
35.6));
#12632=CARTESIAN_POINT('Ctrl Pts',(-5.35738151669502,-30.8437355980277,
29.6));
#12633=CARTESIAN_POINT('',(-4.16497927308083,-30.921560190618,35.6));
#12634=CARTESIAN_POINT('Origin',(-3.83699875473976,-30.921560190618,35.6));
#12635=CARTESIAN_POINT('',(-3.83699875473976,-30.921560190618,35.6));
#12636=CARTESIAN_POINT('Origin',(-3.83699875473976,-28.9092072471976,35.6));
#12637=CARTESIAN_POINT('',(-3.83699875473976,-28.9092072471976,35.6));
#12638=CARTESIAN_POINT('Origin',(-4.69308298230171,-28.9092072471976,35.6));
#12639=CARTESIAN_POINT('Origin',(-6.90000038743019,-40.7192715629935,35.6));
#12640=CARTESIAN_POINT('',(-6.90000038743019,-40.7192715629935,35.6));
#12641=CARTESIAN_POINT('Origin',(-6.90000038743019,-42.9150732979178,35.6));
#12642=CARTESIAN_POINT('',(-6.90000038743019,-42.9150732979178,35.6));
#12643=CARTESIAN_POINT('Origin',(-3.40339761376381,-43.9573821052909,35.6));
#12644=CARTESIAN_POINT('Ctrl Pts',(1.91933173537254,-37.6312574371696,35.6));
#12645=CARTESIAN_POINT('Ctrl Pts',(1.91933173537254,-37.6312574371696,29.6));
#12646=CARTESIAN_POINT('Ctrl Pts',(1.79955809979274,-37.8142185473829,35.6));
#12647=CARTESIAN_POINT('Ctrl Pts',(1.79955809979274,-37.8142185473829,29.6));
#12648=CARTESIAN_POINT('Ctrl Pts',(1.57484029800693,-38.1574879012803,35.6));
#12649=CARTESIAN_POINT('Ctrl Pts',(1.57484029800693,-38.1574879012803,29.6));
#12650=CARTESIAN_POINT('Ctrl Pts',(1.21095020933157,-38.3444435188186,35.6));
#12651=CARTESIAN_POINT('Ctrl Pts',(1.21095020933157,-38.3444435188186,29.6));
#12652=CARTESIAN_POINT('Ctrl Pts',(1.04101199507713,-38.4317525848746,35.6));
#12653=CARTESIAN_POINT('Ctrl Pts',(1.04101199507713,-38.4317525848746,29.6));
#12654=CARTESIAN_POINT('',(1.91933173537254,-37.6312574371696,35.6));
#12655=CARTESIAN_POINT('Ctrl Pts',(2.27788705229759,-35.9552201256156,35.6));
#12656=CARTESIAN_POINT('Ctrl Pts',(2.27788705229759,-35.9552201256156,29.6));
#12657=CARTESIAN_POINT('Ctrl Pts',(2.2704992990094,-36.2779225901224,35.6));
#12658=CARTESIAN_POINT('Ctrl Pts',(2.2704992990094,-36.2779225901224,29.6));
#12659=CARTESIAN_POINT('Ctrl Pts',(2.25715325683584,-36.8608874689987,35.6));
#12660=CARTESIAN_POINT('Ctrl Pts',(2.25715325683584,-36.8608874689987,29.6));
#12661=CARTESIAN_POINT('Ctrl Pts',(2.02360047229112,-37.3934824629961,35.6));
#12662=CARTESIAN_POINT('Ctrl Pts',(2.02360047229112,-37.3934824629961,29.6));
#12663=CARTESIAN_POINT('Ctrl Pts',(1.91933173537254,-37.6312574371696,35.6));
#12664=CARTESIAN_POINT('Ctrl Pts',(1.91933173537254,-37.6312574371696,29.6));
#12665=CARTESIAN_POINT('Ctrl Pts',(-3.61424844861031,-33.6148890480399,
35.6));
#12666=CARTESIAN_POINT('Ctrl Pts',(-3.61424844861031,-33.6148890480399,
29.6));
#12667=CARTESIAN_POINT('Ctrl Pts',(-3.50080124770836,-33.7039158102936,
35.6));
#12668=CARTESIAN_POINT('Ctrl Pts',(-3.50080124770836,-33.7039158102936,
29.6));
#12669=CARTESIAN_POINT('Ctrl Pts',(-3.24773132762685,-33.9025103585021,
35.6));
#12670=CARTESIAN_POINT('Ctrl Pts',(-3.24773132762685,-33.9025103585021,
29.6));
#12671=CARTESIAN_POINT('Ctrl Pts',(-3.08832067560748,-34.1828769011063,
35.6));
#12672=CARTESIAN_POINT('Ctrl Pts',(-3.08832067560748,-34.1828769011063,
29.6));
#12673=CARTESIAN_POINT('Ctrl Pts',(-3.00037127137184,-34.3375596031547,
35.6));
#12674=CARTESIAN_POINT('Ctrl Pts',(-3.00037127137184,-34.3375596031547,
29.6));
#12675=CARTESIAN_POINT('',(-3.61424844861031,-33.6148890480399,35.6));
#12676=CARTESIAN_POINT('Ctrl Pts',(-4.70585089325905,-33.409205339849,35.6));
#12677=CARTESIAN_POINT('Ctrl Pts',(-4.70585089325905,-33.409205339849,29.6));
#12678=CARTESIAN_POINT('Ctrl Pts',(-4.48560795239,-33.4104053175593,35.6));
#12679=CARTESIAN_POINT('Ctrl Pts',(-4.48560795239,-33.4104053175593,29.6));
#12680=CARTESIAN_POINT('Ctrl Pts',(-4.10772587723171,-33.4124641806744,
35.6));
#12681=CARTESIAN_POINT('Ctrl Pts',(-4.10772587723171,-33.4124641806744,
29.6));
#12682=CARTESIAN_POINT('Ctrl Pts',(-3.75951133132491,-33.5553020881079,
35.6));
#12683=CARTESIAN_POINT('Ctrl Pts',(-3.75951133132491,-33.5553020881079,
29.6));
#12684=CARTESIAN_POINT('Ctrl Pts',(-3.61424844861031,-33.6148890480399,
35.6));
#12685=CARTESIAN_POINT('Ctrl Pts',(-3.61424844861031,-33.6148890480399,
29.6));
#12686=CARTESIAN_POINT('',(-4.70585089325905,-33.409205339849,35.6));
#12687=CARTESIAN_POINT('Ctrl Pts',(-6.45015698075295,-33.9817818626761,
35.6));
#12688=CARTESIAN_POINT('Ctrl Pts',(-6.45015698075295,-33.9817818626761,
29.6));
#12689=CARTESIAN_POINT('Ctrl Pts',(-6.20830189871979,-33.815032095558,35.6));
#12690=CARTESIAN_POINT('Ctrl Pts',(-6.20830189871979,-33.815032095558,29.6));
#12691=CARTESIAN_POINT('Ctrl Pts',(-5.6852917947306,-33.4544367658776,35.6));
#12692=CARTESIAN_POINT('Ctrl Pts',(-5.6852917947306,-33.4544367658776,29.6));
#12693=CARTESIAN_POINT('Ctrl Pts',(-5.0482864444578,-33.4250193091047,35.6));
#12694=CARTESIAN_POINT('Ctrl Pts',(-5.0482864444578,-33.4250193091047,29.6));
#12695=CARTESIAN_POINT('Ctrl Pts',(-4.70585089325905,-33.409205339849,35.6));
#12696=CARTESIAN_POINT('Ctrl Pts',(-4.70585089325905,-33.409205339849,29.6));
#12697=CARTESIAN_POINT('',(-6.45015698075295,-33.9817818626761,35.6));
#12698=CARTESIAN_POINT('Ctrl Pts',(-7.07788806557655,-36.1609086021781,
35.6));
#12699=CARTESIAN_POINT('Ctrl Pts',(-7.07788806557655,-36.1609086021781,
29.6));
#12700=CARTESIAN_POINT('Ctrl Pts',(-7.07566272466067,-35.6951996067944,
35.6));
#12701=CARTESIAN_POINT('Ctrl Pts',(-7.07566272466067,-35.6951996067944,
29.6));
#12702=CARTESIAN_POINT('Ctrl Pts',(-7.07187120663876,-34.9017283519613,
35.6));
#12703=CARTESIAN_POINT('Ctrl Pts',(-7.07187120663876,-34.9017283519613,
29.6));
#12704=CARTESIAN_POINT('Ctrl Pts',(-6.63189830119376,-34.250703310403,35.6));
#12705=CARTESIAN_POINT('Ctrl Pts',(-6.63189830119376,-34.250703310403,29.6));
#12706=CARTESIAN_POINT('Ctrl Pts',(-6.45015698075295,-33.9817818626761,
35.6));
#12707=CARTESIAN_POINT('Ctrl Pts',(-6.45015698075295,-33.9817818626761,
29.6));
#12708=CARTESIAN_POINT('Ctrl Pts',(0.315565055608749,-54.2164930328727,
35.6));
#12709=CARTESIAN_POINT('Ctrl Pts',(0.315565055608749,-54.2164930328727,
29.6));
#12710=CARTESIAN_POINT('Ctrl Pts',(0.0608804646797512,-54.2357405413717,
35.6));
#12711=CARTESIAN_POINT('Ctrl Pts',(0.0608804646797512,-54.2357405413717,
29.6));
#12712=CARTESIAN_POINT('Ctrl Pts',(-0.586606665308522,-54.2846736707456,
35.6));
#12713=CARTESIAN_POINT('Ctrl Pts',(-0.586606665308522,-54.2846736707456,
29.6));
#12714=CARTESIAN_POINT('Ctrl Pts',(-1.23607581099445,-54.2837565467346,
35.6));
#12715=CARTESIAN_POINT('Ctrl Pts',(-1.23607581099445,-54.2837565467346,
29.6));
#12716=CARTESIAN_POINT('Ctrl Pts',(-1.63008075356484,-54.2832001671195,
35.6));
#12717=CARTESIAN_POINT('Ctrl Pts',(-1.63008075356484,-54.2832001671195,
29.6));
#12718=CARTESIAN_POINT('',(-1.63008075356484,-54.2832001671195,35.6));
#12719=CARTESIAN_POINT('Ctrl Pts',(-5.11556547284126,-48.9354547485709,
35.6));
#12720=CARTESIAN_POINT('Ctrl Pts',(-5.11556547284126,-48.9354547485709,
29.6));
#12721=CARTESIAN_POINT('Ctrl Pts',(-4.86088069489589,-48.9162061859842,
35.6));
#12722=CARTESIAN_POINT('Ctrl Pts',(-4.86088069489589,-48.9162061859842,
29.6));
#12723=CARTESIAN_POINT('Ctrl Pts',(-4.21339388181515,-48.867270436678,35.6));
#12724=CARTESIAN_POINT('Ctrl Pts',(-4.21339388181515,-48.867270436678,29.6));
#12725=CARTESIAN_POINT('Ctrl Pts',(-3.56392483168874,-48.8681898477128,
35.6));
#12726=CARTESIAN_POINT('Ctrl Pts',(-3.56392483168874,-48.8681898477128,
29.6));
#12727=CARTESIAN_POINT('Ctrl Pts',(-3.16992025971413,-48.8687476143241,
35.6));
#12728=CARTESIAN_POINT('Ctrl Pts',(-3.16992025971413,-48.8687476143241,
29.6));
#12729=CARTESIAN_POINT('',(-5.11556547284126,-48.9354547485709,35.6));
#12730=CARTESIAN_POINT('Ctrl Pts',(-6.14397805333138,-49.3523797020316,
35.6));
#12731=CARTESIAN_POINT('Ctrl Pts',(-6.14397805333138,-49.3523797020316,
29.6));
#12732=CARTESIAN_POINT('Ctrl Pts',(-5.9842289497601,-49.2476048180106,35.6));
#12733=CARTESIAN_POINT('Ctrl Pts',(-5.9842289497601,-49.2476048180106,29.6));
#12734=CARTESIAN_POINT('Ctrl Pts',(-5.66881474840714,-49.0407336329677,
35.6));
#12735=CARTESIAN_POINT('Ctrl Pts',(-5.66881474840714,-49.0407336329677,
29.6));
#12736=CARTESIAN_POINT('Ctrl Pts',(-5.29838310617138,-48.9702434728135,
35.6));
#12737=CARTESIAN_POINT('Ctrl Pts',(-5.29838310617138,-48.9702434728135,
29.6));
#12738=CARTESIAN_POINT('Ctrl Pts',(-5.11556547284126,-48.9354547485709,
35.6));
#12739=CARTESIAN_POINT('Ctrl Pts',(-5.11556547284126,-48.9354547485709,
29.6));
#12740=CARTESIAN_POINT('',(-6.14397805333138,-49.3523797020316,35.6));
#12741=CARTESIAN_POINT('Ctrl Pts',(-6.8527488052845,-50.2779492363334,35.6));
#12742=CARTESIAN_POINT('Ctrl Pts',(-6.8527488052845,-50.2779492363334,29.6));
#12743=CARTESIAN_POINT('Ctrl Pts',(-6.76534636319504,-50.0964380432465,
35.6));
#12744=CARTESIAN_POINT('Ctrl Pts',(-6.76534636319504,-50.0964380432465,
29.6));
#12745=CARTESIAN_POINT('Ctrl Pts',(-6.59308579643486,-49.738699515043,35.6));
#12746=CARTESIAN_POINT('Ctrl Pts',(-6.59308579643486,-49.738699515043,29.6));
#12747=CARTESIAN_POINT('Ctrl Pts',(-6.29219925282011,-49.4798786974289,
35.6));
#12748=CARTESIAN_POINT('Ctrl Pts',(-6.29219925282011,-49.4798786974289,
29.6));
#12749=CARTESIAN_POINT('Ctrl Pts',(-6.14397805333138,-49.3523797020316,
35.6));
#12750=CARTESIAN_POINT('Ctrl Pts',(-6.14397805333138,-49.3523797020316,
29.6));
#12751=CARTESIAN_POINT('',(-6.8527488052845,-50.2779492363334,35.6));
#12752=CARTESIAN_POINT('Ctrl Pts',(-7.08900611996651,-51.5759738907218,
35.6));
#12753=CARTESIAN_POINT('Ctrl Pts',(-7.08900611996651,-51.5759738907218,
29.6));
#12754=CARTESIAN_POINT('Ctrl Pts',(-7.08077012510089,-51.3452314581889,
35.6));
#12755=CARTESIAN_POINT('Ctrl Pts',(-7.08077012510089,-51.3452314581889,
29.6));
#12756=CARTESIAN_POINT('Ctrl Pts',(-7.06490909671882,-50.9008634940185,
35.6));
#12757=CARTESIAN_POINT('Ctrl Pts',(-7.06490909671882,-50.9008634940185,
29.6));
#12758=CARTESIAN_POINT('Ctrl Pts',(-6.92162920507382,-50.4801858698417,
35.6));
#12759=CARTESIAN_POINT('Ctrl Pts',(-6.92162920507382,-50.4801858698417,
29.6));
#12760=CARTESIAN_POINT('Ctrl Pts',(-6.8527488052845,-50.2779492363334,35.6));
#12761=CARTESIAN_POINT('Ctrl Pts',(-6.8527488052845,-50.2779492363334,29.6));
#12762=CARTESIAN_POINT('Ctrl Pts',(-6.83885138630867,-52.9101308807731,
35.6));
#12763=CARTESIAN_POINT('Ctrl Pts',(-6.83885138630867,-52.9101308807731,
29.6));
#12764=CARTESIAN_POINT('Ctrl Pts',(-6.91176164255645,-52.7055235098394,
35.6));
#12765=CARTESIAN_POINT('Ctrl Pts',(-6.91176164255645,-52.7055235098394,
29.6));
#12766=CARTESIAN_POINT('Ctrl Pts',(-7.06540281373738,-52.2743617265688,
35.6));
#12767=CARTESIAN_POINT('Ctrl Pts',(-7.06540281373738,-52.2743617265688,
29.6));
#12768=CARTESIAN_POINT('Ctrl Pts',(-7.08087581512126,-51.8165379011418,
35.6));
#12769=CARTESIAN_POINT('Ctrl Pts',(-7.08087581512126,-51.8165379011418,
29.6));
#12770=CARTESIAN_POINT('Ctrl Pts',(-7.08900611996651,-51.5759738907218,
35.6));
#12771=CARTESIAN_POINT('Ctrl Pts',(-7.08900611996651,-51.5759738907218,
29.6));
#12772=CARTESIAN_POINT('',(-6.83885138630867,-52.9101308807731,35.6));
#12773=CARTESIAN_POINT('Ctrl Pts',(-6.12174254059792,-53.8190254196525,
35.6));
#12774=CARTESIAN_POINT('Ctrl Pts',(-6.12174254059792,-53.8190254196525,
29.6));
#12775=CARTESIAN_POINT('Ctrl Pts',(-6.26921867822768,-53.6950827178075,
35.6));
#12776=CARTESIAN_POINT('Ctrl Pts',(-6.26921867822768,-53.6950827178075,
29.6));
#12777=CARTESIAN_POINT('Ctrl Pts',(-6.5707136563425,-53.4416986600148,35.6));
#12778=CARTESIAN_POINT('Ctrl Pts',(-6.5707136563425,-53.4416986600148,29.6));
#12779=CARTESIAN_POINT('Ctrl Pts',(-6.7481883579364,-53.0898651712709,35.6));
#12780=CARTESIAN_POINT('Ctrl Pts',(-6.7481883579364,-53.0898651712709,29.6));
#12781=CARTESIAN_POINT('Ctrl Pts',(-6.83885138630867,-52.9101308807731,
35.6));
#12782=CARTESIAN_POINT('Ctrl Pts',(-6.83885138630867,-52.9101308807731,
29.6));
#12783=CARTESIAN_POINT('',(-6.12174254059792,-53.8190254196525,35.6));
#12784=CARTESIAN_POINT('Ctrl Pts',(-5.09054999947548,-54.219272993505,35.6));
#12785=CARTESIAN_POINT('Ctrl Pts',(-5.09054999947548,-54.219272993505,29.6));
#12786=CARTESIAN_POINT('Ctrl Pts',(-5.27484590904707,-54.1864186340453,
35.6));
#12787=CARTESIAN_POINT('Ctrl Pts',(-5.27484590904707,-54.1864186340453,
29.6));
#12788=CARTESIAN_POINT('Ctrl Pts',(-5.64473161865056,-54.1204792537816,
35.6));
#12789=CARTESIAN_POINT('Ctrl Pts',(-5.64473161865056,-54.1204792537816,
29.6));
#12790=CARTESIAN_POINT('Ctrl Pts',(-5.96236852665561,-53.9197440936973,
35.6));
#12791=CARTESIAN_POINT('Ctrl Pts',(-5.96236852665561,-53.9197440936973,
29.6));
#12792=CARTESIAN_POINT('Ctrl Pts',(-6.12174254059792,-53.8190254196525,
35.6));
#12793=CARTESIAN_POINT('Ctrl Pts',(-6.12174254059792,-53.8190254196525,
29.6));
#12794=CARTESIAN_POINT('',(-5.09054999947548,-54.219272993505,35.6));
#12795=CARTESIAN_POINT('Ctrl Pts',(-3.16992025971413,-54.2832001671195,
35.6));
#12796=CARTESIAN_POINT('Ctrl Pts',(-3.16992025971413,-54.2832001671195,
29.6));
#12797=CARTESIAN_POINT('Ctrl Pts',(-3.55625657492931,-54.2835723377191,
35.6));
#12798=CARTESIAN_POINT('Ctrl Pts',(-3.55625657492931,-54.2835723377191,
29.6));
#12799=CARTESIAN_POINT('Ctrl Pts',(-4.19730681191214,-54.2841898826964,
35.6));
#12800=CARTESIAN_POINT('Ctrl Pts',(-4.19730681191214,-54.2841898826964,
29.6));
#12801=CARTESIAN_POINT('Ctrl Pts',(-4.8365529253864,-54.2377323561323,35.6));
#12802=CARTESIAN_POINT('Ctrl Pts',(-4.8365529253864,-54.2377323561323,29.6));
#12803=CARTESIAN_POINT('Ctrl Pts',(-5.09054999947548,-54.219272993505,35.6));
#12804=CARTESIAN_POINT('Ctrl Pts',(-5.09054999947548,-54.219272993505,29.6));
#12805=CARTESIAN_POINT('',(-3.16992025971413,-54.2832001671195,35.6));
#12806=CARTESIAN_POINT('Origin',(-1.63008075356484,-54.2832001671195,35.6));
#12807=CARTESIAN_POINT('Ctrl Pts',(0.315565055608749,-62.1352693066001,
35.6));
#12808=CARTESIAN_POINT('Ctrl Pts',(0.315565055608749,-62.1352693066001,
29.6));
#12809=CARTESIAN_POINT('Ctrl Pts',(0.0608804697898591,-62.1545172907002,
35.6));
#12810=CARTESIAN_POINT('Ctrl Pts',(0.0608804697898591,-62.1545172907002,
29.6));
#12811=CARTESIAN_POINT('Ctrl Pts',(-0.586606607280098,-62.2034516261817,
35.6));
#12812=CARTESIAN_POINT('Ctrl Pts',(-0.586606607280098,-62.2034516261817,
29.6));
#12813=CARTESIAN_POINT('Ctrl Pts',(-1.23607579888837,-62.2025341974149,
35.6));
#12814=CARTESIAN_POINT('Ctrl Pts',(-1.23607579888837,-62.2025341974149,
29.6));
#12815=CARTESIAN_POINT('Ctrl Pts',(-1.63008075356484,-62.2019776329398,
35.6));
#12816=CARTESIAN_POINT('Ctrl Pts',(-1.63008075356484,-62.2019776329398,
29.6));
#12817=CARTESIAN_POINT('',(-1.63008075356484,-62.2019776329398,35.6));
#12818=CARTESIAN_POINT('Ctrl Pts',(-5.11556547284126,-56.8542322143912,
35.6));
#12819=CARTESIAN_POINT('Ctrl Pts',(-5.11556547284126,-56.8542322143912,
29.6));
#12820=CARTESIAN_POINT('Ctrl Pts',(-4.86088069489589,-56.8349836518045,
35.6));
#12821=CARTESIAN_POINT('Ctrl Pts',(-4.86088069489589,-56.8349836518045,
29.6));
#12822=CARTESIAN_POINT('Ctrl Pts',(-4.21339388181515,-56.7860479024984,
35.6));
#12823=CARTESIAN_POINT('Ctrl Pts',(-4.21339388181515,-56.7860479024984,
29.6));
#12824=CARTESIAN_POINT('Ctrl Pts',(-3.56392483168874,-56.7869673135331,
35.6));
#12825=CARTESIAN_POINT('Ctrl Pts',(-3.56392483168874,-56.7869673135331,
29.6));
#12826=CARTESIAN_POINT('Ctrl Pts',(-3.16992025971413,-56.7875250801444,
35.6));
#12827=CARTESIAN_POINT('Ctrl Pts',(-3.16992025971413,-56.7875250801444,
29.6));
#12828=CARTESIAN_POINT('',(-5.11556547284126,-56.8542322143912,35.6));
#12829=CARTESIAN_POINT('Ctrl Pts',(-6.14397805333138,-57.2711571678519,
35.6));
#12830=CARTESIAN_POINT('Ctrl Pts',(-6.14397805333138,-57.2711571678519,
29.6));
#12831=CARTESIAN_POINT('Ctrl Pts',(-5.9842289497601,-57.1663822838309,35.6));
#12832=CARTESIAN_POINT('Ctrl Pts',(-5.9842289497601,-57.1663822838309,29.6));
#12833=CARTESIAN_POINT('Ctrl Pts',(-5.66881474840714,-56.959511098788,35.6));
#12834=CARTESIAN_POINT('Ctrl Pts',(-5.66881474840714,-56.959511098788,29.6));
#12835=CARTESIAN_POINT('Ctrl Pts',(-5.29838310617138,-56.8890209386338,
35.6));
#12836=CARTESIAN_POINT('Ctrl Pts',(-5.29838310617138,-56.8890209386338,
29.6));
#12837=CARTESIAN_POINT('Ctrl Pts',(-5.11556547284126,-56.8542322143912,
35.6));
#12838=CARTESIAN_POINT('Ctrl Pts',(-5.11556547284126,-56.8542322143912,
29.6));
#12839=CARTESIAN_POINT('',(-6.14397805333138,-57.2711571678519,35.6));
#12840=CARTESIAN_POINT('Ctrl Pts',(-6.8527488052845,-58.1967278942466,35.6));
#12841=CARTESIAN_POINT('Ctrl Pts',(-6.8527488052845,-58.1967278942466,29.6));
#12842=CARTESIAN_POINT('Ctrl Pts',(-6.76534656676772,-58.0152157543398,
35.6));
#12843=CARTESIAN_POINT('Ctrl Pts',(-6.76534656676772,-58.0152157543398,
29.6));
#12844=CARTESIAN_POINT('Ctrl Pts',(-6.59308681799784,-57.6574762255861,
35.6));
#12845=CARTESIAN_POINT('Ctrl Pts',(-6.59308681799784,-57.6574762255861,
29.6));
#12846=CARTESIAN_POINT('Ctrl Pts',(-6.29219934250992,-57.3986557011173,
35.6));
#12847=CARTESIAN_POINT('Ctrl Pts',(-6.29219934250992,-57.3986557011173,
29.6));
#12848=CARTESIAN_POINT('Ctrl Pts',(-6.14397805333138,-57.2711571678519,
35.6));
#12849=CARTESIAN_POINT('Ctrl Pts',(-6.14397805333138,-57.2711571678519,
29.6));
#12850=CARTESIAN_POINT('',(-6.8527488052845,-58.1967278942466,35.6));
#12851=CARTESIAN_POINT('Ctrl Pts',(-7.08900611996651,-59.4947513565421,
35.6));
#12852=CARTESIAN_POINT('Ctrl Pts',(-7.08900611996651,-59.4947513565421,
29.6));
#12853=CARTESIAN_POINT('Ctrl Pts',(-7.08077016475351,-59.264008913556,35.6));
#12854=CARTESIAN_POINT('Ctrl Pts',(-7.08077016475351,-59.264008913556,29.6));
#12855=CARTESIAN_POINT('Ctrl Pts',(-7.06490922643536,-58.8196413130859,
35.6));
#12856=CARTESIAN_POINT('Ctrl Pts',(-7.06490922643536,-58.8196413130859,
29.6));
#12857=CARTESIAN_POINT('Ctrl Pts',(-6.92162920378789,-58.398964127989,35.6));
#12858=CARTESIAN_POINT('Ctrl Pts',(-6.92162920378789,-58.398964127989,29.6));
#12859=CARTESIAN_POINT('Ctrl Pts',(-6.8527488052845,-58.1967278942466,35.6));
#12860=CARTESIAN_POINT('Ctrl Pts',(-6.8527488052845,-58.1967278942466,29.6));
#12861=CARTESIAN_POINT('Ctrl Pts',(-6.83885138630867,-60.8289083465934,
35.6));
#12862=CARTESIAN_POINT('Ctrl Pts',(-6.83885138630867,-60.8289083465934,
29.6));
#12863=CARTESIAN_POINT('Ctrl Pts',(-6.91176164255645,-60.6243009756597,
35.6));
#12864=CARTESIAN_POINT('Ctrl Pts',(-6.91176164255645,-60.6243009756597,
29.6));
#12865=CARTESIAN_POINT('Ctrl Pts',(-7.06540281373738,-60.1931391923891,
35.6));
#12866=CARTESIAN_POINT('Ctrl Pts',(-7.06540281373738,-60.1931391923891,
29.6));
#12867=CARTESIAN_POINT('Ctrl Pts',(-7.08087581512126,-59.7353153669621,
35.6));
#12868=CARTESIAN_POINT('Ctrl Pts',(-7.08087581512126,-59.7353153669621,
29.6));
#12869=CARTESIAN_POINT('Ctrl Pts',(-7.08900611996651,-59.4947513565421,
35.6));
#12870=CARTESIAN_POINT('Ctrl Pts',(-7.08900611996651,-59.4947513565421,
29.6));
#12871=CARTESIAN_POINT('',(-6.83885138630867,-60.8289083465934,35.6));
#12872=CARTESIAN_POINT('Ctrl Pts',(-6.12174254059792,-61.7378016933799,
35.6));
#12873=CARTESIAN_POINT('Ctrl Pts',(-6.12174254059792,-61.7378016933799,
29.6));
#12874=CARTESIAN_POINT('Ctrl Pts',(-6.26921870521467,-61.6138594224646,
35.6));
#12875=CARTESIAN_POINT('Ctrl Pts',(-6.26921870521467,-61.6138594224646,
29.6));
#12876=CARTESIAN_POINT('Ctrl Pts',(-6.57071396070955,-61.3604760588999,
35.6));
#12877=CARTESIAN_POINT('Ctrl Pts',(-6.57071396070955,-61.3604760588999,
29.6));
#12878=CARTESIAN_POINT('Ctrl Pts',(-6.74818841850093,-61.0086426984124,
35.6));
#12879=CARTESIAN_POINT('Ctrl Pts',(-6.74818841850093,-61.0086426984124,
29.6));
#12880=CARTESIAN_POINT('Ctrl Pts',(-6.83885138630867,-60.8289083465934,
35.6));
#12881=CARTESIAN_POINT('Ctrl Pts',(-6.83885138630867,-60.8289083465934,
29.6));
#12882=CARTESIAN_POINT('',(-6.12174254059792,-61.7378016933799,35.6));
#12883=CARTESIAN_POINT('Ctrl Pts',(-5.09054999947548,-62.1380492672324,
35.6));
#12884=CARTESIAN_POINT('Ctrl Pts',(-5.09054999947548,-62.1380492672324,
29.6));
#12885=CARTESIAN_POINT('Ctrl Pts',(-5.27484590904707,-62.1051949077728,
35.6));
#12886=CARTESIAN_POINT('Ctrl Pts',(-5.27484590904707,-62.1051949077728,
29.6));
#12887=CARTESIAN_POINT('Ctrl Pts',(-5.64473161865056,-62.039255527509,35.6));
#12888=CARTESIAN_POINT('Ctrl Pts',(-5.64473161865056,-62.039255527509,29.6));
#12889=CARTESIAN_POINT('Ctrl Pts',(-5.96236852665561,-61.8385203674247,
35.6));
#12890=CARTESIAN_POINT('Ctrl Pts',(-5.96236852665561,-61.8385203674247,
29.6));
#12891=CARTESIAN_POINT('Ctrl Pts',(-6.12174254059792,-61.7378016933799,
35.6));
#12892=CARTESIAN_POINT('Ctrl Pts',(-6.12174254059792,-61.7378016933799,
29.6));
#12893=CARTESIAN_POINT('',(-5.09054999947548,-62.1380492672324,35.6));
#12894=CARTESIAN_POINT('Ctrl Pts',(-3.16992025971413,-62.2019776329398,
35.6));
#12895=CARTESIAN_POINT('Ctrl Pts',(-3.16992025971413,-62.2019776329398,
29.6));
#12896=CARTESIAN_POINT('Ctrl Pts',(-3.55625657328194,-62.2023492865728,
35.6));
#12897=CARTESIAN_POINT('Ctrl Pts',(-3.55625657328194,-62.2023492865728,
29.6));
#12898=CARTESIAN_POINT('Ctrl Pts',(-4.1973068039153,-62.202965973741,35.6));
#12899=CARTESIAN_POINT('Ctrl Pts',(-4.1973068039153,-62.202965973741,29.6));
#12900=CARTESIAN_POINT('Ctrl Pts',(-4.83655292466761,-62.1565085778001,
35.6));
#12901=CARTESIAN_POINT('Ctrl Pts',(-4.83655292466761,-62.1565085778001,
29.6));
#12902=CARTESIAN_POINT('Ctrl Pts',(-5.09054999947548,-62.1380492672324,
35.6));
#12903=CARTESIAN_POINT('Ctrl Pts',(-5.09054999947548,-62.1380492672324,
29.6));
#12904=CARTESIAN_POINT('',(-3.16992025971413,-62.2019776329398,35.6));
#12905=CARTESIAN_POINT('Origin',(-1.63008075356484,-62.2019776329398,35.6));
#12906=CARTESIAN_POINT('Origin',(-5.09888868927956,-71.8801745399833,35.6));
#12907=CARTESIAN_POINT('',(-3.39227955937386,-71.8801745399833,35.6));
#12908=CARTESIAN_POINT('Origin',(-1.6801117002964,-71.8801745399833,35.6));
#12909=CARTESIAN_POINT('',(-1.6801117002964,-71.8801745399833,35.6));
#12910=CARTESIAN_POINT('Origin',(-1.6801117002964,-70.4348376020789,35.6));
#12911=CARTESIAN_POINT('',(-1.6801117002964,-70.4348376020789,35.6));
#12912=CARTESIAN_POINT('Origin',(-3.39227955937386,-70.4348376020789,35.6));
#12913=CARTESIAN_POINT('',(-3.39227955937386,-70.4348376020789,35.6));
#12914=CARTESIAN_POINT('Origin',(-3.39227955937386,-71.8801745399833,35.6));
#12915=CARTESIAN_POINT('Origin',(59.7710313297313,-88.4999979324639,31.));
#12916=CARTESIAN_POINT('',(83.0210313297313,-92.4999979324639,31.));
#12917=CARTESIAN_POINT('Origin',(83.0210313297313,-88.4999979324639,31.));
#12918=CARTESIAN_POINT('',(59.7710313297313,-92.4999979324639,31.));
#12919=CARTESIAN_POINT('Origin',(83.0210313297313,-92.4999979324639,34.));
#12920=CARTESIAN_POINT('',(83.0210313297313,-92.4999979324639,34.));
#12921=CARTESIAN_POINT('Origin',(14.0710313297313,-88.4999979324639,31.));
#12922=CARTESIAN_POINT('',(14.0710313297313,-92.4999979324639,31.));
#12923=CARTESIAN_POINT('Origin',(83.0210313297313,14.6803263865056,34.));
#12924=CARTESIAN_POINT('Origin',(-8.37896867026874,-92.4999979324639,34.));
#12925=CARTESIAN_POINT('Origin',(-8.37896867026872,-77.4971043330355,34.));
#12926=CARTESIAN_POINT('',(-8.37896867026872,-23.0000003427267,34.));
#12927=CARTESIAN_POINT('',(-8.37896867026872,-77.4971043330355,34.));
#12928=CARTESIAN_POINT('',(-8.37896867026872,-23.0000003427267,34.));
#12929=CARTESIAN_POINT('',(-8.37896867026872,-23.0000003427267,33.5));
#12930=CARTESIAN_POINT('',(-8.37896867026872,-23.0000003427267,34.));
#12931=CARTESIAN_POINT('',(-8.37896867026872,-77.4971043330355,33.5));
#12932=CARTESIAN_POINT('',(-8.37896867026872,-23.0000003427267,33.5));
#12933=CARTESIAN_POINT('',(-8.37896867026872,-77.4971043330355,34.));
#12934=CARTESIAN_POINT('Origin',(3.60000002980232,-77.4971043330355,34.));
#12935=CARTESIAN_POINT('',(3.60000002980232,-77.4971043330355,34.));
#12936=CARTESIAN_POINT('',(-8.37896867026872,-77.4971043330355,34.));
#12937=CARTESIAN_POINT('',(3.60000002980232,-77.4971043330355,33.5));
#12938=CARTESIAN_POINT('',(-8.37896867026872,-77.4971043330355,33.5));
#12939=CARTESIAN_POINT('',(3.60000002980232,-77.4971043330355,34.));
#12940=CARTESIAN_POINT('Origin',(3.60000002980232,-23.0000003427267,34.));
#12941=CARTESIAN_POINT('',(3.60000002980232,-23.0000003427267,34.));
#12942=CARTESIAN_POINT('',(3.60000002980232,-77.4971043330355,34.));
#12943=CARTESIAN_POINT('',(3.60000002980232,-23.0000003427267,33.5));
#12944=CARTESIAN_POINT('',(3.60000002980232,-77.4971043330355,33.5));
#12945=CARTESIAN_POINT('',(3.60000002980232,-23.0000003427267,34.));
#12946=CARTESIAN_POINT('Origin',(-8.37896867026872,-23.0000003427267,34.));
#12947=CARTESIAN_POINT('',(3.60000002980232,-23.0000003427267,34.));
#12948=CARTESIAN_POINT('',(3.60000002980232,-23.0000003427267,33.5));
#12949=CARTESIAN_POINT('Origin',(-2.3894843202332,-50.2485519094727,33.5));
#12950=CARTESIAN_POINT('Origin',(-2.3894843202332,-50.2485519094727,34.));
#12951=CARTESIAN_POINT('Origin',(-1.49999985471368,-46.9999990165234,0.));
#12952=CARTESIAN_POINT('',(-1.49999985471368,-46.9999990165234,7.6));
#12953=CARTESIAN_POINT('',(-1.49999985471368,-43.9999990835786,7.6));
#12954=CARTESIAN_POINT('',(-1.49999985471368,-43.7509805819535,7.6));
#12955=CARTESIAN_POINT('',(-1.49999985471368,-46.9999990165234,9.1));
#12956=CARTESIAN_POINT('',(-1.49999985471368,-46.9999990165234,0.));
#12957=CARTESIAN_POINT('',(-1.49999985471368,-43.9999990835786,9.1));
#12958=CARTESIAN_POINT('',(-1.49999985471368,-43.7509805819535,9.1));
#12959=CARTESIAN_POINT('',(-1.49999985471368,-43.9999990835786,0.));
#12960=CARTESIAN_POINT('Origin',(-5.72896867026874,-40.5019621473837,7.6));
#12961=CARTESIAN_POINT('',(-9.97896867026873,-46.9999990165234,7.6));
#12962=CARTESIAN_POINT('',(-8.49999981001019,-46.9999990165234,7.6));
#12963=CARTESIAN_POINT('',(-9.97896867026873,-43.9999990165234,7.6));
#12964=CARTESIAN_POINT('',(-6.11448426249121,-43.9999990835786,7.6));
#12965=CARTESIAN_POINT('',(-9.97896867026874,-42.0019621473837,7.6));
#12966=CARTESIAN_POINT('',(-9.97896867026873,-42.0019621473837,7.6));
#12967=CARTESIAN_POINT('',(-8.47896867026873,-42.0019621473837,7.6));
#12968=CARTESIAN_POINT('',(-9.97896867026874,-42.0019621473837,7.6));
#12969=CARTESIAN_POINT('',(-8.47896867026874,-39.800000551343,7.6));
#12970=CARTESIAN_POINT('',(-8.47896867026874,-40.5019621473837,7.6));
#12971=CARTESIAN_POINT('',(-7.67896867026874,-39.800000551343,7.6));
#12972=CARTESIAN_POINT('',(-7.67896867026874,-39.800000551343,7.6));
#12973=CARTESIAN_POINT('',(-7.67896867026874,-39.000000551343,7.6));
#12974=CARTESIAN_POINT('',(-7.67896867026874,-39.000000551343,7.6));
#12975=CARTESIAN_POINT('',(-8.47896867026874,-39.000000551343,7.6));
#12976=CARTESIAN_POINT('',(-8.47896867026874,-39.000000551343,7.6));
#12977=CARTESIAN_POINT('',(-8.47896867026874,-32.0019621473837,7.6));
#12978=CARTESIAN_POINT('',(-8.47896867026874,-32.0019621473837,7.6));
#12979=CARTESIAN_POINT('',(-1.47896867026874,-32.0019621473837,7.6));
#12980=CARTESIAN_POINT('',(-2.85396867026874,-32.0019621473837,7.6));
#12981=CARTESIAN_POINT('',(-1.47896867026874,-39.000000551343,7.6));
#12982=CARTESIAN_POINT('',(-1.47896867026874,-33.5019621473837,7.6));
#12983=CARTESIAN_POINT('',(-2.27896867026874,-39.000000551343,7.6));
#12984=CARTESIAN_POINT('',(-1.47896867026874,-39.000000551343,7.6));
#12985=CARTESIAN_POINT('',(-2.27896867026874,-39.800000551343,7.6));
#12986=CARTESIAN_POINT('',(-2.27896867026874,-39.000000551343,7.6));
#12987=CARTESIAN_POINT('',(-1.47896867026874,-39.800000551343,7.6));
#12988=CARTESIAN_POINT('',(-2.27896867026874,-39.800000551343,7.6));
#12989=CARTESIAN_POINT('',(-1.47896867026874,-49.0019621473837,7.6));
#12990=CARTESIAN_POINT('',(-1.47896867026874,-40.5019621473837,7.6));
#12991=CARTESIAN_POINT('',(-9.97896867026873,-49.0019621473837,7.6));
#12992=CARTESIAN_POINT('',(-7.85396867026874,-49.0019621473837,7.6));
#12993=CARTESIAN_POINT('',(-9.97896867026873,-42.0019621473837,7.6));
#12994=CARTESIAN_POINT('Origin',(1.0174524362396,-25.0000003874302,22.0001523048436));
#12995=CARTESIAN_POINT('',(1.01700177885487,-34.9986110558042,22.0259704491236));
#12996=CARTESIAN_POINT('',(1.00000002980232,-34.9985870238716,23.));
#12997=CARTESIAN_POINT('',(0.973976877526579,-34.9985502402065,24.4908653953886));
#12998=CARTESIAN_POINT('',(1.01700177885487,-25.0000003874302,22.0259704491236));
#12999=CARTESIAN_POINT('',(1.01700177885487,-44.3679008869717,22.0259704491236));
#13000=CARTESIAN_POINT('',(1.00000002980232,-25.0000003874302,23.));
#13001=CARTESIAN_POINT('',(0.972154713545891,-25.0000003874302,24.5952570999272));
#13002=CARTESIAN_POINT('',(1.00000002980232,-25.0000003874302,23.));
#13003=CARTESIAN_POINT('Origin',(1.0174524362396,-25.0000003874302,22.0001523048436));
#13004=CARTESIAN_POINT('',(1.00000002980232,-67.8226559723949,23.));
#13005=CARTESIAN_POINT('',(1.01700177885487,-67.8226559723949,22.0259704491236));
#13006=CARTESIAN_POINT('',(0.972154713545891,-67.8226559723949,24.5952570999272));
#13007=CARTESIAN_POINT('',(1.00000002980232,-75.0000011175871,23.));
#13008=CARTESIAN_POINT('',(1.00000002980232,-25.0000003874302,23.));
#13009=CARTESIAN_POINT('',(1.01700177885487,-75.0000011175871,22.0259704491236));
#13010=CARTESIAN_POINT('',(0.973979029563686,-75.0000011175871,24.4907421052653));
#13011=CARTESIAN_POINT('',(1.01700177885487,-54.7207329095981,22.0259704491236));
#13012=CARTESIAN_POINT('Origin',(1.00000002980232,-25.0000003874302,27.));
#13013=CARTESIAN_POINT('',(1.00000002980232,-75.0000011175871,24.));
#13014=CARTESIAN_POINT('',(1.00000002980232,-25.0000003874302,24.));
#13015=CARTESIAN_POINT('',(1.00000002980232,-37.5000005699694,24.));
#13016=CARTESIAN_POINT('',(1.00000002980232,-75.0000011175871,27.));
#13017=CARTESIAN_POINT('',(1.00000002980232,-27.5000004209578,23.));
#13018=CARTESIAN_POINT('',(1.00000002980232,-25.0000003874302,27.));
#13019=CARTESIAN_POINT('Origin',(2.00000002980232,-75.0000011175871,27.));
#13020=CARTESIAN_POINT('',(-1.49011611938477E-7,-75.0000011175871,24.));
#13021=CARTESIAN_POINT('',(-0.994742145215441,-75.0000011175871,24.));
#13022=CARTESIAN_POINT('',(-1.49011611938477E-7,-75.0000011175871,23.5));
#13023=CARTESIAN_POINT('',(-1.49011611938477E-7,-75.0000011175871,27.));
#13024=CARTESIAN_POINT('',(-8.00000014901161,-75.0000011175871,23.5));
#13025=CARTESIAN_POINT('',(-1.00000005960464,-75.0000011175871,23.5));
#13026=CARTESIAN_POINT('',(-8.00000014901161,-75.0000011175871,24.));
#13027=CARTESIAN_POINT('',(-8.00000014901161,-75.0000011175871,27.));
#13028=CARTESIAN_POINT('',(-9.97896867026873,-75.0000011175871,24.));
#13029=CARTESIAN_POINT('',(-0.994742145215441,-75.0000011175871,24.));
#13030=CARTESIAN_POINT('',(-9.97896867026874,-75.0000011175871,11.03));
#13031=CARTESIAN_POINT('',(-9.97896867026874,-75.0000011175871,13.5));
#13032=CARTESIAN_POINT('',(0.000773504749028093,-75.0000011175871,21.0097421750178));
#13033=CARTESIAN_POINT('Origin',(-3.98948432023321,-50.0000007525086,24.));
#13034=CARTESIAN_POINT('',(-1.49011611938477E-7,-25.0000003874302,24.));
#13035=CARTESIAN_POINT('',(-6.98422649525097,-25.0000003874302,24.));
#13036=CARTESIAN_POINT('',(-1.49011611938477E-7,-58.9113283624518,24.));
#13037=CARTESIAN_POINT('Origin',(-6.99999984353781,-48.8837865129683,0.));
#13038=CARTESIAN_POINT('',(-7.67896867026874,-48.8837865129683,0.));
#13039=CARTESIAN_POINT('',(-9.97896867026873,-48.8837865129683,3.8));
#13040=CARTESIAN_POINT('Ctrl Pts',(-7.67896867026874,-48.8837865129683,
0.));
#13041=CARTESIAN_POINT('Ctrl Pts',(-7.98874878393142,-48.8837865129683,
0.));
#13042=CARTESIAN_POINT('Ctrl Pts',(-8.32574027904764,-48.8837865129683,
0.104481365479557));
#13043=CARTESIAN_POINT('Ctrl Pts',(-8.64415215194663,-48.8837865129683,
0.349491091606619));
#13044=CARTESIAN_POINT('Ctrl Pts',(-8.96256402484563,-48.8837865129683,
0.59450081773368));
#13045=CARTESIAN_POINT('Ctrl Pts',(-9.26239627552739,-48.8837865129683,
0.980038904508247));
#13046=CARTESIAN_POINT('Ctrl Pts',(-9.48498746893144,-48.8837865129683,
1.44719184160822));
#13047=CARTESIAN_POINT('Ctrl Pts',(-9.81887425903751,-48.8837865129683,
2.14792124725819));
#13048=CARTESIAN_POINT('Ctrl Pts',(-9.97896867026874,-48.8837865129683,
3.03228406614032));
#13049=CARTESIAN_POINT('Ctrl Pts',(-9.97896867026873,-48.8837865129683,
3.8));
#13050=CARTESIAN_POINT('',(-9.97896867026873,-48.8837865129683,0.));
#13051=CARTESIAN_POINT('',(-9.97896867026873,-48.8837865129683,0.));
#13052=CARTESIAN_POINT('',(-9.97896867026873,-48.8837865129683,0.));
#13053=CARTESIAN_POINT('Origin',(-9.97896867026873,-49.0019621473837,0.));
#13054=CARTESIAN_POINT('',(-1.47896867026874,-49.0019621473837,0.));
#13055=CARTESIAN_POINT('',(-1.47896867026874,-49.0019621473837,0.));
#13056=CARTESIAN_POINT('',(0.0210313297312603,-49.0019621473837,0.));
#13057=CARTESIAN_POINT('',(14.4034015724688,-49.0019621473837,0.));
#13058=CARTESIAN_POINT('',(0.0210313297312603,-49.0019621473837,9.1));
#13059=CARTESIAN_POINT('',(0.0210313297312603,-49.0019621473837,0.));
#13060=CARTESIAN_POINT('',(-9.97896867026873,-49.0019621473837,9.1));
#13061=CARTESIAN_POINT('',(-9.97896867026873,-49.0019621473837,9.1));
#13062=CARTESIAN_POINT('',(-9.97896867026874,-49.0019621473837,0.));
#13063=CARTESIAN_POINT('Ctrl Pts',(-7.67896867026874,-39.800000551343,0.));
#13064=CARTESIAN_POINT('Ctrl Pts',(-7.67896867026874,-42.8279292052181,
0.));
#13065=CARTESIAN_POINT('Ctrl Pts',(-7.67896867026874,-45.8558578590932,
0.));
#13066=CARTESIAN_POINT('Ctrl Pts',(-7.67896867026874,-48.8837865129683,
0.));
#13067=CARTESIAN_POINT('Ctrl Pts',(-7.98874878393142,-39.800000551343,0.));
#13068=CARTESIAN_POINT('Ctrl Pts',(-7.98874878393142,-42.8279292052181,
0.));
#13069=CARTESIAN_POINT('Ctrl Pts',(-7.98874878393142,-45.8558578590932,
0.));
#13070=CARTESIAN_POINT('Ctrl Pts',(-7.98874878393142,-48.8837865129683,
0.));
#13071=CARTESIAN_POINT('Ctrl Pts',(-8.66273177416387,-39.8000005513429,
0.208962730959114));
#13072=CARTESIAN_POINT('Ctrl Pts',(-8.66273177416387,-42.8279292052181,
0.208962730959114));
#13073=CARTESIAN_POINT('Ctrl Pts',(-8.66273177416387,-45.8558578590932,
0.208962730959114));
#13074=CARTESIAN_POINT('Ctrl Pts',(-8.66273177416387,-48.8837865129684,
0.208962730959114));
#13075=CARTESIAN_POINT('Ctrl Pts',(-9.71214465155003,-39.800000551343,1.5583460346701));
#13076=CARTESIAN_POINT('Ctrl Pts',(-9.71214465155003,-42.8279292052181,
1.5583460346701));
#13077=CARTESIAN_POINT('Ctrl Pts',(-9.71214465155003,-45.8558578590932,
1.5583460346701));
#13078=CARTESIAN_POINT('Ctrl Pts',(-9.71214465155003,-48.8837865129683,
1.5583460346701));
#13079=CARTESIAN_POINT('Ctrl Pts',(-9.97896867026874,-39.800000551343,3.03228406614032));
#13080=CARTESIAN_POINT('Ctrl Pts',(-9.97896867026874,-42.8279292052181,
3.03228406614032));
#13081=CARTESIAN_POINT('Ctrl Pts',(-9.97896867026874,-45.8558578590932,
3.03228406614032));
#13082=CARTESIAN_POINT('Ctrl Pts',(-9.97896867026874,-48.8837865129683,
3.03228406614032));
#13083=CARTESIAN_POINT('Ctrl Pts',(-9.97896867026873,-39.800000551343,3.8));
#13084=CARTESIAN_POINT('Ctrl Pts',(-9.97896867026873,-42.8279292052181,
3.8));
#13085=CARTESIAN_POINT('Ctrl Pts',(-9.97896867026873,-45.8558578590932,
3.8));
#13086=CARTESIAN_POINT('Ctrl Pts',(-9.97896867026873,-48.8837865129683,
3.8));
#13087=CARTESIAN_POINT('',(-7.67896867026874,-39.800000551343,0.));
#13088=CARTESIAN_POINT('Ctrl Pts',(-7.67896867026874,-48.8837865129683,
0.));
#13089=CARTESIAN_POINT('Ctrl Pts',(-7.67896867026874,-45.8558578590932,
0.));
#13090=CARTESIAN_POINT('Ctrl Pts',(-7.67896867026874,-42.8279292052181,
0.));
#13091=CARTESIAN_POINT('Ctrl Pts',(-7.67896867026874,-39.800000551343,0.));
#13092=CARTESIAN_POINT('',(-8.47896867026874,-39.800000551343,0.237275526920795));
#13093=CARTESIAN_POINT('Ctrl Pts',(-8.47753077630583,-39.800000551343,0.234802010907292));
#13094=CARTESIAN_POINT('Ctrl Pts',(-8.21000048932414,-39.800000551343,0.0714695010304092));
#13095=CARTESIAN_POINT('Ctrl Pts',(-7.93517773428429,-39.800000551343,0.));
#13096=CARTESIAN_POINT('Ctrl Pts',(-7.67896867026874,-39.800000551343,0.));
#13097=CARTESIAN_POINT('',(-8.47896867026873,-42.0019621473837,0.237275526920792));
#13098=CARTESIAN_POINT('Ctrl Pts',(-8.47896867026873,-42.0019621473837,
0.237275526920792));
#13099=CARTESIAN_POINT('Ctrl Pts',(-8.47896867026873,-41.2679749487034,
0.237275526920792));
#13100=CARTESIAN_POINT('Ctrl Pts',(-8.47896867026874,-40.5339877500232,
0.237275526920794));
#13101=CARTESIAN_POINT('Ctrl Pts',(-8.47896867026874,-39.800000551343,0.237275526920795));
#13102=CARTESIAN_POINT('',(-9.97896867026873,-42.0019621473837,3.8));
#13103=CARTESIAN_POINT('Ctrl Pts',(-9.97896867026873,-42.0019621473837,
3.8));
#13104=CARTESIAN_POINT('Ctrl Pts',(-9.97896867026874,-42.0019621473837,
3.03228406614032));
#13105=CARTESIAN_POINT('Ctrl Pts',(-9.81887425903751,-42.0019621473837,
2.14792124725819));
#13106=CARTESIAN_POINT('Ctrl Pts',(-9.48498746893144,-42.0019621473837,
1.44719184160822));
#13107=CARTESIAN_POINT('Ctrl Pts',(-9.26239627552739,-42.0019621473837,
0.980038904508247));
#13108=CARTESIAN_POINT('Ctrl Pts',(-8.96256402484563,-42.0019621473837,
0.59450081773368));
#13109=CARTESIAN_POINT('Ctrl Pts',(-8.64415215194663,-42.0019621473837,
0.349491091606619));
#13110=CARTESIAN_POINT('Ctrl Pts',(-8.58908839057891,-42.0019621473837,
0.307120947021869));
#13111=CARTESIAN_POINT('Ctrl Pts',(-8.5334689935371,-42.0019621473837,0.268953394367417));
#13112=CARTESIAN_POINT('Ctrl Pts',(-8.47753077626765,-42.0019621473837,
0.234802010883982));
#13113=CARTESIAN_POINT('Ctrl Pts',(-9.97896867026873,-42.0019621473837,
3.8));
#13114=CARTESIAN_POINT('Ctrl Pts',(-9.97896867026873,-44.2959036025786,
3.8));
#13115=CARTESIAN_POINT('Ctrl Pts',(-9.97896867026873,-46.5898450577735,
3.8));
#13116=CARTESIAN_POINT('Ctrl Pts',(-9.97896867026873,-48.8837865129683,
3.8));
#13117=CARTESIAN_POINT('Origin',(-8.47896867026874,-39.800000551343,0.));
#13118=CARTESIAN_POINT('',(-8.47896867026874,-39.800000551343,0.));
#13119=CARTESIAN_POINT('',(-8.47896867026873,-42.0019621473837,0.));
#13120=CARTESIAN_POINT('Origin',(-7.67896867026874,-39.800000551343,0.));
#13121=CARTESIAN_POINT('',(-7.67896867026874,-39.800000551343,0.));
#13122=CARTESIAN_POINT('Origin',(38.7857718152063,-24.3504844760987,0.));
#13123=CARTESIAN_POINT('',(-9.97896867026873,-91.471602318541,0.));
#13124=CARTESIAN_POINT('',(-9.97896867026873,-42.0019621473837,0.));
#13125=CARTESIAN_POINT('',(9.93286057237003,-91.471602318541,0.));
#13126=CARTESIAN_POINT('Ctrl Pts',(9.93286057237005,-91.4716023185411,0.));
#13127=CARTESIAN_POINT('Ctrl Pts',(3.29558415815711,-91.4716023185411,0.));
#13128=CARTESIAN_POINT('Ctrl Pts',(-3.34169225605582,-91.4716023185411,
0.));
#13129=CARTESIAN_POINT('Ctrl Pts',(-9.97896867026875,-91.471602318541,0.));
#13130=CARTESIAN_POINT('',(9.95001210343595,-68.5083539715389,0.));
#13131=CARTESIAN_POINT('',(9.96651116406985,-46.418662656352,0.));
#13132=CARTESIAN_POINT('',(11.6450164535301,-68.5190474276123,0.));
#13133=CARTESIAN_POINT('',(25.0755341061203,-68.6037779774494,0.));
#13134=CARTESIAN_POINT('',(12.4323711941566,-71.3124750730523,0.));
#13135=CARTESIAN_POINT('',(7.2708987367326,-53.0002720598674,0.));
#13136=CARTESIAN_POINT('',(12.4323711941566,-91.471602318541,0.));
#13137=CARTESIAN_POINT('',(12.4323711941566,-58.2132264680818,0.));
#13138=CARTESIAN_POINT('',(70.6080054339131,-91.471602318541,0.));
#13139=CARTESIAN_POINT('Ctrl Pts',(70.6080054339131,-91.471602318541,0.));
#13140=CARTESIAN_POINT('Ctrl Pts',(51.2161273539943,-91.471602318541,0.));
#13141=CARTESIAN_POINT('Ctrl Pts',(31.8242492740754,-91.471602318541,0.));
#13142=CARTESIAN_POINT('Ctrl Pts',(12.4323711941566,-91.471602318541,0.));
#13143=CARTESIAN_POINT('',(51.4913747415017,-59.989430991889,0.));
#13144=CARTESIAN_POINT('',(41.8745284474491,-44.151953796097,0.));
#13145=CARTESIAN_POINT('',(51.1031461738479,-58.5405422524554,0.));
#13146=CARTESIAN_POINT('',(46.4168351377695,-41.0509913657403,0.));
#13147=CARTESIAN_POINT('',(53.1365150559716,-57.9957027025757,0.));
#13148=CARTESIAN_POINT('',(50.6474544716673,-58.6626444760522,0.));
#13149=CARTESIAN_POINT('',(53.5202833733612,-58.528770263463,0.));
#13150=CARTESIAN_POINT('',(42.9022449138491,-43.7799449786652,0.));
#13151=CARTESIAN_POINT('',(73.3210313297313,-91.5752826407698,0.));
#13152=CARTESIAN_POINT('',(54.0899691890385,-59.4795489613404,0.));
#13153=CARTESIAN_POINT('',(73.3210313297313,-90.0384466706198,0.));
#13154=CARTESIAN_POINT('',(73.3210313297313,-58.7907322320731,0.));
#13155=CARTESIAN_POINT('',(83.0210313297313,-90.0384466706198,0.));
#13156=CARTESIAN_POINT('',(58.5618618437503,-90.0384466706198,0.));
#13157=CARTESIAN_POINT('',(83.0210313297313,-10.3196736134944,0.));
#13158=CARTESIAN_POINT('',(83.0210313297313,-4.83507904479651,0.));
#13159=CARTESIAN_POINT('',(58.0210313297313,14.6803263865056,0.));
#13160=CARTESIAN_POINT('Origin',(58.0210313297313,-10.3196736134944,0.));
#13161=CARTESIAN_POINT('',(15.0210313297313,14.6803263865056,0.));
#13162=CARTESIAN_POINT('',(14.4034015724688,14.6803263865056,0.));
#13163=CARTESIAN_POINT('',(-9.97896867026874,-10.3196736134944,0.));
#13164=CARTESIAN_POINT('Origin',(15.0210313297313,-10.3196736134944,0.));
#13165=CARTESIAN_POINT('',(-9.97896867026874,-32.0019621473837,0.));
#13166=CARTESIAN_POINT('',(-9.97896867026874,-60.9110433973199,0.));
#13167=CARTESIAN_POINT('',(-8.47896867026874,-32.0019621473837,0.));
#13168=CARTESIAN_POINT('',(19.4034015724688,-32.0019621473837,0.));
#13169=CARTESIAN_POINT('',(-8.47896867026874,-39.000000551343,0.));
#13170=CARTESIAN_POINT('',(-8.47896867026874,-32.0019621473837,0.));
#13171=CARTESIAN_POINT('',(-7.67896867026874,-39.000000551343,0.));
#13172=CARTESIAN_POINT('',(-8.47896867026874,-39.000000551343,0.));
#13173=CARTESIAN_POINT('',(-7.67896867026874,-39.000000551343,0.));
#13174=CARTESIAN_POINT('',(0.0210313297312603,-47.0000006556511,0.));
#13175=CARTESIAN_POINT('',(0.0210313297312625,-36.6762233117412,0.));
#13176=CARTESIAN_POINT('',(-1.47896867026874,-47.0000006556511,0.));
#13177=CARTESIAN_POINT('',(-1.47896867026874,-40.5019621473837,0.));
#13178=CARTESIAN_POINT('',(0.0210313297312603,-47.0000006556511,0.));
#13179=CARTESIAN_POINT('',(-1.47896867026874,-44.0000006556511,0.));
#13180=CARTESIAN_POINT('',(0.0210313297312603,-44.0000006556511,0.));
#13181=CARTESIAN_POINT('',(-1.47896867026874,-44.0000006556511,0.));
#13182=CARTESIAN_POINT('',(-1.47896867026874,-39.800000551343,0.));
#13183=CARTESIAN_POINT('',(-1.47896867026874,-40.5019621473837,0.));
#13184=CARTESIAN_POINT('',(-2.27896867026874,-39.800000551343,0.));
#13185=CARTESIAN_POINT('',(-2.27896867026874,-39.800000551343,0.));
#13186=CARTESIAN_POINT('',(-2.27896867026874,-39.000000551343,0.));
#13187=CARTESIAN_POINT('',(-2.27896867026874,-39.000000551343,0.));
#13188=CARTESIAN_POINT('',(-1.47896867026874,-39.000000551343,0.));
#13189=CARTESIAN_POINT('',(-1.47896867026874,-39.000000551343,0.));
#13190=CARTESIAN_POINT('',(-1.47896867026874,-32.0019621473837,0.));
#13191=CARTESIAN_POINT('',(-1.47896867026874,-33.5019621473837,0.));
#13192=CARTESIAN_POINT('',(0.0210313297312603,-32.0019621473837,0.));
#13193=CARTESIAN_POINT('',(19.4034015724688,-32.0019621473837,0.));
#13194=CARTESIAN_POINT('',(0.0210313297312625,-36.6762233117412,0.));
#13195=CARTESIAN_POINT('',(80.8161402758572,-37.4561171005409,0.));
#13196=CARTESIAN_POINT('',(80.5330912332539,-35.339327073301,0.));
#13197=CARTESIAN_POINT('Origin',(76.8537853395377,-36.9086288736138,0.));
#13198=CARTESIAN_POINT('Origin',(66.838544164555,-38.2478285058592,0.));
#13199=CARTESIAN_POINT('',(51.9047345663292,2.63483216267539,0.));
#13200=CARTESIAN_POINT('Origin',(55.6547345663292,2.63483216267539,0.));
#13201=CARTESIAN_POINT('',(51.4410272944385,-59.989430991889,0.));
#13202=CARTESIAN_POINT('',(12.3210313297313,-70.4716023185411,0.));
#13203=CARTESIAN_POINT('',(30.4321405726512,-65.618745222869,0.));
#13204=CARTESIAN_POINT('',(11.5405353923572,-67.5587518251599,0.));
#13205=CARTESIAN_POINT('',(7.05204436086172,-50.8074752463016,0.));
#13206=CARTESIAN_POINT('',(50.6605313570645,-57.0765804985079,0.));
#13207=CARTESIAN_POINT('',(49.2116426176309,-57.4648090661616,0.));
#13208=CARTESIAN_POINT('',(46.562288294256,-41.78172916634,0.));
#13209=CARTESIAN_POINT('',(-4.,-11.3,0.));
#13210=CARTESIAN_POINT('Origin',(0.,-11.3,0.));
#13211=CARTESIAN_POINT('',(25.5689624316879,-67.792536059658,0.));
#13212=CARTESIAN_POINT('',(26.7280734232348,-67.481953205535,0.));
#13213=CARTESIAN_POINT('',(37.7444998920617,-64.530110629736,0.));
#13214=CARTESIAN_POINT('',(28.9339158581711,-70.8187569384858,0.));
#13215=CARTESIAN_POINT('',(19.7435585213301,-56.9163955626115,0.));
#13216=CARTESIAN_POINT('',(33.2454320862641,-87.4872223235681,0.));
#13217=CARTESIAN_POINT('',(25.7656504223543,-58.5701372061598,0.));
#13218=CARTESIAN_POINT('',(30.7299024948289,-87.4872223235681,0.));
#13219=CARTESIAN_POINT('',(34.7578371550176,-87.4872223235681,0.));
#13220=CARTESIAN_POINT('',(20.6674011184539,-49.0876661936223,0.));
#13221=CARTESIAN_POINT('Origin',(-1.47896867026874,-47.0000006556511,0.));
#13222=CARTESIAN_POINT('',(-1.47896867026874,-47.0000006556511,2.));
#13223=CARTESIAN_POINT('',(-1.47896867026874,-47.0000006556511,0.));
#13224=CARTESIAN_POINT('',(0.0210313297312603,-47.0000006556511,2.));
#13225=CARTESIAN_POINT('',(0.0210313297312603,-47.0000006556511,2.));
#13226=CARTESIAN_POINT('',(0.0210313297312603,-47.0000006556511,0.));
#13227=CARTESIAN_POINT('Origin',(0.0210313297312603,-44.0000006556511,0.));
#13228=CARTESIAN_POINT('',(0.0210313297312603,-44.0000006556511,2.));
#13229=CARTESIAN_POINT('',(0.0210313297312603,-44.0000006556511,0.));
#13230=CARTESIAN_POINT('',(-1.47896867026874,-44.0000006556511,2.));
#13231=CARTESIAN_POINT('',(-1.47896867026874,-44.0000006556511,2.));
#13232=CARTESIAN_POINT('',(-1.47896867026874,-44.0000006556511,0.));
#13233=CARTESIAN_POINT('Origin',(-0.728968670268739,-45.5000006556511,2.));
#13234=CARTESIAN_POINT('',(0.0210313297312603,-47.2509814015174,2.));
#13235=CARTESIAN_POINT('',(-1.47896867026874,-47.2509814015174,2.));
#13236=CARTESIAN_POINT('Origin',(0.0210313297312603,-49.0019621473837,0.));
#13237=CARTESIAN_POINT('',(0.0210313297312603,-32.0019621473837,9.1));
#13238=CARTESIAN_POINT('',(0.0210313297312603,-32.0019621473837,0.));
#13239=CARTESIAN_POINT('',(0.0210313297312603,-49.0019621473837,9.1));
#13240=CARTESIAN_POINT('Origin',(-1.47896867026874,-49.0019621473837,0.));
#13241=CARTESIAN_POINT('',(-1.47896867026874,-39.800000551343,0.));
#13242=CARTESIAN_POINT('Origin',(-9.97896867026873,-46.9999990165234,0.));
#13243=CARTESIAN_POINT('',(-9.97896867026873,-46.9999990165234,9.1));
#13244=CARTESIAN_POINT('',(-9.97896867026873,-46.9999990165234,0.));
#13245=CARTESIAN_POINT('',(-5.73948426249121,-46.9999990165234,9.1));
#13246=CARTESIAN_POINT('Origin',(-6.49999985471368,-43.9999990835786,0.));
#13247=CARTESIAN_POINT('',(-9.97896867026873,-43.9999990165234,9.1));
#13248=CARTESIAN_POINT('',(-5.73948426249121,-43.9999990835786,9.1));
#13249=CARTESIAN_POINT('',(-9.97896867026873,-43.9999990165234,0.));
#13250=CARTESIAN_POINT('Origin',(-4.97896867026874,-40.5019621473837,9.1));
#13251=CARTESIAN_POINT('',(-9.97896867026874,-68.9867822329624,9.1));
#13252=CARTESIAN_POINT('',(-9.97896867026874,-32.0019621473837,9.1));
#13253=CARTESIAN_POINT('',(-9.97896867026874,-32.0019621473837,9.1));
#13254=CARTESIAN_POINT('',(-9.97896867026874,-68.9867822329624,9.1));
#13255=CARTESIAN_POINT('Origin',(-9.97896867026873,-42.0019621473837,0.));
#13256=CARTESIAN_POINT('',(-9.97896867026874,-42.0019621473837,0.));
#13257=CARTESIAN_POINT('',(-9.97896867026874,-32.0019621473837,0.));
#13258=CARTESIAN_POINT('',(-9.97896867026874,-10.3196736134944,34.));
#13259=CARTESIAN_POINT('',(-9.97896867026874,-10.3196736134944,0.));
#13260=CARTESIAN_POINT('',(-9.97896867026873,-97.4716023185411,34.));
#13261=CARTESIAN_POINT('',(-9.97896867026873,-137.471602318541,34.));
#13262=CARTESIAN_POINT('',(-9.97896867026873,-97.4716023185411,35.6));
#13263=CARTESIAN_POINT('',(-9.97896867026873,-97.4716023185411,0.));
#13264=CARTESIAN_POINT('',(-9.97896867026873,-137.471602318541,35.6));
#13265=CARTESIAN_POINT('',(-9.97896867026873,-137.471602318541,35.6));
#13266=CARTESIAN_POINT('',(-9.97896867026873,-137.471420838572,35.5));
#13267=CARTESIAN_POINT('Ctrl Pts',(-9.97896867026872,-137.471602318541,
35.6));
#13268=CARTESIAN_POINT('Ctrl Pts',(-9.97896867026872,-137.471602318541,
35.5666859817351));
#13269=CARTESIAN_POINT('Ctrl Pts',(-9.97896867026872,-137.471541617927,
35.5333520355464));
#13270=CARTESIAN_POINT('Ctrl Pts',(-9.97896867026872,-137.47142003529,35.499998370969));
#13271=CARTESIAN_POINT('',(-9.97896867026873,-102.471602318541,1.03284664978558));
#13272=CARTESIAN_POINT('Ctrl Pts',(-9.97896867026873,-137.47142003529,35.499998370969));
#13273=CARTESIAN_POINT('Ctrl Pts',(-9.97896867026873,-137.462791976815,
33.1330702003343));
#13274=CARTESIAN_POINT('Ctrl Pts',(-9.97896867026873,-137.147563940406,
30.6668408368251));
#13275=CARTESIAN_POINT('Ctrl Pts',(-9.97896867026873,-136.460904668041,
28.1761929564931));
#13276=CARTESIAN_POINT('Ctrl Pts',(-9.97896867026873,-135.764569308614,
25.650448010263));
#13277=CARTESIAN_POINT('Ctrl Pts',(-9.97896867026873,-134.686260880832,
23.0995915093424));
#13278=CARTESIAN_POINT('Ctrl Pts',(-9.97896867026874,-133.206644660768,
20.6292636843918));
#13279=CARTESIAN_POINT('Ctrl Pts',(-9.97896867026874,-131.727028440704,
18.1589358594412));
#13280=CARTESIAN_POINT('Ctrl Pts',(-9.97896867026874,-129.846104428358,
15.7691367104607));
#13281=CARTESIAN_POINT('Ctrl Pts',(-9.97896867026874,-127.608449070112,
13.57079959724));
#13282=CARTESIAN_POINT('Ctrl Pts',(-9.97896867026874,-125.370793711867,
11.3724624840192));
#13283=CARTESIAN_POINT('Ctrl Pts',(-9.97896867026874,-122.776407007724,
9.36558740655833));
#13284=CARTESIAN_POINT('Ctrl Pts',(-9.97896867026874,-119.935482414031,
7.63369650304096));
#13285=CARTESIAN_POINT('Ctrl Pts',(-9.97896867026874,-117.094557820337,
5.90180559952359));
#13286=CARTESIAN_POINT('Ctrl Pts',(-9.97896867026874,-114.007095337095,
4.44489886994976));
#13287=CARTESIAN_POINT('Ctrl Pts',(-9.97896867026874,-110.81538619031,3.2997294226439));
#13288=CARTESIAN_POINT('Ctrl Pts',(-9.97896867026874,-108.081967118732,
2.31899218641843));
#13289=CARTESIAN_POINT('Ctrl Pts',(-9.97896867026874,-105.272089157268,
1.56689619134622));
#13290=CARTESIAN_POINT('Ctrl Pts',(-9.97896867026874,-102.471576110464,
1.03279772442184));
#13291=CARTESIAN_POINT('Ctrl Pts',(-9.97896867026873,-102.471576110464,
1.03279772442184));
#13292=CARTESIAN_POINT('Ctrl Pts',(-9.97896867026873,-102.002036935814,
0.943249791900161));
#13293=CARTESIAN_POINT('Ctrl Pts',(-9.97896867026872,-101.532761013533,
0.859829877390269));
#13294=CARTESIAN_POINT('Ctrl Pts',(-9.97896867026872,-101.064152836108,
0.782487816465656));
#13295=CARTESIAN_POINT('Ctrl Pts',(-9.97896867026873,-97.8005844390186,
0.243847822631145));
#13296=CARTESIAN_POINT('Ctrl Pts',(-9.97896867026873,-94.5694034551678,
0.));
#13297=CARTESIAN_POINT('Ctrl Pts',(-9.97896867026873,-91.471602318541,0.));
#13298=CARTESIAN_POINT('',(-9.97896867026873,-85.2181524311749,22.0150627784915));
#13299=CARTESIAN_POINT('',(-9.97896867026873,-79.5799967064594,19.9629419185374));
#13300=CARTESIAN_POINT('',(-9.97896867026874,-86.1507416859226,22.3544975080161));
#13301=CARTESIAN_POINT('',(-9.97896867026873,-84.5050867703491,6.43136817922036));
#13302=CARTESIAN_POINT('',(-9.97896867026873,-81.2329088699282,15.4216030730651));
#13303=CARTESIAN_POINT('',(-9.97896867026873,-90.1432424950645,8.48348903917438));
#13304=CARTESIAN_POINT('',(-9.97896867026873,-91.0758317498122,8.82292376869903));
#13305=CARTESIAN_POINT('',(-9.97896867026874,-89.4725954993244,10.3260765163954));
#13306=CARTESIAN_POINT('',(-9.97896867026873,-106.90518261481,21.9769435294548));
#13307=CARTESIAN_POINT('Origin',(-9.97896867026873,-111.80518261481,21.9769435294548));
#13308=CARTESIAN_POINT('',(-9.97896867026873,-51.9051826148097,13.9769435294548));
#13309=CARTESIAN_POINT('Origin',(-9.97896867026873,-57.8051826148097,13.9769435294548));
#13310=CARTESIAN_POINT('',(-9.97896867026873,-25.0000003874302,24.));
#13311=CARTESIAN_POINT('',(-9.97896867026873,-75.0000011175871,24.));
#13312=CARTESIAN_POINT('',(-9.97896867026874,-25.0000003874302,11.03));
#13313=CARTESIAN_POINT('',(-9.97896867026874,-25.0000003874302,13.5));
#13314=CARTESIAN_POINT('',(-9.97896867026874,-34.9830682772052,11.03));
#13315=CARTESIAN_POINT('',(-9.97896867026874,-63.7358013865132,11.03));
#13316=CARTESIAN_POINT('',(-9.97896867026873,-34.9830682772052,23.));
#13317=CARTESIAN_POINT('',(-9.97896867026874,-34.9830682772052,13.5));
#13318=CARTESIAN_POINT('',(-9.97896867026873,-67.8226559723949,23.));
#13319=CARTESIAN_POINT('',(-9.97896867026874,-74.4372322216706,23.));
#13320=CARTESIAN_POINT('',(-9.97896867026874,-67.8226559723949,11.03));
#13321=CARTESIAN_POINT('',(-9.97896867026874,-67.8226559723949,13.5));
#13322=CARTESIAN_POINT('',(-9.97896867026874,-84.441465431766,11.03));
#13323=CARTESIAN_POINT('',(-9.97896867026874,-11.5000001490116,30.5000000521541));
#13324=CARTESIAN_POINT('Origin',(-9.97896867026874,-13.0000001490116,30.5000000521541));
#13325=CARTESIAN_POINT('',(-9.97896867026874,-81.0000014603138,30.5000005140901));
#13326=CARTESIAN_POINT('Origin',(-9.97896867026874,-82.5000014603138,30.5000005140901));
#13327=CARTESIAN_POINT('Origin',(-8.47896867026873,-42.0019621473837,0.));
#13328=CARTESIAN_POINT('Origin',(-7.67896867026874,-39.000000551343,0.));
#13329=CARTESIAN_POINT('',(-7.67896867026874,-39.000000551343,0.));
#13330=CARTESIAN_POINT('Origin',(-8.47896867026874,-39.000000551343,0.));
#13331=CARTESIAN_POINT('',(-8.47896867026874,-39.000000551343,0.));
#13332=CARTESIAN_POINT('Origin',(-8.47896867026874,-32.0019621473837,0.));
#13333=CARTESIAN_POINT('',(-8.47896867026874,-32.0019621473837,0.));
#13334=CARTESIAN_POINT('Origin',(-1.47896867026874,-39.000000551343,0.));
#13335=CARTESIAN_POINT('',(-1.47896867026874,-39.000000551343,0.));
#13336=CARTESIAN_POINT('',(-1.47896867026874,-32.0019621473837,0.));
#13337=CARTESIAN_POINT('Origin',(-2.27896867026874,-39.000000551343,0.));
#13338=CARTESIAN_POINT('',(-2.27896867026874,-39.000000551343,0.));
#13339=CARTESIAN_POINT('Origin',(-2.27896867026874,-39.800000551343,0.));
#13340=CARTESIAN_POINT('',(-2.27896867026874,-39.800000551343,0.));
#13341=CARTESIAN_POINT('Origin',(-1.47896867026874,-39.800000551343,0.));
#13342=CARTESIAN_POINT('Origin',(0.0210313297312603,-32.0019621473837,0.));
#13343=CARTESIAN_POINT('Origin',(84.1210313297313,-50.2956379660177,35.1));
#13344=CARTESIAN_POINT('',(84.6210313297313,-139.071602318541,35.1));
#13345=CARTESIAN_POINT('',(84.6210313297313,-97.4716023185411,35.1));
#13346=CARTESIAN_POINT('',(84.6210313297313,-50.2956379660177,35.1));
#13347=CARTESIAN_POINT('',(84.1210313297313,-97.4716023185411,35.6));
#13348=CARTESIAN_POINT('Origin',(84.1210313297313,-97.4716023185411,35.1));
#13349=CARTESIAN_POINT('',(84.1210313297313,-138.571602318541,35.6));
#13350=CARTESIAN_POINT('',(84.1210313297313,-50.2956379660177,35.6));
#13351=CARTESIAN_POINT('Origin',(84.1210313297313,-138.571602318541,35.1));
#13352=CARTESIAN_POINT('Origin',(60.5710313297313,-138.571602318541,35.1));
#13353=CARTESIAN_POINT('',(-11.5789686702687,-139.071602318541,35.1));
#13354=CARTESIAN_POINT('',(60.5710313297313,-139.071602318541,35.1));
#13355=CARTESIAN_POINT('',(-11.0789686702687,-138.571602318541,35.6));
#13356=CARTESIAN_POINT('',(60.5710313297313,-138.571602318541,35.6));
#13357=CARTESIAN_POINT('Origin',(-11.0789686702687,-138.571602318541,35.1));
#13358=CARTESIAN_POINT('Origin',(-11.0789686702687,-128.671602318541,35.1));
#13359=CARTESIAN_POINT('',(-11.0789686702687,-97.4716023185411,35.6));
#13360=CARTESIAN_POINT('',(-11.0789686702687,-128.671602318541,35.6));
#13361=CARTESIAN_POINT('',(-11.5789686702687,-97.4716023185411,35.1));
#13362=CARTESIAN_POINT('Origin',(-11.0789686702687,-97.4716023185411,35.1));
#13363=CARTESIAN_POINT('',(-11.5789686702687,-128.671602318541,35.1));
#13364=CARTESIAN_POINT('Origin',(36.5210313297313,-118.271602318541,35.6));
#13365=CARTESIAN_POINT('',(83.0210313297313,-97.4716023185411,35.6));
#13366=CARTESIAN_POINT('',(-11.5789686702687,-97.4716023185411,35.6));
#13367=CARTESIAN_POINT('',(83.0210313297313,-137.471602318541,35.6));
#13368=CARTESIAN_POINT('',(83.0210313297313,-86.4716023185411,35.6));
#13369=CARTESIAN_POINT('',(83.0210313297313,-137.471602318541,35.6));
#13370=CARTESIAN_POINT('',(-11.5789686702687,-97.4716023185411,35.6));
#13371=CARTESIAN_POINT('Origin',(84.6210313297313,-97.4716023185411,0.));
#13372=CARTESIAN_POINT('',(84.6210313297313,-97.4716023185411,34.));
#13373=CARTESIAN_POINT('',(84.6210313297313,-97.4716023185411,0.));
#13374=CARTESIAN_POINT('',(83.0210313297313,-97.4716023185411,34.));
#13375=CARTESIAN_POINT('',(-11.5789686702687,-97.4716023185411,34.));
#13376=CARTESIAN_POINT('',(83.0210313297313,-97.4716023185411,0.));
#13377=CARTESIAN_POINT('Origin',(84.6210313297313,17.6803263865057,0.));
#13378=CARTESIAN_POINT('',(84.6210313297313,-139.071602318541,-1.6));
#13379=CARTESIAN_POINT('',(84.6210313297313,-139.071602318541,0.));
#13380=CARTESIAN_POINT('',(84.6210313297313,-102.471602318541,-1.6));
#13381=CARTESIAN_POINT('',(84.6210313297313,-83.4716023185411,-1.6));
#13382=CARTESIAN_POINT('',(84.6210313297313,-102.471602318541,-1.59783777465921));
#13383=CARTESIAN_POINT('',(84.6210313297313,-102.471602318541,0.));
#13384=CARTESIAN_POINT('',(84.6210313297313,-102.071602318541,-1.6));
#13385=CARTESIAN_POINT('Origin',(84.6210313297313,-102.071602318541,35.4));
#13386=CARTESIAN_POINT('',(84.6210313297313,-7.31967361349435,-1.6));
#13387=CARTESIAN_POINT('',(84.6210313297313,-83.4716023185411,-1.6));
#13388=CARTESIAN_POINT('',(84.6210313297313,-7.31967361349435,34.));
#13389=CARTESIAN_POINT('',(84.6210313297313,-7.31967361349435,0.));
#13390=CARTESIAN_POINT('',(84.6210313297313,-83.4716023185411,34.));
#13391=CARTESIAN_POINT('',(84.6210313297313,-10.1000001490116,30.5000000521541));
#13392=CARTESIAN_POINT('Origin',(84.6210313297313,-13.0000001490116,30.5000000521541));
#13393=CARTESIAN_POINT('',(84.6210313297313,-39.7000004768372,19.000000141561));
#13394=CARTESIAN_POINT('Origin',(84.6210313297313,-45.6000004768372,19.000000141561));
#13395=CARTESIAN_POINT('',(84.6210313297313,-65.1000010430813,19.));
#13396=CARTESIAN_POINT('Origin',(84.6210313297313,-70.0000010430813,19.));
#13397=CARTESIAN_POINT('',(84.6210313297313,-90.0185535119317,18.7670041653408));
#13398=CARTESIAN_POINT('',(84.6210313297313,-87.5753526978884,17.877751792694));
#13399=CARTESIAN_POINT('',(84.6210313297313,-36.4454855946193,-0.731997914882613));
#13400=CARTESIAN_POINT('',(84.6210313297313,-89.4565081558938,12.7093196493404));
#13401=CARTESIAN_POINT('',(84.6210313297313,-85.2371384866964,24.3019425397919));
#13402=CARTESIAN_POINT('',(84.6210313297313,-91.8997089699371,13.5985720219872));
#13403=CARTESIAN_POINT('',(84.6210313297313,-40.2060262941965,-5.21638977158483));
#13404=CARTESIAN_POINT('',(84.6210313297313,-87.2259571002854,26.4395997479888));
#13405=CARTESIAN_POINT('',(84.6210313297313,-79.6000014603138,30.5000005140901));
#13406=CARTESIAN_POINT('Origin',(84.6210313297313,-82.5000014603138,30.5000005140901));
#13407=CARTESIAN_POINT('Origin',(83.9210313297313,-13.0000001490116,30.5000000521541));
#13408=CARTESIAN_POINT('',(83.2210313297313,-11.5000001490116,30.5000000521541));
#13409=CARTESIAN_POINT('',(83.9210313297313,-10.8000001490116,30.5000000521541));
#13410=CARTESIAN_POINT('Origin',(83.2210313297313,-13.0000001490116,30.5000000521541));
#13411=CARTESIAN_POINT('Origin',(83.0210313297313,-13.0000001490116,30.5000000521541));
#13412=CARTESIAN_POINT('',(83.0210313297313,-11.5000001490116,30.5000000521541));
#13413=CARTESIAN_POINT('',(83.0210313297313,-11.5000001490116,30.5000000521541));
#13414=CARTESIAN_POINT('Origin',(83.0210313297313,-13.0000001490116,30.5000000521541));
#13415=CARTESIAN_POINT('Origin',(83.9210313297313,-82.5000014603138,30.5000005140901));
#13416=CARTESIAN_POINT('',(83.2210313297313,-81.0000014603138,30.5000005140901));
#13417=CARTESIAN_POINT('',(83.9210313297313,-80.3000014603138,30.5000005140901));
#13418=CARTESIAN_POINT('Origin',(83.2210313297313,-82.5000014603138,30.5000005140901));
#13419=CARTESIAN_POINT('Origin',(83.0210313297313,-82.5000014603138,30.5000005140901));
#13420=CARTESIAN_POINT('',(83.0210313297313,-81.0000014603138,30.5000005140901));
#13421=CARTESIAN_POINT('',(83.0210313297313,-81.0000014603138,30.5000005140901));
#13422=CARTESIAN_POINT('Origin',(83.0210313297313,-82.5000014603138,30.5000005140901));
#13423=CARTESIAN_POINT('Origin',(-10.8789686702687,-13.0000001490116,30.5000000521541));
#13424=CARTESIAN_POINT('',(-11.5789686702687,-10.1000001490116,30.5000000521541));
#13425=CARTESIAN_POINT('Origin',(-11.5789686702687,-13.0000001490116,30.5000000521541));
#13426=CARTESIAN_POINT('',(-10.1789686702687,-11.5000001490116,30.5000000521541));
#13427=CARTESIAN_POINT('',(-10.8789686702687,-10.8000001490116,30.5000000521541));
#13428=CARTESIAN_POINT('Origin',(-10.1789686702687,-13.0000001490116,30.5000000521541));
#13429=CARTESIAN_POINT('Origin',(-11.5789686702687,-139.071602318541,0.));
#13430=CARTESIAN_POINT('',(-11.5789686702687,-97.4716023185411,34.));
#13431=CARTESIAN_POINT('',(-11.5789686702687,-97.4716023185411,0.));
#13432=CARTESIAN_POINT('',(-11.5789686702687,-7.31967361349435,34.));
#13433=CARTESIAN_POINT('',(-11.5789686702687,17.6803263865057,34.));
#13434=CARTESIAN_POINT('',(-11.5789686702687,-7.31967361349435,-1.6));
#13435=CARTESIAN_POINT('',(-11.5789686702687,-7.31967361349435,0.));
#13436=CARTESIAN_POINT('',(-11.5789686702687,-102.071602318541,-1.6));
#13437=CARTESIAN_POINT('',(-11.5789686702687,17.6803263865057,-1.6));
#13438=CARTESIAN_POINT('',(-11.5789686702687,-102.471602318541,-1.59783777465921));
#13439=CARTESIAN_POINT('Origin',(-11.5789686702687,-102.071602318541,35.4));
#13440=CARTESIAN_POINT('',(-11.5789686702687,-102.471602318541,-1.6));
#13441=CARTESIAN_POINT('',(-11.5789686702687,-102.471602318541,0.));
#13442=CARTESIAN_POINT('',(-11.5789686702687,-139.071602318541,-1.6));
#13443=CARTESIAN_POINT('',(-11.5789686702687,-140.471602318541,-1.6));
#13444=CARTESIAN_POINT('',(-11.5789686702687,-139.071602318541,0.));
#13445=CARTESIAN_POINT('',(-11.5789686702687,-79.6000014603138,30.5000005140901));
#13446=CARTESIAN_POINT('Origin',(-11.5789686702687,-82.5000014603138,30.5000005140901));
#13447=CARTESIAN_POINT('',(-11.5789686702687,-86.8722612510429,11.6228273462569));
#13448=CARTESIAN_POINT('',(-11.5789686702687,-84.5230296990782,10.7677769879427));
#13449=CARTESIAN_POINT('',(-11.5789686702687,-106.171712714228,18.6472532165215));
#13450=CARTESIAN_POINT('',(-11.5789686702687,-82.6438426537453,15.9308009619263));
#13451=CARTESIAN_POINT('',(-11.5789686702687,-88.5122344820492,-0.192473074850617));
#13452=CARTESIAN_POINT('',(-11.5789686702687,-84.9930742057101,16.7858513202405));
#13453=CARTESIAN_POINT('',(-11.5789686702687,-106.171910910467,24.4943174771564));
#13454=CARTESIAN_POINT('',(-11.5789686702687,-91.779677262657,-1.86018733352325));
#13455=CARTESIAN_POINT('',(-11.5789686702687,-106.90518261481,21.9769435294548));
#13456=CARTESIAN_POINT('Origin',(-11.5789686702687,-111.80518261481,21.9769435294548));
#13457=CARTESIAN_POINT('',(-11.5789686702687,-51.9051826148097,13.9769435294548));
#13458=CARTESIAN_POINT('Origin',(-11.5789686702687,-57.8051826148097,13.9769435294548));
#13459=CARTESIAN_POINT('Origin',(83.0210313297313,-13.0000001490116,30.5000000521541));
#13460=CARTESIAN_POINT('',(83.0210313297313,-11.5000001490116,30.5000000521541));
#13461=CARTESIAN_POINT('Origin',(-10.8789686702687,-82.5000014603138,30.5000005140901));
#13462=CARTESIAN_POINT('',(-10.1789686702687,-81.0000014603138,30.5000005140901));
#13463=CARTESIAN_POINT('',(-10.8789686702687,-80.3000014603138,30.5000005140901));
#13464=CARTESIAN_POINT('Origin',(-10.1789686702687,-82.5000014603138,30.5000005140901));
#13465=CARTESIAN_POINT('Origin',(83.0210313297313,-82.5000014603138,30.5000005140901));
#13466=CARTESIAN_POINT('',(83.0210313297313,-81.0000014603138,30.5000005140901));
#13467=CARTESIAN_POINT('Origin',(78.6585412594967,-88.5454966575664,15.2123031698583));
#13468=CARTESIAN_POINT('',(79.1047961306511,-89.4881519240707,12.6223791108079));
#13469=CARTESIAN_POINT('',(78.923600100267,-89.4891837483671,12.6195441968527));
#13470=CARTESIAN_POINT('',(79.0124274515062,-87.6074163249804,17.7896577012729));
#13471=CARTESIAN_POINT('',(78.8313974087543,-87.6085570861386,17.78652348575));
#13472=CARTESIAN_POINT('',(75.8374345276648,-87.6256180076391,17.7396489891722));
#13473=CARTESIAN_POINT('',(78.8125380530422,-87.6085553584476,17.786528232542));
#13474=CARTESIAN_POINT('',(74.2960511892622,-88.575145681938,15.1308431448885));
#13475=CARTESIAN_POINT('',(75.5990884195165,-87.7724447055213,17.3362459521679));
#13476=CARTESIAN_POINT('',(75.9296479913286,-89.5064643857373,12.5720660358841));
#13477=CARTESIAN_POINT('',(74.854214690625,-88.8933564594932,14.2565662189284));
#13478=CARTESIAN_POINT('',(77.3172614464714,-89.4985062217956,12.5939309116143));
#13479=CARTESIAN_POINT('',(75.8710313297313,-88.5569367114384,15.1808718801678));
#13480=CARTESIAN_POINT('Origin',(77.4710313297313,-88.5569367114384,15.1808718801678));
#13481=CARTESIAN_POINT('Origin',(79.0501279934826,-84.0364706756001,16.4902935184253));
#13482=CARTESIAN_POINT('',(79.0124274515062,-90.0506171390238,18.6789100739196));
#13483=CARTESIAN_POINT('',(78.2375289887288,-90.0551638214987,18.6664181664864));
#13484=CARTESIAN_POINT('',(79.0124146681339,-86.8556549405107,17.5160616097909));
#13485=CARTESIAN_POINT('Origin',(79.1423306849953,-89.6758678209723,12.6913948028307));
#13486=CARTESIAN_POINT('',(79.1047961306511,-91.931352738114,13.5116314834547));
#13487=CARTESIAN_POINT('',(79.1048081924261,-89.6760830178964,12.690803554141));
#13488=CARTESIAN_POINT('',(78.3297316802415,-91.9357904837272,13.4994388775891));
#13489=CARTESIAN_POINT('Origin',(77.4710313297313,-91.0001375254817,16.0701242528145));
#13490=CARTESIAN_POINT('',(75.9296479913286,-91.9496651997807,13.4613184085309));
#13491=CARTESIAN_POINT('',(76.7233930264459,-91.9451129571558,13.4738255923507));
#13492=CARTESIAN_POINT('',(74.2960511892622,-91.0183464959813,16.0200955175353));
#13493=CARTESIAN_POINT('',(74.7044503897788,-91.2511761719312,15.3804012402842));
#13494=CARTESIAN_POINT('',(75.8374345276649,-90.0688188216824,18.628901361819));
#13495=CARTESIAN_POINT('',(75.4520886930642,-90.3062007402571,17.9766999007481));
#13496=CARTESIAN_POINT('',(78.2186696330167,-90.0551620938077,18.6664229132784));
#13497=CARTESIAN_POINT('',(75.8710313297313,-91.0001375254817,16.0701242528145));
#13498=CARTESIAN_POINT('Origin',(77.4710313297313,-91.0001375254817,16.0701242528145));
#13499=CARTESIAN_POINT('Origin',(9.93936346217277,-82.7652382662826,25.4109347769357));
#13500=CARTESIAN_POINT('',(12.4323711941566,-82.6990104891797,25.4671045404866));
#13501=CARTESIAN_POINT('',(12.4323711941566,-82.7189120151765,25.4506870530837));
#13502=CARTESIAN_POINT('',(12.4323711941566,-91.773066107599,17.9815884131384));
#13503=CARTESIAN_POINT('',(9.93941431927506,-82.6971484691971,25.4671045404866));
#13504=CARTESIAN_POINT('',(9.93941431927506,-82.6971484691971,25.4671045404866));
#13505=CARTESIAN_POINT('',(10.2914538873406,-82.7002217792104,25.4647861669791));
#13506=CARTESIAN_POINT('Origin',(9.93941431927506,-82.6971484691971,25.4671045404866));
#13507=CARTESIAN_POINT('',(28.7043286604777,-70.4714576907392,33.9999992400408));
#13508=CARTESIAN_POINT('',(28.9339158581711,-70.8187569384858,33.7579995914915));
#13509=CARTESIAN_POINT('',(33.8546807314042,-78.262455698616,28.5711974445073));
#13510=CARTESIAN_POINT('',(26.2704903413782,-70.4696398271291,33.9999992400408));
#13511=CARTESIAN_POINT('',(19.6804956794439,-70.464716589414,34.));
#13512=CARTESIAN_POINT('',(27.8621913978375,-76.5437372879359,29.7662792969196));
#13513=CARTESIAN_POINT('',(29.1980300832999,-81.6414372200223,26.2131203287302));
#13514=CARTESIAN_POINT('',(30.4145868352114,-76.5430802674062,29.7680663927602));
#13515=CARTESIAN_POINT('',(19.9966160977832,-76.5457619916216,29.7607721028944));
#13516=CARTESIAN_POINT('',(33.4365186875151,-88.2259694904584,21.6249296603096));
#13517=CARTESIAN_POINT('Origin',(9.93941431927506,-82.6971484691971,25.4671045404866));
#13518=CARTESIAN_POINT('',(65.2843169382684,-82.7043003809594,25.4909371751673));
#13519=CARTESIAN_POINT('',(57.8695074514796,-70.4932415195128,33.9999992400408));
#13520=CARTESIAN_POINT('',(57.601198519343,-70.0513776834684,34.3079042995271));
#13521=CARTESIAN_POINT('',(68.0053129659497,-82.7035999603956,25.4928423191007));
#13522=CARTESIAN_POINT('',(38.3006099248125,-82.7112463459983,25.4720441502615));
#13523=CARTESIAN_POINT('',(60.6903954979755,-70.4953484752985,33.9999992400408));
#13524=CARTESIAN_POINT('',(67.3103733540866,-81.5437785973077,26.3010483384551));
#13525=CARTESIAN_POINT('',(36.1570177324846,-70.4770231052684,34.));
#13526=CARTESIAN_POINT('Origin',(9.93941431927506,-82.6971484691971,25.4671045404866));
#13527=CARTESIAN_POINT('',(12.4323711941566,-71.3124750730523,33.4052121674896));
#13528=CARTESIAN_POINT('',(12.4323711941566,-91.827259820069,19.1033579760937));
#13529=CARTESIAN_POINT('',(12.1918459865298,-70.4591243154572,33.9999992400408));
#13530=CARTESIAN_POINT('',(15.9886581290566,-83.9296979415686,24.6109842525354));
#13531=CARTESIAN_POINT('',(9.94855630068687,-70.457448774952,33.9999992400408));
#13532=CARTESIAN_POINT('',(10.5691486729863,-70.4579112128892,34.));
#13533=CARTESIAN_POINT('',(9.93851824497374,-83.8968534191178,24.6307314052028));
#13534=CARTESIAN_POINT('Origin',(10.5596932365237,-85.8140297183644,17.));
#13535=CARTESIAN_POINT('',(9.93681570910128,-86.1762857280345,16.0039949233948));
#13536=CARTESIAN_POINT('',(9.93580224701942,-87.5331547671017,12.3133671908681));
#13537=CARTESIAN_POINT('',(12.4323711941566,-86.1901715697108,16.0090489564427));
#13538=CARTESIAN_POINT('',(9.97576613308239,-86.1765024571049,16.0040738063253));
#13539=CARTESIAN_POINT('',(12.4323711941566,-88.950202876913,8.5019131953145));
#13540=CARTESIAN_POINT('Origin',(9.95001210343595,-68.5083539715389,0.));
#13541=CARTESIAN_POINT('',(9.95001210343595,-68.5083539715389,34.));
#13542=CARTESIAN_POINT('',(9.95001210343595,-68.5083539715389,34.));
#13543=CARTESIAN_POINT('',(9.95001210343595,-68.5083539715389,0.));
#13544=CARTESIAN_POINT('',(9.93242174140138,-92.0591291391423,0.00290387184364693));
#13545=CARTESIAN_POINT('Ctrl Pts',(9.93286057237005,-91.471602318541,0.));
#13546=CARTESIAN_POINT('Ctrl Pts',(9.93271429406658,-91.6674463512078,0.));
#13547=CARTESIAN_POINT('Ctrl Pts',(9.93256801409342,-91.8632926193109,0.000967935198957006));
#13548=CARTESIAN_POINT('Ctrl Pts',(9.93242174140138,-92.0591291391423,0.00290387184364693));
#13549=CARTESIAN_POINT('',(9.93599094571449,-87.2805163885821,13.0005331436753));
#13550=CARTESIAN_POINT('',(9.93580224701942,-87.5331547671017,12.3133671908681));
#13551=CARTESIAN_POINT('',(9.93834559848891,-84.1280003699175,11.853111149834));
#13552=CARTESIAN_POINT('',(9.94334068603301,-77.440350424884,9.41900563264982));
#13553=CARTESIAN_POINT('',(9.93978158890013,-82.2054312237501,12.7496198660244));
#13554=CARTESIAN_POINT('Origin',(9.93872878703163,-83.614970154929,13.2626500810129));
#13555=CARTESIAN_POINT('',(9.93983268070583,-82.137027195085,12.9375583901816));
#13556=CARTESIAN_POINT('',(9.93886247968705,-83.4359763591625,9.36872489285932));
#13557=CARTESIAN_POINT('',(9.93916306738004,-83.0335359112754,14.8601275363489));
#13558=CARTESIAN_POINT('Origin',(9.93877987883732,-83.5465661262639,13.4505886051701));
#13559=CARTESIAN_POINT('',(9.94415730708321,-76.3470210941631,12.4264351719402));
#13560=CARTESIAN_POINT('Origin',(11.1823960690712,-80.2921612158019,34.));
#13561=CARTESIAN_POINT('',(11.6450164535301,-68.5190474276123,34.));
#13562=CARTESIAN_POINT('',(12.4323711941566,-71.3124750730523,34.));
#13563=CARTESIAN_POINT('',(11.6450164535301,-68.5190474276123,34.));
#13564=CARTESIAN_POINT('Origin',(51.4913747415017,-59.989430991889,0.));
#13565=CARTESIAN_POINT('',(51.4913747415017,-59.989430991889,34.));
#13566=CARTESIAN_POINT('',(70.9749891533852,-92.075968460065,34.));
#13567=CARTESIAN_POINT('',(51.4913747415017,-59.989430991889,0.));
#13568=CARTESIAN_POINT('',(70.9743057423227,-92.0748429864132,0.00306128833280628));
#13569=CARTESIAN_POINT('Ctrl Pts',(70.6080054339131,-91.471602318541,0.));
#13570=CARTESIAN_POINT('Ctrl Pts',(70.7301053569277,-91.6726822450808,0.));
#13571=CARTESIAN_POINT('Ctrl Pts',(70.8522080853901,-91.8737667917644,0.00102038257303396));
#13572=CARTESIAN_POINT('Ctrl Pts',(70.9743057423227,-92.0748429864132,0.00306128833280628));
#13573=CARTESIAN_POINT('',(68.0715762106425,-87.294490742251,13.0056193924539));
#13574=CARTESIAN_POINT('',(67.5457865730575,-86.4285955058693,15.3608544354123));
#13575=CARTESIAN_POINT('',(66.1488172493592,-84.1280003699175,11.853111149834));
#13576=CARTESIAN_POINT('',(60.3921959815527,-74.6477242725363,8.40257283776191));
#13577=CARTESIAN_POINT('',(64.9813931868139,-82.2054312237501,12.7496198660244));
#13578=CARTESIAN_POINT('Origin',(65.8372946084262,-83.614970154929,13.2626500810129));
#13579=CARTESIAN_POINT('',(64.9398568346895,-82.137027195085,12.9375583901816));
#13580=CARTESIAN_POINT('',(65.181060635266,-82.5342530188491,11.8461894089655));
#13581=CARTESIAN_POINT('',(65.4842356153688,-83.0335359112754,14.8601275363489));
#13582=CARTESIAN_POINT('Origin',(65.7957582563018,-83.5465661262639,13.4505886051701));
#13583=CARTESIAN_POINT('',(67.401073317064,-86.190274873341,16.0090865558892));
#13584=CARTESIAN_POINT('',(58.5662252767996,-71.6406293775503,10.7134486762961));
#13585=CARTESIAN_POINT('',(67.5457865730575,-86.4285955058693,15.3608544354123));
#13586=CARTESIAN_POINT('Origin',(62.3620887517896,-75.0358355813204,34.));
#13587=CARTESIAN_POINT('',(53.5202833733612,-58.528770263463,34.));
#13588=CARTESIAN_POINT('',(53.5202833733612,-58.528770263463,34.));
#13589=CARTESIAN_POINT('',(53.1365150559716,-57.9957027025757,34.));
#13590=CARTESIAN_POINT('',(53.5202833733612,-58.528770263463,34.));
#13591=CARTESIAN_POINT('',(51.1031461738479,-58.5405422524554,34.));
#13592=CARTESIAN_POINT('',(51.1031461738479,-58.5405422524554,34.));
#13593=CARTESIAN_POINT('',(51.4913747415017,-59.989430991889,34.));
#13594=CARTESIAN_POINT('Origin',(28.9339158581711,-70.8187569384858,0.));
#13595=CARTESIAN_POINT('',(28.9339158581711,-70.8187569384858,0.));
#13596=CARTESIAN_POINT('',(26.7280734232348,-67.481953205535,34.));
#13597=CARTESIAN_POINT('',(26.7280734232348,-67.481953205535,0.));
#13598=CARTESIAN_POINT('',(26.7280734232348,-67.481953205535,34.));
#13599=CARTESIAN_POINT('Origin',(33.2454320862641,-87.4872223235681,0.));
#13600=CARTESIAN_POINT('',(32.4309442645777,-84.3383852685455,8.5648367896614));
#13601=CARTESIAN_POINT('Origin',(77.4710313297313,-87.8051826148097,14.9072557655072));
#13602=CARTESIAN_POINT('',(75.8710313297313,-84.9861047524519,13.8811953355302));
#13603=CARTESIAN_POINT('',(75.8710313297313,-87.8051826148097,14.9072557655072));
#13604=CARTESIAN_POINT('Origin',(77.4710313297313,-84.9861047524519,13.8811953355302));
#13605=CARTESIAN_POINT('Origin',(74.2960511892622,-87.8233915853093,14.857227030228));
#13606=CARTESIAN_POINT('',(74.2960511892622,-87.8233915853093,14.857227030228));
#13607=CARTESIAN_POINT('',(75.9296479913286,-88.7547102891086,12.2984499212236));
#13608=CARTESIAN_POINT('Origin',(75.8374345276649,-86.8738639110103,17.4660328745117));
#13609=CARTESIAN_POINT('',(75.8374345276649,-86.8738639110103,17.4660328745117));
#13610=CARTESIAN_POINT('Origin',(79.0124146681339,-86.8556549405107,17.5160616097909));
#13611=CARTESIAN_POINT('Origin',(-6.29738117487984,-83.1088863702416,10.2673972515492));
#13612=CARTESIAN_POINT('',(-6.25967971741619,-84.5184949475255,10.7802361154366));
#13613=CARTESIAN_POINT('',(-6.29738117487984,-84.5184253014204,10.7804274665377));
#13614=CARTESIAN_POINT('',(-6.25967971741618,-86.8677264994903,11.6352864737508));
#13615=CARTESIAN_POINT('',(-5.48467057469723,-86.8669483461821,11.6374244323937));
#13616=CARTESIAN_POINT('',(-6.25966723828504,-86.8677338487559,11.6352662818095));
#13617=CARTESIAN_POINT('Origin',(-6.31138582181607,-84.9884820170641,16.7984682548515));
#13618=CARTESIAN_POINT('',(-6.27674491819557,-82.6392202657519,15.9435008685624));
#13619=CARTESIAN_POINT('',(-6.31138582181607,-82.6392504650993,15.9434178965373));
#13620=CARTESIAN_POINT('',(-6.2767449181956,-84.9884518177167,16.7985512268765));
#13621=CARTESIAN_POINT('',(-6.2767449181956,-85.9281444385026,17.1405713702022));
#13622=CARTESIAN_POINT('',(-5.49867522163346,-84.987773509861,16.8004148623934));
#13623=CARTESIAN_POINT('Origin',(59.6210313297313,-7.31967361349435,0.));
#13624=CARTESIAN_POINT('',(59.6210313297313,17.6803263865056,34.));
#13625=CARTESIAN_POINT('Origin',(59.6210313297313,-7.31967361349435,34.));
#13626=CARTESIAN_POINT('',(59.6210313297313,17.6803263865056,-1.6));
#13627=CARTESIAN_POINT('Origin',(59.6210313297313,-7.31967361349435,-1.6));
#13628=CARTESIAN_POINT('',(59.6210313297313,17.6803263865057,0.));
#13629=CARTESIAN_POINT('Origin',(-10.7789686702687,-95.9716023185411,34.));
#13630=CARTESIAN_POINT('',(13.4210313297313,17.6803263865057,34.));
#13631=CARTESIAN_POINT('',(84.6210313297313,17.6803263865056,34.));
#13632=CARTESIAN_POINT('Origin',(13.4210313297313,-7.31967361349435,34.));
#13633=CARTESIAN_POINT('',(-11.5789686702687,-97.4716023185411,34.));
#13634=CARTESIAN_POINT('',(15.0210313297313,14.6803263865056,34.));
#13635=CARTESIAN_POINT('Origin',(15.0210313297313,-10.3196736134944,34.));
#13636=CARTESIAN_POINT('',(58.0210313297313,14.6803263865056,34.));
#13637=CARTESIAN_POINT('',(83.0210313297313,14.6803263865056,34.));
#13638=CARTESIAN_POINT('',(83.0210313297313,-10.3196736134944,34.));
#13639=CARTESIAN_POINT('Origin',(58.0210313297313,-10.3196736134944,34.));
#13640=CARTESIAN_POINT('',(83.0210313297313,-89.8196736134944,34.));
#13641=CARTESIAN_POINT('Origin',(13.4210313297313,-7.31967361349435,0.));
#13642=CARTESIAN_POINT('',(13.4210313297313,17.6803263865057,-1.6));
#13643=CARTESIAN_POINT('',(13.4210313297313,17.6803263865057,0.));
#13644=CARTESIAN_POINT('Origin',(13.4210313297313,-7.31967361349435,-1.6));
#13645=CARTESIAN_POINT('Origin',(38.7857718152063,-24.3504844760987,-1.6));
#13646=CARTESIAN_POINT('',(61.7034015724688,-102.071602318541,-1.6));
#13647=CARTESIAN_POINT('',(84.6210313297313,17.6803263865056,-1.6));
#13648=CARTESIAN_POINT('Origin',(58.0210313297313,-10.3196736134944,0.));
#13649=CARTESIAN_POINT('',(58.4990686839959,14.6757555744177,4.9034606058173));
#13650=CARTESIAN_POINT('',(58.4990687088387,14.6757555739426,4.90348987319606));
#13651=CARTESIAN_POINT('Ctrl Pts',(58.4990692489051,14.6757555636138,4.90348986276593));
#13652=CARTESIAN_POINT('Ctrl Pts',(58.4990690606328,14.6757555672146,4.90348011056757));
#13653=CARTESIAN_POINT('Ctrl Pts',(58.4990688723255,14.6757555708159,4.90347035803341));
#13654=CARTESIAN_POINT('Ctrl Pts',(58.4990686839959,14.6757555744177,4.90346060581743));
#13655=CARTESIAN_POINT('',(58.0210313297313,14.6803263865056,2.86451807056359));
#13656=CARTESIAN_POINT('Ctrl Pts',(58.4990686839959,14.6757555744177,4.90346060581743));
#13657=CARTESIAN_POINT('Ctrl Pts',(58.4874828393905,14.6759771535897,4.30351453270194));
#13658=CARTESIAN_POINT('Ctrl Pts',(58.3613397763244,14.6791847037817,3.67034125920458));
#13659=CARTESIAN_POINT('Ctrl Pts',(58.088129974912,14.6802554075786,3.01113760505681));
#13660=CARTESIAN_POINT('Ctrl Pts',(58.0554496522468,14.6803263865056,2.93738513856729));
#13661=CARTESIAN_POINT('Ctrl Pts',(58.0210313297313,14.6803263865056,2.86451807056359));
#13662=CARTESIAN_POINT('',(58.0210313297313,14.6803263865056,0.));
#13663=CARTESIAN_POINT('',(83.0210313297313,-10.3196736134944,0.));
#13664=CARTESIAN_POINT('',(58.0210313297313,14.6803263865056,7.52617708536792));
#13665=CARTESIAN_POINT('',(58.0210313297313,14.6803263865056,0.));
#13666=CARTESIAN_POINT('',(58.4999249334994,14.6757391839857,5.91220928736152));
#13667=CARTESIAN_POINT('Ctrl Pts',(58.0210313297313,14.6803263865056,7.52617708536793));
#13668=CARTESIAN_POINT('Ctrl Pts',(58.0686222247508,14.6803263865056,7.42953873921844));
#13669=CARTESIAN_POINT('Ctrl Pts',(58.1131485291399,14.6801907799236,7.33123363577739));
#13670=CARTESIAN_POINT('Ctrl Pts',(58.3304663893309,14.6790310553537,6.80689995015976));
#13671=CARTESIAN_POINT('Ctrl Pts',(58.4466336424775,14.6767602056638,6.35684081965644));
#13672=CARTESIAN_POINT('Ctrl Pts',(58.4999249333325,14.6757391839857,5.91220928734122));
#13673=CARTESIAN_POINT('Ctrl Pts',(58.4999249336687,14.6757391839793,5.91220928736136));
#13674=CARTESIAN_POINT('Ctrl Pts',(58.4994968213941,14.6757473862935,5.40784974563775));
#13675=CARTESIAN_POINT('Ctrl Pts',(58.4990687088387,14.6757555739426,4.90348987319606));
#13676=CARTESIAN_POINT('Origin',(15.0210313297313,-10.3196736134944,0.));
#13677=CARTESIAN_POINT('',(15.0210313297313,14.6803263865056,7.46660540288586));
#13678=CARTESIAN_POINT('',(14.5370222309142,14.6756406512286,5.19203804425335));
#13679=CARTESIAN_POINT('Ctrl Pts',(14.5370222309142,14.6756406512286,5.19203804425378));
#13680=CARTESIAN_POINT('Ctrl Pts',(14.5359735203213,14.6756203440037,5.23392138527415));
#13681=CARTESIAN_POINT('Ctrl Pts',(14.5354556077911,14.675610266035,5.27564907848788));
#13682=CARTESIAN_POINT('Ctrl Pts',(14.5354556077911,14.675610266035,5.94538982707695));
#13683=CARTESIAN_POINT('Ctrl Pts',(14.6610785827368,14.6790393932864,6.61539636516475));
#13684=CARTESIAN_POINT('Ctrl Pts',(14.9492975891801,14.6802450455942,7.31081110124524));
#13685=CARTESIAN_POINT('Ctrl Pts',(14.9841837253802,14.6803263865056,7.3892141475974));
#13686=CARTESIAN_POINT('Ctrl Pts',(15.0210313297313,14.6803263865056,7.46660540288586));
#13687=CARTESIAN_POINT('',(15.0210313297313,14.6803263865056,0.));
#13688=CARTESIAN_POINT('',(15.0210313297313,14.6803263865056,2.84613508314886));
#13689=CARTESIAN_POINT('',(15.0210313297313,14.6803263865056,0.));
#13690=CARTESIAN_POINT('Ctrl Pts',(15.0210313297313,14.6803263865056,2.84613508314886));
#13691=CARTESIAN_POINT('Ctrl Pts',(14.9834006858656,14.6803263865056,2.92497049966645));
#13692=CARTESIAN_POINT('Ctrl Pts',(14.9478057100795,14.6802415554906,3.00486017014896));
#13693=CARTESIAN_POINT('Ctrl Pts',(14.6589563281627,14.6790087535208,3.70179481639405));
#13694=CARTESIAN_POINT('Ctrl Pts',(14.5333330092331,14.6755689408035,4.37180224062231));
#13695=CARTESIAN_POINT('Ctrl Pts',(14.5333330092331,14.6755689408035,5.06361463355502));
#13696=CARTESIAN_POINT('Ctrl Pts',(14.5345478392469,14.6755927371248,5.12766105509014));
#13697=CARTESIAN_POINT('Ctrl Pts',(14.5370222309143,14.6756406512286,5.1920380442544));
#13698=CARTESIAN_POINT('Origin',(-9.97896867026874,14.6803263865056,0.));
#13699=CARTESIAN_POINT('',(53.5166668827831,14.6803263865056,2.72376846782718E-5));
#13700=CARTESIAN_POINT('Origin',(53.5000002160668,14.6803263865056,5.));
#13701=CARTESIAN_POINT('',(48.5370222309142,14.6803263865056,5.19203804425337));
#13702=CARTESIAN_POINT('Origin',(53.5333335494002,14.6803263865056,5.));
#13703=CARTESIAN_POINT('Origin',(53.5354556077911,14.6803263865056,5.31719305583287));
#13704=CARTESIAN_POINT('',(24.4999249336663,14.6803263865056,5.91220928455631));
#13705=CARTESIAN_POINT('Origin',(19.5354556077911,14.6803263865056,5.31719305583287));
#13706=CARTESIAN_POINT('',(24.4990692490976,14.6803263865056,4.90348987273747));
#13707=CARTESIAN_POINT('',(24.4969751906806,14.6803263865056,2.43711382796954));
#13708=CARTESIAN_POINT('',(19.5166668827329,14.6803263865056,2.72376848431399E-5));
#13709=CARTESIAN_POINT('Origin',(19.5000002160668,14.6803263865056,5.));
#13710=CARTESIAN_POINT('Origin',(19.5333335494002,14.6803263865056,5.));
#13711=CARTESIAN_POINT('',(25.8703555642476,14.6803263865056,5.19203804425337));
#13712=CARTESIAN_POINT('',(35.8332582669996,14.6803263865056,5.91220928455631));
#13713=CARTESIAN_POINT('Origin',(30.8687889411244,14.6803263865056,5.31719305583287));
#13714=CARTESIAN_POINT('',(35.8324025824309,14.6803263865056,4.90348987273747));
#13715=CARTESIAN_POINT('',(35.8303044411752,14.6803263865056,2.43230383111692));
#13716=CARTESIAN_POINT('',(30.8500002160666,14.6803263865056,2.72376848442502E-5));
#13717=CARTESIAN_POINT('Origin',(30.8333335494002,14.6803263865056,5.));
#13718=CARTESIAN_POINT('Origin',(30.8666668827335,14.6803263865056,5.));
#13719=CARTESIAN_POINT('',(37.2036888975809,14.6803263865056,5.19203804425337));
#13720=CARTESIAN_POINT('',(47.166591600333,14.6803263865056,5.91220928455622));
#13721=CARTESIAN_POINT('Origin',(42.2021222744578,14.6803263865056,5.31719305583287));
#13722=CARTESIAN_POINT('',(47.1657359157643,14.6803263865056,4.90348987273746));
#13723=CARTESIAN_POINT('',(47.1636336916697,14.6803263865056,2.42749383426399));
#13724=CARTESIAN_POINT('',(42.1833335494498,14.6803263865056,2.72376846738309E-5));
#13725=CARTESIAN_POINT('Origin',(42.1666668827335,14.6803263865056,5.));
#13726=CARTESIAN_POINT('Origin',(42.2000002160668,14.6803263865056,5.));
#13727=CARTESIAN_POINT('Origin',(42.1666668827335,14.6803263865056,5.));
#13728=CARTESIAN_POINT('',(47.1657359157643,17.1803263865056,4.90348987273746));
#13729=CARTESIAN_POINT('',(47.1657359157643,14.6803263865056,4.90348987273746));
#13730=CARTESIAN_POINT('',(42.1833335494498,17.1803263865056,2.72376846732758E-5));
#13731=CARTESIAN_POINT('Origin',(42.1666668827335,17.1803263865056,5.));
#13732=CARTESIAN_POINT('',(42.1833335494498,14.6803263865056,2.72376846738309E-5));
#13733=CARTESIAN_POINT('Origin',(42.2000002160668,14.6803263865056,5.));
#13734=CARTESIAN_POINT('',(37.2036888975809,17.1803263865056,5.19203804425337));
#13735=CARTESIAN_POINT('Origin',(42.2000002160668,17.1803263865056,5.));
#13736=CARTESIAN_POINT('',(37.2036888975809,14.6803263865056,5.19203804425337));
#13737=CARTESIAN_POINT('Origin',(42.1832956381164,17.1803263865056,5.15861014675877));
#13738=CARTESIAN_POINT('',(47.166591600333,17.1803263865056,5.91220928455622));
#13739=CARTESIAN_POINT('',(47.1657353755054,17.1803263865056,4.90348987319605));
#13740=CARTESIAN_POINT('Origin',(42.2021222744578,17.1803263865056,5.31719305583287));
#13741=CARTESIAN_POINT('Origin',(42.2021222744578,14.6803263865056,5.31719305583287));
#13742=CARTESIAN_POINT('',(47.166591600333,14.6803263865056,5.91220928455622));
#13743=CARTESIAN_POINT('Origin',(47.1657353755054,14.6803263865056,4.90348987319605));
#13744=CARTESIAN_POINT('Origin',(30.8333335494002,14.6803263865056,5.));
#13745=CARTESIAN_POINT('',(35.8324025824309,17.1803263865056,4.90348987273747));
#13746=CARTESIAN_POINT('',(35.8324025824309,14.6803263865056,4.90348987273747));
#13747=CARTESIAN_POINT('',(30.8500002160666,17.1803263865056,2.72376848442502E-5));
#13748=CARTESIAN_POINT('Origin',(30.8333335494002,17.1803263865056,5.));
#13749=CARTESIAN_POINT('',(30.8500002160666,14.6803263865056,2.72376848442502E-5));
#13750=CARTESIAN_POINT('Origin',(30.8666668827335,14.6803263865056,5.));
#13751=CARTESIAN_POINT('',(25.8703555642476,17.1803263865056,5.19203804425337));
#13752=CARTESIAN_POINT('Origin',(30.8666668827335,17.1803263865056,5.));
#13753=CARTESIAN_POINT('',(25.8703555642476,14.6803263865056,5.19203804425337));
#13754=CARTESIAN_POINT('Origin',(30.849962304783,17.1803263865056,5.15861014675885));
#13755=CARTESIAN_POINT('',(35.8332582669996,17.1803263865056,5.91220928455631));
#13756=CARTESIAN_POINT('',(35.832402042172,17.1803263865056,4.90348987319605));
#13757=CARTESIAN_POINT('Origin',(30.8687889411244,17.1803263865056,5.31719305583287));
#13758=CARTESIAN_POINT('Origin',(30.8687889411244,14.6803263865056,5.31719305583287));
#13759=CARTESIAN_POINT('',(35.8332582669996,14.6803263865056,5.91220928455631));
#13760=CARTESIAN_POINT('Origin',(35.832402042172,14.6803263865056,4.90348987319605));
#13761=CARTESIAN_POINT('Origin',(53.5000002160668,14.6803263865056,5.));
#13762=CARTESIAN_POINT('',(58.4990692490976,17.1803263865056,4.90348987273747));
#13763=CARTESIAN_POINT('',(58.4990692490976,14.6803263865056,4.90348987273747));
#13764=CARTESIAN_POINT('',(58.4990692490976,14.6803263865056,4.90348987273747));
#13765=CARTESIAN_POINT('',(53.5166668827831,17.1803263865056,2.72376846777167E-5));
#13766=CARTESIAN_POINT('Origin',(53.5000002160668,17.1803263865056,5.));
#13767=CARTESIAN_POINT('',(53.5166668827831,14.6803263865056,2.72376846782718E-5));
#13768=CARTESIAN_POINT('',(58.4990692490976,14.6803263865056,4.90348987273747));
#13769=CARTESIAN_POINT('Origin',(53.5333335494002,14.6803263865056,5.));
#13770=CARTESIAN_POINT('',(48.5370222309142,17.1803263865056,5.19203804425337));
#13771=CARTESIAN_POINT('Origin',(53.5333335494002,17.1803263865056,5.));
#13772=CARTESIAN_POINT('',(48.5370222309142,14.6803263865056,5.19203804425337));
#13773=CARTESIAN_POINT('Origin',(53.5166289714497,17.1803263865056,5.15861014675877));
#13774=CARTESIAN_POINT('',(58.4999249336663,17.1803263865056,5.91220928455629));
#13775=CARTESIAN_POINT('',(58.4990687088387,17.1803263865056,4.90348987319605));
#13776=CARTESIAN_POINT('Origin',(53.5354556077911,17.1803263865056,5.31719305583287));
#13777=CARTESIAN_POINT('Origin',(53.5354556077911,14.6803263865056,5.31719305583287));
#13778=CARTESIAN_POINT('',(58.4999249336663,14.6803263865056,5.91220928455628));
#13779=CARTESIAN_POINT('Origin',(58.4990687088387,14.6803263865056,4.90348987319605));
#13780=CARTESIAN_POINT('Origin',(19.5000002160668,14.6803263865056,5.));
#13781=CARTESIAN_POINT('',(24.4990692490976,17.1803263865056,4.90348987273747));
#13782=CARTESIAN_POINT('',(24.4990692490976,14.6803263865056,4.90348987273747));
#13783=CARTESIAN_POINT('',(19.5166668827329,17.1803263865056,2.72376848431399E-5));
#13784=CARTESIAN_POINT('Origin',(19.5000002160668,17.1803263865056,5.));
#13785=CARTESIAN_POINT('',(19.5166668827329,14.6803263865056,2.72376848431399E-5));
#13786=CARTESIAN_POINT('Origin',(19.5333335494002,14.6803263865056,5.));
#13787=CARTESIAN_POINT('',(14.5370222309142,17.1803263865056,5.19203804425337));
#13788=CARTESIAN_POINT('Origin',(19.5333335494002,17.1803263865056,5.));
#13789=CARTESIAN_POINT('',(14.5370222309142,14.6803263865056,5.19203804425337));
#13790=CARTESIAN_POINT('Origin',(19.5166289714497,17.1803263865056,5.15861014675885));
#13791=CARTESIAN_POINT('',(24.4999249336663,17.1803263865056,5.91220928455631));
#13792=CARTESIAN_POINT('',(24.4990687088387,17.1803263865056,4.90348987319605));
#13793=CARTESIAN_POINT('Origin',(19.5354556077911,17.1803263865056,5.31719305583287));
#13794=CARTESIAN_POINT('Origin',(19.5354556077911,14.6803263865056,5.31719305583287));
#13795=CARTESIAN_POINT('',(24.4999249336663,14.6803263865056,5.91220928455631));
#13796=CARTESIAN_POINT('Origin',(24.4990687088387,14.6803263865056,4.90348987319605));
#13797=CARTESIAN_POINT('Origin',(83.0210313297313,-45.6000004768372,19.000000141561));
#13798=CARTESIAN_POINT('',(83.0210313297313,-39.7000004768372,19.000000141561));
#13799=CARTESIAN_POINT('Origin',(83.0210313297313,-45.6000004768372,19.000000141561));
#13800=CARTESIAN_POINT('',(83.0210313297313,-39.7000004768372,19.000000141561));
#13801=CARTESIAN_POINT('Origin',(83.0210313297313,-70.0000010430813,19.));
#13802=CARTESIAN_POINT('',(83.0210313297313,-65.1000010430813,19.));
#13803=CARTESIAN_POINT('Origin',(83.0210313297313,-70.0000010430813,19.));
#13804=CARTESIAN_POINT('',(83.0210313297313,-65.1000010430813,19.));
#13805=CARTESIAN_POINT('Origin',(75.8294916010127,-86.0966973668393,26.910791406185));
#13806=CARTESIAN_POINT('',(73.3210313297313,-80.2443476658654,26.9090658594657));
#13807=CARTESIAN_POINT('',(73.3210313297313,-89.288888112825,26.9117326134865));
#13808=CARTESIAN_POINT('',(73.3210313297313,-89.6598710869981,26.911841996638));
#13809=CARTESIAN_POINT('',(83.0210313297313,-89.288888112825,26.9117326134865));
#13810=CARTESIAN_POINT('',(77.0837217366535,-89.288888112825,26.9117326134865));
#13811=CARTESIAN_POINT('',(83.0210313297313,-80.2443476658654,26.9090658594657));
#13812=CARTESIAN_POINT('',(83.0210313297313,-35.7042225903369,26.8959333450688));
#13813=CARTESIAN_POINT('',(75.8294916010127,-80.2443476658654,26.9090658594657));
#13814=CARTESIAN_POINT('Origin',(73.3210313297313,-93.2309799880475,-1.33226762955019E-14));
#13815=CARTESIAN_POINT('',(73.3210313297313,-79.5603073792141,28.7884511010375));
#13816=CARTESIAN_POINT('',(73.3210313297313,-91.5752826407698,1.36186542848278));
#13817=CARTESIAN_POINT('',(73.3210313297313,-91.5752826407698,-6.66133814775094E-15));
#13818=CARTESIAN_POINT('',(73.3210313297313,-92.0748429864132,0.00306128833280739));
#13819=CARTESIAN_POINT('',(73.3210313297313,-89.019732244118,8.31296250737566));
#13820=CARTESIAN_POINT('',(73.3210313297313,-98.9132781739271,0.468938244584982));
#13821=CARTESIAN_POINT('Ctrl Pts',(73.3210313297313,-92.0748429864132,0.00306128833280638));
#13822=CARTESIAN_POINT('Ctrl Pts',(73.3210313297313,-94.3573166224104,0.0262281957830041));
#13823=CARTESIAN_POINT('Ctrl Pts',(73.3210313297313,-96.6436476885632,0.18098699843223));
#13824=CARTESIAN_POINT('Ctrl Pts',(73.3210313297313,-98.9132781739271,0.468938244584981));
#13825=CARTESIAN_POINT('',(73.3210313297313,-95.6863907157511,9.33473867104479));
#13826=CARTESIAN_POINT('Origin',(2.00000002980232,-35.0000005215406,27.));
#13827=CARTESIAN_POINT('',(-0.98314348164614,-34.9957838551407,23.));
#13828=CARTESIAN_POINT('',(0.0109299886911935,-34.9971889756739,21.0198986589599));
#13829=CARTESIAN_POINT('Origin',(-9.97896867026873,-67.8226559723949,27.));
#13830=CARTESIAN_POINT('',(-6.98422649525097,-67.8226559723949,23.));
#13831=CARTESIAN_POINT('',(-2.99396867026873,-67.8226559723949,18.015));
#13832=CARTESIAN_POINT('Origin',(-3.99396867026874,-63.7358013865132,17.015));
#13833=CARTESIAN_POINT('',(-2.99396867026874,-25.0000003874302,18.015));
#13834=CARTESIAN_POINT('Origin',(-3.98948432023321,-30.0000004544854,23.));
#13835=CARTESIAN_POINT('Origin',(-3.99396867026874,-84.441465431766,17.015));
#13836=CARTESIAN_POINT('Origin',(-1.49011611938477E-7,-25.0000003874302,
27.));
#13837=CARTESIAN_POINT('',(-1.49011611938477E-7,-25.0000003874302,23.5));
#13838=CARTESIAN_POINT('',(-1.49011611938477E-7,-25.0000003874302,27.));
#13839=CARTESIAN_POINT('',(-1.49011611938477E-7,-75.0000011324883,23.5));
#13840=CARTESIAN_POINT('Origin',(-8.00000014901161,-34.9858655445971,27.));
#13841=CARTESIAN_POINT('',(-8.00000014901161,-25.0000003874302,24.));
#13842=CARTESIAN_POINT('',(-8.00000014901161,-42.4929331485529,24.));
#13843=CARTESIAN_POINT('',(-8.00000014901161,-25.0000003874302,23.5));
#13844=CARTESIAN_POINT('',(-8.00000014901161,-25.0000003874302,23.5));
#13845=CARTESIAN_POINT('',(-8.00000014901161,-25.0000003874302,27.));
#13846=CARTESIAN_POINT('Origin',(-4.00000014901161,-29.99858695669,23.5));
#13847=CARTESIAN_POINT('',(-6.98948440964017,-25.0000003874302,23.5));
#13848=CARTESIAN_POINT('Origin',(-9.97896867026873,-25.0000003874302,27.));
#13849=CARTESIAN_POINT('',(-6.98422649525097,-25.0000003874302,24.));
#13850=CARTESIAN_POINT('Origin',(-3.98948432023321,-50.0000007525086,24.));
#13851=CARTESIAN_POINT('Origin',(-9.97896867026873,-57.8051826148097,13.9769435294548));
#13852=CARTESIAN_POINT('',(-9.97896867026873,-51.9051826148097,13.9769435294548));
#13853=CARTESIAN_POINT('Origin',(-9.97896867026873,-111.80518261481,21.9769435294548));
#13854=CARTESIAN_POINT('',(-9.97896867026873,-106.90518261481,21.9769435294548));
#13855=CARTESIAN_POINT('Origin',(86.0000012814999,-753.711930123131,-490.690423006089));
#13856=CARTESIAN_POINT('',(83.0210313297313,-130.860488442445,12.1577962373429));
#13857=CARTESIAN_POINT('',(83.0210313297313,-120.000001788139,-1.6));
#13858=CARTESIAN_POINT('Origin',(83.0210313297313,-753.711930123131,-490.690423006089));
#13859=CARTESIAN_POINT('',(-9.97896867026874,-130.860488442445,12.1577962373429));
#13860=CARTESIAN_POINT('',(86.0000012814999,-130.860488442445,12.1577962373429));
#13861=CARTESIAN_POINT('',(-9.97896867026874,-120.000001788139,-1.6));
#13862=CARTESIAN_POINT('Origin',(-9.97896867026872,-753.711930123131,-490.690423006089));
#13863=CARTESIAN_POINT('',(86.0000012814999,-120.000001788139,-1.6));
#13864=CARTESIAN_POINT('Origin',(-9.97896867026873,-137.471602318541,0.));
#13865=CARTESIAN_POINT('',(-9.97896867026873,-137.471602318541,24.637100762341));
#13866=CARTESIAN_POINT('Origin',(-9.97896867026873,-102.071602318541,35.4));
#13867=CARTESIAN_POINT('',(-9.97896867026873,-137.471602318541,-1.6));
#13868=CARTESIAN_POINT('',(-9.97896867026873,-137.471602318541,0.));
#13869=CARTESIAN_POINT('',(-9.97896867026873,-137.471602318541,-1.6));
#13870=CARTESIAN_POINT('Origin',(61.7034015724688,-102.071602318541,35.4));
#13871=CARTESIAN_POINT('',(83.0210313297313,-137.471602318541,24.637100762341));
#13872=CARTESIAN_POINT('Origin',(83.0210313297313,-102.071602318541,35.4));
#13873=CARTESIAN_POINT('',(61.7034015724688,-137.471602318541,24.637100762341));
#13874=CARTESIAN_POINT('Origin',(83.0210313297313,-102.471602318541,0.));
#13875=CARTESIAN_POINT('',(83.0210313297313,-137.471602318541,-1.6));
#13876=CARTESIAN_POINT('',(83.0210313297313,-86.4716023185411,-1.6));
#13877=CARTESIAN_POINT('',(83.0210313297313,-137.471602318541,0.));
#13878=CARTESIAN_POINT('Origin',(61.7034015724688,-102.071602318541,35.4));
#13879=CARTESIAN_POINT('',(61.7034015724688,-102.471602318541,-1.59783777465921));
#13880=CARTESIAN_POINT('Origin',(-9.97896867026873,-102.471602318541,0.));
#13881=CARTESIAN_POINT('',(-11.5789686702687,-102.471602318541,-1.6));
#13882=CARTESIAN_POINT('Origin',(36.5210313297313,-120.771602318541,-1.6));
#13883=CARTESIAN_POINT('',(-11.5789686702687,-139.071602318541,-1.6));
#13884=CARTESIAN_POINT('',(83.0210313297313,-137.471602318541,-1.6));
#13885=CARTESIAN_POINT('Origin',(83.0210313297313,-137.471602318541,0.));
#13886=CARTESIAN_POINT('Origin',(83.0210313297313,14.6803263865056,0.));
#13887=CARTESIAN_POINT('',(83.0210313297313,-85.8948524284144,11.3844316158415));
#13888=CARTESIAN_POINT('',(83.0210313297313,-98.9132781739271,0.46893824458498));
#13889=CARTESIAN_POINT('',(83.0210313297313,-89.3747782715968,26.6757513417075));
#13890=CARTESIAN_POINT('',(83.0210313297313,-102.471602318541,1.03284664978558));
#13891=CARTESIAN_POINT('Ctrl Pts',(83.0210313297313,-98.9132781739271,0.468938244584988));
#13892=CARTESIAN_POINT('Ctrl Pts',(83.0210313297313,-99.7572882792315,0.576019006477803));
#13893=CARTESIAN_POINT('Ctrl Pts',(83.0210313297313,-100.598766832579,0.701484875240239));
#13894=CARTESIAN_POINT('Ctrl Pts',(83.0210313297313,-101.436706549348,0.845386763913283));
#13895=CARTESIAN_POINT('Ctrl Pts',(83.0210313297313,-101.782267902313,0.90473104650188));
#13896=CARTESIAN_POINT('Ctrl Pts',(83.0210313297313,-102.127257846796,0.96721602835152));
#13897=CARTESIAN_POINT('Ctrl Pts',(83.0210313297313,-102.471602318535,1.03284664978447));
#13898=CARTESIAN_POINT('',(83.0210313297313,-137.471420838572,35.5));
#13899=CARTESIAN_POINT('Ctrl Pts',(83.0210313297313,-102.471576110464,1.03279772442184));
#13900=CARTESIAN_POINT('Ctrl Pts',(83.0210313297313,-105.272089157268,1.56689619134621));
#13901=CARTESIAN_POINT('Ctrl Pts',(83.0210313297313,-108.081967118732,2.31899218641843));
#13902=CARTESIAN_POINT('Ctrl Pts',(83.0210313297313,-110.81538619031,3.2997294226439));
#13903=CARTESIAN_POINT('Ctrl Pts',(83.0210313297313,-114.007095337095,4.44489886994976));
#13904=CARTESIAN_POINT('Ctrl Pts',(83.0210313297312,-117.094557820337,5.90180559952359));
#13905=CARTESIAN_POINT('Ctrl Pts',(83.0210313297312,-119.935482414031,7.63369650304096));
#13906=CARTESIAN_POINT('Ctrl Pts',(83.0210313297312,-122.776407007724,9.36558740655833));
#13907=CARTESIAN_POINT('Ctrl Pts',(83.0210313297312,-125.370793711867,11.3724624840192));
#13908=CARTESIAN_POINT('Ctrl Pts',(83.0210313297312,-127.608449070112,13.57079959724));
#13909=CARTESIAN_POINT('Ctrl Pts',(83.0210313297312,-129.846104428358,15.7691367104607));
#13910=CARTESIAN_POINT('Ctrl Pts',(83.0210313297312,-131.727028440704,18.1589358594412));
#13911=CARTESIAN_POINT('Ctrl Pts',(83.0210313297312,-133.206644660768,20.6292636843918));
#13912=CARTESIAN_POINT('Ctrl Pts',(83.0210313297312,-134.686260880832,23.0995915093424));
#13913=CARTESIAN_POINT('Ctrl Pts',(83.0210313297312,-135.764569308614,25.650448010263));
#13914=CARTESIAN_POINT('Ctrl Pts',(83.0210313297312,-136.460904668041,28.1761929564931));
#13915=CARTESIAN_POINT('Ctrl Pts',(83.0210313297312,-137.147563940406,30.6668408368251));
#13916=CARTESIAN_POINT('Ctrl Pts',(83.0210313297312,-137.462791976815,33.1330702003344));
#13917=CARTESIAN_POINT('Ctrl Pts',(83.0210313297312,-137.47142003529,35.4999983709692));
#13918=CARTESIAN_POINT('Ctrl Pts',(83.0210313297313,-137.47142003529,35.4999983709692));
#13919=CARTESIAN_POINT('Ctrl Pts',(83.0210313297313,-137.471541617927,35.5333520355465));
#13920=CARTESIAN_POINT('Ctrl Pts',(83.0210313297313,-137.471602318541,35.5666859817351));
#13921=CARTESIAN_POINT('Ctrl Pts',(83.0210313297313,-137.471602318541,35.6));
#13922=CARTESIAN_POINT('Ctrl Pts',(-9.97896867026875,-91.471602318541,0.));
#13923=CARTESIAN_POINT('Ctrl Pts',(21.0210313297313,-91.471602318541,0.));
#13924=CARTESIAN_POINT('Ctrl Pts',(52.0210313297313,-91.471602318541,0.));
#13925=CARTESIAN_POINT('Ctrl Pts',(83.0210313297313,-91.471602318541,0.));
#13926=CARTESIAN_POINT('Ctrl Pts',(-9.97896867026875,-94.5694034551678,
0.));
#13927=CARTESIAN_POINT('Ctrl Pts',(21.0210313297313,-94.5694034551678,0.));
#13928=CARTESIAN_POINT('Ctrl Pts',(52.0210313297312,-94.5694034551678,0.));
#13929=CARTESIAN_POINT('Ctrl Pts',(83.0210313297313,-94.5694034551678,0.));
#13930=CARTESIAN_POINT('Ctrl Pts',(-9.97896867026875,-101.031765422869,
0.48769564526229));
#13931=CARTESIAN_POINT('Ctrl Pts',(21.0210313297312,-101.031765422869,0.48769564526229));
#13932=CARTESIAN_POINT('Ctrl Pts',(52.0210313297314,-101.031765422869,0.48769564526229));
#13933=CARTESIAN_POINT('Ctrl Pts',(83.0210313297313,-101.031765422869,0.48769564526229));
#13934=CARTESIAN_POINT('Ctrl Pts',(-9.97896867026875,-110.919632853852,
2.98799214037592));
#13935=CARTESIAN_POINT('Ctrl Pts',(21.0210313297313,-110.919632853852,2.98799214037592));
#13936=CARTESIAN_POINT('Ctrl Pts',(52.0210313297312,-110.919632853852,2.98799214037592));
#13937=CARTESIAN_POINT('Ctrl Pts',(83.0210313297313,-110.919632853852,2.98799214037592));
#13938=CARTESIAN_POINT('Ctrl Pts',(-9.97896867026875,-120.18202030358,7.35871232909742));
#13939=CARTESIAN_POINT('Ctrl Pts',(21.0210313297312,-120.18202030358,7.35871232909742));
#13940=CARTESIAN_POINT('Ctrl Pts',(52.0210313297313,-120.18202030358,7.35871232909742));
#13941=CARTESIAN_POINT('Ctrl Pts',(83.0210313297313,-120.18202030358,7.35871232909742));
#13942=CARTESIAN_POINT('Ctrl Pts',(-9.97896867026875,-127.965180416011,
13.3793375614802));
#13943=CARTESIAN_POINT('Ctrl Pts',(21.0210313297313,-127.965180416011,13.3793375614802));
#13944=CARTESIAN_POINT('Ctrl Pts',(52.0210313297312,-127.965180416011,13.3793375614802));
#13945=CARTESIAN_POINT('Ctrl Pts',(83.0210313297313,-127.965180416011,13.3793375614802));
#13946=CARTESIAN_POINT('Ctrl Pts',(-9.97896867026875,-133.607952453051,
20.5487350084217));
#13947=CARTESIAN_POINT('Ctrl Pts',(21.0210313297312,-133.607952453051,20.5487350084217));
#13948=CARTESIAN_POINT('Ctrl Pts',(52.0210313297313,-133.607952453051,20.5487350084217));
#13949=CARTESIAN_POINT('Ctrl Pts',(83.0210313297313,-133.607952453051,20.5487350084217));
#13950=CARTESIAN_POINT('Ctrl Pts',(-9.97896867026874,-136.842877736396,
28.2013045111836));
#13951=CARTESIAN_POINT('Ctrl Pts',(21.0210313297313,-136.842877736396,28.2013045111836));
#13952=CARTESIAN_POINT('Ctrl Pts',(52.0210313297312,-136.842877736396,28.2013045111836));
#13953=CARTESIAN_POINT('Ctrl Pts',(83.0210313297313,-136.842877736396,28.2013045111836));
#13954=CARTESIAN_POINT('Ctrl Pts',(-9.97896867026874,-137.471602318541,
33.2025712942628));
#13955=CARTESIAN_POINT('Ctrl Pts',(21.0210313297313,-137.471602318541,33.2025712942628));
#13956=CARTESIAN_POINT('Ctrl Pts',(52.0210313297313,-137.471602318541,33.2025712942628));
#13957=CARTESIAN_POINT('Ctrl Pts',(83.0210313297313,-137.471602318541,33.2025712942628));
#13958=CARTESIAN_POINT('Ctrl Pts',(-9.97896867026874,-137.471602318541,
35.6));
#13959=CARTESIAN_POINT('Ctrl Pts',(21.0210313297313,-137.471602318541,35.6));
#13960=CARTESIAN_POINT('Ctrl Pts',(52.0210313297313,-137.471602318541,35.6));
#13961=CARTESIAN_POINT('Ctrl Pts',(83.0210313297313,-137.471602318541,35.6));
#13962=CARTESIAN_POINT('Ctrl Pts',(83.0210313297312,-98.9132781739271,0.468938244584987));
#13963=CARTESIAN_POINT('Ctrl Pts',(79.7876979963978,-98.9132781739271,0.468938244584987));
#13964=CARTESIAN_POINT('Ctrl Pts',(76.5543646630645,-98.9132781739271,0.468938244584987));
#13965=CARTESIAN_POINT('Ctrl Pts',(73.3210313297311,-98.9132781739271,0.468938244584987));
#13966=CARTESIAN_POINT('Ctrl Pts',(70.9743057423227,-92.0748429864132,0.00306128833280628));
#13967=CARTESIAN_POINT('Ctrl Pts',(71.7565476047922,-92.0748429864132,0.00306128833280628));
#13968=CARTESIAN_POINT('Ctrl Pts',(72.5387894672618,-92.0748429864132,0.00306128833280716));
#13969=CARTESIAN_POINT('Ctrl Pts',(73.3210313297313,-92.0748429864132,0.00306128833280739));
#13970=CARTESIAN_POINT('',(12.4323711941566,-92.0748429640992,0.00306128810632189));
#13971=CARTESIAN_POINT('Ctrl Pts',(12.4323711941566,-92.0748429640992,0.00306128810632189));
#13972=CARTESIAN_POINT('Ctrl Pts',(12.4323711941566,-91.8737690057003,0.00102040512094708));
#13973=CARTESIAN_POINT('Ctrl Pts',(12.4323711941566,-91.6726844667455,0.));
#13974=CARTESIAN_POINT('Ctrl Pts',(12.4323711941566,-91.471602318541,0.));
#13975=CARTESIAN_POINT('Ctrl Pts',(9.93242174140138,-92.0591291391423,0.00290387184364693));
#13976=CARTESIAN_POINT('Ctrl Pts',(10.7657382241047,-92.0643673344842,0.00295565388271718));
#13977=CARTESIAN_POINT('Ctrl Pts',(11.599054708351,-92.069605276113,0.00300812603406129));
#13978=CARTESIAN_POINT('Ctrl Pts',(12.4323711941566,-92.0748429640992,0.00306128810632189));
#13979=CARTESIAN_POINT('Origin',(10.5596932365237,-85.8140297183644,17.));
#13980=CARTESIAN_POINT('',(12.4323711941566,-87.2944068194306,13.0055888470453));
#13981=CARTESIAN_POINT('',(12.4323711941566,-88.950202876913,8.5019131953145));
#13982=CARTESIAN_POINT('',(11.6959177126094,-87.2903090237663,13.0040973713974));
#13983=CARTESIAN_POINT('Origin',(12.4323711941566,-92.075968460065,0.));
#13984=CARTESIAN_POINT('',(12.4323711941566,-83.0335359112754,14.8601275363489));
#13985=CARTESIAN_POINT('',(12.4323711941566,-86.752202282129,16.2136114065064));
#13986=CARTESIAN_POINT('',(12.4323711941566,-82.137027195085,12.9375583901816));
#13987=CARTESIAN_POINT('Origin',(12.4323711941566,-83.5465661262639,13.4505886051701));
#13988=CARTESIAN_POINT('',(12.4323711941566,-82.2054312237502,12.7496198660244));
#13989=CARTESIAN_POINT('',(12.4323711941566,-84.8144713950665,5.58134090888255));
#13990=CARTESIAN_POINT('',(12.4323711941566,-84.1280003699175,11.853111149834));
#13991=CARTESIAN_POINT('Origin',(12.4323711941566,-83.614970154929,13.2626500810129));
#13992=CARTESIAN_POINT('',(12.4323711941566,-87.8466667407711,13.2065950199914));
#13993=CARTESIAN_POINT('',(12.4323711941566,-71.3124750730523,0.));
#13994=CARTESIAN_POINT('Origin',(66.6685389525874,-85.825968460065,17.));
#13995=CARTESIAN_POINT('',(70.7560743845485,-87.294490742251,13.0056193924539));
#13996=CARTESIAN_POINT('',(71.6828504772958,-88.8412362332522,8.79847165693084));
#13997=CARTESIAN_POINT('',(69.7854018822358,-87.294490742251,13.0056193924539));
#13998=CARTESIAN_POINT('Origin',(64.8126898886953,-83.5465661262639,13.4505886051701));
#13999=CARTESIAN_POINT('',(67.6658349479135,-82.137027195085,12.9375583901816));
#14000=CARTESIAN_POINT('',(64.8126898886953,-82.137027195085,12.9375583901816));
#14001=CARTESIAN_POINT('',(68.2030033766813,-83.0335359112754,14.8601275363489));
#14002=CARTESIAN_POINT('Origin',(68.5103998687833,-83.5465661262639,13.4505886051701));
#14003=CARTESIAN_POINT('',(64.8126898886953,-83.0335359112754,14.8601275363489));
#14004=CARTESIAN_POINT('Origin',(67.5092148630917,-82.1712292094176,12.843589128103));
#14005=CARTESIAN_POINT('',(67.7068211468604,-82.2054312237502,12.7496198660244));
#14006=CARTESIAN_POINT('',(70.205739837488,-82.2054312237501,12.7496198660244));
#14007=CARTESIAN_POINT('',(69.3222956612913,-84.9015818264444,5.34200696567291));
#14008=CARTESIAN_POINT('Origin',(70.205739837488,-83.614970154929,13.2626500810129));
#14009=CARTESIAN_POINT('',(68.8587825598323,-84.1280003699175,11.853111149834));
#14010=CARTESIAN_POINT('Origin',(68.5513860677302,-83.614970154929,13.2626500810129));
#14011=CARTESIAN_POINT('',(70.205739837488,-84.1280003699175,11.853111149834));
#14012=CARTESIAN_POINT('Origin',(11.9654080806845,-83.614970154929,13.2626500810129));
#14013=CARTESIAN_POINT('',(11.9654080806845,-82.2054312237501,12.7496198660244));
#14014=CARTESIAN_POINT('',(11.9654080806845,-84.1280003699175,11.853111149834));
#14015=CARTESIAN_POINT('Origin',(11.1052713502608,-82.1712292094176,12.843589128103));
#14016=CARTESIAN_POINT('',(10.245134619837,-82.137027195085,12.9375583901816));
#14017=CARTESIAN_POINT('Origin',(10.245134619837,-83.5465661262639,13.4505886051701));
#14018=CARTESIAN_POINT('',(10.245134619837,-83.0335359112754,14.8601275363489));
#14019=CARTESIAN_POINT('Origin',(62.116164914299,-87.262152704812,16.3992181813144));
#14020=CARTESIAN_POINT('',(70.0944523694905,-86.190274873341,16.0090865558892));
#14021=CARTESIAN_POINT('',(69.8143189728001,-85.7227454758946,15.8389197715743));
#14022=CARTESIAN_POINT('',(64.3923519334432,-86.190274873341,16.0090865558892));
#14023=CARTESIAN_POINT('Origin',(72.9022648118843,-88.3566171634541,13.3922017947995));
#14024=CARTESIAN_POINT('',(71.6104008346429,-88.7203212042878,13.5245792397453));
#14025=CARTESIAN_POINT('Origin',(9.38499788941332,-87.262152704812,16.3992181813144));
#14026=CARTESIAN_POINT('Origin',(12.8255448111082,-88.3566171634541,13.3922017947995));
#14027=CARTESIAN_POINT('Origin',(73.6210313297313,-92.075968460065,0.));
#14028=CARTESIAN_POINT('',(71.6828504772958,-88.8412362332522,8.79847165693084));
#14029=CARTESIAN_POINT('',(53.5202833733612,-58.528770263463,0.));
#14030=CARTESIAN_POINT('Origin',(66.6685389525874,-85.825968460065,17.));
#14031=CARTESIAN_POINT('Origin',(30.0685498769025,-81.2372223235681,17.));
#14032=CARTESIAN_POINT('',(29.5892707694725,-83.134452537692,11.8395338175828));
#14033=CARTESIAN_POINT('Origin',(29.407197258976,-77.4845877645515,34.));
#14034=CARTESIAN_POINT('',(25.5689624316879,-67.792536059658,34.));
#14035=CARTESIAN_POINT('',(25.5689624316879,-67.792536059658,34.));
#14036=CARTESIAN_POINT('',(25.5689624316879,-67.792536059658,34.));
#14037=CARTESIAN_POINT('Origin',(-9.97896867026873,-97.4716023185411,0.));
#14038=CARTESIAN_POINT('Origin',(78.3379518722942,-92.9734920291322,16.7883665537984));
#14039=CARTESIAN_POINT('',(75.8710313297313,-92.9734920291322,16.7883665537984));
#14040=CARTESIAN_POINT('Origin',(77.4710313297313,-92.9734920291322,16.7883665537984));
#14041=CARTESIAN_POINT('Origin',(77.4710313297313,-87.8051826148097,14.9072557655072));
#14042=CARTESIAN_POINT('',(75.8710313297313,-87.8051826148097,14.9072557655072));
#14043=CARTESIAN_POINT('Origin',(75.9296479913286,-88.7547102891086,12.2984499212236));
#14044=CARTESIAN_POINT('Origin',(-4.67896867026873,-87.8051826148097,14.9072557655072));
#14045=CARTESIAN_POINT('',(-6.27896867026873,-85.9257973732379,14.2232154788559));
#14046=CARTESIAN_POINT('Origin',(-4.67896867026873,-85.9257973732379,14.2232154788559));
#14047=CARTESIAN_POINT('',(-6.27896867026873,-87.8051826148097,14.9072557655072));
#14048=CARTESIAN_POINT('',(-6.27896867026873,-87.8051826148097,14.9072557655072));
#14049=CARTESIAN_POINT('Origin',(-4.67896867026873,-87.8051826148097,14.9072557655072));
#14050=CARTESIAN_POINT('Origin',(-4.67896867026873,-85.9257973732378,14.2232154788559));
#14051=CARTESIAN_POINT('',(-6.2736862674619,-84.9866291712297,16.8035589069431));
#14052=CARTESIAN_POINT('',(-7.45921019347413,-85.6930815278682,14.8625970091583));
#14053=CARTESIAN_POINT('',(-3.09827010225242,-84.9838608977198,16.8111646759024));
#14054=CARTESIAN_POINT('',(-5.47983222615953,-84.9859371028522,16.8054603491829));
#14055=CARTESIAN_POINT('',(-1.50355250505925,-85.9230290997279,14.2308212478152));
#14056=CARTESIAN_POINT('',(-2.69959070295413,-85.2186529482219,16.1660788188806));
#14057=CARTESIAN_POINT('',(-3.08425107307556,-86.864965575246,11.6428720507688));
#14058=CARTESIAN_POINT('',(-1.89872714706333,-86.1585132186074,13.5838339485536));
#14059=CARTESIAN_POINT('',(-3.87810511437793,-86.8656576436234,11.6409706085289));
#14060=CARTESIAN_POINT('Origin',(-7.85438483547821,-87.8079508883195,14.899649996548));
#14061=CARTESIAN_POINT('',(-6.27674491819558,-81.2296813345731,15.4304706535739));
#14062=CARTESIAN_POINT('',(-6.27674491819558,-81.2296813345731,15.4304706535739));
#14063=CARTESIAN_POINT('',(-6.2736862674619,-81.2278586880861,15.4354783336404));
#14064=CARTESIAN_POINT('',(-9.59153767414862,-83.2049625607296,10.0034300876363));
#14065=CARTESIAN_POINT('',(-6.2736862674619,-84.9866291712297,16.8035589069431));
#14066=CARTESIAN_POINT('Origin',(-3.08425107307556,-88.7443508168178,12.3269123374201));
#14067=CARTESIAN_POINT('',(-3.08425107307555,-84.5157340232812,10.7878216924546));
#14068=CARTESIAN_POINT('',(-6.25966723828503,-84.5185022967911,10.7802159234953));
#14069=CARTESIAN_POINT('',(-3.08425107307556,-86.864965575246,11.6428720507688));
#14070=CARTESIAN_POINT('Origin',(-3.09827010225242,-86.8632461392916,17.4952049625537));
#14071=CARTESIAN_POINT('',(-1.50355250505924,-83.5737975477632,13.375770889501));
#14072=CARTESIAN_POINT('',(-3.09827010225241,-82.6346293457551,15.9561143175882));
#14073=CARTESIAN_POINT('',(-1.50355250505924,-83.5737975477632,13.375770889501));
#14074=CARTESIAN_POINT('',(-1.50355250505925,-87.8024143412998,14.9148615344665));
#14075=CARTESIAN_POINT('',(-3.09827010225242,-84.9838608977198,16.8111646759024));
#14076=CARTESIAN_POINT('Origin',(-6.2736862674619,-86.8660144128015,17.4875991935944));
#14077=CARTESIAN_POINT('',(-3.09827010225242,-81.2250904145762,15.4430841025997));
#14078=CARTESIAN_POINT('',(-8.13852720824176,-81.2294844245275,15.4310116594776));
#14079=CARTESIAN_POINT('',(-3.09827010225242,-81.2250904145762,15.4430841025997));
#14080=CARTESIAN_POINT('Origin',(-1.50355250505925,-87.8024143412998,14.9148615344665));
#14081=CARTESIAN_POINT('',(-3.08425107307555,-84.5157340232812,10.7878216924546));
#14082=CARTESIAN_POINT('Origin',(-9.97896867026873,-90.1432424950645,8.48348903917438));
#14083=CARTESIAN_POINT('',(4.02103132973127,-84.5050867703491,6.43136817922036));
#14084=CARTESIAN_POINT('',(-9.97896867026873,-84.5050867703491,6.43136817922036));
#14085=CARTESIAN_POINT('',(4.02103132973127,-90.1432424950645,8.48348903917438));
#14086=CARTESIAN_POINT('',(4.02103132973127,-88.2638572534927,7.79944875252304));
#14087=CARTESIAN_POINT('',(-9.97896867026873,-90.1432424950645,8.48348903917438));
#14088=CARTESIAN_POINT('Origin',(-9.97896867026873,-85.2181524311749,22.0150627784915));
#14089=CARTESIAN_POINT('',(4.02103132973127,-85.2181524311749,22.0150627784915));
#14090=CARTESIAN_POINT('',(4.02103132973127,-82.3793852415718,29.8145115310145));
#14091=CARTESIAN_POINT('',(-9.97896867026873,-85.2181524311749,22.0150627784915));
#14092=CARTESIAN_POINT('Origin',(-9.97896867026873,-83.3387671896031,21.3310224918401));
#14093=CARTESIAN_POINT('',(4.02103132973127,-79.5799967064594,19.9629419185374));
#14094=CARTESIAN_POINT('',(4.02103132973127,-83.3387671896031,21.3310224918401));
#14095=CARTESIAN_POINT('',(-9.97896867026873,-79.5799967064594,19.9629419185374));
#14096=CARTESIAN_POINT('Origin',(4.02103132973127,-86.7410048423338,14.9072557655073));
#14097=CARTESIAN_POINT('',(4.02103132973127,-76.7412295168564,27.7623906710605));
#14098=CARTESIAN_POINT('Origin',(76.8537853395377,-36.9086288736138,0.));
#14099=CARTESIAN_POINT('',(80.8161402758572,-37.4561171005409,4.1));
#14100=CARTESIAN_POINT('',(80.8161402758572,-37.4561171005409,0.));
#14101=CARTESIAN_POINT('',(80.5330912332539,-35.339327073301,4.1));
#14102=CARTESIAN_POINT('Origin',(76.8537853395377,-36.9086288736138,4.1));
#14103=CARTESIAN_POINT('',(80.5330912332539,-35.339327073301,0.));
#14104=CARTESIAN_POINT('Origin',(66.838544164555,-38.2478285058592,0.));
#14105=CARTESIAN_POINT('Origin',(66.838544164555,-38.2478285058592,4.1));
#14106=CARTESIAN_POINT('Origin',(76.8349628076974,-36.9086288736138,4.1));
#14107=CARTESIAN_POINT('',(74.7037853395376,-36.9086288736138,4.1));
#14108=CARTESIAN_POINT('Origin',(76.8537853395377,-36.9086288736138,4.1));
#14109=CARTESIAN_POINT('Origin',(55.6547345663292,2.63483216267539,0.));
#14110=CARTESIAN_POINT('',(51.9047345663292,2.63483216267539,4.1));
#14111=CARTESIAN_POINT('Origin',(55.6547345663292,2.63483216267539,4.1));
#14112=CARTESIAN_POINT('',(51.9047345663292,2.63483216267539,0.));
#14113=CARTESIAN_POINT('Origin',(55.6547345663292,2.63483216267539,4.1));
#14114=CARTESIAN_POINT('Origin',(12.3210313297313,-70.4716023185411,0.));
#14115=CARTESIAN_POINT('',(51.4410272944385,-59.989430991889,4.1));
#14116=CARTESIAN_POINT('',(51.4410272944385,-59.989430991889,0.));
#14117=CARTESIAN_POINT('',(12.3210313297313,-70.4716023185411,4.1));
#14118=CARTESIAN_POINT('',(14.6093084954138,-69.8584602999379,4.1));
#14119=CARTESIAN_POINT('',(12.3210313297313,-70.4716023185411,0.));
#14120=CARTESIAN_POINT('Origin',(11.5405353923572,-67.5587518251599,0.));
#14121=CARTESIAN_POINT('',(11.5405353923572,-67.5587518251599,4.1));
#14122=CARTESIAN_POINT('',(12.3210313297313,-70.4716023185411,4.1));
#14123=CARTESIAN_POINT('',(11.5405353923572,-67.5587518251599,0.));
#14124=CARTESIAN_POINT('Origin',(50.6605313570645,-57.0765804985079,0.));
#14125=CARTESIAN_POINT('',(50.6605313570645,-57.0765804985079,4.1));
#14126=CARTESIAN_POINT('',(50.6605313570645,-57.0765804985079,4.1));
#14127=CARTESIAN_POINT('',(50.6605313570645,-57.0765804985079,0.));
#14128=CARTESIAN_POINT('Origin',(51.4410272944385,-59.989430991889,0.));
#14129=CARTESIAN_POINT('',(51.4410272944385,-59.989430991889,4.1));
#14130=CARTESIAN_POINT('Origin',(31.4907813433979,-63.7740914085245,4.1));
#14131=CARTESIAN_POINT('Origin',(0.,-11.3,0.));
#14132=CARTESIAN_POINT('',(-4.,-11.3,4.1));
#14133=CARTESIAN_POINT('Origin',(0.,-11.3,4.1));
#14134=CARTESIAN_POINT('',(-4.,-11.3,0.));
#14135=CARTESIAN_POINT('Origin',(0.,-11.3,4.1));
#14136=CARTESIAN_POINT('',(-2.15,-11.3,4.1));
#14137=CARTESIAN_POINT('Origin',(0.,-11.3,4.1));
#14138=CARTESIAN_POINT('Origin',(11.6450164535301,-68.5190474276123,0.));
#14139=CARTESIAN_POINT('',(11.6450164535301,-68.5190474276123,0.));
#14140=CARTESIAN_POINT('Origin',(12.4323711941566,-71.3124750730523,0.));
#14141=CARTESIAN_POINT('Origin',(26.7280734232348,-67.481953205535,0.));
#14142=CARTESIAN_POINT('',(25.5689624316879,-67.792536059658,0.));
#14143=CARTESIAN_POINT('Origin',(25.5689624316879,-67.792536059658,0.));
#14144=CARTESIAN_POINT('Origin',(51.1031461738479,-58.5405422524554,0.));
#14145=CARTESIAN_POINT('',(51.1031461738479,-58.5405422524554,0.));
#14146=CARTESIAN_POINT('Origin',(53.1365150559716,-57.9957027025757,0.));
#14147=CARTESIAN_POINT('',(53.1365150559716,-57.9957027025757,0.));
#14148=CARTESIAN_POINT('Origin',(53.5202833733612,-58.528770263463,0.));
#14149=CARTESIAN_POINT('Origin',(0.,-11.3,0.));
#14150=CARTESIAN_POINT('',(-2.15,-11.3,-1.2));
#14151=CARTESIAN_POINT('',(-2.15,-11.3,0.));
#14152=CARTESIAN_POINT('Origin',(0.,-11.3,-1.2));
#14153=CARTESIAN_POINT('Origin',(0.,-11.3,-1.2));
#14154=CARTESIAN_POINT('Origin',(76.8537853395377,-36.9086288736138,0.));
#14155=CARTESIAN_POINT('',(74.7037853395376,-36.9086288736138,-1.2));
#14156=CARTESIAN_POINT('',(74.7037853395376,-36.9086288736138,0.));
#14157=CARTESIAN_POINT('Origin',(76.8537853395377,-36.9086288736138,-1.2));
#14158=CARTESIAN_POINT('Origin',(76.8537853395377,-36.9086288736138,-1.2));
#14159=CARTESIAN_POINT('Origin',(-11.5789686702687,17.6803263865057,0.));
#14160=CARTESIAN_POINT('Origin',(84.6210313297313,-139.071602318541,0.));
#14161=CARTESIAN_POINT('Origin',(-4.67896867026873,-87.8051826148097,14.9072557655072));
#14162=CARTESIAN_POINT('',(-6.27896867026873,-83.5765658212731,13.3681651205418));
#14163=CARTESIAN_POINT('Origin',(-4.67896867026873,-83.5765658212731,13.3681651205418));
#14164=CARTESIAN_POINT('',(-6.27896867026873,-82.1670268900942,12.8551349055532));
#14165=CARTESIAN_POINT('',(-6.27896867026873,-87.8051826148097,14.9072557655072));
#14166=CARTESIAN_POINT('Origin',(-4.67896867026873,-82.1670268900942,12.8551349055532));
#14167=CARTESIAN_POINT('Origin',(-3.09827010225242,-81.2250904145762,15.4430841025997));
#14168=CARTESIAN_POINT('',(-3.09827010225242,-81.2250904145762,15.4430841025997));
#14169=CARTESIAN_POINT('',(-3.09827010225241,-82.6346293457551,15.9561143175882));
#14170=CARTESIAN_POINT('Origin',(-5.74126058766399,-82.1685931649186,12.8508316008406));
#14171=CARTESIAN_POINT('Origin',(-5.74126058766398,-83.5781320960975,13.3638618158291));
#14172=CARTESIAN_POINT('Origin',(78.6585412594967,-84.9746646985799,13.9126266252208));
#14173=CARTESIAN_POINT('Origin',(85.7210313297313,-36.6000004860471,19.0000001414084));
#14174=CARTESIAN_POINT('',(85.7210313297313,-31.1774295670998,15.4159068629087));
#14175=CARTESIAN_POINT('',(85.7210313297313,-33.0159071962737,13.5774292299125));
#14176=CARTESIAN_POINT('Origin',(85.7210313297313,-36.6000004860471,19.0000001414084));
#14177=CARTESIAN_POINT('',(85.7210313297313,-36.0092724053255,16.5707944389644));
#14178=CARTESIAN_POINT('',(85.7210313297313,-35.7514723394133,16.3129943730521));
#14179=CARTESIAN_POINT('',(85.7210313297313,-34.1707947742405,18.4092720700494));
#14180=CARTESIAN_POINT('Origin',(85.7210313297313,-36.6000004768372,19.000000141561));
#14181=CARTESIAN_POINT('',(85.7210313297313,-33.9129947083283,18.1514720041372));
#14182=CARTESIAN_POINT('Origin',(80.3210313297313,-36.6000004860471,19.0000001414084));
#14183=CARTESIAN_POINT('',(80.6210313297313,-29.9059880969338,17.3266208854125));
#14184=CARTESIAN_POINT('',(80.0210313297313,-30.5263029412559,17.3266208854125));
#14185=CARTESIAN_POINT('Ctrl Pts',(80.6210313297313,-29.9059880969338,17.3266208854125));
#14186=CARTESIAN_POINT('Ctrl Pts',(80.3064559317733,-30.2302435837386,17.3266208854125));
#14187=CARTESIAN_POINT('Ctrl Pts',(80.0210313297313,-30.5263029412559,17.3266208854125));
#14188=CARTESIAN_POINT('',(80.0210313297313,-38.1999991461635,25.0934395878643));
#14189=CARTESIAN_POINT('Origin',(80.0210313297313,-36.6000004860471,19.0000001414084));
#14190=CARTESIAN_POINT('',(80.6210313297313,-38.1999991461635,25.7119301386317));
#14191=CARTESIAN_POINT('Ctrl Pts',(80.0210313297313,-38.1999991461635,25.0934395878643));
#14192=CARTESIAN_POINT('Ctrl Pts',(80.3065415357394,-38.1999991461635,25.3886282598215));
#14193=CARTESIAN_POINT('Ctrl Pts',(80.6210313297313,-38.1999991461635,25.7119301386317));
#14194=CARTESIAN_POINT('Origin',(80.6210313297313,-36.6000004860471,19.0000001414084));
#14195=CARTESIAN_POINT('Origin',(84.6210313297313,-29.9059880969338,17.3266208854125));
#14196=CARTESIAN_POINT('',(80.9210313297313,-29.9059880969338,17.3266208854125));
#14197=CARTESIAN_POINT('',(84.6210313297313,-29.9059880969338,17.3266208854125));
#14198=CARTESIAN_POINT('',(80.9210313297313,-31.0988822391429,17.3266208854125));
#14199=CARTESIAN_POINT('',(80.9210313297313,-31.8029939099018,17.3266208854125));
#14200=CARTESIAN_POINT('',(84.6210313297313,-31.0988822391429,17.3266208854125));
#14201=CARTESIAN_POINT('',(84.6210313297313,-31.0988822391429,17.3266208854125));
#14202=CARTESIAN_POINT('',(84.6210313297313,-32.2079847818411,17.3266208854125));
#14203=CARTESIAN_POINT('',(84.6210313297313,-31.3607446265191,17.3266208854125));
#14204=CARTESIAN_POINT('',(80.0210313297313,-32.2079847818411,17.3266208854125));
#14205=CARTESIAN_POINT('',(84.6210313297313,-32.2079847818411,17.3266208854125));
#14206=CARTESIAN_POINT('',(80.0210313297313,-31.3607446265191,17.3266208854125));
#14207=CARTESIAN_POINT('Origin',(84.6210313297313,-36.6000004860471,19.0000001414084));
#14208=CARTESIAN_POINT('',(80.9210313297313,-38.1999991461635,25.7119301386317));
#14209=CARTESIAN_POINT('',(84.6210313297313,-38.1999991461635,25.7119301386317));
#14210=CARTESIAN_POINT('Origin',(80.9210313297313,-36.6000004860471,19.0000001414084));
#14211=CARTESIAN_POINT('Origin',(80.3210313297313,-36.6000004860471,19.0000001414084));
#14212=CARTESIAN_POINT('',(80.6210313297313,-43.2940128751604,20.6733793974042));
#14213=CARTESIAN_POINT('',(80.0210313297313,-42.6736980308383,20.6733793974042));
#14214=CARTESIAN_POINT('Ctrl Pts',(80.6210313297313,-43.2940128751604,20.6733793974042));
#14215=CARTESIAN_POINT('Ctrl Pts',(80.3064559317735,-42.9697573883557,20.6733793974042));
#14216=CARTESIAN_POINT('Ctrl Pts',(80.0210313297313,-42.6736980308383,20.6733793974042));
#14217=CARTESIAN_POINT('',(80.0210313297313,-35.0000018259308,12.9065606949524));
#14218=CARTESIAN_POINT('Origin',(80.0210313297313,-36.6000004860471,19.0000001414084));
#14219=CARTESIAN_POINT('',(80.6210313297313,-35.0000018259308,12.2880701441851));
#14220=CARTESIAN_POINT('Ctrl Pts',(80.0210313297313,-35.0000018259308,12.9065606949524));
#14221=CARTESIAN_POINT('Ctrl Pts',(80.3065415357393,-35.0000018259308,12.6113720229952));
#14222=CARTESIAN_POINT('Ctrl Pts',(80.6210313297313,-35.0000018259308,12.2880701441851));
#14223=CARTESIAN_POINT('Origin',(80.6210313297313,-36.6000004860471,19.0000001414084));
#14224=CARTESIAN_POINT('Origin',(84.6210313297313,-36.6000004860471,19.0000001414084));
#14225=CARTESIAN_POINT('',(80.9210313297313,-35.0000018259308,12.2880701441851));
#14226=CARTESIAN_POINT('',(84.6210313297313,-35.0000018259308,12.2880701441851));
#14227=CARTESIAN_POINT('',(80.9210313297313,-43.2940128751604,20.6733793974042));
#14228=CARTESIAN_POINT('Origin',(80.9210313297313,-36.6000004860471,19.0000001414084));
#14229=CARTESIAN_POINT('',(84.6210313297313,-43.2940128751604,20.6733793974042));
#14230=CARTESIAN_POINT('Origin',(84.6210313297313,-35.0000018259308,14.5807236943247));
#14231=CARTESIAN_POINT('',(80.0210313297313,-35.0000018259307,14.5807236943247));
#14232=CARTESIAN_POINT('',(80.0210313297313,-35.0000018259308,12.7000008483158));
#14233=CARTESIAN_POINT('',(84.6210313297313,-35.0000018259307,14.5807236943247));
#14234=CARTESIAN_POINT('',(84.6210313297313,-35.0000018259307,14.5807236943247));
#14235=CARTESIAN_POINT('',(84.6210313297313,-35.0000018259308,13.4770929074046));
#14236=CARTESIAN_POINT('',(84.6210313297313,-35.0000018259308,12.7000008483158));
#14237=CARTESIAN_POINT('',(80.9210313297313,-35.0000018259308,13.4770929074046));
#14238=CARTESIAN_POINT('',(84.6210313297313,-35.0000018259308,13.4770929074046));
#14239=CARTESIAN_POINT('',(80.9210313297313,-35.0000018259308,15.3587066872002));
#14240=CARTESIAN_POINT('Origin',(84.6210313297313,-36.6000004860471,19.0000001414084));
#14241=CARTESIAN_POINT('',(84.6210313297313,-31.1774295670998,15.4159068629087));
#14242=CARTESIAN_POINT('',(84.6210313297313,-33.0159071962737,13.5774292299125));
#14243=CARTESIAN_POINT('Origin',(84.6210313297313,-36.6000004860471,19.0000001414084));
#14244=CARTESIAN_POINT('',(84.6210313297313,-34.1707947742405,18.4092720700494));
#14245=CARTESIAN_POINT('',(84.6210313297313,-33.9129947083283,18.1514720041372));
#14246=CARTESIAN_POINT('',(84.6210313297313,-36.0092724053255,16.5707944389644));
#14247=CARTESIAN_POINT('Origin',(84.6210313297313,-36.6000004768372,19.000000141561));
#14248=CARTESIAN_POINT('',(84.6210313297313,-35.7514723394133,16.3129943730521));
#14249=CARTESIAN_POINT('',(84.6210313297313,-42.1011187146242,20.6733793974042));
#14250=CARTESIAN_POINT('Origin',(84.6210313297313,-36.6000004768372,19.000000141561));
#14251=CARTESIAN_POINT('',(84.6210313297313,-40.9920161719496,20.6733793974042));
#14252=CARTESIAN_POINT('Origin',(84.6210313297313,-36.6000004768372,19.000000141561));
#14253=CARTESIAN_POINT('',(84.6210313297313,-41.8392563272527,20.6733793974042));
#14254=CARTESIAN_POINT('',(84.6210313297313,-38.1999991461631,23.4192765821286));
#14255=CARTESIAN_POINT('Origin',(84.6210313297313,-36.6000004768372,19.000000141561));
#14256=CARTESIAN_POINT('',(84.6210313297313,-38.1999991461635,24.5229073703812));
#14257=CARTESIAN_POINT('Origin',(84.6210313297313,-36.6000004768372,19.000000141561));
#14258=CARTESIAN_POINT('',(84.6210313297313,-38.1999991461635,25.2999994345009));
#14259=CARTESIAN_POINT('Origin',(84.6210313297313,-34.1707947742405,18.4092720700494));
#14260=CARTESIAN_POINT('',(84.6210313297313,-31.1774295670998,15.4159068629087));
#14261=CARTESIAN_POINT('',(84.6210313297313,-34.1707947742405,18.4092720700494));
#14262=CARTESIAN_POINT('Origin',(84.6210313297313,-36.6000004768372,19.000000141561));
#14263=CARTESIAN_POINT('',(84.6210313297313,-36.0092724053255,16.5707944389644));
#14264=CARTESIAN_POINT('Origin',(84.6210313297313,-33.0159071962737,13.5774292299125));
#14265=CARTESIAN_POINT('',(84.6210313297313,-33.0159071962737,13.5774292299125));
#14266=CARTESIAN_POINT('Origin',(84.6210313297313,-36.6000004860471,19.0000001414084));
#14267=CARTESIAN_POINT('Origin',(80.9210313297313,-33.6999997228699,21.8633106028937));
#14268=CARTESIAN_POINT('',(80.9210313297313,-38.1999991461635,24.5229073703812));
#14269=CARTESIAN_POINT('',(80.9210313297313,-38.1999991461635,22.6412935925112));
#14270=CARTESIAN_POINT('Origin',(80.9210313297313,-36.6000004768372,19.000000141561));
#14271=CARTESIAN_POINT('Origin',(84.6210313297313,-36.6000004768372,19.000000141561));
#14272=CARTESIAN_POINT('',(84.6210313297313,-38.1999991461635,24.5229073703812));
#14273=CARTESIAN_POINT('Origin',(84.6210313297313,-36.6000004768372,19.000000141561));
#14274=CARTESIAN_POINT('',(80.0210313297313,-38.1999991461631,23.4192765821286));
#14275=CARTESIAN_POINT('',(84.6210313297313,-38.1999991461631,23.4192765821286));
#14276=CARTESIAN_POINT('Origin',(80.0210313297313,-36.6000004768372,19.000000141561));
#14277=CARTESIAN_POINT('Origin',(84.6210313297313,-38.1999991461635,23.4192765821286));
#14278=CARTESIAN_POINT('',(80.0210313297313,-38.1999991461635,25.2999994345009));
#14279=CARTESIAN_POINT('Origin',(80.0210313297313,-33.9499998161053,21.6133105134104));
#14280=CARTESIAN_POINT('Origin',(80.9210313297313,-39.5000012396161,16.1366896800756));
#14281=CARTESIAN_POINT('',(80.9210313297313,-42.1011187146242,20.6733793974042));
#14282=CARTESIAN_POINT('Origin',(80.9210313297313,-36.6000004768372,19.000000141561));
#14283=CARTESIAN_POINT('',(80.9210313297313,-41.3970070573882,20.6733793974042));
#14284=CARTESIAN_POINT('Origin',(84.6210313297313,-36.6000004768372,19.000000141561));
#14285=CARTESIAN_POINT('',(84.6210313297313,-42.1011187146242,20.6733793974042));
#14286=CARTESIAN_POINT('Origin',(84.6210313297313,-36.6000004768372,19.000000141561));
#14287=CARTESIAN_POINT('',(80.0210313297313,-40.9920161719496,20.6733793974042));
#14288=CARTESIAN_POINT('Origin',(80.0210313297313,-36.6000004768372,19.000000141561));
#14289=CARTESIAN_POINT('',(84.6210313297313,-40.9920161719496,20.6733793974042));
#14290=CARTESIAN_POINT('Origin',(84.6210313297313,-43.2940128751604,20.6733793974042));
#14291=CARTESIAN_POINT('',(80.0210313297313,-41.8392563272527,20.6733793974042));
#14292=CARTESIAN_POINT('Origin',(80.0210313297313,-39.2500011559889,16.3866897694063));
#14293=CARTESIAN_POINT('Origin',(80.5210313297313,-70.0000010430813,19.));
#14294=CARTESIAN_POINT('',(81.0210313297313,-69.0059326093847,24.4094202969568));
#14295=CARTESIAN_POINT('',(80.0210313297313,-69.0059326093848,23.388829906607));
#14296=CARTESIAN_POINT('Ctrl Pts',(81.0210313297313,-69.0059326093847,24.4094202969568));
#14297=CARTESIAN_POINT('Ctrl Pts',(80.468951092487,-69.0059326093847,23.8480955822638));
#14298=CARTESIAN_POINT('Ctrl Pts',(80.0210313297313,-69.0059326093848,23.388829906607));
#14299=CARTESIAN_POINT('',(80.0210313297313,-74.387483338666,18.0000004470348));
#14300=CARTESIAN_POINT('Origin',(80.0210313297313,-70.0000010430813,19.));
#14301=CARTESIAN_POINT('',(81.0210313297313,-75.408328038934,18.0000004470348));
#14302=CARTESIAN_POINT('Ctrl Pts',(80.0210313297313,-74.387483338666,18.0000004470348));
#14303=CARTESIAN_POINT('Ctrl Pts',(80.4689251346274,-74.846863453786,18.0000004470348));
#14304=CARTESIAN_POINT('Ctrl Pts',(81.0210313297313,-75.408328038934,18.0000004470348));
#14305=CARTESIAN_POINT('Origin',(81.0210313297313,-70.0000010430813,19.));
#14306=CARTESIAN_POINT('Origin',(84.6210313297313,-69.0059326093848,24.4094202969568));
#14307=CARTESIAN_POINT('',(81.0210313297313,-69.0059326093848,23.7470335946913));
#14308=CARTESIAN_POINT('',(81.0210313297313,-69.0059326093848,22.9297102602371));
#14309=CARTESIAN_POINT('',(84.6210313297313,-69.0059326093848,23.7470335946913));
#14310=CARTESIAN_POINT('',(84.6210313297313,-69.0059326093848,23.7470335946914));
#14311=CARTESIAN_POINT('',(84.6210313297313,-69.0059326093848,22.4600329404687));
#14312=CARTESIAN_POINT('',(84.6210313297313,-69.0059326093848,22.4600329404687));
#14313=CARTESIAN_POINT('',(80.0210313297313,-69.0059326093848,22.4600329404687));
#14314=CARTESIAN_POINT('',(84.6210313297313,-69.0059326093848,22.4600329404687));
#14315=CARTESIAN_POINT('',(80.0210313297313,-69.0059326093848,22.4600329404687));
#14316=CARTESIAN_POINT('Origin',(80.5210313297313,-70.0000010430813,19.));
#14317=CARTESIAN_POINT('',(81.0210313297313,-70.9940694767778,13.5905797030432));
#14318=CARTESIAN_POINT('',(80.0210313297313,-70.9940694767778,14.611170093393));
#14319=CARTESIAN_POINT('Ctrl Pts',(81.0210313297313,-70.9940694767778,13.5905797030432));
#14320=CARTESIAN_POINT('Ctrl Pts',(80.4689510924872,-70.9940694767778,14.1519044177359));
#14321=CARTESIAN_POINT('Ctrl Pts',(80.0210313297313,-70.9940694767777,14.611170093393));
#14322=CARTESIAN_POINT('',(80.0210313297313,-65.6125187474966,19.9999995529652));
#14323=CARTESIAN_POINT('Origin',(80.0210313297313,-70.0000010430813,19.));
#14324=CARTESIAN_POINT('',(81.0210313297313,-64.5916740472286,19.9999995529652));
#14325=CARTESIAN_POINT('Ctrl Pts',(80.0210313297313,-65.6125187474966,19.9999995529652));
#14326=CARTESIAN_POINT('Ctrl Pts',(80.4689251346283,-65.1531386323756,19.9999995529652));
#14327=CARTESIAN_POINT('Ctrl Pts',(81.0210313297313,-64.5916740472286,19.9999995529652));
#14328=CARTESIAN_POINT('Origin',(81.0210313297313,-70.0000010430813,19.));
#14329=CARTESIAN_POINT('Origin',(84.6210313297313,-70.9940694767777,13.5905797030432));
#14330=CARTESIAN_POINT('',(81.0210313297313,-70.9940694767778,14.2529664053087));
#14331=CARTESIAN_POINT('',(81.0210313297313,-70.9940694767778,15.0702897397629));
#14332=CARTESIAN_POINT('',(84.6210313297313,-70.9940694767778,14.2529664053087));
#14333=CARTESIAN_POINT('',(84.6210313297313,-70.9940694767777,14.2529664053086));
#14334=CARTESIAN_POINT('',(84.6210313297313,-70.9940694767778,15.5399670595313));
#14335=CARTESIAN_POINT('',(84.6210313297313,-70.9940694767778,15.5399670595313));
#14336=CARTESIAN_POINT('',(80.0210313297313,-70.9940694767778,15.5399670595313));
#14337=CARTESIAN_POINT('',(84.6210313297313,-70.9940694767778,15.5399670595313));
#14338=CARTESIAN_POINT('',(80.0210313297313,-70.9940694767778,15.5399670595313));
#14339=CARTESIAN_POINT('Origin',(84.6210313297313,-70.0000010430813,19.));
#14340=CARTESIAN_POINT('',(84.6210313297313,-69.4823608641175,20.9318510928957));
#14341=CARTESIAN_POINT('',(84.6210313297313,-66.5955392287784,23.8186761413228));
#14342=CARTESIAN_POINT('',(84.6210313297313,-69.8071052366812,20.6071063363869));
#14343=CARTESIAN_POINT('',(84.6210313297313,-68.0681488308222,19.517636001443));
#14344=CARTESIAN_POINT('Origin',(84.6210313297313,-70.0000010430813,19.));
#14345=CARTESIAN_POINT('',(84.6210313297313,-65.1813255349015,22.4044627104536));
#14346=CARTESIAN_POINT('',(84.6210313297313,-65.8280710340807,21.7577164466275));
#14347=CARTESIAN_POINT('Origin',(84.6210313297313,-70.0000010430813,19.));
#14348=CARTESIAN_POINT('',(84.6210313297313,-74.7457887431443,18.0000004470348));
#14349=CARTESIAN_POINT('Origin',(84.6210313297313,-70.0000010430813,19.));
#14350=CARTESIAN_POINT('',(84.6210313297313,-73.4583244655028,18.0000004470348));
#14351=CARTESIAN_POINT('',(84.6210313297313,-74.7457887431443,18.0000004470348));
#14352=CARTESIAN_POINT('Origin',(84.6210313297313,-70.0000010430813,19.));
#14353=CARTESIAN_POINT('',(84.6210313297313,-65.2542133430183,19.9999995529652));
#14354=CARTESIAN_POINT('Origin',(84.6210313297313,-70.0000010430813,19.));
#14355=CARTESIAN_POINT('',(84.6210313297313,-66.5416776206598,19.9999995529652));
#14356=CARTESIAN_POINT('',(84.6210313297313,-65.2542133430183,19.9999995529652));
#14357=CARTESIAN_POINT('Origin',(84.6210313297313,-70.0000010430813,19.));
#14358=CARTESIAN_POINT('Origin',(84.6210313297313,-70.0000010430813,19.));
#14359=CARTESIAN_POINT('',(85.9210313297313,-69.4823608641175,20.9318510928957));
#14360=CARTESIAN_POINT('',(84.6210313297313,-69.4823608641175,20.9318510928957));
#14361=CARTESIAN_POINT('',(85.9210313297313,-68.0681488308222,19.517636001443));
#14362=CARTESIAN_POINT('Origin',(85.9210313297313,-70.0000010430813,19.));
#14363=CARTESIAN_POINT('',(84.6210313297313,-68.0681488308222,19.517636001443));
#14364=CARTESIAN_POINT('Origin',(84.6210313297313,-65.1813255349015,22.4044627104536));
#14365=CARTESIAN_POINT('',(85.9210313297313,-65.1813255349015,22.4044627104536));
#14366=CARTESIAN_POINT('',(85.9210313297313,-65.8280710340807,21.7577164466275));
#14367=CARTESIAN_POINT('',(84.6210313297313,-65.1813255349015,22.4044627104536));
#14368=CARTESIAN_POINT('Origin',(84.6210313297313,-70.0000010430813,19.));
#14369=CARTESIAN_POINT('',(85.9210313297313,-66.5955392287784,23.8186761413228));
#14370=CARTESIAN_POINT('Origin',(85.9210313297313,-70.0000010430813,19.));
#14371=CARTESIAN_POINT('',(84.6210313297313,-66.5955392287784,23.8186761413228));
#14372=CARTESIAN_POINT('Origin',(84.6210313297313,-69.4823608641175,20.9318510928957));
#14373=CARTESIAN_POINT('',(85.9210313297313,-69.8071052366812,20.6071063363869));
#14374=CARTESIAN_POINT('Origin',(85.9210313297313,-70.0000010430813,19.));
#14375=CARTESIAN_POINT('Origin',(81.0210313297313,-67.5470352599295,16.5499997764826));
#14376=CARTESIAN_POINT('',(81.0210313297313,-65.2542133430183,19.9999995529652));
#14377=CARTESIAN_POINT('',(81.0210313297313,-67.0443564402946,19.9999995529652));
#14378=CARTESIAN_POINT('Origin',(81.0210313297313,-70.0000010430813,19.));
#14379=CARTESIAN_POINT('Origin',(84.6210313297313,-70.0000010430813,19.));
#14380=CARTESIAN_POINT('',(84.6210313297313,-65.2542133430183,19.9999995529652));
#14381=CARTESIAN_POINT('Origin',(84.6210313297313,-66.5416776206598,19.9999995529652));
#14382=CARTESIAN_POINT('',(80.0210313297313,-66.5416776206598,19.9999995529652));
#14383=CARTESIAN_POINT('',(80.0210313297313,-65.2542133430183,19.9999995529652));
#14384=CARTESIAN_POINT('',(84.6210313297313,-66.5416776206598,19.9999995529652));
#14385=CARTESIAN_POINT('Origin',(84.6210313297313,-70.0000010430813,19.));
#14386=CARTESIAN_POINT('Origin',(80.0210313297313,-70.0000010430813,19.));
#14387=CARTESIAN_POINT('Origin',(80.0210313297313,-67.7470352599295,16.7499997764826));
#14388=CARTESIAN_POINT('Origin',(84.6210313297313,-70.0000010430813,19.));
#14389=CARTESIAN_POINT('',(81.0210313297313,-74.7457887431443,18.0000004470348));
#14390=CARTESIAN_POINT('Origin',(81.0210313297313,-70.0000010430813,19.));
#14391=CARTESIAN_POINT('',(84.6210313297313,-74.7457887431443,18.0000004470348));
#14392=CARTESIAN_POINT('Origin',(81.0210313297313,-72.452966826233,21.4500002235174));
#14393=CARTESIAN_POINT('',(81.0210313297313,-72.9556456458679,18.0000004470348));
#14394=CARTESIAN_POINT('Origin',(84.6210313297313,-73.4583244655028,18.0000004470348));
#14395=CARTESIAN_POINT('',(80.0210313297313,-73.4583244655028,18.0000004470348));
#14396=CARTESIAN_POINT('',(80.0210313297313,-74.7457887431443,18.0000004470348));
#14397=CARTESIAN_POINT('',(84.6210313297313,-73.4583244655028,18.0000004470348));
#14398=CARTESIAN_POINT('Origin',(84.6210313297313,-70.0000010430813,19.));
#14399=CARTESIAN_POINT('Origin',(80.0210313297313,-70.0000010430813,19.));
#14400=CARTESIAN_POINT('Origin',(80.0210313297313,-72.252966826233,21.2500002235174));
#14401=CARTESIAN_POINT('Origin',(84.6210313297313,-87.4822685440266,14.9002125561927));
#14402=CARTESIAN_POINT('',(84.6210313297313,-87.669321959967,17.9119538070266));
#14403=CARTESIAN_POINT('',(84.6210313297313,-89.5504774179723,12.743521663673));
#14404=CARTESIAN_POINT('',(84.6210313297313,-87.6612927573983,17.9340138597803));
#14405=CARTESIAN_POINT('',(84.6210313297313,-87.2012458660076,11.8884713053589));
#14406=CARTESIAN_POINT('',(84.6210313297313,-87.2012458660076,11.8884713053589));
#14407=CARTESIAN_POINT('',(84.6210313297313,-85.3200904080022,17.0569034487124));
#14408=CARTESIAN_POINT('',(84.6210313297313,-85.3200904080022,17.0569034487124));
#14409=CARTESIAN_POINT('',(84.6210313297313,-87.7632912220456,17.9461558213592));
#14410=CARTESIAN_POINT('Origin',(84.6210313297313,-87.2012458660076,11.8884713053589));
#14411=CARTESIAN_POINT('',(81.6210313297313,-89.5504774179723,12.743521663673));
#14412=CARTESIAN_POINT('',(83.1210313297313,-89.5504774179724,12.743521663673));
#14413=CARTESIAN_POINT('',(81.6210313297313,-87.2012458660076,11.8884713053589));
#14414=CARTESIAN_POINT('',(81.6210313297313,-87.2012458660076,11.8884713053589));
#14415=CARTESIAN_POINT('',(84.6210313297313,-87.2012458660076,11.8884713053589));
#14416=CARTESIAN_POINT('Origin',(84.6210313297313,-85.3200904080022,17.0569034487124));
#14417=CARTESIAN_POINT('',(81.6210313297313,-85.3200904080022,17.0569034487124));
#14418=CARTESIAN_POINT('',(81.6210313297313,-85.3200904080022,17.0569034487124));
#14419=CARTESIAN_POINT('',(84.6210313297313,-85.3200904080022,17.0569034487124));
#14420=CARTESIAN_POINT('Origin',(84.6210313297313,-87.669321959967,17.9119538070266));
#14421=CARTESIAN_POINT('',(81.6210313297313,-87.669321959967,17.9119538070266));
#14422=CARTESIAN_POINT('',(81.6210313297313,-87.7632912220456,17.9461558213592));
#14423=CARTESIAN_POINT('',(84.6210313297313,-87.669321959967,17.9119538070266));
#14424=CARTESIAN_POINT('Origin',(84.6210313297313,-89.5424482154036,12.7655817164268));
#14425=CARTESIAN_POINT('',(81.6210313297313,-89.0789220310666,14.0391094412188));
#14426=CARTESIAN_POINT('Origin',(81.6210313297313,-87.4822685440266,14.9002125561927));
#14427=UNCERTAINTY_MEASURE_WITH_UNIT(LENGTH_MEASURE(0.01),#14431,
'DISTANCE_ACCURACY_VALUE',
'Maximum model space distance between geometric entities at asserted c
onnectivities');
#14428=UNCERTAINTY_MEASURE_WITH_UNIT(LENGTH_MEASURE(0.01),#14431,
'DISTANCE_ACCURACY_VALUE',
'Maximum model space distance between geometric entities at asserted c
onnectivities');
#14429=(
GEOMETRIC_REPRESENTATION_CONTEXT(3)
GLOBAL_UNCERTAINTY_ASSIGNED_CONTEXT((#14427))
GLOBAL_UNIT_ASSIGNED_CONTEXT((#14431,#14433,#14434))
REPRESENTATION_CONTEXT('','3D')
);
#14430=(
GEOMETRIC_REPRESENTATION_CONTEXT(3)
GLOBAL_UNCERTAINTY_ASSIGNED_CONTEXT((#14428))
GLOBAL_UNIT_ASSIGNED_CONTEXT((#14431,#14433,#14434))
REPRESENTATION_CONTEXT('','3D')
);
#14431=(
LENGTH_UNIT()
NAMED_UNIT(*)
SI_UNIT(.MILLI.,.METRE.)
);
#14432=(
LENGTH_UNIT()
NAMED_UNIT(*)
SI_UNIT($,.METRE.)
);
#14433=(
NAMED_UNIT(*)
PLANE_ANGLE_UNIT()
SI_UNIT($,.RADIAN.)
);
#14434=(
NAMED_UNIT(*)
SI_UNIT($,.STERADIAN.)
SOLID_ANGLE_UNIT()
);
#14435=SHAPE_DEFINITION_REPRESENTATION(#14436,#14437);
#14436=PRODUCT_DEFINITION_SHAPE('',$,#14439);
#14437=SHAPE_REPRESENTATION('',(#8113),#14429);
#14438=PRODUCT_DEFINITION_CONTEXT('part definition',#14443,'design');
#14439=PRODUCT_DEFINITION('flook32_air_eternal',
'flook32_air_eternal v123',#14440,#14438);
#14440=PRODUCT_DEFINITION_FORMATION('',$,#14445);
#14441=PRODUCT_RELATED_PRODUCT_CATEGORY('flook32_air_eternal v123',
'flook32_air_eternal v123',(#14445));
#14442=APPLICATION_PROTOCOL_DEFINITION('international standard',
'automotive_design',2009,#14443);
#14443=APPLICATION_CONTEXT(
'Core Data for Automotive Mechanical Design Process');
#14444=PRODUCT_CONTEXT('part definition',#14443,'mechanical');
#14445=PRODUCT('flook32_air_eternal','flook32_air_eternal v123',$,(#14444));
#14446=PRESENTATION_STYLE_ASSIGNMENT((#14447));
#14447=SURFACE_STYLE_USAGE(.BOTH.,#14448);
#14448=SURFACE_SIDE_STYLE('',(#14449));
#14449=SURFACE_STYLE_FILL_AREA(#14450);
#14450=FILL_AREA_STYLE('Steel - Satin',(#14451));
#14451=FILL_AREA_STYLE_COLOUR('Steel - Satin',#14452);
#14452=COLOUR_RGB('Steel - Satin',0.627450980392157,0.627450980392157,0.627450980392157);
ENDSEC;
END-ISO-10303-21;
